{"tokenNum": 381, "sentenceNum": 23, "lemmaNum": 172, "lemmaRate": 0.45144356955380577, "sentenceLength": 16.565217391304348, "allUpperNum": 0, "firstUpperNum": 23, "allUpperRate": 0.0, "firstUpperRate": 0.06036745406824147, "declarSentNum": 23, "imperSentNum": 0, "questionNum": 0, "declarSentRate": 1.0, "imperSentRate": 0.0, "questionRate": 0.0, "accent": true, "saturation": 3.1272727272727274, "paragraphNum": 7, "nounNum": 69, "verbNum": 47, "adjNum": 33, "infNum": 9, "partPastNum": 0, "partPresNum": 2, "partFutNum": 0, "transNum": 1, "xNum": 7, "advNum": 37, "properNounNum": 0, "numNum": 0, "conjNum": 48, "punctNum": 66, "pronNum": 24, "relPronNum": 8, "demPronNum": 12, "adposNum": 1, "multiplePunctNum": 0, "phraseNum": 0, "nounRate": 0.18110236220472442, "verbRate": 0.12335958005249344, "adjRate": 0.08661417322834646, "infRate": 0.023622047244094488, "partPastRate": 0.0, "partPresRate": 0.005249343832020997, "partFutRate": 0.0, "transRate": 0.0026246719160104987, "xRate": 0.01837270341207349, "advRate": 0.09711286089238845, "properNounRate": 0.0, "numRate": 0.0, "conjRate": 0.12598425196850394, "punctRate": 0.1732283464566929, "pronRate": 0.06299212598425197, "relPronRate": 0.02099737532808399, "demPronRate": 0.031496062992125984, "adposRate": 0.0026246719160104987, "multiplePunctRate": 0.0, "partsDensityRate": 3.381818181818182, "contentfulness": 8.08695652173913, "phraseRate": 0.0, "pastTenseNum": 7, "presentTenseNum": 31, "condNum": 1, "impNum": 1, "freqNum": 0, "causNum": 0, "modalNum": 5, "sg1VerbNum": 8, "sg2VerbNum": 0, "sg3VerbNum": 40, "pl1VerbNum": 12, "pl2VerbNum": 0, "pl3VerbNum": 6, "superlatNum": 1, "comparatNum": 2, "specDerivSuffixNum": 0, "pluralNounNum": 14, "pastTenseRate": 0.14893617021276595, "presentTenseRate": 0.6595744680851063, "condRate": 0.02127659574468085, "impRate": 0.02127659574468085, "freqRate": 0.0, "causRate": 0.0, "modalRate": 0.10638297872340426, "sg1VerbRate": 0.1702127659574468, "sg2VerbRate": 0.0, "sg3VerbRate": 0.851063829787234, "pl1VerbRate": 0.2553191489361702, "pl2VerbRate": 0.0, "pl3VerbRate": 0.1276595744680851, "superlatRate": 0.030303030303030304, "comparatRate": 0.06060606060606061, "specDerivSuffixRate": 0.0, "pluralNounRate": 0.2028985507246377, "subjNum": 24, "objNum": 16, "attNum": 19, "subordNum": 20, "adverbNum": 49, "coordNum": 25, "clauseNum": 55, "simpleNum": 6, "complexNum": 17, "complexity1Num": 6, "complexity2Num": 7, "complexity3Num": 4, "compoundNum": 0, "subjRate": 0.06299212598425197, "objRate": 0.04199475065616798, "attRate": 0.049868766404199474, "subordRate": 0.05249343832020997, "adverbRate": 0.12860892388451445, "coordRate": 0.06561679790026247, "partsRate": 2.418181818181818, "clauseRate": 2.391304347826087, "simpleRate": 0.2608695652173913, "complexRate": 0.7391304347826086, "complexity1Rate": 0.2608695652173913, "complexity2Rate": 0.30434782608695654, "complexity3Rate": 0.17391304347826086, "complexClauseRate": 2.8823529411764706, "sentencesPerParagraph": 3.2857142857142856, "wordsLengthRate": 5.377777777777778, "compoundRate": 0.0, "positiveNum": 0, "negativeNum": 0, "precoPositiveNum": 0, "precoNegativeNum": 0, "negemoNum": 0, "negationNum": 6, "functionNum": 195, "contentNum": 186, "vulgarNum": 0, "racistNum": 0, "specStyleNum": 0, "addressingNum": 0, "closingNum": 0, "postscriptNum": 0, "brutalNum": 0, "positiveRate": 0.0, "negativeRate": 0.0, "precoPositiveRate": 0.0, "precoNegativeRate": 0.0, "negemoRate": 0.0, "negationRate": 0.015748031496062992, "functionRate": 0.5118110236220472, "contentRate": 0.4881889763779528, "vulgarRate": 0.0, "racistRate": 0.0, "specStyleRate": 0.0, "addressingRate": 0.0, "closingRate": 0.0, "postscriptRate": 0.0, "brutalRate": 0.0, "epistemicNum": 0, "investNum": 0, "conditionNum": 0, "weaselNum": 0, "peacockNum": 0, "hedgeNum": 0, "doxasticNum": 0, "epistemicRate": 0.0, "investRate": 0.0, "conditionRate": 0.0, "weaselRate": 0.0, "peacockRate": 0.0, "hedgeRate": 0.0, "doxasticRate": 0.0, "loveNum": 0, "anxietyNum": 0, "sorrowNum": 0, "joyNum": 0, "disgustNum": 0, "fearNum": 0, "surpriseNum": 0, "angerNum": 0, "loveRate": 0.0, "anxietyRate": 0.0, "sorrowRate": 0.0, "joyRate": 0.0, "disgustRate": 0.0, "fearRate": 0.0, "surpriseRate": 0.0, "angerRate": 0.0, "slangBeGeneralNum": 0, "slangBeCigaretteNum": 0, "slangBeHumanNum": 0, "slangBeVehicleNum": 0, "slangBeDrugNum": 0, "slangBvNum": 0, "slangBeGeneralRate": 0.0, "slangBeCigaretteRate": 0.0, "slangBeHumanRate": 0.0, "slangBeVehicleRate": 0.0, "slangBeDrugRate": 0.0, "slangBvRate": 0.0, "speechactNum": 0, "quoteNum": 0, "dashNum": 1, "publicNum": 0, "privateNum": 0, "suasiveNum": 0, "discMarkerNum": 0, "smileyNum": 0, "dateNum": 0, "hesitationNum": 0, "restartNum": 0, "repeatNum": 0, "conjBeforeDiscNum": 0, "conjAfterDiscNum": 0, "wordBeforeHesitationNum": 0, "wordAfterHesitationNum": 0, "otherCollocationNum": 0, "speechactRate": 0.0, "quoteRate": 0.0, "dashRate": 0.0026246719160104987, "publicRate": 0.0, "privateRate": 0.0, "suasiveRate": 0.0, "discMarkerRate": 0.0, "smileyRate": 0.0, "dateRate": 0.0, "hesitationRate": 0.0, "restartRate": 0.0, "repeatRate": 0.0, "conjBeforeDiscRate": 0.0, "conjAfterDiscRate": 0.0, "wordBeforeHesitationRate": 0.0, "wordAfterHesitationRate": 0.0, "otherCollocationRate": 0.0, "easyWordNum": 363, "hardWordNum": 18, "easyWordRate": 0.952755905511811, "hardWordRate": 0.047244094488188976, "fleschReadingEaseScore": 64.56461143444027, "gunningFogIndex": 6.644984594317015, "fleschKincaidGradeLevel": 8.369122446650696, "colemanLiauIndex": 11.1917874015748, "smogIndex": 7.554174236665414, "automatedReadabilityIndex": 8.437018144471068, "linsearWriteIndex": 1.3393814903571837, "author": "", "locationNameNum": 0, "locationNameRate": 0.0, "personNameNum": 0, "personNameRate": 0.0, "organizationNameNum": 0, "organizationNameRate": 0.0, "misspelledNum": 0, "misspelledRate": 0.0, "missingAccentNum": 0, "missingAccentRate": 0.0, "foreignAccentNum": 0, "foreignAccentRate": 0.0, "wordConcatNum": 0, "wordConcatRate": 0.0, "jLyMistakeNum": 0, "jLyMistakeRate": 0.0, "freqSuffixNum": 0, "partsNum": 133, "privateVNum": 0, "publicVNum": 0, "clauseWordNum": 55}