{"tokenNum": 360, "sentenceNum": 24, "lemmaNum": 143, "lemmaRate": 0.3972222222222222, "sentenceLength": 15.0, "allUpperNum": 0, "firstUpperNum": 24, "allUpperRate": 0.0, "firstUpperRate": 0.06666666666666667, "declarSentNum": 22, "imperSentNum": 0, "questionNum": 2, "declarSentRate": 0.9166666666666666, "imperSentRate": 0.0, "questionRate": 0.08333333333333333, "accent": true, "saturation": 2.86, "paragraphNum": 6, "nounNum": 69, "verbNum": 52, "adjNum": 58, "infNum": 16, "partPastNum": 0, "partPresNum": 2, "partFutNum": 0, "transNum": 0, "xNum": 6, "advNum": 24, "properNounNum": 0, "numNum": 1, "conjNum": 31, "punctNum": 51, "pronNum": 16, "relPronNum": 3, "demPronNum": 17, "adposNum": 8, "multiplePunctNum": 0, "phraseNum": 0, "nounRate": 0.19166666666666668, "verbRate": 0.14444444444444443, "adjRate": 0.16111111111111112, "infRate": 0.044444444444444446, "partPastRate": 0.0, "partPresRate": 0.005555555555555556, "partFutRate": 0.0, "transRate": 0.0, "xRate": 0.016666666666666666, "advRate": 0.06666666666666667, "properNounRate": 0.0, "numRate": 0.002777777777777778, "conjRate": 0.08611111111111111, "punctRate": 0.14166666666666666, "pronRate": 0.044444444444444446, "relPronRate": 0.008333333333333333, "demPronRate": 0.04722222222222222, "adposRate": 0.022222222222222223, "multiplePunctRate": 0.0, "partsDensityRate": 4.06, "contentfulness": 8.458333333333334, "phraseRate": 0.0, "pastTenseNum": 0, "presentTenseNum": 36, "condNum": 0, "impNum": 5, "freqNum": 0, "causNum": 0, "modalNum": 6, "sg1VerbNum": 7, "sg2VerbNum": 0, "sg3VerbNum": 30, "pl1VerbNum": 9, "pl2VerbNum": 0, "pl3VerbNum": 11, "superlatNum": 0, "comparatNum": 0, "specDerivSuffixNum": 0, "pluralNounNum": 20, "pastTenseRate": 0.0, "presentTenseRate": 0.6923076923076923, "condRate": 0.0, "impRate": 0.09615384615384616, "freqRate": 0.0, "causRate": 0.0, "modalRate": 0.11538461538461539, "sg1VerbRate": 0.1346153846153846, "sg2VerbRate": 0.0, "sg3VerbRate": 0.5769230769230769, "pl1VerbRate": 0.17307692307692307, "pl2VerbRate": 0.0, "pl3VerbRate": 0.21153846153846154, "superlatRate": 0.0, "comparatRate": 0.0, "specDerivSuffixRate": 0.0, "pluralNounRate": 0.2898550724637681, "subjNum": 19, "objNum": 21, "attNum": 34, "subordNum": 15, "adverbNum": 34, "coordNum": 17, "clauseNum": 50, "simpleNum": 6, "complexNum": 18, "complexity1Num": 11, "complexity2Num": 6, "complexity3Num": 1, "compoundNum": 0, "subjRate": 0.05277777777777778, "objRate": 0.058333333333333334, "attRate": 0.09444444444444444, "subordRate": 0.041666666666666664, "adverbRate": 0.09444444444444444, "coordRate": 0.04722222222222222, "partsRate": 2.5, "clauseRate": 2.0833333333333335, "simpleRate": 0.25, "complexRate": 0.75, "complexity1Rate": 0.4583333333333333, "complexity2Rate": 0.25, "complexity3Rate": 0.041666666666666664, "complexClauseRate": 2.4444444444444446, "sentencesPerParagraph": 4.0, "wordsLengthRate": 6.744336569579288, "compoundRate": 0.0, "positiveNum": 0, "negativeNum": 0, "precoPositiveNum": 0, "precoNegativeNum": 0, "negemoNum": 0, "negationNum": 2, "functionNum": 157, "contentNum": 203, "vulgarNum": 0, "racistNum": 0, "specStyleNum": 0, "addressingNum": 0, "closingNum": 0, "postscriptNum": 0, "brutalNum": 0, "positiveRate": 0.0, "negativeRate": 0.0, "precoPositiveRate": 0.0, "precoNegativeRate": 0.0, "negemoRate": 0.0, "negationRate": 0.005555555555555556, "functionRate": 0.4361111111111111, "contentRate": 0.5638888888888889, "vulgarRate": 0.0, "racistRate": 0.0, "specStyleRate": 0.0, "addressingRate": 0.0, "closingRate": 0.0, "postscriptRate": 0.0, "brutalRate": 0.0, "epistemicNum": 0, "investNum": 0, "conditionNum": 0, "weaselNum": 0, "peacockNum": 0, "hedgeNum": 0, "doxasticNum": 0, "epistemicRate": 0.0, "investRate": 0.0, "conditionRate": 0.0, "weaselRate": 0.0, "peacockRate": 0.0, "hedgeRate": 0.0, "doxasticRate": 0.0, "loveNum": 0, "anxietyNum": 0, "sorrowNum": 0, "joyNum": 0, "disgustNum": 0, "fearNum": 0, "surpriseNum": 0, "angerNum": 0, "loveRate": 0.0, "anxietyRate": 0.0, "sorrowRate": 0.0, "joyRate": 0.0, "disgustRate": 0.0, "fearRate": 0.0, "surpriseRate": 0.0, "angerRate": 0.0, "slangBeGeneralNum": 0, "slangBeCigaretteNum": 0, "slangBeHumanNum": 0, "slangBeVehicleNum": 0, "slangBeDrugNum": 0, "slangBvNum": 0, "slangBeGeneralRate": 0.0, "slangBeCigaretteRate": 0.0, "slangBeHumanRate": 0.0, "slangBeVehicleRate": 0.0, "slangBeDrugRate": 0.0, "slangBvRate": 0.0, "speechactNum": 0, "quoteNum": 0, "dashNum": 0, "publicNum": 0, "privateNum": 0, "suasiveNum": 0, "discMarkerNum": 0, "smileyNum": 0, "dateNum": 0, "hesitationNum": 0, "restartNum": 0, "repeatNum": 1, "conjBeforeDiscNum": 0, "conjAfterDiscNum": 0, "wordBeforeHesitationNum": 0, "wordAfterHesitationNum": 0, "otherCollocationNum": 0, "speechactRate": 0.0, "quoteRate": 0.0, "dashRate": 0.0, "publicRate": 0.0, "privateRate": 0.0, "suasiveRate": 0.0, "discMarkerRate": 0.0, "smileyRate": 0.0, "dateRate": 0.0, "hesitationRate": 0.0, "restartRate": 0.0, "repeatRate": 0.002777777777777778, "conjBeforeDiscRate": 0.0, "conjAfterDiscRate": 0.0, "wordBeforeHesitationRate": 0.0, "wordAfterHesitationRate": 0.0, "otherCollocationRate": 0.0, "easyWordNum": 288, "hardWordNum": 72, "easyWordRate": 0.8, "hardWordRate": 0.2, "fleschReadingEaseScore": 24.995000000000005, "gunningFogIndex": 6.08, "fleschKincaidGradeLevel": 13.49944444444445, "colemanLiauIndex": 18.934438888888888, "smogIndex": 11.979248473330827, "automatedReadabilityIndex": 13.845916666666668, "linsearWriteIndex": 1.8819444444444446, "author": "", "locationNameNum": 0, "locationNameRate": 0.0, "personNameNum": 0, "personNameRate": 0.0, "organizationNameNum": 0, "organizationNameRate": 0.0, "misspelledNum": 0, "misspelledRate": 0.0, "missingAccentNum": 0, "missingAccentRate": 0.0, "foreignAccentNum": 0, "foreignAccentRate": 0.0, "wordConcatNum": 0, "wordConcatRate": 0.0, "jLyMistakeNum": 0, "jLyMistakeRate": 0.0, "freqSuffixNum": 0, "partsNum": 125, "privateVNum": 0, "publicVNum": 0, "clauseWordNum": 50}