{"tokenNum": 435, "sentenceNum": 30, "lemmaNum": 150, "lemmaRate": 0.3448275862068966, "sentenceLength": 14.5, "allUpperNum": 0, "firstUpperNum": 31, "allUpperRate": 0.0, "firstUpperRate": 0.07126436781609195, "declarSentNum": 30, "imperSentNum": 0, "questionNum": 0, "declarSentRate": 1.0, "imperSentRate": 0.0, "questionRate": 0.0, "accent": true, "saturation": 2.542372881355932, "paragraphNum": 9, "nounNum": 101, "verbNum": 58, "adjNum": 61, "infNum": 12, "partPastNum": 0, "partPresNum": 2, "partFutNum": 0, "transNum": 0, "xNum": 9, "advNum": 16, "properNounNum": 1, "numNum": 0, "conjNum": 43, "punctNum": 62, "pronNum": 14, "relPronNum": 1, "demPronNum": 12, "adposNum": 2, "multiplePunctNum": 0, "phraseNum": 0, "nounRate": 0.23218390804597702, "verbRate": 0.13333333333333333, "adjRate": 0.14022988505747128, "infRate": 0.027586206896551724, "partPastRate": 0.0, "partPresRate": 0.004597701149425287, "partFutRate": 0.0, "transRate": 0.0, "xRate": 0.020689655172413793, "advRate": 0.0367816091954023, "properNounRate": 0.0022988505747126436, "numRate": 0.0, "conjRate": 0.09885057471264368, "punctRate": 0.1425287356321839, "pronRate": 0.03218390804597701, "relPronRate": 0.0022988505747126436, "demPronRate": 0.027586206896551724, "adposRate": 0.004597701149425287, "multiplePunctRate": 0.0, "partsDensityRate": 4.0, "contentfulness": 7.866666666666666, "phraseRate": 0.0, "pastTenseNum": 0, "presentTenseNum": 46, "condNum": 0, "impNum": 13, "freqNum": 0, "causNum": 0, "modalNum": 1, "sg1VerbNum": 9, "sg2VerbNum": 0, "sg3VerbNum": 33, "pl1VerbNum": 20, "pl2VerbNum": 0, "pl3VerbNum": 9, "superlatNum": 2, "comparatNum": 3, "specDerivSuffixNum": 0, "pluralNounNum": 15, "pastTenseRate": 0.0, "presentTenseRate": 0.7931034482758621, "condRate": 0.0, "impRate": 0.22413793103448276, "freqRate": 0.0, "causRate": 0.0, "modalRate": 0.017241379310344827, "sg1VerbRate": 0.15517241379310345, "sg2VerbRate": 0.0, "sg3VerbRate": 0.5689655172413793, "pl1VerbRate": 0.3448275862068966, "pl2VerbRate": 0.0, "pl3VerbRate": 0.15517241379310345, "superlatRate": 0.03278688524590164, "comparatRate": 0.04918032786885246, "specDerivSuffixRate": 0.0, "pluralNounRate": 0.1485148514851485, "subjNum": 26, "objNum": 21, "attNum": 41, "subordNum": 21, "adverbNum": 28, "coordNum": 18, "clauseNum": 59, "simpleNum": 9, "complexNum": 21, "complexity1Num": 16, "complexity2Num": 4, "complexity3Num": 0, "compoundNum": 0, "subjRate": 0.059770114942528735, "objRate": 0.04827586206896552, "attRate": 0.09425287356321839, "subordRate": 0.04827586206896552, "adverbRate": 0.06436781609195402, "coordRate": 0.041379310344827586, "partsRate": 2.2711864406779663, "clauseRate": 1.9666666666666666, "simpleRate": 0.3, "complexRate": 0.7, "complexity1Rate": 0.5333333333333333, "complexity2Rate": 0.13333333333333333, "complexity3Rate": 0.0, "complexClauseRate": 2.380952380952381, "sentencesPerParagraph": 3.3333333333333335, "wordsLengthRate": 6.6997319034852545, "compoundRate": 0.0, "positiveNum": 0, "negativeNum": 0, "precoPositiveNum": 0, "precoNegativeNum": 0, "negemoNum": 0, "negationNum": 5, "functionNum": 199, "contentNum": 236, "vulgarNum": 0, "racistNum": 0, "specStyleNum": 0, "addressingNum": 0, "closingNum": 0, "postscriptNum": 0, "brutalNum": 0, "positiveRate": 0.0, "negativeRate": 0.0, "precoPositiveRate": 0.0, "precoNegativeRate": 0.0, "negemoRate": 0.0, "negationRate": 0.011494252873563218, "functionRate": 0.4574712643678161, "contentRate": 0.542528735632184, "vulgarRate": 0.0, "racistRate": 0.0, "specStyleRate": 0.0, "addressingRate": 0.0, "closingRate": 0.0, "postscriptRate": 0.0, "brutalRate": 0.0, "epistemicNum": 0, "investNum": 0, "conditionNum": 0, "weaselNum": 0, "peacockNum": 0, "hedgeNum": 0, "doxasticNum": 0, "epistemicRate": 0.0, "investRate": 0.0, "conditionRate": 0.0, "weaselRate": 0.0, "peacockRate": 0.0, "hedgeRate": 0.0, "doxasticRate": 0.0, "loveNum": 0, "anxietyNum": 0, "sorrowNum": 0, "joyNum": 0, "disgustNum": 0, "fearNum": 0, "surpriseNum": 0, "angerNum": 0, "loveRate": 0.0, "anxietyRate": 0.0, "sorrowRate": 0.0, "joyRate": 0.0, "disgustRate": 0.0, "fearRate": 0.0, "surpriseRate": 0.0, "angerRate": 0.0, "slangBeGeneralNum": 0, "slangBeCigaretteNum": 0, "slangBeHumanNum": 0, "slangBeVehicleNum": 0, "slangBeDrugNum": 0, "slangBvNum": 0, "slangBeGeneralRate": 0.0, "slangBeCigaretteRate": 0.0, "slangBeHumanRate": 0.0, "slangBeVehicleRate": 0.0, "slangBeDrugRate": 0.0, "slangBvRate": 0.0, "speechactNum": 0, "quoteNum": 0, "dashNum": 0, "publicNum": 0, "privateNum": 0, "suasiveNum": 0, "discMarkerNum": 0, "smileyNum": 0, "dateNum": 0, "hesitationNum": 0, "restartNum": 0, "repeatNum": 0, "conjBeforeDiscNum": 0, "conjAfterDiscNum": 0, "wordBeforeHesitationNum": 0, "wordAfterHesitationNum": 0, "otherCollocationNum": 0, "speechactRate": 0.0, "quoteRate": 0.0, "dashRate": 0.0, "publicRate": 0.0, "privateRate": 0.0, "suasiveRate": 0.0, "discMarkerRate": 0.0, "smileyRate": 0.0, "dateRate": 0.0, "hesitationRate": 0.0, "restartRate": 0.0, "repeatRate": 0.0, "conjBeforeDiscRate": 0.0, "conjAfterDiscRate": 0.0, "wordBeforeHesitationRate": 0.0, "wordAfterHesitationRate": 0.0, "otherCollocationRate": 0.0, "easyWordNum": 354, "hardWordNum": 81, "easyWordRate": 0.8137931034482758, "hardWordRate": 0.18620689655172415, "fleschReadingEaseScore": 27.97405172413795, "gunningFogIndex": 5.87448275862069, "fleschKincaidGradeLevel": 12.959712643678163, "colemanLiauIndex": 18.632597701149425, "smogIndex": 12.516099999999998, "automatedReadabilityIndex": 13.354551724137927, "linsearWriteIndex": 1.2528735632183912, "author": "", "locationNameNum": 1, "locationNameRate": 0.0022988505747126436, "personNameNum": 0, "personNameRate": 0.0, "organizationNameNum": 0, "organizationNameRate": 0.0, "misspelledNum": 0, "misspelledRate": 0.0, "missingAccentNum": 0, "missingAccentRate": 0.0, "foreignAccentNum": 0, "foreignAccentRate": 0.0, "wordConcatNum": 0, "wordConcatRate": 0.0, "jLyMistakeNum": 0, "jLyMistakeRate": 0.0, "freqSuffixNum": 0, "partsNum": 134, "privateVNum": 0, "publicVNum": 0, "clauseWordNum": 59}