{"tokenNum": 472, "sentenceNum": 26, "lemmaNum": 173, "lemmaRate": 0.3665254237288136, "sentenceLength": 18.153846153846153, "allUpperNum": 17, "firstUpperNum": 45, "allUpperRate": 0.036016949152542374, "firstUpperRate": 0.09533898305084745, "declarSentNum": 23, "imperSentNum": 0, "questionNum": 3, "declarSentRate": 0.8846153846153846, "imperSentRate": 0.0, "questionRate": 0.11538461538461539, "accent": true, "saturation": 2.6615384615384614, "paragraphNum": 8, "nounNum": 98, "verbNum": 74, "adjNum": 57, "infNum": 18, "partPastNum": 4, "partPresNum": 0, "partFutNum": 0, "transNum": 2, "xNum": 8, "advNum": 26, "properNounNum": 18, "numNum": 1, "conjNum": 42, "punctNum": 71, "pronNum": 25, "relPronNum": 11, "demPronNum": 20, "adposNum": 7, "multiplePunctNum": 0, "phraseNum": 0, "nounRate": 0.2076271186440678, "verbRate": 0.15677966101694915, "adjRate": 0.12076271186440678, "infRate": 0.038135593220338986, "partPastRate": 0.00847457627118644, "partPresRate": 0.0, "partFutRate": 0.0, "transRate": 0.00423728813559322, "xRate": 0.01694915254237288, "advRate": 0.05508474576271186, "properNounRate": 0.038135593220338986, "numRate": 0.00211864406779661, "conjRate": 0.08898305084745763, "punctRate": 0.1504237288135593, "pronRate": 0.05296610169491525, "relPronRate": 0.023305084745762712, "demPronRate": 0.0423728813559322, "adposRate": 0.014830508474576272, "multiplePunctRate": 0.0, "partsDensityRate": 3.923076923076923, "contentfulness": 9.807692307692308, "phraseRate": 0.0, "pastTenseNum": 1, "presentTenseNum": 56, "condNum": 1, "impNum": 5, "freqNum": 0, "causNum": 0, "modalNum": 8, "sg1VerbNum": 10, "sg2VerbNum": 0, "sg3VerbNum": 42, "pl1VerbNum": 13, "pl2VerbNum": 0, "pl3VerbNum": 31, "superlatNum": 0, "comparatNum": 4, "specDerivSuffixNum": 0, "pluralNounNum": 34, "pastTenseRate": 0.013513513513513514, "presentTenseRate": 0.7567567567567568, "condRate": 0.013513513513513514, "impRate": 0.06756756756756757, "freqRate": 0.0, "causRate": 0.0, "modalRate": 0.10810810810810811, "sg1VerbRate": 0.13513513513513514, "sg2VerbRate": 0.0, "sg3VerbRate": 0.5675675675675675, "pl1VerbRate": 0.17567567567567569, "pl2VerbRate": 0.0, "pl3VerbRate": 0.4189189189189189, "superlatRate": 0.0, "comparatRate": 0.07017543859649122, "specDerivSuffixRate": 0.0, "pluralNounRate": 0.3469387755102041, "subjNum": 27, "objNum": 33, "attNum": 35, "subordNum": 24, "adverbNum": 37, "coordNum": 24, "clauseNum": 65, "simpleNum": 5, "complexNum": 21, "complexity1Num": 8, "complexity2Num": 8, "complexity3Num": 5, "compoundNum": 0, "subjRate": 0.057203389830508475, "objRate": 0.06991525423728813, "attRate": 0.07415254237288135, "subordRate": 0.05084745762711865, "adverbRate": 0.07838983050847458, "coordRate": 0.05084745762711865, "partsRate": 2.4, "clauseRate": 2.5, "simpleRate": 0.19230769230769232, "complexRate": 0.8076923076923077, "complexity1Rate": 0.3076923076923077, "complexity2Rate": 0.3076923076923077, "complexity3Rate": 0.19230769230769232, "complexClauseRate": 2.857142857142857, "sentencesPerParagraph": 3.25, "wordsLengthRate": 6.159600997506234, "compoundRate": 0.0, "positiveNum": 0, "negativeNum": 0, "precoPositiveNum": 0, "precoNegativeNum": 0, "negemoNum": 0, "negationNum": 2, "functionNum": 217, "contentNum": 255, "vulgarNum": 0, "racistNum": 0, "specStyleNum": 0, "addressingNum": 0, "closingNum": 0, "postscriptNum": 0, "brutalNum": 0, "positiveRate": 0.0, "negativeRate": 0.0, "precoPositiveRate": 0.0, "precoNegativeRate": 0.0, "negemoRate": 0.0, "negationRate": 0.00423728813559322, "functionRate": 0.4597457627118644, "contentRate": 0.5402542372881356, "vulgarRate": 0.0, "racistRate": 0.0, "specStyleRate": 0.0, "addressingRate": 0.0, "closingRate": 0.0, "postscriptRate": 0.0, "brutalRate": 0.0, "epistemicNum": 0, "investNum": 0, "conditionNum": 0, "weaselNum": 0, "peacockNum": 0, "hedgeNum": 0, "doxasticNum": 0, "epistemicRate": 0.0, "investRate": 0.0, "conditionRate": 0.0, "weaselRate": 0.0, "peacockRate": 0.0, "hedgeRate": 0.0, "doxasticRate": 0.0, "loveNum": 0, "anxietyNum": 0, "sorrowNum": 0, "joyNum": 0, "disgustNum": 0, "fearNum": 0, "surpriseNum": 0, "angerNum": 0, "loveRate": 0.0, "anxietyRate": 0.0, "sorrowRate": 0.0, "joyRate": 0.0, "disgustRate": 0.0, "fearRate": 0.0, "surpriseRate": 0.0, "angerRate": 0.0, "slangBeGeneralNum": 0, "slangBeCigaretteNum": 0, "slangBeHumanNum": 0, "slangBeVehicleNum": 0, "slangBeDrugNum": 0, "slangBvNum": 0, "slangBeGeneralRate": 0.0, "slangBeCigaretteRate": 0.0, "slangBeHumanRate": 0.0, "slangBeVehicleRate": 0.0, "slangBeDrugRate": 0.0, "slangBvRate": 0.0, "speechactNum": 0, "quoteNum": 0, "dashNum": 0, "publicNum": 0, "privateNum": 0, "suasiveNum": 0, "discMarkerNum": 0, "smileyNum": 0, "dateNum": 0, "hesitationNum": 0, "restartNum": 0, "repeatNum": 0, "conjBeforeDiscNum": 0, "conjAfterDiscNum": 0, "wordBeforeHesitationNum": 0, "wordAfterHesitationNum": 0, "otherCollocationNum": 0, "speechactRate": 0.0, "quoteRate": 0.0, "dashRate": 0.0, "publicRate": 0.0, "privateRate": 0.0, "suasiveRate": 0.0, "discMarkerRate": 0.0, "smileyRate": 0.0, "dateRate": 0.0, "hesitationRate": 0.0, "restartRate": 0.0, "repeatRate": 0.0, "conjBeforeDiscRate": 0.0, "conjAfterDiscRate": 0.0, "wordBeforeHesitationRate": 0.0, "wordAfterHesitationRate": 0.0, "otherCollocationRate": 0.0, "easyWordNum": 414, "hardWordNum": 58, "easyWordRate": 0.8771186440677966, "hardWordRate": 0.1228813559322034, "fleschReadingEaseScore": 41.07579530638853, "gunningFogIndex": 7.3106910039113435, "fleschKincaidGradeLevel": 12.040000000000003, "colemanLiauIndex": 15.708838983050843, "smogIndex": 11.072351349416056, "automatedReadabilityIndex": 12.843427314211212, "linsearWriteIndex": 1.363102998696219, "author": "", "locationNameNum": 0, "locationNameRate": 0.0, "personNameNum": 0, "personNameRate": 0.0, "organizationNameNum": 0, "organizationNameRate": 0.0, "misspelledNum": 0, "misspelledRate": 0.0, "missingAccentNum": 0, "missingAccentRate": 0.0, "foreignAccentNum": 0, "foreignAccentRate": 0.0, "wordConcatNum": 0, "wordConcatRate": 0.0, "jLyMistakeNum": 0, "jLyMistakeRate": 0.0, "freqSuffixNum": 0, "partsNum": 156, "privateVNum": 0, "publicVNum": 0, "clauseWordNum": 65}