{"tokenNum": 375, "sentenceNum": 27, "lemmaNum": 176, "lemmaRate": 0.4693333333333333, "sentenceLength": 13.88888888888889, "allUpperNum": 0, "firstUpperNum": 29, "allUpperRate": 0.0, "firstUpperRate": 0.07733333333333334, "declarSentNum": 27, "imperSentNum": 0, "questionNum": 0, "declarSentRate": 1.0, "imperSentRate": 0.0, "questionRate": 0.0, "accent": true, "saturation": 4.0, "paragraphNum": 8, "nounNum": 97, "verbNum": 30, "adjNum": 55, "infNum": 3, "partPastNum": 3, "partPresNum": 4, "partFutNum": 0, "transNum": 0, "xNum": 9, "advNum": 29, "properNounNum": 3, "numNum": 0, "conjNum": 24, "punctNum": 55, "pronNum": 12, "relPronNum": 4, "demPronNum": 15, "adposNum": 5, "multiplePunctNum": 0, "phraseNum": 0, "nounRate": 0.25866666666666666, "verbRate": 0.08, "adjRate": 0.14666666666666667, "infRate": 0.008, "partPastRate": 0.008, "partPresRate": 0.010666666666666666, "partFutRate": 0.0, "transRate": 0.0, "xRate": 0.024, "advRate": 0.07733333333333334, "properNounRate": 0.008, "numRate": 0.0, "conjRate": 0.064, "punctRate": 0.14666666666666667, "pronRate": 0.032, "relPronRate": 0.010666666666666666, "demPronRate": 0.04, "adposRate": 0.013333333333333334, "multiplePunctRate": 0.0, "partsDensityRate": 4.795454545454546, "contentfulness": 7.814814814814815, "phraseRate": 0.0, "pastTenseNum": 2, "presentTenseNum": 25, "condNum": 0, "impNum": 1, "freqNum": 0, "causNum": 0, "modalNum": 2, "sg1VerbNum": 0, "sg2VerbNum": 0, "sg3VerbNum": 29, "pl1VerbNum": 4, "pl2VerbNum": 0, "pl3VerbNum": 10, "superlatNum": 0, "comparatNum": 1, "specDerivSuffixNum": 0, "pluralNounNum": 14, "pastTenseRate": 0.06666666666666667, "presentTenseRate": 0.8333333333333334, "condRate": 0.0, "impRate": 0.03333333333333333, "freqRate": 0.0, "causRate": 0.0, "modalRate": 0.06666666666666667, "sg1VerbRate": 0.0, "sg2VerbRate": 0.0, "sg3VerbRate": 0.9666666666666667, "pl1VerbRate": 0.13333333333333333, "pl2VerbRate": 0.0, "pl3VerbRate": 0.3333333333333333, "superlatRate": 0.0, "comparatRate": 0.01818181818181818, "specDerivSuffixRate": 0.0, "pluralNounRate": 0.14432989690721648, "subjNum": 33, "objNum": 10, "attNum": 37, "subordNum": 8, "adverbNum": 33, "coordNum": 15, "clauseNum": 44, "simpleNum": 13, "complexNum": 14, "complexity1Num": 11, "complexity2Num": 3, "complexity3Num": 0, "compoundNum": 0, "subjRate": 0.088, "objRate": 0.02666666666666667, "attRate": 0.09866666666666667, "subordRate": 0.021333333333333333, "adverbRate": 0.088, "coordRate": 0.04, "partsRate": 2.909090909090909, "clauseRate": 1.6296296296296295, "simpleRate": 0.48148148148148145, "complexRate": 0.5185185185185185, "complexity1Rate": 0.4074074074074074, "complexity2Rate": 0.1111111111111111, "complexity3Rate": 0.0, "complexClauseRate": 2.2142857142857144, "sentencesPerParagraph": 3.375, "wordsLengthRate": 6.296875, "compoundRate": 0.0, "positiveNum": 0, "negativeNum": 0, "precoPositiveNum": 0, "precoNegativeNum": 0, "negemoNum": 0, "negationNum": 7, "functionNum": 164, "contentNum": 211, "vulgarNum": 0, "racistNum": 0, "specStyleNum": 0, "addressingNum": 0, "closingNum": 0, "postscriptNum": 0, "brutalNum": 0, "positiveRate": 0.0, "negativeRate": 0.0, "precoPositiveRate": 0.0, "precoNegativeRate": 0.0, "negemoRate": 0.0, "negationRate": 0.018666666666666668, "functionRate": 0.43733333333333335, "contentRate": 0.5626666666666666, "vulgarRate": 0.0, "racistRate": 0.0, "specStyleRate": 0.0, "addressingRate": 0.0, "closingRate": 0.0, "postscriptRate": 0.0, "brutalRate": 0.0, "epistemicNum": 0, "investNum": 0, "conditionNum": 0, "weaselNum": 0, "peacockNum": 0, "hedgeNum": 0, "doxasticNum": 0, "epistemicRate": 0.0, "investRate": 0.0, "conditionRate": 0.0, "weaselRate": 0.0, "peacockRate": 0.0, "hedgeRate": 0.0, "doxasticRate": 0.0, "loveNum": 0, "anxietyNum": 0, "sorrowNum": 0, "joyNum": 0, "disgustNum": 0, "fearNum": 0, "surpriseNum": 0, "angerNum": 0, "loveRate": 0.0, "anxietyRate": 0.0, "sorrowRate": 0.0, "joyRate": 0.0, "disgustRate": 0.0, "fearRate": 0.0, "surpriseRate": 0.0, "angerRate": 0.0, "slangBeGeneralNum": 0, "slangBeCigaretteNum": 0, "slangBeHumanNum": 0, "slangBeVehicleNum": 0, "slangBeDrugNum": 0, "slangBvNum": 0, "slangBeGeneralRate": 0.0, "slangBeCigaretteRate": 0.0, "slangBeHumanRate": 0.0, "slangBeVehicleRate": 0.0, "slangBeDrugRate": 0.0, "slangBvRate": 0.0, "speechactNum": 0, "quoteNum": 0, "dashNum": 0, "publicNum": 0, "privateNum": 0, "suasiveNum": 0, "discMarkerNum": 0, "smileyNum": 0, "dateNum": 0, "hesitationNum": 0, "restartNum": 0, "repeatNum": 0, "conjBeforeDiscNum": 0, "conjAfterDiscNum": 0, "wordBeforeHesitationNum": 0, "wordAfterHesitationNum": 0, "otherCollocationNum": 0, "speechactRate": 0.0, "quoteRate": 0.0, "dashRate": 0.0, "publicRate": 0.0, "privateRate": 0.0, "suasiveRate": 0.0, "discMarkerRate": 0.0, "smileyRate": 0.0, "dateRate": 0.0, "hesitationRate": 0.0, "restartRate": 0.0, "repeatRate": 0.0, "conjBeforeDiscRate": 0.0, "conjAfterDiscRate": 0.0, "wordBeforeHesitationRate": 0.0, "wordAfterHesitationRate": 0.0, "otherCollocationRate": 0.0, "easyWordNum": 329, "hardWordNum": 46, "easyWordRate": 0.8773333333333333, "hardWordRate": 0.12266666666666666, "fleschReadingEaseScore": 35.49457777777778, "gunningFogIndex": 5.604622222222223, "fleschKincaidGradeLevel": 11.758933333333335, "colemanLiauIndex": 16.084317333333328, "smogIndex": 10.203070172399654, "automatedReadabilityIndex": 11.011244444444444, "linsearWriteIndex": 1.2666666666666666, "author": "", "locationNameNum": 2, "locationNameRate": 0.005333333333333333, "personNameNum": 0, "personNameRate": 0.0, "organizationNameNum": 0, "organizationNameRate": 0.0, "misspelledNum": 1, "misspelledRate": 0.0026666666666666666, "missingAccentNum": 0, "missingAccentRate": 0.0, "foreignAccentNum": 0, "foreignAccentRate": 0.0, "wordConcatNum": 0, "wordConcatRate": 0.0, "jLyMistakeNum": 0, "jLyMistakeRate": 0.0, "freqSuffixNum": 0, "partsNum": 128, "privateVNum": 0, "publicVNum": 0, "clauseWordNum": 44}