{"tokenNum": 295, "sentenceNum": 22, "lemmaNum": 140, "lemmaRate": 0.4745762711864407, "sentenceLength": 13.409090909090908, "allUpperNum": 0, "firstUpperNum": 23, "allUpperRate": 0.0, "firstUpperRate": 0.07796610169491526, "declarSentNum": 22, "imperSentNum": 0, "questionNum": 0, "declarSentRate": 1.0, "imperSentRate": 0.0, "questionRate": 0.0, "accent": true, "saturation": 2.8, "paragraphNum": 6, "nounNum": 50, "verbNum": 52, "adjNum": 25, "infNum": 8, "partPastNum": 1, "partPresNum": 0, "partFutNum": 0, "transNum": 0, "xNum": 6, "advNum": 20, "properNounNum": 2, "numNum": 0, "conjNum": 38, "punctNum": 51, "pronNum": 17, "relPronNum": 1, "demPronNum": 9, "adposNum": 1, "multiplePunctNum": 0, "phraseNum": 0, "nounRate": 0.1694915254237288, "verbRate": 0.17627118644067796, "adjRate": 0.0847457627118644, "infRate": 0.02711864406779661, "partPastRate": 0.003389830508474576, "partPresRate": 0.0, "partFutRate": 0.0, "transRate": 0.0, "xRate": 0.020338983050847456, "advRate": 0.06779661016949153, "properNounRate": 0.006779661016949152, "numRate": 0.0, "conjRate": 0.1288135593220339, "punctRate": 0.17288135593220338, "pronRate": 0.0576271186440678, "relPronRate": 0.003389830508474576, "demPronRate": 0.030508474576271188, "adposRate": 0.003389830508474576, "multiplePunctRate": 0.0, "partsDensityRate": 2.94, "contentfulness": 6.681818181818182, "phraseRate": 0.0, "pastTenseNum": 4, "presentTenseNum": 40, "condNum": 1, "impNum": 2, "freqNum": 0, "causNum": 0, "modalNum": 0, "sg1VerbNum": 32, "sg2VerbNum": 0, "sg3VerbNum": 14, "pl1VerbNum": 9, "pl2VerbNum": 2, "pl3VerbNum": 4, "superlatNum": 2, "comparatNum": 1, "specDerivSuffixNum": 0, "pluralNounNum": 11, "pastTenseRate": 0.07692307692307693, "presentTenseRate": 0.7692307692307693, "condRate": 0.019230769230769232, "impRate": 0.038461538461538464, "freqRate": 0.0, "causRate": 0.0, "modalRate": 0.0, "sg1VerbRate": 0.6153846153846154, "sg2VerbRate": 0.0, "sg3VerbRate": 0.2692307692307692, "pl1VerbRate": 0.17307692307692307, "pl2VerbRate": 0.038461538461538464, "pl3VerbRate": 0.07692307692307693, "superlatRate": 0.08, "comparatRate": 0.04, "specDerivSuffixRate": 0.0, "pluralNounRate": 0.22, "subjNum": 14, "objNum": 13, "attNum": 15, "subordNum": 15, "adverbNum": 30, "coordNum": 17, "clauseNum": 50, "simpleNum": 4, "complexNum": 18, "complexity1Num": 9, "complexity2Num": 8, "complexity3Num": 1, "compoundNum": 0, "subjRate": 0.04745762711864407, "objRate": 0.04406779661016949, "attRate": 0.05084745762711865, "subordRate": 0.05084745762711865, "adverbRate": 0.1016949152542373, "coordRate": 0.0576271186440678, "partsRate": 1.78, "clauseRate": 2.272727272727273, "simpleRate": 0.18181818181818182, "complexRate": 0.8181818181818182, "complexity1Rate": 0.4090909090909091, "complexity2Rate": 0.36363636363636365, "complexity3Rate": 0.045454545454545456, "complexClauseRate": 2.5555555555555554, "sentencesPerParagraph": 3.6666666666666665, "wordsLengthRate": 5.540983606557377, "compoundRate": 0.0, "positiveNum": 0, "negativeNum": 0, "precoPositiveNum": 0, "precoNegativeNum": 0, "negemoNum": 0, "negationNum": 3, "functionNum": 148, "contentNum": 147, "vulgarNum": 0, "racistNum": 0, "specStyleNum": 0, "addressingNum": 0, "closingNum": 0, "postscriptNum": 0, "brutalNum": 0, "positiveRate": 0.0, "negativeRate": 0.0, "precoPositiveRate": 0.0, "precoNegativeRate": 0.0, "negemoRate": 0.0, "negationRate": 0.010169491525423728, "functionRate": 0.5016949152542373, "contentRate": 0.49830508474576274, "vulgarRate": 0.0, "racistRate": 0.0, "specStyleRate": 0.0, "addressingRate": 0.0, "closingRate": 0.0, "postscriptRate": 0.0, "brutalRate": 0.0, "epistemicNum": 0, "investNum": 0, "conditionNum": 0, "weaselNum": 0, "peacockNum": 0, "hedgeNum": 0, "doxasticNum": 0, "epistemicRate": 0.0, "investRate": 0.0, "conditionRate": 0.0, "weaselRate": 0.0, "peacockRate": 0.0, "hedgeRate": 0.0, "doxasticRate": 0.0, "loveNum": 0, "anxietyNum": 0, "sorrowNum": 0, "joyNum": 0, "disgustNum": 0, "fearNum": 0, "surpriseNum": 0, "angerNum": 0, "loveRate": 0.0, "anxietyRate": 0.0, "sorrowRate": 0.0, "joyRate": 0.0, "disgustRate": 0.0, "fearRate": 0.0, "surpriseRate": 0.0, "angerRate": 0.0, "slangBeGeneralNum": 0, "slangBeCigaretteNum": 0, "slangBeHumanNum": 0, "slangBeVehicleNum": 0, "slangBeDrugNum": 0, "slangBvNum": 0, "slangBeGeneralRate": 0.0, "slangBeCigaretteRate": 0.0, "slangBeHumanRate": 0.0, "slangBeVehicleRate": 0.0, "slangBeDrugRate": 0.0, "slangBvRate": 0.0, "speechactNum": 0, "quoteNum": 0, "dashNum": 0, "publicNum": 0, "privateNum": 0, "suasiveNum": 0, "discMarkerNum": 0, "smileyNum": 0, "dateNum": 0, "hesitationNum": 0, "restartNum": 0, "repeatNum": 1, "conjBeforeDiscNum": 0, "conjAfterDiscNum": 0, "wordBeforeHesitationNum": 0, "wordAfterHesitationNum": 0, "otherCollocationNum": 0, "speechactRate": 0.0, "quoteRate": 0.0, "dashRate": 0.0, "publicRate": 0.0, "privateRate": 0.0, "suasiveRate": 0.0, "discMarkerRate": 0.0, "smileyRate": 0.0, "dateRate": 0.0, "hesitationRate": 0.0, "restartRate": 0.0, "repeatRate": 0.003389830508474576, "conjBeforeDiscRate": 0.0, "conjAfterDiscRate": 0.0, "wordBeforeHesitationRate": 0.0, "wordAfterHesitationRate": 0.0, "otherCollocationRate": 0.0, "easyWordNum": 277, "hardWordNum": 18, "easyWordRate": 0.9389830508474576, "hardWordRate": 0.061016949152542375, "fleschReadingEaseScore": 67.90206086286598, "gunningFogIndex": 5.388043143297381, "fleschKincaidGradeLevel": 7.119545454545456, "colemanLiauIndex": 11.97262372881356, "smogIndex": 7.554174236665414, "automatedReadabilityIndex": 7.483392912172572, "linsearWriteIndex": 1.5038520801232664, "author": "", "locationNameNum": 0, "locationNameRate": 0.0, "personNameNum": 0, "personNameRate": 0.0, "organizationNameNum": 0, "organizationNameRate": 0.0, "misspelledNum": 1, "misspelledRate": 0.003389830508474576, "missingAccentNum": 0, "missingAccentRate": 0.0, "foreignAccentNum": 0, "foreignAccentRate": 0.0, "wordConcatNum": 0, "wordConcatRate": 0.0, "jLyMistakeNum": 0, "jLyMistakeRate": 0.0, "freqSuffixNum": 0, "partsNum": 89, "privateVNum": 0, "publicVNum": 0, "clauseWordNum": 50}