{"tokenNum": 213, "sentenceNum": 17, "lemmaNum": 123, "lemmaRate": 0.5774647887323944, "sentenceLength": 12.529411764705882, "allUpperNum": 0, "firstUpperNum": 17, "allUpperRate": 0.0, "firstUpperRate": 0.07981220657276995, "declarSentNum": 14, "imperSentNum": 1, "questionNum": 2, "declarSentRate": 0.8235294117647058, "imperSentRate": 0.058823529411764705, "questionRate": 0.11764705882352941, "accent": true, "saturation": 5.125, "paragraphNum": 8, "nounNum": 49, "verbNum": 30, "adjNum": 18, "infNum": 10, "partPastNum": 1, "partPresNum": 0, "partFutNum": 0, "transNum": 0, "xNum": 8, "advNum": 9, "properNounNum": 0, "numNum": 0, "conjNum": 20, "punctNum": 34, "pronNum": 12, "relPronNum": 1, "demPronNum": 4, "adposNum": 0, "multiplePunctNum": 0, "phraseNum": 0, "nounRate": 0.2300469483568075, "verbRate": 0.14084507042253522, "adjRate": 0.08450704225352113, "infRate": 0.046948356807511735, "partPastRate": 0.004694835680751174, "partPresRate": 0.0, "partFutRate": 0.0, "transRate": 0.0, "xRate": 0.03755868544600939, "advRate": 0.04225352112676056, "properNounRate": 0.0, "numRate": 0.0, "conjRate": 0.09389671361502347, "punctRate": 0.1596244131455399, "pronRate": 0.056338028169014086, "relPronRate": 0.004694835680751174, "demPronRate": 0.018779342723004695, "adposRate": 0.0, "multiplePunctRate": 0.0, "partsDensityRate": 4.416666666666667, "contentfulness": 6.235294117647059, "phraseRate": 0.0, "pastTenseNum": 2, "presentTenseNum": 18, "condNum": 0, "impNum": 2, "freqNum": 0, "causNum": 0, "modalNum": 1, "sg1VerbNum": 10, "sg2VerbNum": 0, "sg3VerbNum": 11, "pl1VerbNum": 0, "pl2VerbNum": 1, "pl3VerbNum": 11, "superlatNum": 0, "comparatNum": 1, "specDerivSuffixNum": 0, "pluralNounNum": 9, "pastTenseRate": 0.06666666666666667, "presentTenseRate": 0.6, "condRate": 0.0, "impRate": 0.06666666666666667, "freqRate": 0.0, "causRate": 0.0, "modalRate": 0.03333333333333333, "sg1VerbRate": 0.3333333333333333, "sg2VerbRate": 0.0, "sg3VerbRate": 0.36666666666666664, "pl1VerbRate": 0.0, "pl2VerbRate": 0.03333333333333333, "pl3VerbRate": 0.36666666666666664, "superlatRate": 0.0, "comparatRate": 0.05555555555555555, "specDerivSuffixRate": 0.0, "pluralNounRate": 0.1836734693877551, "subjNum": 14, "objNum": 5, "attNum": 14, "subordNum": 3, "adverbNum": 15, "coordNum": 17, "clauseNum": 24, "simpleNum": 12, "complexNum": 5, "complexity1Num": 3, "complexity2Num": 2, "complexity3Num": 0, "compoundNum": 0, "subjRate": 0.06572769953051644, "objRate": 0.023474178403755867, "attRate": 0.06572769953051644, "subordRate": 0.014084507042253521, "adverbRate": 0.07042253521126761, "coordRate": 0.07981220657276995, "partsRate": 2.7083333333333335, "clauseRate": 1.411764705882353, "simpleRate": 0.7058823529411765, "complexRate": 0.29411764705882354, "complexity1Rate": 0.17647058823529413, "complexity2Rate": 0.11764705882352941, "complexity3Rate": 0.0, "complexClauseRate": 2.4, "sentencesPerParagraph": 2.125, "wordsLengthRate": 6.083798882681564, "compoundRate": 0.0, "positiveNum": 0, "negativeNum": 0, "precoPositiveNum": 0, "precoNegativeNum": 0, "negemoNum": 0, "negationNum": 0, "functionNum": 107, "contentNum": 106, "vulgarNum": 0, "racistNum": 0, "specStyleNum": 0, "addressingNum": 0, "closingNum": 0, "postscriptNum": 0, "brutalNum": 0, "positiveRate": 0.0, "negativeRate": 0.0, "precoPositiveRate": 0.0, "precoNegativeRate": 0.0, "negemoRate": 0.0, "negationRate": 0.0, "functionRate": 0.5023474178403756, "contentRate": 0.49765258215962443, "vulgarRate": 0.0, "racistRate": 0.0, "specStyleRate": 0.0, "addressingRate": 0.0, "closingRate": 0.0, "postscriptRate": 0.0, "brutalRate": 0.0, "epistemicNum": 0, "investNum": 0, "conditionNum": 0, "weaselNum": 0, "peacockNum": 0, "hedgeNum": 0, "doxasticNum": 0, "epistemicRate": 0.0, "investRate": 0.0, "conditionRate": 0.0, "weaselRate": 0.0, "peacockRate": 0.0, "hedgeRate": 0.0, "doxasticRate": 0.0, "loveNum": 0, "anxietyNum": 0, "sorrowNum": 0, "joyNum": 0, "disgustNum": 0, "fearNum": 0, "surpriseNum": 0, "angerNum": 0, "loveRate": 0.0, "anxietyRate": 0.0, "sorrowRate": 0.0, "joyRate": 0.0, "disgustRate": 0.0, "fearRate": 0.0, "surpriseRate": 0.0, "angerRate": 0.0, "slangBeGeneralNum": 0, "slangBeCigaretteNum": 0, "slangBeHumanNum": 0, "slangBeVehicleNum": 0, "slangBeDrugNum": 0, "slangBvNum": 0, "slangBeGeneralRate": 0.0, "slangBeCigaretteRate": 0.0, "slangBeHumanRate": 0.0, "slangBeVehicleRate": 0.0, "slangBeDrugRate": 0.0, "slangBvRate": 0.0, "speechactNum": 0, "quoteNum": 0, "dashNum": 0, "publicNum": 0, "privateNum": 0, "suasiveNum": 0, "discMarkerNum": 0, "smileyNum": 0, "dateNum": 0, "hesitationNum": 0, "restartNum": 0, "repeatNum": 0, "conjBeforeDiscNum": 0, "conjAfterDiscNum": 0, "wordBeforeHesitationNum": 0, "wordAfterHesitationNum": 0, "otherCollocationNum": 0, "speechactRate": 0.0, "quoteRate": 0.0, "dashRate": 0.0, "publicRate": 0.0, "privateRate": 0.0, "suasiveRate": 0.0, "discMarkerRate": 0.0, "smileyRate": 0.0, "dateRate": 0.0, "hesitationRate": 0.0, "restartRate": 0.0, "repeatRate": 0.0, "conjBeforeDiscRate": 0.0, "conjAfterDiscRate": 0.0, "wordBeforeHesitationRate": 0.0, "wordAfterHesitationRate": 0.0, "otherCollocationRate": 0.0, "easyWordNum": 187, "hardWordNum": 26, "easyWordRate": 0.8779342723004695, "hardWordRate": 0.12206572769953052, "fleschReadingEaseScore": 47.15990057995032, "gunningFogIndex": 5.058713062689865, "fleschKincaidGradeLevel": 9.794123170394919, "colemanLiauIndex": 14.811169014084502, "smogIndex": 8.447377352677275, "automatedReadabilityIndex": 9.31343827671914, "linsearWriteIndex": 2.548743441038387, "author": "", "locationNameNum": 0, "locationNameRate": 0.0, "personNameNum": 0, "personNameRate": 0.0, "organizationNameNum": 0, "organizationNameRate": 0.0, "misspelledNum": 0, "misspelledRate": 0.0, "missingAccentNum": 0, "missingAccentRate": 0.0, "foreignAccentNum": 0, "foreignAccentRate": 0.0, "wordConcatNum": 0, "wordConcatRate": 0.0, "jLyMistakeNum": 0, "jLyMistakeRate": 0.0, "freqSuffixNum": 0, "partsNum": 65, "privateVNum": 0, "publicVNum": 0, "clauseWordNum": 24}