{"tokenNum": 391, "sentenceNum": 23, "lemmaNum": 149, "lemmaRate": 0.38107416879795397, "sentenceLength": 17.0, "allUpperNum": 0, "firstUpperNum": 24, "allUpperRate": 0.0, "firstUpperRate": 0.061381074168797956, "declarSentNum": 23, "imperSentNum": 0, "questionNum": 0, "declarSentRate": 1.0, "imperSentRate": 0.0, "questionRate": 0.0, "accent": true, "saturation": 2.403225806451613, "paragraphNum": 7, "nounNum": 66, "verbNum": 62, "adjNum": 32, "infNum": 14, "partPastNum": 0, "partPresNum": 2, "partFutNum": 0, "transNum": 0, "xNum": 7, "advNum": 22, "properNounNum": 0, "numNum": 2, "conjNum": 42, "punctNum": 67, "pronNum": 35, "relPronNum": 8, "demPronNum": 19, "adposNum": 2, "multiplePunctNum": 0, "phraseNum": 0, "nounRate": 0.16879795396419436, "verbRate": 0.1585677749360614, "adjRate": 0.08184143222506395, "infRate": 0.03580562659846547, "partPastRate": 0.0, "partPresRate": 0.005115089514066497, "partFutRate": 0.0, "transRate": 0.0, "xRate": 0.017902813299232736, "advRate": 0.056265984654731455, "properNounRate": 0.0, "numRate": 0.005115089514066497, "conjRate": 0.10741687979539642, "punctRate": 0.17135549872122763, "pronRate": 0.08951406649616368, "relPronRate": 0.020460358056265986, "demPronRate": 0.04859335038363171, "adposRate": 0.005115089514066497, "multiplePunctRate": 0.0, "partsDensityRate": 2.935483870967742, "contentfulness": 7.913043478260869, "phraseRate": 0.0, "pastTenseNum": 4, "presentTenseNum": 44, "condNum": 0, "impNum": 9, "freqNum": 0, "causNum": 0, "modalNum": 1, "sg1VerbNum": 22, "sg2VerbNum": 2, "sg3VerbNum": 44, "pl1VerbNum": 11, "pl2VerbNum": 0, "pl3VerbNum": 9, "superlatNum": 0, "comparatNum": 3, "specDerivSuffixNum": 0, "pluralNounNum": 11, "pastTenseRate": 0.06451612903225806, "presentTenseRate": 0.7096774193548387, "condRate": 0.0, "impRate": 0.14516129032258066, "freqRate": 0.0, "causRate": 0.0, "modalRate": 0.016129032258064516, "sg1VerbRate": 0.3548387096774194, "sg2VerbRate": 0.03225806451612903, "sg3VerbRate": 0.7096774193548387, "pl1VerbRate": 0.1774193548387097, "pl2VerbRate": 0.0, "pl3VerbRate": 0.14516129032258066, "superlatRate": 0.0, "comparatRate": 0.09375, "specDerivSuffixRate": 0.0, "pluralNounRate": 0.16666666666666666, "subjNum": 26, "objNum": 21, "attNum": 17, "subordNum": 22, "adverbNum": 30, "coordNum": 21, "clauseNum": 62, "simpleNum": 4, "complexNum": 19, "complexity1Num": 6, "complexity2Num": 6, "complexity3Num": 7, "compoundNum": 0, "subjRate": 0.06649616368286446, "objRate": 0.05370843989769821, "attRate": 0.043478260869565216, "subordRate": 0.056265984654731455, "adverbRate": 0.07672634271099744, "coordRate": 0.05370843989769821, "partsRate": 1.8548387096774193, "clauseRate": 2.6956521739130435, "simpleRate": 0.17391304347826086, "complexRate": 0.8260869565217391, "complexity1Rate": 0.2608695652173913, "complexity2Rate": 0.2608695652173913, "complexity3Rate": 0.30434782608695654, "complexClauseRate": 3.0526315789473686, "sentencesPerParagraph": 3.2857142857142856, "wordsLengthRate": 5.243827160493828, "compoundRate": 0.0, "positiveNum": 0, "negativeNum": 0, "precoPositiveNum": 0, "precoNegativeNum": 0, "negemoNum": 0, "negationNum": 5, "functionNum": 209, "contentNum": 182, "vulgarNum": 0, "racistNum": 0, "specStyleNum": 0, "addressingNum": 0, "closingNum": 0, "postscriptNum": 0, "brutalNum": 0, "positiveRate": 0.0, "negativeRate": 0.0, "precoPositiveRate": 0.0, "precoNegativeRate": 0.0, "negemoRate": 0.0, "negationRate": 0.01278772378516624, "functionRate": 0.5345268542199488, "contentRate": 0.46547314578005117, "vulgarRate": 0.0, "racistRate": 0.0, "specStyleRate": 0.0, "addressingRate": 0.0, "closingRate": 0.0, "postscriptRate": 0.0, "brutalRate": 0.0, "epistemicNum": 0, "investNum": 0, "conditionNum": 0, "weaselNum": 0, "peacockNum": 0, "hedgeNum": 0, "doxasticNum": 0, "epistemicRate": 0.0, "investRate": 0.0, "conditionRate": 0.0, "weaselRate": 0.0, "peacockRate": 0.0, "hedgeRate": 0.0, "doxasticRate": 0.0, "loveNum": 0, "anxietyNum": 0, "sorrowNum": 0, "joyNum": 0, "disgustNum": 0, "fearNum": 0, "surpriseNum": 0, "angerNum": 0, "loveRate": 0.0, "anxietyRate": 0.0, "sorrowRate": 0.0, "joyRate": 0.0, "disgustRate": 0.0, "fearRate": 0.0, "surpriseRate": 0.0, "angerRate": 0.0, "slangBeGeneralNum": 0, "slangBeCigaretteNum": 0, "slangBeHumanNum": 0, "slangBeVehicleNum": 0, "slangBeDrugNum": 0, "slangBvNum": 0, "slangBeGeneralRate": 0.0, "slangBeCigaretteRate": 0.0, "slangBeHumanRate": 0.0, "slangBeVehicleRate": 0.0, "slangBeDrugRate": 0.0, "slangBvRate": 0.0, "speechactNum": 0, "quoteNum": 0, "dashNum": 0, "publicNum": 0, "privateNum": 0, "suasiveNum": 0, "discMarkerNum": 0, "smileyNum": 0, "dateNum": 0, "hesitationNum": 0, "restartNum": 0, "repeatNum": 0, "conjBeforeDiscNum": 0, "conjAfterDiscNum": 0, "wordBeforeHesitationNum": 0, "wordAfterHesitationNum": 0, "otherCollocationNum": 0, "speechactRate": 0.0, "quoteRate": 0.0, "dashRate": 0.0, "publicRate": 0.0, "privateRate": 0.0, "suasiveRate": 0.0, "discMarkerRate": 0.0, "smileyRate": 0.0, "dateRate": 0.0, "hesitationRate": 0.0, "restartRate": 0.0, "repeatRate": 0.0, "conjBeforeDiscRate": 0.0, "conjAfterDiscRate": 0.0, "wordBeforeHesitationRate": 0.0, "wordAfterHesitationRate": 0.0, "otherCollocationRate": 0.0, "easyWordNum": 374, "hardWordNum": 17, "easyWordRate": 0.9565217391304348, "hardWordRate": 0.043478260869565216, "fleschReadingEaseScore": 74.2557033248082, "gunningFogIndex": 6.817391304347827, "fleschKincaidGradeLevel": 7.12542199488491, "colemanLiauIndex": 10.591843989769817, "smogIndex": 7.42949916751922, "automatedReadabilityIndex": 8.1746547314578, "linsearWriteIndex": 1.3240298009562994, "author": "", "locationNameNum": 0, "locationNameRate": 0.0, "personNameNum": 0, "personNameRate": 0.0, "organizationNameNum": 0, "organizationNameRate": 0.0, "misspelledNum": 0, "misspelledRate": 0.0, "missingAccentNum": 0, "missingAccentRate": 0.0, "foreignAccentNum": 0, "foreignAccentRate": 0.0, "wordConcatNum": 0, "wordConcatRate": 0.0, "jLyMistakeNum": 0, "jLyMistakeRate": 0.0, "freqSuffixNum": 0, "partsNum": 115, "privateVNum": 0, "publicVNum": 0, "clauseWordNum": 62}