{"tokenNum": 362, "sentenceNum": 33, "lemmaNum": 142, "lemmaRate": 0.39226519337016574, "sentenceLength": 10.969696969696969, "allUpperNum": 0, "firstUpperNum": 39, "allUpperRate": 0.0, "firstUpperRate": 0.10773480662983426, "declarSentNum": 33, "imperSentNum": 0, "questionNum": 0, "declarSentRate": 1.0, "imperSentRate": 0.0, "questionRate": 0.0, "accent": true, "saturation": 2.21875, "paragraphNum": 11, "nounNum": 54, "verbNum": 71, "adjNum": 26, "infNum": 4, "partPastNum": 0, "partPresNum": 0, "partFutNum": 0, "transNum": 0, "xNum": 11, "advNum": 44, "properNounNum": 7, "numNum": 4, "conjNum": 32, "punctNum": 71, "pronNum": 16, "relPronNum": 4, "demPronNum": 13, "adposNum": 0, "multiplePunctNum": 0, "phraseNum": 0, "nounRate": 0.14917127071823205, "verbRate": 0.19613259668508287, "adjRate": 0.0718232044198895, "infRate": 0.011049723756906077, "partPastRate": 0.0, "partPresRate": 0.0, "partFutRate": 0.0, "transRate": 0.0, "xRate": 0.03038674033149171, "advRate": 0.12154696132596685, "properNounRate": 0.019337016574585635, "numRate": 0.011049723756906077, "conjRate": 0.08839779005524862, "punctRate": 0.19613259668508287, "pronRate": 0.04419889502762431, "relPronRate": 0.011049723756906077, "demPronRate": 0.03591160220994475, "adposRate": 0.0, "multiplePunctRate": 0.0, "partsDensityRate": 3.046875, "contentfulness": 5.909090909090909, "phraseRate": 0.0, "pastTenseNum": 32, "presentTenseNum": 35, "condNum": 8, "impNum": 1, "freqNum": 0, "causNum": 0, "modalNum": 1, "sg1VerbNum": 23, "sg2VerbNum": 0, "sg3VerbNum": 46, "pl1VerbNum": 7, "pl2VerbNum": 0, "pl3VerbNum": 9, "superlatNum": 0, "comparatNum": 0, "specDerivSuffixNum": 0, "pluralNounNum": 11, "pastTenseRate": 0.4507042253521127, "presentTenseRate": 0.49295774647887325, "condRate": 0.11267605633802817, "impRate": 0.014084507042253521, "freqRate": 0.0, "causRate": 0.0, "modalRate": 0.014084507042253521, "sg1VerbRate": 0.323943661971831, "sg2VerbRate": 0.0, "sg3VerbRate": 0.647887323943662, "pl1VerbRate": 0.09859154929577464, "pl2VerbRate": 0.0, "pl3VerbRate": 0.1267605633802817, "superlatRate": 0.0, "comparatRate": 0.0, "specDerivSuffixRate": 0.0, "pluralNounRate": 0.2037037037037037, "subjNum": 27, "objNum": 9, "attNum": 20, "subordNum": 18, "adverbNum": 44, "coordNum": 13, "clauseNum": 64, "simpleNum": 13, "complexNum": 20, "complexity1Num": 12, "complexity2Num": 6, "complexity3Num": 1, "compoundNum": 0, "subjRate": 0.07458563535911603, "objRate": 0.024861878453038673, "attRate": 0.055248618784530384, "subordRate": 0.049723756906077346, "adverbRate": 0.12154696132596685, "coordRate": 0.03591160220994475, "partsRate": 1.765625, "clauseRate": 1.9393939393939394, "simpleRate": 0.3939393939393939, "complexRate": 0.6060606060606061, "complexity1Rate": 0.36363636363636365, "complexity2Rate": 0.18181818181818182, "complexity3Rate": 0.030303030303030304, "complexClauseRate": 2.55, "sentencesPerParagraph": 3.0, "wordsLengthRate": 5.0, "compoundRate": 0.0, "positiveNum": 0, "negativeNum": 0, "precoPositiveNum": 0, "precoNegativeNum": 0, "negemoNum": 0, "negationNum": 6, "functionNum": 167, "contentNum": 195, "vulgarNum": 0, "racistNum": 0, "specStyleNum": 0, "addressingNum": 0, "closingNum": 0, "postscriptNum": 0, "brutalNum": 0, "positiveRate": 0.0, "negativeRate": 0.0, "precoPositiveRate": 0.0, "precoNegativeRate": 0.0, "negemoRate": 0.0, "negationRate": 0.016574585635359115, "functionRate": 0.4613259668508287, "contentRate": 0.5386740331491713, "vulgarRate": 0.0, "racistRate": 0.0, "specStyleRate": 0.0, "addressingRate": 0.0, "closingRate": 0.0, "postscriptRate": 0.0, "brutalRate": 0.0, "epistemicNum": 0, "investNum": 0, "conditionNum": 0, "weaselNum": 0, "peacockNum": 0, "hedgeNum": 0, "doxasticNum": 0, "epistemicRate": 0.0, "investRate": 0.0, "conditionRate": 0.0, "weaselRate": 0.0, "peacockRate": 0.0, "hedgeRate": 0.0, "doxasticRate": 0.0, "loveNum": 0, "anxietyNum": 0, "sorrowNum": 0, "joyNum": 0, "disgustNum": 0, "fearNum": 0, "surpriseNum": 0, "angerNum": 0, "loveRate": 0.0, "anxietyRate": 0.0, "sorrowRate": 0.0, "joyRate": 0.0, "disgustRate": 0.0, "fearRate": 0.0, "surpriseRate": 0.0, "angerRate": 0.0, "slangBeGeneralNum": 0, "slangBeCigaretteNum": 0, "slangBeHumanNum": 0, "slangBeVehicleNum": 0, "slangBeDrugNum": 0, "slangBvNum": 0, "slangBeGeneralRate": 0.0, "slangBeCigaretteRate": 0.0, "slangBeHumanRate": 0.0, "slangBeVehicleRate": 0.0, "slangBeDrugRate": 0.0, "slangBvRate": 0.0, "speechactNum": 0, "quoteNum": 1, "dashNum": 0, "publicNum": 0, "privateNum": 0, "suasiveNum": 0, "discMarkerNum": 0, "smileyNum": 0, "dateNum": 0, "hesitationNum": 0, "restartNum": 0, "repeatNum": 0, "conjBeforeDiscNum": 0, "conjAfterDiscNum": 0, "wordBeforeHesitationNum": 0, "wordAfterHesitationNum": 0, "otherCollocationNum": 0, "speechactRate": 0.0, "quoteRate": 0.0027624309392265192, "dashRate": 0.0, "publicRate": 0.0, "privateRate": 0.0, "suasiveRate": 0.0, "discMarkerRate": 0.0, "smileyRate": 0.0, "dateRate": 0.0, "hesitationRate": 0.0, "restartRate": 0.0, "repeatRate": 0.0, "conjBeforeDiscRate": 0.0, "conjAfterDiscRate": 0.0, "wordBeforeHesitationRate": 0.0, "wordAfterHesitationRate": 0.0, "otherCollocationRate": 0.0, "easyWordNum": 353, "hardWordNum": 9, "easyWordRate": 0.9751381215469613, "hardWordRate": 0.024861878453038673, "fleschReadingEaseScore": 85.39357525531561, "gunningFogIndex": 4.397823539260003, "fleschKincaidGradeLevel": 4.07381717729784, "colemanLiauIndex": 8.67088674033149, "smogIndex": 6.112484441749459, "automatedReadabilityIndex": 3.623467269378871, "linsearWriteIndex": 0.5444500251130087, "author": "", "locationNameNum": 0, "locationNameRate": 0.0, "personNameNum": 5, "personNameRate": 0.013812154696132596, "organizationNameNum": 1, "organizationNameRate": 0.0027624309392265192, "misspelledNum": 0, "misspelledRate": 0.0, "missingAccentNum": 0, "missingAccentRate": 0.0, "foreignAccentNum": 0, "foreignAccentRate": 0.0, "wordConcatNum": 0, "wordConcatRate": 0.0, "jLyMistakeNum": 0, "jLyMistakeRate": 0.0, "freqSuffixNum": 0, "partsNum": 113, "privateVNum": 0, "publicVNum": 0, "clauseWordNum": 64}