{"tokenNum": 394, "sentenceNum": 23, "lemmaNum": 137, "lemmaRate": 0.3477157360406091, "sentenceLength": 17.130434782608695, "allUpperNum": 12, "firstUpperNum": 41, "allUpperRate": 0.030456852791878174, "firstUpperRate": 0.10406091370558376, "declarSentNum": 23, "imperSentNum": 0, "questionNum": 0, "declarSentRate": 1.0, "imperSentRate": 0.0, "questionRate": 0.0, "accent": true, "saturation": 2.2096774193548385, "paragraphNum": 7, "nounNum": 83, "verbNum": 49, "adjNum": 39, "infNum": 8, "partPastNum": 0, "partPresNum": 2, "partFutNum": 0, "transNum": 0, "xNum": 7, "advNum": 27, "properNounNum": 18, "numNum": 0, "conjNum": 55, "punctNum": 65, "pronNum": 14, "relPronNum": 1, "demPronNum": 14, "adposNum": 1, "multiplePunctNum": 0, "phraseNum": 0, "nounRate": 0.21065989847715735, "verbRate": 0.12436548223350254, "adjRate": 0.09898477157360407, "infRate": 0.02030456852791878, "partPastRate": 0.0, "partPresRate": 0.005076142131979695, "partFutRate": 0.0, "transRate": 0.0, "xRate": 0.017766497461928935, "advRate": 0.06852791878172589, "properNounRate": 0.04568527918781726, "numRate": 0.0, "conjRate": 0.13959390862944163, "punctRate": 0.1649746192893401, "pronRate": 0.03553299492385787, "relPronRate": 0.0025380710659898475, "demPronRate": 0.03553299492385787, "adposRate": 0.0025380710659898475, "multiplePunctRate": 0.0, "partsDensityRate": 3.193548387096774, "contentfulness": 8.608695652173912, "phraseRate": 0.0, "pastTenseNum": 0, "presentTenseNum": 41, "condNum": 0, "impNum": 8, "freqNum": 0, "causNum": 0, "modalNum": 3, "sg1VerbNum": 10, "sg2VerbNum": 0, "sg3VerbNum": 22, "pl1VerbNum": 16, "pl2VerbNum": 0, "pl3VerbNum": 12, "superlatNum": 3, "comparatNum": 2, "specDerivSuffixNum": 0, "pluralNounNum": 17, "pastTenseRate": 0.0, "presentTenseRate": 0.8367346938775511, "condRate": 0.0, "impRate": 0.16326530612244897, "freqRate": 0.0, "causRate": 0.0, "modalRate": 0.061224489795918366, "sg1VerbRate": 0.20408163265306123, "sg2VerbRate": 0.0, "sg3VerbRate": 0.4489795918367347, "pl1VerbRate": 0.32653061224489793, "pl2VerbRate": 0.0, "pl3VerbRate": 0.24489795918367346, "superlatRate": 0.07692307692307693, "comparatRate": 0.05128205128205128, "specDerivSuffixRate": 0.0, "pluralNounRate": 0.20481927710843373, "subjNum": 19, "objNum": 17, "attNum": 19, "subordNum": 17, "adverbNum": 37, "coordNum": 24, "clauseNum": 62, "simpleNum": 3, "complexNum": 20, "complexity1Num": 7, "complexity2Num": 9, "complexity3Num": 2, "compoundNum": 0, "subjRate": 0.048223350253807105, "objRate": 0.04314720812182741, "attRate": 0.048223350253807105, "subordRate": 0.04314720812182741, "adverbRate": 0.09390862944162437, "coordRate": 0.06091370558375635, "partsRate": 1.8709677419354838, "clauseRate": 2.6956521739130435, "simpleRate": 0.13043478260869565, "complexRate": 0.8695652173913043, "complexity1Rate": 0.30434782608695654, "complexity2Rate": 0.391304347826087, "complexity3Rate": 0.08695652173913043, "complexClauseRate": 2.95, "sentencesPerParagraph": 3.2857142857142856, "wordsLengthRate": 5.741641337386018, "compoundRate": 0.0, "positiveNum": 0, "negativeNum": 0, "precoPositiveNum": 0, "precoNegativeNum": 0, "negemoNum": 0, "negationNum": 8, "functionNum": 196, "contentNum": 198, "vulgarNum": 0, "racistNum": 0, "specStyleNum": 0, "addressingNum": 0, "closingNum": 0, "postscriptNum": 0, "brutalNum": 0, "positiveRate": 0.0, "negativeRate": 0.0, "precoPositiveRate": 0.0, "precoNegativeRate": 0.0, "negemoRate": 0.0, "negationRate": 0.02030456852791878, "functionRate": 0.49746192893401014, "contentRate": 0.5025380710659898, "vulgarRate": 0.0, "racistRate": 0.0, "specStyleRate": 0.0, "addressingRate": 0.0, "closingRate": 0.0, "postscriptRate": 0.0, "brutalRate": 0.0, "epistemicNum": 0, "investNum": 0, "conditionNum": 0, "weaselNum": 0, "peacockNum": 0, "hedgeNum": 0, "doxasticNum": 0, "epistemicRate": 0.0, "investRate": 0.0, "conditionRate": 0.0, "weaselRate": 0.0, "peacockRate": 0.0, "hedgeRate": 0.0, "doxasticRate": 0.0, "loveNum": 0, "anxietyNum": 0, "sorrowNum": 0, "joyNum": 0, "disgustNum": 0, "fearNum": 0, "surpriseNum": 0, "angerNum": 0, "loveRate": 0.0, "anxietyRate": 0.0, "sorrowRate": 0.0, "joyRate": 0.0, "disgustRate": 0.0, "fearRate": 0.0, "surpriseRate": 0.0, "angerRate": 0.0, "slangBeGeneralNum": 0, "slangBeCigaretteNum": 0, "slangBeHumanNum": 0, "slangBeVehicleNum": 0, "slangBeDrugNum": 0, "slangBvNum": 0, "slangBeGeneralRate": 0.0, "slangBeCigaretteRate": 0.0, "slangBeHumanRate": 0.0, "slangBeVehicleRate": 0.0, "slangBeDrugRate": 0.0, "slangBvRate": 0.0, "speechactNum": 0, "quoteNum": 0, "dashNum": 0, "publicNum": 0, "privateNum": 0, "suasiveNum": 0, "discMarkerNum": 0, "smileyNum": 0, "dateNum": 0, "hesitationNum": 0, "restartNum": 0, "repeatNum": 0, "conjBeforeDiscNum": 0, "conjAfterDiscNum": 0, "wordBeforeHesitationNum": 0, "wordAfterHesitationNum": 0, "otherCollocationNum": 0, "speechactRate": 0.0, "quoteRate": 0.0, "dashRate": 0.0, "publicRate": 0.0, "privateRate": 0.0, "suasiveRate": 0.0, "discMarkerRate": 0.0, "smileyRate": 0.0, "dateRate": 0.0, "hesitationRate": 0.0, "restartRate": 0.0, "repeatRate": 0.0, "conjBeforeDiscRate": 0.0, "conjAfterDiscRate": 0.0, "wordBeforeHesitationRate": 0.0, "wordAfterHesitationRate": 0.0, "otherCollocationRate": 0.0, "easyWordNum": 358, "hardWordNum": 36, "easyWordRate": 0.9086294416243654, "hardWordRate": 0.09137055837563451, "fleschReadingEaseScore": 61.47400463473848, "gunningFogIndex": 6.888722136393731, "fleschKincaidGradeLevel": 8.940615758110795, "colemanLiauIndex": 13.186398477157358, "smogIndex": 9.3871, "automatedReadabilityIndex": 10.314633634959169, "linsearWriteIndex": 1.5325535201942175, "author": "", "locationNameNum": 0, "locationNameRate": 0.0, "personNameNum": 0, "personNameRate": 0.0, "organizationNameNum": 0, "organizationNameRate": 0.0, "misspelledNum": 1, "misspelledRate": 0.0025380710659898475, "missingAccentNum": 0, "missingAccentRate": 0.0, "foreignAccentNum": 0, "foreignAccentRate": 0.0, "wordConcatNum": 0, "wordConcatRate": 0.0, "jLyMistakeNum": 0, "jLyMistakeRate": 0.0, "freqSuffixNum": 0, "partsNum": 116, "privateVNum": 0, "publicVNum": 0, "clauseWordNum": 62}