{"tokenNum": 350, "sentenceNum": 27, "lemmaNum": 158, "lemmaRate": 0.4514285714285714, "sentenceLength": 12.962962962962964, "allUpperNum": 0, "firstUpperNum": 28, "allUpperRate": 0.0, "firstUpperRate": 0.08, "declarSentNum": 24, "imperSentNum": 0, "questionNum": 3, "declarSentRate": 0.8888888888888888, "imperSentRate": 0.0, "questionRate": 0.1111111111111111, "accent": true, "saturation": 2.6779661016949152, "paragraphNum": 7, "nounNum": 63, "verbNum": 52, "adjNum": 35, "infNum": 7, "partPastNum": 0, "partPresNum": 0, "partFutNum": 0, "transNum": 0, "xNum": 7, "advNum": 28, "properNounNum": 1, "numNum": 1, "conjNum": 34, "punctNum": 60, "pronNum": 19, "relPronNum": 4, "demPronNum": 9, "adposNum": 4, "multiplePunctNum": 0, "phraseNum": 0, "nounRate": 0.18, "verbRate": 0.14857142857142858, "adjRate": 0.1, "infRate": 0.02, "partPastRate": 0.0, "partPresRate": 0.0, "partFutRate": 0.0, "transRate": 0.0, "xRate": 0.02, "advRate": 0.08, "properNounRate": 0.002857142857142857, "numRate": 0.002857142857142857, "conjRate": 0.09714285714285714, "punctRate": 0.17142857142857143, "pronRate": 0.054285714285714284, "relPronRate": 0.011428571428571429, "demPronRate": 0.025714285714285714, "adposRate": 0.011428571428571429, "multiplePunctRate": 0.0, "partsDensityRate": 3.016949152542373, "contentfulness": 6.592592592592593, "phraseRate": 0.0, "pastTenseNum": 0, "presentTenseNum": 45, "condNum": 2, "impNum": 4, "freqNum": 0, "causNum": 0, "modalNum": 3, "sg1VerbNum": 12, "sg2VerbNum": 0, "sg3VerbNum": 40, "pl1VerbNum": 13, "pl2VerbNum": 0, "pl3VerbNum": 6, "superlatNum": 0, "comparatNum": 1, "specDerivSuffixNum": 0, "pluralNounNum": 14, "pastTenseRate": 0.0, "presentTenseRate": 0.8653846153846154, "condRate": 0.038461538461538464, "impRate": 0.07692307692307693, "freqRate": 0.0, "causRate": 0.0, "modalRate": 0.057692307692307696, "sg1VerbRate": 0.23076923076923078, "sg2VerbRate": 0.0, "sg3VerbRate": 0.7692307692307693, "pl1VerbRate": 0.25, "pl2VerbRate": 0.0, "pl3VerbRate": 0.11538461538461539, "superlatRate": 0.0, "comparatRate": 0.02857142857142857, "specDerivSuffixRate": 0.0, "pluralNounRate": 0.2222222222222222, "subjNum": 25, "objNum": 17, "attNum": 21, "subordNum": 20, "adverbNum": 37, "coordNum": 12, "clauseNum": 59, "simpleNum": 5, "complexNum": 22, "complexity1Num": 13, "complexity2Num": 8, "complexity3Num": 1, "compoundNum": 0, "subjRate": 0.07142857142857142, "objRate": 0.04857142857142857, "attRate": 0.06, "subordRate": 0.05714285714285714, "adverbRate": 0.10571428571428572, "coordRate": 0.03428571428571429, "partsRate": 1.8983050847457628, "clauseRate": 2.185185185185185, "simpleRate": 0.18518518518518517, "complexRate": 0.8148148148148148, "complexity1Rate": 0.48148148148148145, "complexity2Rate": 0.2962962962962963, "complexity3Rate": 0.037037037037037035, "complexClauseRate": 2.4545454545454546, "sentencesPerParagraph": 3.857142857142857, "wordsLengthRate": 6.037931034482758, "compoundRate": 0.0, "positiveNum": 0, "negativeNum": 0, "precoPositiveNum": 0, "precoNegativeNum": 0, "negemoNum": 0, "negationNum": 8, "functionNum": 172, "contentNum": 178, "vulgarNum": 0, "racistNum": 0, "specStyleNum": 0, "addressingNum": 0, "closingNum": 0, "postscriptNum": 0, "brutalNum": 0, "positiveRate": 0.0, "negativeRate": 0.0, "precoPositiveRate": 0.0, "precoNegativeRate": 0.0, "negemoRate": 0.0, "negationRate": 0.022857142857142857, "functionRate": 0.49142857142857144, "contentRate": 0.5085714285714286, "vulgarRate": 0.0, "racistRate": 0.0, "specStyleRate": 0.0, "addressingRate": 0.0, "closingRate": 0.0, "postscriptRate": 0.0, "brutalRate": 0.0, "epistemicNum": 0, "investNum": 0, "conditionNum": 0, "weaselNum": 0, "peacockNum": 0, "hedgeNum": 0, "doxasticNum": 0, "epistemicRate": 0.0, "investRate": 0.0, "conditionRate": 0.0, "weaselRate": 0.0, "peacockRate": 0.0, "hedgeRate": 0.0, "doxasticRate": 0.0, "loveNum": 0, "anxietyNum": 0, "sorrowNum": 0, "joyNum": 0, "disgustNum": 0, "fearNum": 0, "surpriseNum": 0, "angerNum": 0, "loveRate": 0.0, "anxietyRate": 0.0, "sorrowRate": 0.0, "joyRate": 0.0, "disgustRate": 0.0, "fearRate": 0.0, "surpriseRate": 0.0, "angerRate": 0.0, "slangBeGeneralNum": 0, "slangBeCigaretteNum": 0, "slangBeHumanNum": 0, "slangBeVehicleNum": 0, "slangBeDrugNum": 0, "slangBvNum": 0, "slangBeGeneralRate": 0.0, "slangBeCigaretteRate": 0.0, "slangBeHumanRate": 0.0, "slangBeVehicleRate": 0.0, "slangBeDrugRate": 0.0, "slangBvRate": 0.0, "speechactNum": 0, "quoteNum": 0, "dashNum": 0, "publicNum": 0, "privateNum": 0, "suasiveNum": 0, "discMarkerNum": 0, "smileyNum": 0, "dateNum": 0, "hesitationNum": 0, "restartNum": 0, "repeatNum": 0, "conjBeforeDiscNum": 0, "conjAfterDiscNum": 0, "wordBeforeHesitationNum": 0, "wordAfterHesitationNum": 0, "otherCollocationNum": 0, "speechactRate": 0.0, "quoteRate": 0.0, "dashRate": 0.0, "publicRate": 0.0, "privateRate": 0.0, "suasiveRate": 0.0, "discMarkerRate": 0.0, "smileyRate": 0.0, "dateRate": 0.0, "hesitationRate": 0.0, "restartRate": 0.0, "repeatRate": 0.0, "conjBeforeDiscRate": 0.0, "conjAfterDiscRate": 0.0, "wordBeforeHesitationRate": 0.0, "wordAfterHesitationRate": 0.0, "otherCollocationRate": 0.0, "easyWordNum": 308, "hardWordNum": 42, "easyWordRate": 0.88, "hardWordRate": 0.12, "fleschReadingEaseScore": 53.72502116402117, "gunningFogIndex": 5.233185185185185, "fleschKincaidGradeLevel": 8.986126984126987, "colemanLiauIndex": 14.423882857142857, "smogIndex": 9.888512548439397, "automatedReadabilityIndex": 9.220510052910054, "linsearWriteIndex": 1.259259259259259, "author": "", "locationNameNum": 1, "locationNameRate": 0.002857142857142857, "personNameNum": 0, "personNameRate": 0.0, "organizationNameNum": 0, "organizationNameRate": 0.0, "misspelledNum": 0, "misspelledRate": 0.0, "missingAccentNum": 0, "missingAccentRate": 0.0, "foreignAccentNum": 0, "foreignAccentRate": 0.0, "wordConcatNum": 0, "wordConcatRate": 0.0, "jLyMistakeNum": 0, "jLyMistakeRate": 0.0, "freqSuffixNum": 0, "partsNum": 112, "privateVNum": 0, "publicVNum": 0, "clauseWordNum": 59}