{"tokenNum": 49, "sentenceNum": 3, "lemmaNum": 33, "lemmaRate": 0.673469387755102, "sentenceLength": 16.333333333333332, "allUpperNum": 0, "firstUpperNum": 3, "allUpperRate": 0.0, "firstUpperRate": 0.061224489795918366, "declarSentNum": 3, "imperSentNum": 0, "questionNum": 0, "declarSentRate": 1.0, "imperSentRate": 0.0, "questionRate": 0.0, "accent": true, "saturation": 6.6, "paragraphNum": 1, "nounNum": 13, "verbNum": 9, "adjNum": 8, "infNum": 4, "partPastNum": 0, "partPresNum": 0, "partFutNum": 0, "transNum": 0, "xNum": 1, "advNum": 1, "properNounNum": 0, "numNum": 0, "conjNum": 4, "punctNum": 5, "pronNum": 3, "relPronNum": 0, "demPronNum": 3, "adposNum": 0, "multiplePunctNum": 0, "phraseNum": 0, "nounRate": 0.2653061224489796, "verbRate": 0.1836734693877551, "adjRate": 0.16326530612244897, "infRate": 0.08163265306122448, "partPastRate": 0.0, "partPresRate": 0.0, "partFutRate": 0.0, "transRate": 0.0, "xRate": 0.02040816326530612, "advRate": 0.02040816326530612, "properNounRate": 0.0, "numRate": 0.0, "conjRate": 0.08163265306122448, "punctRate": 0.10204081632653061, "pronRate": 0.061224489795918366, "relPronRate": 0.0, "demPronRate": 0.061224489795918366, "adposRate": 0.0, "multiplePunctRate": 0.0, "partsDensityRate": 6.2, "contentfulness": 10.333333333333334, "phraseRate": 0.0, "pastTenseNum": 0, "presentTenseNum": 5, "condNum": 0, "impNum": 1, "freqNum": 0, "causNum": 0, "modalNum": 0, "sg1VerbNum": 4, "sg2VerbNum": 0, "sg3VerbNum": 4, "pl1VerbNum": 0, "pl2VerbNum": 0, "pl3VerbNum": 0, "superlatNum": 1, "comparatNum": 0, "specDerivSuffixNum": 0, "pluralNounNum": 3, "pastTenseRate": 0.0, "presentTenseRate": 0.5555555555555556, "condRate": 0.0, "impRate": 0.1111111111111111, "freqRate": 0.0, "causRate": 0.0, "modalRate": 0.0, "sg1VerbRate": 0.4444444444444444, "sg2VerbRate": 0.0, "sg3VerbRate": 0.4444444444444444, "pl1VerbRate": 0.0, "pl2VerbRate": 0.0, "pl3VerbRate": 0.0, "superlatRate": 0.125, "comparatRate": 0.0, "specDerivSuffixRate": 0.0, "pluralNounRate": 0.23076923076923078, "subjNum": 1, "objNum": 1, "attNum": 6, "subordNum": 1, "adverbNum": 1, "coordNum": 3, "clauseNum": 5, "simpleNum": 1, "complexNum": 2, "complexity1Num": 2, "complexity2Num": 0, "complexity3Num": 0, "compoundNum": 0, "subjRate": 0.02040816326530612, "objRate": 0.02040816326530612, "attRate": 0.12244897959183673, "subordRate": 0.02040816326530612, "adverbRate": 0.02040816326530612, "coordRate": 0.061224489795918366, "partsRate": 2.4, "clauseRate": 1.6666666666666667, "simpleRate": 0.3333333333333333, "complexRate": 0.6666666666666666, "complexity1Rate": 0.6666666666666666, "complexity2Rate": 0.0, "complexity3Rate": 0.0, "complexClauseRate": 2.0, "sentencesPerParagraph": 3.0, "wordsLengthRate": 6.7272727272727275, "compoundRate": 0.0, "positiveNum": 0, "negativeNum": 0, "precoPositiveNum": 0, "precoNegativeNum": 0, "negemoNum": 0, "negationNum": 0, "functionNum": 18, "contentNum": 31, "vulgarNum": 0, "racistNum": 0, "specStyleNum": 0, "addressingNum": 0, "closingNum": 0, "postscriptNum": 0, "brutalNum": 0, "positiveRate": 0.0, "negativeRate": 0.0, "precoPositiveRate": 0.0, "precoNegativeRate": 0.0, "negemoRate": 0.0, "negationRate": 0.0, "functionRate": 0.3673469387755102, "contentRate": 0.6326530612244898, "vulgarRate": 0.0, "racistRate": 0.0, "specStyleRate": 0.0, "addressingRate": 0.0, "closingRate": 0.0, "postscriptRate": 0.0, "brutalRate": 0.0, "epistemicNum": 0, "investNum": 0, "conditionNum": 0, "weaselNum": 0, "peacockNum": 0, "hedgeNum": 0, "doxasticNum": 0, "epistemicRate": 0.0, "investRate": 0.0, "conditionRate": 0.0, "weaselRate": 0.0, "peacockRate": 0.0, "hedgeRate": 0.0, "doxasticRate": 0.0, "loveNum": 0, "anxietyNum": 0, "sorrowNum": 0, "joyNum": 0, "disgustNum": 0, "fearNum": 0, "surpriseNum": 0, "angerNum": 0, "loveRate": 0.0, "anxietyRate": 0.0, "sorrowRate": 0.0, "joyRate": 0.0, "disgustRate": 0.0, "fearRate": 0.0, "surpriseRate": 0.0, "angerRate": 0.0, "slangBeGeneralNum": 0, "slangBeCigaretteNum": 0, "slangBeHumanNum": 0, "slangBeVehicleNum": 0, "slangBeDrugNum": 0, "slangBvNum": 0, "slangBeGeneralRate": 0.0, "slangBeCigaretteRate": 0.0, "slangBeHumanRate": 0.0, "slangBeVehicleRate": 0.0, "slangBeDrugRate": 0.0, "slangBvRate": 0.0, "speechactNum": 0, "quoteNum": 0, "dashNum": 0, "publicNum": 0, "privateNum": 0, "suasiveNum": 0, "discMarkerNum": 0, "smileyNum": 0, "dateNum": 0, "hesitationNum": 0, "restartNum": 0, "repeatNum": 0, "conjBeforeDiscNum": 0, "conjAfterDiscNum": 0, "wordBeforeHesitationNum": 0, "wordAfterHesitationNum": 0, "otherCollocationNum": 0, "speechactRate": 0.0, "quoteRate": 0.0, "dashRate": 0.0, "publicRate": 0.0, "privateRate": 0.0, "suasiveRate": 0.0, "discMarkerRate": 0.0, "smileyRate": 0.0, "dateRate": 0.0, "hesitationRate": 0.0, "restartRate": 0.0, "repeatRate": 0.0, "conjBeforeDiscRate": 0.0, "conjAfterDiscRate": 0.0, "wordBeforeHesitationRate": 0.0, "wordAfterHesitationRate": 0.0, "otherCollocationRate": 0.0, "easyWordNum": 43, "hardWordNum": 6, "easyWordRate": 0.8775510204081632, "hardWordRate": 0.12244897959183673, "fleschReadingEaseScore": 41.77503401360548, "gunningFogIndex": 6.5823129251700685, "fleschKincaidGradeLevel": 11.490204081632655, "colemanLiauIndex": 20.140836734693874, "smogIndex": 5.683917801722854, "automatedReadabilityIndex": 15.477278911564625, "linsearWriteIndex": 9.0, "author": "", "locationNameNum": 0, "locationNameRate": 0.0, "personNameNum": 0, "personNameRate": 0.0, "organizationNameNum": 0, "organizationNameRate": 0.0, "misspelledNum": 0, "misspelledRate": 0.0, "missingAccentNum": 0, "missingAccentRate": 0.0, "foreignAccentNum": 0, "foreignAccentRate": 0.0, "wordConcatNum": 0, "wordConcatRate": 0.0, "jLyMistakeNum": 0, "jLyMistakeRate": 0.0, "freqSuffixNum": 0, "partsNum": 12, "privateVNum": 0, "publicVNum": 0, "clauseWordNum": 5}