{"tokenNum": 305, "sentenceNum": 23, "lemmaNum": 148, "lemmaRate": 0.4852459016393443, "sentenceLength": 13.26086956521739, "allUpperNum": 0, "firstUpperNum": 23, "allUpperRate": 0.0, "firstUpperRate": 0.07540983606557378, "declarSentNum": 21, "imperSentNum": 1, "questionNum": 1, "declarSentRate": 0.9130434782608695, "imperSentRate": 0.043478260869565216, "questionRate": 0.043478260869565216, "accent": true, "saturation": 3.7, "paragraphNum": 7, "nounNum": 66, "verbNum": 35, "adjNum": 27, "infNum": 7, "partPastNum": 0, "partPresNum": 1, "partFutNum": 0, "transNum": 0, "xNum": 7, "advNum": 28, "properNounNum": 0, "numNum": 0, "conjNum": 31, "punctNum": 49, "pronNum": 10, "relPronNum": 2, "demPronNum": 6, "adposNum": 1, "multiplePunctNum": 0, "phraseNum": 0, "nounRate": 0.21639344262295082, "verbRate": 0.11475409836065574, "adjRate": 0.08852459016393442, "infRate": 0.022950819672131147, "partPastRate": 0.0, "partPresRate": 0.003278688524590164, "partFutRate": 0.0, "transRate": 0.0, "xRate": 0.022950819672131147, "advRate": 0.09180327868852459, "properNounRate": 0.0, "numRate": 0.0, "conjRate": 0.10163934426229508, "punctRate": 0.16065573770491803, "pronRate": 0.03278688524590164, "relPronRate": 0.006557377049180328, "demPronRate": 0.019672131147540985, "adposRate": 0.003278688524590164, "multiplePunctRate": 0.0, "partsDensityRate": 3.9, "contentfulness": 6.782608695652174, "phraseRate": 0.0, "pastTenseNum": 0, "presentTenseNum": 28, "condNum": 0, "impNum": 10, "freqNum": 0, "causNum": 0, "modalNum": 1, "sg1VerbNum": 1, "sg2VerbNum": 0, "sg3VerbNum": 16, "pl1VerbNum": 14, "pl2VerbNum": 0, "pl3VerbNum": 8, "superlatNum": 0, "comparatNum": 1, "specDerivSuffixNum": 0, "pluralNounNum": 10, "pastTenseRate": 0.0, "presentTenseRate": 0.8, "condRate": 0.0, "impRate": 0.2857142857142857, "freqRate": 0.0, "causRate": 0.0, "modalRate": 0.02857142857142857, "sg1VerbRate": 0.02857142857142857, "sg2VerbRate": 0.0, "sg3VerbRate": 0.45714285714285713, "pl1VerbRate": 0.4, "pl2VerbRate": 0.0, "pl3VerbRate": 0.22857142857142856, "superlatRate": 0.0, "comparatRate": 0.037037037037037035, "specDerivSuffixRate": 0.0, "pluralNounRate": 0.15151515151515152, "subjNum": 18, "objNum": 10, "attNum": 17, "subordNum": 9, "adverbNum": 26, "coordNum": 21, "clauseNum": 40, "simpleNum": 10, "complexNum": 13, "complexity1Num": 9, "complexity2Num": 4, "complexity3Num": 0, "compoundNum": 0, "subjRate": 0.05901639344262295, "objRate": 0.03278688524590164, "attRate": 0.05573770491803279, "subordRate": 0.029508196721311476, "adverbRate": 0.08524590163934426, "coordRate": 0.06885245901639345, "partsRate": 2.3, "clauseRate": 1.7391304347826086, "simpleRate": 0.43478260869565216, "complexRate": 0.5652173913043478, "complexity1Rate": 0.391304347826087, "complexity2Rate": 0.17391304347826086, "complexity3Rate": 0.0, "complexClauseRate": 2.3076923076923075, "sentencesPerParagraph": 3.2857142857142856, "wordsLengthRate": 5.5, "compoundRate": 0.0, "positiveNum": 0, "negativeNum": 0, "precoPositiveNum": 0, "precoNegativeNum": 0, "negemoNum": 0, "negationNum": 10, "functionNum": 149, "contentNum": 156, "vulgarNum": 0, "racistNum": 0, "specStyleNum": 0, "addressingNum": 0, "closingNum": 0, "postscriptNum": 0, "brutalNum": 0, "positiveRate": 0.0, "negativeRate": 0.0, "precoPositiveRate": 0.0, "precoNegativeRate": 0.0, "negemoRate": 0.0, "negationRate": 0.03278688524590164, "functionRate": 0.4885245901639344, "contentRate": 0.5114754098360655, "vulgarRate": 0.0, "racistRate": 0.0, "specStyleRate": 0.0, "addressingRate": 0.0, "closingRate": 0.0, "postscriptRate": 0.0, "brutalRate": 0.0, "epistemicNum": 0, "investNum": 0, "conditionNum": 0, "weaselNum": 0, "peacockNum": 0, "hedgeNum": 0, "doxasticNum": 0, "epistemicRate": 0.0, "investRate": 0.0, "conditionRate": 0.0, "weaselRate": 0.0, "peacockRate": 0.0, "hedgeRate": 0.0, "doxasticRate": 0.0, "loveNum": 0, "anxietyNum": 0, "sorrowNum": 0, "joyNum": 0, "disgustNum": 0, "fearNum": 0, "surpriseNum": 0, "angerNum": 0, "loveRate": 0.0, "anxietyRate": 0.0, "sorrowRate": 0.0, "joyRate": 0.0, "disgustRate": 0.0, "fearRate": 0.0, "surpriseRate": 0.0, "angerRate": 0.0, "slangBeGeneralNum": 0, "slangBeCigaretteNum": 0, "slangBeHumanNum": 0, "slangBeVehicleNum": 0, "slangBeDrugNum": 0, "slangBvNum": 0, "slangBeGeneralRate": 0.0, "slangBeCigaretteRate": 0.0, "slangBeHumanRate": 0.0, "slangBeVehicleRate": 0.0, "slangBeDrugRate": 0.0, "slangBvRate": 0.0, "speechactNum": 0, "quoteNum": 0, "dashNum": 0, "publicNum": 0, "privateNum": 0, "suasiveNum": 0, "discMarkerNum": 0, "smileyNum": 0, "dateNum": 0, "hesitationNum": 0, "restartNum": 0, "repeatNum": 0, "conjBeforeDiscNum": 0, "conjAfterDiscNum": 0, "wordBeforeHesitationNum": 0, "wordAfterHesitationNum": 0, "otherCollocationNum": 0, "speechactRate": 0.0, "quoteRate": 0.0, "dashRate": 0.0, "publicRate": 0.0, "privateRate": 0.0, "suasiveRate": 0.0, "discMarkerRate": 0.0, "smileyRate": 0.0, "dateRate": 0.0, "hesitationRate": 0.0, "restartRate": 0.0, "repeatRate": 0.0, "conjBeforeDiscRate": 0.0, "conjAfterDiscRate": 0.0, "wordBeforeHesitationRate": 0.0, "wordAfterHesitationRate": 0.0, "otherCollocationRate": 0.0, "easyWordNum": 286, "hardWordNum": 19, "easyWordRate": 0.9377049180327869, "hardWordRate": 0.06229508196721312, "fleschReadingEaseScore": 62.45325017818959, "gunningFogIndex": 5.329265858873842, "fleschKincaidGradeLevel": 7.842722736992162, "colemanLiauIndex": 12.06623278688524, "smogIndex": 7.675431598112922, "automatedReadabilityIndex": 7.484139700641482, "linsearWriteIndex": 1.3948681397006415, "author": "", "locationNameNum": 0, "locationNameRate": 0.0, "personNameNum": 0, "personNameRate": 0.0, "organizationNameNum": 0, "organizationNameRate": 0.0, "misspelledNum": 1, "misspelledRate": 0.003278688524590164, "missingAccentNum": 0, "missingAccentRate": 0.0, "foreignAccentNum": 0, "foreignAccentRate": 0.0, "wordConcatNum": 0, "wordConcatRate": 0.0, "jLyMistakeNum": 0, "jLyMistakeRate": 0.0, "freqSuffixNum": 0, "partsNum": 92, "privateVNum": 0, "publicVNum": 0, "clauseWordNum": 40}