{"tokenNum": 370, "sentenceNum": 28, "lemmaNum": 151, "lemmaRate": 0.4081081081081081, "sentenceLength": 13.214285714285714, "allUpperNum": 0, "firstUpperNum": 30, "allUpperRate": 0.0, "firstUpperRate": 0.08108108108108109, "declarSentNum": 26, "imperSentNum": 2, "questionNum": 0, "declarSentRate": 0.9285714285714286, "imperSentRate": 0.07142857142857142, "questionRate": 0.0, "accent": true, "saturation": 3.02, "paragraphNum": 8, "nounNum": 62, "verbNum": 50, "adjNum": 37, "infNum": 8, "partPastNum": 0, "partPresNum": 1, "partFutNum": 0, "transNum": 0, "xNum": 8, "advNum": 32, "properNounNum": 2, "numNum": 0, "conjNum": 45, "punctNum": 55, "pronNum": 29, "relPronNum": 2, "demPronNum": 17, "adposNum": 1, "multiplePunctNum": 0, "phraseNum": 0, "nounRate": 0.16756756756756758, "verbRate": 0.13513513513513514, "adjRate": 0.1, "infRate": 0.021621621621621623, "partPastRate": 0.0, "partPresRate": 0.002702702702702703, "partFutRate": 0.0, "transRate": 0.0, "xRate": 0.021621621621621623, "advRate": 0.08648648648648649, "properNounRate": 0.005405405405405406, "numRate": 0.0, "conjRate": 0.12162162162162163, "punctRate": 0.14864864864864866, "pronRate": 0.07837837837837838, "relPronRate": 0.005405405405405406, "demPronRate": 0.04594594594594595, "adposRate": 0.002702702702702703, "multiplePunctRate": 0.0, "partsDensityRate": 3.62, "contentfulness": 6.464285714285714, "phraseRate": 0.0, "pastTenseNum": 2, "presentTenseNum": 40, "condNum": 2, "impNum": 10, "freqNum": 0, "causNum": 0, "modalNum": 2, "sg1VerbNum": 11, "sg2VerbNum": 0, "sg3VerbNum": 32, "pl1VerbNum": 16, "pl2VerbNum": 0, "pl3VerbNum": 18, "superlatNum": 0, "comparatNum": 2, "specDerivSuffixNum": 0, "pluralNounNum": 22, "pastTenseRate": 0.04, "presentTenseRate": 0.8, "condRate": 0.04, "impRate": 0.2, "freqRate": 0.0, "causRate": 0.0, "modalRate": 0.04, "sg1VerbRate": 0.22, "sg2VerbRate": 0.0, "sg3VerbRate": 0.64, "pl1VerbRate": 0.32, "pl2VerbRate": 0.0, "pl3VerbRate": 0.36, "superlatRate": 0.0, "comparatRate": 0.05405405405405406, "specDerivSuffixRate": 0.0, "pluralNounRate": 0.3548387096774194, "subjNum": 20, "objNum": 13, "attNum": 19, "subordNum": 20, "adverbNum": 47, "coordNum": 18, "clauseNum": 50, "simpleNum": 12, "complexNum": 16, "complexity1Num": 11, "complexity2Num": 4, "complexity3Num": 1, "compoundNum": 0, "subjRate": 0.05405405405405406, "objRate": 0.03513513513513514, "attRate": 0.051351351351351354, "subordRate": 0.05405405405405406, "adverbRate": 0.12702702702702703, "coordRate": 0.04864864864864865, "partsRate": 2.34, "clauseRate": 1.7857142857142858, "simpleRate": 0.42857142857142855, "complexRate": 0.5714285714285714, "complexity1Rate": 0.39285714285714285, "complexity2Rate": 0.14285714285714285, "complexity3Rate": 0.03571428571428571, "complexClauseRate": 2.375, "sentencesPerParagraph": 3.5, "wordsLengthRate": 5.415873015873016, "compoundRate": 0.0, "positiveNum": 0, "negativeNum": 0, "precoPositiveNum": 0, "precoNegativeNum": 0, "negemoNum": 0, "negationNum": 4, "functionNum": 189, "contentNum": 181, "vulgarNum": 0, "racistNum": 0, "specStyleNum": 0, "addressingNum": 0, "closingNum": 0, "postscriptNum": 0, "brutalNum": 0, "positiveRate": 0.0, "negativeRate": 0.0, "precoPositiveRate": 0.0, "precoNegativeRate": 0.0, "negemoRate": 0.0, "negationRate": 0.010810810810810811, "functionRate": 0.5108108108108108, "contentRate": 0.4891891891891892, "vulgarRate": 0.0, "racistRate": 0.0, "specStyleRate": 0.0, "addressingRate": 0.0, "closingRate": 0.0, "postscriptRate": 0.0, "brutalRate": 0.0, "epistemicNum": 0, "investNum": 0, "conditionNum": 0, "weaselNum": 0, "peacockNum": 0, "hedgeNum": 0, "doxasticNum": 0, "epistemicRate": 0.0, "investRate": 0.0, "conditionRate": 0.0, "weaselRate": 0.0, "peacockRate": 0.0, "hedgeRate": 0.0, "doxasticRate": 0.0, "loveNum": 0, "anxietyNum": 0, "sorrowNum": 0, "joyNum": 0, "disgustNum": 0, "fearNum": 0, "surpriseNum": 0, "angerNum": 0, "loveRate": 0.0, "anxietyRate": 0.0, "sorrowRate": 0.0, "joyRate": 0.0, "disgustRate": 0.0, "fearRate": 0.0, "surpriseRate": 0.0, "angerRate": 0.0, "slangBeGeneralNum": 0, "slangBeCigaretteNum": 0, "slangBeHumanNum": 0, "slangBeVehicleNum": 0, "slangBeDrugNum": 0, "slangBvNum": 0, "slangBeGeneralRate": 0.0, "slangBeCigaretteRate": 0.0, "slangBeHumanRate": 0.0, "slangBeVehicleRate": 0.0, "slangBeDrugRate": 0.0, "slangBvRate": 0.0, "speechactNum": 0, "quoteNum": 0, "dashNum": 0, "publicNum": 0, "privateNum": 0, "suasiveNum": 0, "discMarkerNum": 0, "smileyNum": 0, "dateNum": 0, "hesitationNum": 0, "restartNum": 0, "repeatNum": 0, "conjBeforeDiscNum": 0, "conjAfterDiscNum": 0, "wordBeforeHesitationNum": 0, "wordAfterHesitationNum": 0, "otherCollocationNum": 0, "speechactRate": 0.0, "quoteRate": 0.0, "dashRate": 0.0, "publicRate": 0.0, "privateRate": 0.0, "suasiveRate": 0.0, "discMarkerRate": 0.0, "smileyRate": 0.0, "dateRate": 0.0, "hesitationRate": 0.0, "restartRate": 0.0, "repeatRate": 0.0, "conjBeforeDiscRate": 0.0, "conjAfterDiscRate": 0.0, "wordBeforeHesitationRate": 0.0, "wordAfterHesitationRate": 0.0, "otherCollocationRate": 0.0, "easyWordNum": 353, "hardWordNum": 17, "easyWordRate": 0.9540540540540541, "hardWordRate": 0.04594594594594595, "fleschReadingEaseScore": 71.78141891891894, "gunningFogIndex": 5.304092664092664, "fleschKincaidGradeLevel": 6.530057915057917, "colemanLiauIndex": 11.978286486486482, "smogIndex": 7.42949916751922, "automatedReadabilityIndex": 7.390521235521234, "linsearWriteIndex": 0.9111969111969114, "author": "", "locationNameNum": 2, "locationNameRate": 0.005405405405405406, "personNameNum": 0, "personNameRate": 0.0, "organizationNameNum": 0, "organizationNameRate": 0.0, "misspelledNum": 0, "misspelledRate": 0.0, "missingAccentNum": 0, "missingAccentRate": 0.0, "foreignAccentNum": 0, "foreignAccentRate": 0.0, "wordConcatNum": 0, "wordConcatRate": 0.0, "jLyMistakeNum": 0, "jLyMistakeRate": 0.0, "freqSuffixNum": 0, "partsNum": 117, "privateVNum": 0, "publicVNum": 0, "clauseWordNum": 50}