{"tokenNum": 312, "sentenceNum": 41, "lemmaNum": 99, "lemmaRate": 0.3173076923076923, "sentenceLength": 7.609756097560975, "allUpperNum": 0, "firstUpperNum": 41, "allUpperRate": 0.0, "firstUpperRate": 0.13141025641025642, "declarSentNum": 39, "imperSentNum": 0, "questionNum": 2, "declarSentRate": 0.9512195121951219, "imperSentRate": 0.0, "questionRate": 0.04878048780487805, "accent": true, "saturation": 1.546875, "paragraphNum": 13, "nounNum": 17, "verbNum": 64, "adjNum": 21, "infNum": 15, "partPastNum": 0, "partPresNum": 0, "partFutNum": 0, "transNum": 0, "xNum": 13, "advNum": 62, "properNounNum": 0, "numNum": 0, "conjNum": 34, "punctNum": 62, "pronNum": 28, "relPronNum": 2, "demPronNum": 11, "adposNum": 0, "multiplePunctNum": 0, "phraseNum": 0, "nounRate": 0.05448717948717949, "verbRate": 0.20512820512820512, "adjRate": 0.0673076923076923, "infRate": 0.04807692307692308, "partPastRate": 0.0, "partPresRate": 0.0, "partFutRate": 0.0, "transRate": 0.0, "xRate": 0.041666666666666664, "advRate": 0.1987179487179487, "properNounRate": 0.0, "numRate": 0.0, "conjRate": 0.10897435897435898, "punctRate": 0.1987179487179487, "pronRate": 0.08974358974358974, "relPronRate": 0.00641025641025641, "demPronRate": 0.035256410256410256, "adposRate": 0.0, "multiplePunctRate": 0.0, "partsDensityRate": 2.5625, "contentfulness": 4.0, "phraseRate": 0.0, "pastTenseNum": 9, "presentTenseNum": 46, "condNum": 10, "impNum": 0, "freqNum": 0, "causNum": 0, "modalNum": 1, "sg1VerbNum": 36, "sg2VerbNum": 0, "sg3VerbNum": 47, "pl1VerbNum": 2, "pl2VerbNum": 0, "pl3VerbNum": 2, "superlatNum": 1, "comparatNum": 0, "specDerivSuffixNum": 0, "pluralNounNum": 0, "pastTenseRate": 0.140625, "presentTenseRate": 0.71875, "condRate": 0.15625, "impRate": 0.0, "freqRate": 0.0, "causRate": 0.0, "modalRate": 0.015625, "sg1VerbRate": 0.5625, "sg2VerbRate": 0.0, "sg3VerbRate": 0.734375, "pl1VerbRate": 0.03125, "pl2VerbRate": 0.0, "pl3VerbRate": 0.03125, "superlatRate": 0.047619047619047616, "comparatRate": 0.0, "specDerivSuffixRate": 0.0, "pluralNounRate": 0.0, "subjNum": 23, "objNum": 10, "attNum": 6, "subordNum": 12, "adverbNum": 60, "coordNum": 7, "clauseNum": 64, "simpleNum": 24, "complexNum": 17, "complexity1Num": 13, "complexity2Num": 2, "complexity3Num": 2, "compoundNum": 0, "subjRate": 0.07371794871794872, "objRate": 0.03205128205128205, "attRate": 0.019230769230769232, "subordRate": 0.038461538461538464, "adverbRate": 0.19230769230769232, "coordRate": 0.022435897435897436, "partsRate": 1.65625, "clauseRate": 1.5609756097560976, "simpleRate": 0.5853658536585366, "complexRate": 0.4146341463414634, "complexity1Rate": 0.3170731707317073, "complexity2Rate": 0.04878048780487805, "complexity3Rate": 0.04878048780487805, "complexClauseRate": 2.3529411764705883, "sentencesPerParagraph": 3.1538461538461537, "wordsLengthRate": 4.952, "compoundRate": 0.0, "positiveNum": 0, "negativeNum": 0, "precoPositiveNum": 0, "precoNegativeNum": 0, "negemoNum": 0, "negationNum": 20, "functionNum": 148, "contentNum": 164, "vulgarNum": 0, "racistNum": 0, "specStyleNum": 0, "addressingNum": 0, "closingNum": 0, "postscriptNum": 0, "brutalNum": 0, "positiveRate": 0.0, "negativeRate": 0.0, "precoPositiveRate": 0.0, "precoNegativeRate": 0.0, "negemoRate": 0.0, "negationRate": 0.0641025641025641, "functionRate": 0.47435897435897434, "contentRate": 0.5256410256410257, "vulgarRate": 0.0, "racistRate": 0.0, "specStyleRate": 0.0, "addressingRate": 0.0, "closingRate": 0.0, "postscriptRate": 0.0, "brutalRate": 0.0, "epistemicNum": 0, "investNum": 0, "conditionNum": 0, "weaselNum": 0, "peacockNum": 0, "hedgeNum": 0, "doxasticNum": 0, "epistemicRate": 0.0, "investRate": 0.0, "conditionRate": 0.0, "weaselRate": 0.0, "peacockRate": 0.0, "hedgeRate": 0.0, "doxasticRate": 0.0, "loveNum": 0, "anxietyNum": 0, "sorrowNum": 0, "joyNum": 0, "disgustNum": 0, "fearNum": 0, "surpriseNum": 0, "angerNum": 0, "loveRate": 0.0, "anxietyRate": 0.0, "sorrowRate": 0.0, "joyRate": 0.0, "disgustRate": 0.0, "fearRate": 0.0, "surpriseRate": 0.0, "angerRate": 0.0, "slangBeGeneralNum": 0, "slangBeCigaretteNum": 0, "slangBeHumanNum": 0, "slangBeVehicleNum": 0, "slangBeDrugNum": 0, "slangBvNum": 0, "slangBeGeneralRate": 0.0, "slangBeCigaretteRate": 0.0, "slangBeHumanRate": 0.0, "slangBeVehicleRate": 0.0, "slangBeDrugRate": 0.0, "slangBvRate": 0.0, "speechactNum": 0, "quoteNum": 0, "dashNum": 0, "publicNum": 0, "privateNum": 0, "suasiveNum": 0, "discMarkerNum": 0, "smileyNum": 0, "dateNum": 0, "hesitationNum": 0, "restartNum": 0, "repeatNum": 0, "conjBeforeDiscNum": 0, "conjAfterDiscNum": 0, "wordBeforeHesitationNum": 0, "wordAfterHesitationNum": 0, "otherCollocationNum": 0, "speechactRate": 0.0, "quoteRate": 0.0, "dashRate": 0.0, "publicRate": 0.0, "privateRate": 0.0, "suasiveRate": 0.0, "discMarkerRate": 0.0, "smileyRate": 0.0, "dateRate": 0.0, "hesitationRate": 0.0, "restartRate": 0.0, "repeatRate": 0.0, "conjBeforeDiscRate": 0.0, "conjAfterDiscRate": 0.0, "wordBeforeHesitationRate": 0.0, "wordAfterHesitationRate": 0.0, "otherCollocationRate": 0.0, "easyWordNum": 304, "hardWordNum": 8, "easyWordRate": 0.9743589743589743, "hardWordRate": 0.02564102564102564, "fleschReadingEaseScore": 92.5476360225141, "gunningFogIndex": 3.0541588492808005, "fleschKincaidGradeLevel": 2.241266416510321, "colemanLiauIndex": 8.250439102564098, "smogIndex": 5.652569156808907, "automatedReadabilityIndex": 1.607378048780486, "linsearWriteIndex": 0.2312382739212009, "author": "", "locationNameNum": 0, "locationNameRate": 0.0, "personNameNum": 0, "personNameRate": 0.0, "organizationNameNum": 0, "organizationNameRate": 0.0, "misspelledNum": 0, "misspelledRate": 0.0, "missingAccentNum": 0, "missingAccentRate": 0.0, "foreignAccentNum": 0, "foreignAccentRate": 0.0, "wordConcatNum": 0, "wordConcatRate": 0.0, "jLyMistakeNum": 0, "jLyMistakeRate": 0.0, "freqSuffixNum": 0, "partsNum": 106, "privateVNum": 0, "publicVNum": 0, "clauseWordNum": 64}