{"tokenNum": 344, "sentenceNum": 24, "lemmaNum": 133, "lemmaRate": 0.3866279069767442, "sentenceLength": 14.333333333333334, "allUpperNum": 1, "firstUpperNum": 27, "allUpperRate": 0.0029069767441860465, "firstUpperRate": 0.07848837209302326, "declarSentNum": 22, "imperSentNum": 0, "questionNum": 2, "declarSentRate": 0.9166666666666666, "imperSentRate": 0.0, "questionRate": 0.08333333333333333, "accent": true, "saturation": 2.607843137254902, "paragraphNum": 11, "nounNum": 58, "verbNum": 42, "adjNum": 27, "infNum": 7, "partPastNum": 0, "partPresNum": 1, "partFutNum": 0, "transNum": 0, "xNum": 14, "advNum": 24, "properNounNum": 1, "numNum": 2, "conjNum": 31, "punctNum": 81, "pronNum": 26, "relPronNum": 4, "demPronNum": 17, "adposNum": 3, "multiplePunctNum": 6, "phraseNum": 0, "nounRate": 0.1686046511627907, "verbRate": 0.12209302325581395, "adjRate": 0.07848837209302326, "infRate": 0.020348837209302327, "partPastRate": 0.0, "partPresRate": 0.0029069767441860465, "partFutRate": 0.0, "transRate": 0.0, "xRate": 0.040697674418604654, "advRate": 0.06976744186046512, "properNounRate": 0.0029069767441860465, "numRate": 0.005813953488372093, "conjRate": 0.09011627906976744, "punctRate": 0.23546511627906977, "pronRate": 0.0755813953488372, "relPronRate": 0.011627906976744186, "demPronRate": 0.04941860465116279, "adposRate": 0.00872093023255814, "multiplePunctRate": 0.07407407407407407, "partsDensityRate": 2.9607843137254903, "contentfulness": 6.291666666666667, "phraseRate": 0.0, "pastTenseNum": 6, "presentTenseNum": 31, "condNum": 2, "impNum": 5, "freqNum": 0, "causNum": 0, "modalNum": 0, "sg1VerbNum": 19, "sg2VerbNum": 0, "sg3VerbNum": 26, "pl1VerbNum": 8, "pl2VerbNum": 4, "pl3VerbNum": 10, "superlatNum": 0, "comparatNum": 0, "specDerivSuffixNum": 0, "pluralNounNum": 7, "pastTenseRate": 0.14285714285714285, "presentTenseRate": 0.7380952380952381, "condRate": 0.047619047619047616, "impRate": 0.11904761904761904, "freqRate": 0.0, "causRate": 0.0, "modalRate": 0.0, "sg1VerbRate": 0.4523809523809524, "sg2VerbRate": 0.0, "sg3VerbRate": 0.6190476190476191, "pl1VerbRate": 0.19047619047619047, "pl2VerbRate": 0.09523809523809523, "pl3VerbRate": 0.23809523809523808, "superlatRate": 0.0, "comparatRate": 0.0, "specDerivSuffixRate": 0.0, "pluralNounRate": 0.1206896551724138, "subjNum": 16, "objNum": 13, "attNum": 9, "subordNum": 19, "adverbNum": 35, "coordNum": 9, "clauseNum": 51, "simpleNum": 10, "complexNum": 14, "complexity1Num": 6, "complexity2Num": 4, "complexity3Num": 3, "compoundNum": 0, "subjRate": 0.046511627906976744, "objRate": 0.0377906976744186, "attRate": 0.02616279069767442, "subordRate": 0.055232558139534885, "adverbRate": 0.10174418604651163, "coordRate": 0.02616279069767442, "partsRate": 1.607843137254902, "clauseRate": 2.125, "simpleRate": 0.4166666666666667, "complexRate": 0.5833333333333334, "complexity1Rate": 0.25, "complexity2Rate": 0.16666666666666666, "complexity3Rate": 0.125, "complexClauseRate": 2.9285714285714284, "sentencesPerParagraph": 2.1818181818181817, "wordsLengthRate": 5.0418250950570345, "compoundRate": 0.0, "positiveNum": 0, "negativeNum": 0, "precoPositiveNum": 0, "precoNegativeNum": 0, "negemoNum": 0, "negationNum": 5, "functionNum": 193, "contentNum": 151, "vulgarNum": 0, "racistNum": 0, "specStyleNum": 0, "addressingNum": 0, "closingNum": 0, "postscriptNum": 0, "brutalNum": 0, "positiveRate": 0.0, "negativeRate": 0.0, "precoPositiveRate": 0.0, "precoNegativeRate": 0.0, "negemoRate": 0.0, "negationRate": 0.014534883720930232, "functionRate": 0.561046511627907, "contentRate": 0.438953488372093, "vulgarRate": 0.0, "racistRate": 0.0, "specStyleRate": 0.0, "addressingRate": 0.0, "closingRate": 0.0, "postscriptRate": 0.0, "brutalRate": 0.0, "epistemicNum": 0, "investNum": 0, "conditionNum": 0, "weaselNum": 0, "peacockNum": 0, "hedgeNum": 0, "doxasticNum": 0, "epistemicRate": 0.0, "investRate": 0.0, "conditionRate": 0.0, "weaselRate": 0.0, "peacockRate": 0.0, "hedgeRate": 0.0, "doxasticRate": 0.0, "loveNum": 0, "anxietyNum": 0, "sorrowNum": 0, "joyNum": 0, "disgustNum": 0, "fearNum": 0, "surpriseNum": 0, "angerNum": 0, "loveRate": 0.0, "anxietyRate": 0.0, "sorrowRate": 0.0, "joyRate": 0.0, "disgustRate": 0.0, "fearRate": 0.0, "surpriseRate": 0.0, "angerRate": 0.0, "slangBeGeneralNum": 0, "slangBeCigaretteNum": 0, "slangBeHumanNum": 0, "slangBeVehicleNum": 0, "slangBeDrugNum": 0, "slangBvNum": 0, "slangBeGeneralRate": 0.0, "slangBeCigaretteRate": 0.0, "slangBeHumanRate": 0.0, "slangBeVehicleRate": 0.0, "slangBeDrugRate": 0.0, "slangBvRate": 0.0, "speechactNum": 0, "quoteNum": 0, "dashNum": 0, "publicNum": 0, "privateNum": 0, "suasiveNum": 0, "discMarkerNum": 0, "smileyNum": 0, "dateNum": 0, "hesitationNum": 0, "restartNum": 0, "repeatNum": 0, "conjBeforeDiscNum": 0, "conjAfterDiscNum": 0, "wordBeforeHesitationNum": 0, "wordAfterHesitationNum": 0, "otherCollocationNum": 0, "speechactRate": 0.0, "quoteRate": 0.0, "dashRate": 0.0, "publicRate": 0.0, "privateRate": 0.0, "suasiveRate": 0.0, "discMarkerRate": 0.0, "smileyRate": 0.0, "dateRate": 0.0, "hesitationRate": 0.0, "restartRate": 0.0, "repeatRate": 0.0, "conjBeforeDiscRate": 0.0, "conjAfterDiscRate": 0.0, "wordBeforeHesitationRate": 0.0, "wordAfterHesitationRate": 0.0, "otherCollocationRate": 0.0, "easyWordNum": 334, "hardWordNum": 10, "easyWordRate": 0.9709302325581395, "hardWordRate": 0.029069767441860465, "fleschReadingEaseScore": 88.01224806201553, "gunningFogIndex": 5.7449612403100785, "fleschKincaidGradeLevel": 4.54418604651163, "colemanLiauIndex": 8.496040697674413, "smogIndex": 6.42735559955562, "automatedReadabilityIndex": 5.165416666666669, "linsearWriteIndex": 1.1196705426356588, "author": "", "locationNameNum": 0, "locationNameRate": 0.0, "personNameNum": 1, "personNameRate": 0.0029069767441860465, "organizationNameNum": 0, "organizationNameRate": 0.0, "misspelledNum": 0, "misspelledRate": 0.0, "missingAccentNum": 0, "missingAccentRate": 0.0, "foreignAccentNum": 0, "foreignAccentRate": 0.0, "wordConcatNum": 0, "wordConcatRate": 0.0, "jLyMistakeNum": 0, "jLyMistakeRate": 0.0, "freqSuffixNum": 0, "partsNum": 82, "privateVNum": 0, "publicVNum": 0, "clauseWordNum": 51}