{"tokenNum": 519, "sentenceNum": 32, "lemmaNum": 220, "lemmaRate": 0.4238921001926782, "sentenceLength": 16.21875, "allUpperNum": 0, "firstUpperNum": 32, "allUpperRate": 0.0, "firstUpperRate": 0.06165703275529865, "declarSentNum": 29, "imperSentNum": 0, "questionNum": 3, "declarSentRate": 0.90625, "imperSentRate": 0.0, "questionRate": 0.09375, "accent": true, "saturation": 2.933333333333333, "paragraphNum": 9, "nounNum": 97, "verbNum": 74, "adjNum": 51, "infNum": 11, "partPastNum": 0, "partPresNum": 0, "partFutNum": 0, "transNum": 2, "xNum": 9, "advNum": 50, "properNounNum": 0, "numNum": 2, "conjNum": 46, "punctNum": 85, "pronNum": 32, "relPronNum": 3, "demPronNum": 25, "adposNum": 4, "multiplePunctNum": 0, "phraseNum": 0, "nounRate": 0.18689788053949905, "verbRate": 0.14258188824662812, "adjRate": 0.09826589595375723, "infRate": 0.02119460500963391, "partPastRate": 0.0, "partPresRate": 0.0, "partFutRate": 0.0, "transRate": 0.0038535645472061657, "xRate": 0.017341040462427744, "advRate": 0.09633911368015415, "properNounRate": 0.0, "numRate": 0.0038535645472061657, "conjRate": 0.08863198458574181, "punctRate": 0.16377649325626203, "pronRate": 0.06165703275529865, "relPronRate": 0.005780346820809248, "demPronRate": 0.04816955684007707, "adposRate": 0.007707129094412331, "multiplePunctRate": 0.0, "partsDensityRate": 3.6266666666666665, "contentfulness": 8.5, "phraseRate": 0.0, "pastTenseNum": 4, "presentTenseNum": 59, "condNum": 0, "impNum": 10, "freqNum": 0, "causNum": 0, "modalNum": 3, "sg1VerbNum": 16, "sg2VerbNum": 0, "sg3VerbNum": 57, "pl1VerbNum": 24, "pl2VerbNum": 2, "pl3VerbNum": 7, "superlatNum": 0, "comparatNum": 2, "specDerivSuffixNum": 0, "pluralNounNum": 21, "pastTenseRate": 0.05405405405405406, "presentTenseRate": 0.7972972972972973, "condRate": 0.0, "impRate": 0.13513513513513514, "freqRate": 0.0, "causRate": 0.0, "modalRate": 0.04054054054054054, "sg1VerbRate": 0.21621621621621623, "sg2VerbRate": 0.0, "sg3VerbRate": 0.7702702702702703, "pl1VerbRate": 0.32432432432432434, "pl2VerbRate": 0.02702702702702703, "pl3VerbRate": 0.0945945945945946, "superlatRate": 0.0, "comparatRate": 0.0392156862745098, "specDerivSuffixRate": 0.0, "pluralNounRate": 0.21649484536082475, "subjNum": 36, "objNum": 24, "attNum": 33, "subordNum": 28, "adverbNum": 69, "coordNum": 19, "clauseNum": 75, "simpleNum": 11, "complexNum": 21, "complexity1Num": 5, "complexity2Num": 10, "complexity3Num": 6, "compoundNum": 0, "subjRate": 0.06936416184971098, "objRate": 0.046242774566473986, "attRate": 0.06358381502890173, "subordRate": 0.05394990366088632, "adverbRate": 0.1329479768786127, "coordRate": 0.036608863198458574, "partsRate": 2.4133333333333336, "clauseRate": 2.34375, "simpleRate": 0.34375, "complexRate": 0.65625, "complexity1Rate": 0.15625, "complexity2Rate": 0.3125, "complexity3Rate": 0.1875, "complexClauseRate": 3.0476190476190474, "sentencesPerParagraph": 3.5555555555555554, "wordsLengthRate": 5.852534562211981, "compoundRate": 0.0, "positiveNum": 0, "negativeNum": 0, "precoPositiveNum": 0, "precoNegativeNum": 0, "negemoNum": 0, "negationNum": 8, "functionNum": 247, "contentNum": 272, "vulgarNum": 0, "racistNum": 0, "specStyleNum": 0, "addressingNum": 0, "closingNum": 0, "postscriptNum": 0, "brutalNum": 0, "positiveRate": 0.0, "negativeRate": 0.0, "precoPositiveRate": 0.0, "precoNegativeRate": 0.0, "negemoRate": 0.0, "negationRate": 0.015414258188824663, "functionRate": 0.47591522157996147, "contentRate": 0.5240847784200385, "vulgarRate": 0.0, "racistRate": 0.0, "specStyleRate": 0.0, "addressingRate": 0.0, "closingRate": 0.0, "postscriptRate": 0.0, "brutalRate": 0.0, "epistemicNum": 0, "investNum": 0, "conditionNum": 0, "weaselNum": 0, "peacockNum": 0, "hedgeNum": 0, "doxasticNum": 0, "epistemicRate": 0.0, "investRate": 0.0, "conditionRate": 0.0, "weaselRate": 0.0, "peacockRate": 0.0, "hedgeRate": 0.0, "doxasticRate": 0.0, "loveNum": 0, "anxietyNum": 0, "sorrowNum": 0, "joyNum": 0, "disgustNum": 0, "fearNum": 0, "surpriseNum": 0, "angerNum": 0, "loveRate": 0.0, "anxietyRate": 0.0, "sorrowRate": 0.0, "joyRate": 0.0, "disgustRate": 0.0, "fearRate": 0.0, "surpriseRate": 0.0, "angerRate": 0.0, "slangBeGeneralNum": 0, "slangBeCigaretteNum": 0, "slangBeHumanNum": 0, "slangBeVehicleNum": 0, "slangBeDrugNum": 0, "slangBvNum": 0, "slangBeGeneralRate": 0.0, "slangBeCigaretteRate": 0.0, "slangBeHumanRate": 0.0, "slangBeVehicleRate": 0.0, "slangBeDrugRate": 0.0, "slangBvRate": 0.0, "speechactNum": 0, "quoteNum": 0, "dashNum": 1, "publicNum": 0, "privateNum": 0, "suasiveNum": 0, "discMarkerNum": 0, "smileyNum": 0, "dateNum": 0, "hesitationNum": 0, "restartNum": 0, "repeatNum": 0, "conjBeforeDiscNum": 0, "conjAfterDiscNum": 0, "wordBeforeHesitationNum": 0, "wordAfterHesitationNum": 0, "otherCollocationNum": 0, "speechactRate": 0.0, "quoteRate": 0.0, "dashRate": 0.0019267822736030828, "publicRate": 0.0, "privateRate": 0.0, "suasiveRate": 0.0, "discMarkerRate": 0.0, "smileyRate": 0.0, "dateRate": 0.0, "hesitationRate": 0.0, "restartRate": 0.0, "repeatRate": 0.0, "conjBeforeDiscRate": 0.0, "conjAfterDiscRate": 0.0, "wordBeforeHesitationRate": 0.0, "wordAfterHesitationRate": 0.0, "otherCollocationRate": 0.0, "easyWordNum": 454, "hardWordNum": 65, "easyWordRate": 0.8747591522157996, "hardWordRate": 0.1252408477842004, "fleschReadingEaseScore": 49.535974530346834, "gunningFogIndex": 6.537596339113681, "fleschKincaidGradeLevel": 10.379243135838152, "colemanLiauIndex": 13.785999999999998, "smogIndex": 11.271016140411913, "automatedReadabilityIndex": 10.338276734104046, "linsearWriteIndex": 0.9267822736030829, "author": "", "locationNameNum": 0, "locationNameRate": 0.0, "personNameNum": 0, "personNameRate": 0.0, "organizationNameNum": 0, "organizationNameRate": 0.0, "misspelledNum": 1, "misspelledRate": 0.0019267822736030828, "missingAccentNum": 0, "missingAccentRate": 0.0, "foreignAccentNum": 0, "foreignAccentRate": 0.0, "wordConcatNum": 0, "wordConcatRate": 0.0, "jLyMistakeNum": 0, "jLyMistakeRate": 0.0, "freqSuffixNum": 0, "partsNum": 181, "privateVNum": 0, "publicVNum": 0, "clauseWordNum": 75}