{"tokenNum": 384, "sentenceNum": 30, "lemmaNum": 141, "lemmaRate": 0.3671875, "sentenceLength": 12.8, "allUpperNum": 1, "firstUpperNum": 30, "allUpperRate": 0.0026041666666666665, "firstUpperRate": 0.078125, "declarSentNum": 29, "imperSentNum": 1, "questionNum": 0, "declarSentRate": 0.9666666666666667, "imperSentRate": 0.03333333333333333, "questionRate": 0.0, "accent": true, "saturation": 2.0142857142857142, "paragraphNum": 5, "nounNum": 60, "verbNum": 61, "adjNum": 37, "infNum": 8, "partPastNum": 0, "partPresNum": 1, "partFutNum": 0, "transNum": 0, "xNum": 5, "advNum": 33, "properNounNum": 0, "numNum": 2, "conjNum": 41, "punctNum": 73, "pronNum": 16, "relPronNum": 8, "demPronNum": 5, "adposNum": 2, "multiplePunctNum": 0, "phraseNum": 0, "nounRate": 0.15625, "verbRate": 0.15885416666666666, "adjRate": 0.09635416666666667, "infRate": 0.020833333333333332, "partPastRate": 0.0, "partPresRate": 0.0026041666666666665, "partFutRate": 0.0, "transRate": 0.0, "xRate": 0.013020833333333334, "advRate": 0.0859375, "properNounRate": 0.0, "numRate": 0.005208333333333333, "conjRate": 0.10677083333333333, "punctRate": 0.19010416666666666, "pronRate": 0.041666666666666664, "relPronRate": 0.020833333333333332, "demPronRate": 0.013020833333333334, "adposRate": 0.005208333333333333, "multiplePunctRate": 0.0, "partsDensityRate": 2.7285714285714286, "contentfulness": 6.366666666666666, "phraseRate": 0.0, "pastTenseNum": 4, "presentTenseNum": 49, "condNum": 0, "impNum": 3, "freqNum": 0, "causNum": 0, "modalNum": 2, "sg1VerbNum": 35, "sg2VerbNum": 0, "sg3VerbNum": 29, "pl1VerbNum": 0, "pl2VerbNum": 1, "pl3VerbNum": 4, "superlatNum": 1, "comparatNum": 1, "specDerivSuffixNum": 0, "pluralNounNum": 7, "pastTenseRate": 0.06557377049180328, "presentTenseRate": 0.8032786885245902, "condRate": 0.0, "impRate": 0.04918032786885246, "freqRate": 0.0, "causRate": 0.0, "modalRate": 0.03278688524590164, "sg1VerbRate": 0.5737704918032787, "sg2VerbRate": 0.0, "sg3VerbRate": 0.47540983606557374, "pl1VerbRate": 0.0, "pl2VerbRate": 0.01639344262295082, "pl3VerbRate": 0.06557377049180328, "superlatRate": 0.02702702702702703, "comparatRate": 0.02702702702702703, "specDerivSuffixRate": 0.0, "pluralNounRate": 0.11666666666666667, "subjNum": 21, "objNum": 15, "attNum": 7, "subordNum": 18, "adverbNum": 40, "coordNum": 27, "clauseNum": 70, "simpleNum": 4, "complexNum": 26, "complexity1Num": 14, "complexity2Num": 10, "complexity3Num": 2, "compoundNum": 0, "subjRate": 0.0546875, "objRate": 0.0390625, "attRate": 0.018229166666666668, "subordRate": 0.046875, "adverbRate": 0.10416666666666667, "coordRate": 0.0703125, "partsRate": 1.5714285714285714, "clauseRate": 2.3333333333333335, "simpleRate": 0.13333333333333333, "complexRate": 0.8666666666666667, "complexity1Rate": 0.4666666666666667, "complexity2Rate": 0.3333333333333333, "complexity3Rate": 0.06666666666666667, "complexClauseRate": 2.5384615384615383, "sentencesPerParagraph": 6.0, "wordsLengthRate": 5.247588424437299, "compoundRate": 0.0, "positiveNum": 0, "negativeNum": 0, "precoPositiveNum": 0, "precoNegativeNum": 0, "negemoNum": 0, "negationNum": 12, "functionNum": 193, "contentNum": 191, "vulgarNum": 0, "racistNum": 0, "specStyleNum": 0, "addressingNum": 0, "closingNum": 0, "postscriptNum": 0, "brutalNum": 0, "positiveRate": 0.0, "negativeRate": 0.0, "precoPositiveRate": 0.0, "precoNegativeRate": 0.0, "negemoRate": 0.0, "negationRate": 0.03125, "functionRate": 0.5026041666666666, "contentRate": 0.4973958333333333, "vulgarRate": 0.0, "racistRate": 0.0, "specStyleRate": 0.0, "addressingRate": 0.0, "closingRate": 0.0, "postscriptRate": 0.0, "brutalRate": 0.0, "epistemicNum": 0, "investNum": 0, "conditionNum": 0, "weaselNum": 0, "peacockNum": 0, "hedgeNum": 0, "doxasticNum": 0, "epistemicRate": 0.0, "investRate": 0.0, "conditionRate": 0.0, "weaselRate": 0.0, "peacockRate": 0.0, "hedgeRate": 0.0, "doxasticRate": 0.0, "loveNum": 0, "anxietyNum": 0, "sorrowNum": 0, "joyNum": 0, "disgustNum": 0, "fearNum": 0, "surpriseNum": 0, "angerNum": 0, "loveRate": 0.0, "anxietyRate": 0.0, "sorrowRate": 0.0, "joyRate": 0.0, "disgustRate": 0.0, "fearRate": 0.0, "surpriseRate": 0.0, "angerRate": 0.0, "slangBeGeneralNum": 0, "slangBeCigaretteNum": 0, "slangBeHumanNum": 0, "slangBeVehicleNum": 0, "slangBeDrugNum": 0, "slangBvNum": 0, "slangBeGeneralRate": 0.0, "slangBeCigaretteRate": 0.0, "slangBeHumanRate": 0.0, "slangBeVehicleRate": 0.0, "slangBeDrugRate": 0.0, "slangBvRate": 0.0, "speechactNum": 0, "quoteNum": 0, "dashNum": 0, "publicNum": 0, "privateNum": 0, "suasiveNum": 0, "discMarkerNum": 0, "smileyNum": 0, "dateNum": 0, "hesitationNum": 0, "restartNum": 0, "repeatNum": 0, "conjBeforeDiscNum": 0, "conjAfterDiscNum": 0, "wordBeforeHesitationNum": 0, "wordAfterHesitationNum": 0, "otherCollocationNum": 0, "speechactRate": 0.0, "quoteRate": 0.0, "dashRate": 0.0, "publicRate": 0.0, "privateRate": 0.0, "suasiveRate": 0.0, "discMarkerRate": 0.0, "smileyRate": 0.0, "dateRate": 0.0, "hesitationRate": 0.0, "restartRate": 0.0, "repeatRate": 0.0, "conjBeforeDiscRate": 0.0, "conjAfterDiscRate": 0.0, "wordBeforeHesitationRate": 0.0, "wordAfterHesitationRate": 0.0, "otherCollocationRate": 0.0, "easyWordNum": 369, "hardWordNum": 15, "easyWordRate": 0.9609375, "hardWordRate": 0.0390625, "fleschReadingEaseScore": 73.77268750000003, "gunningFogIndex": 5.135625000000001, "fleschKincaidGradeLevel": 6.149395833333333, "colemanLiauIndex": 10.198593749999997, "smogIndex": 7.168621630094336, "automatedReadabilityIndex": 5.760234375000003, "linsearWriteIndex": 0.7751736111111112, "author": "", "locationNameNum": 0, "locationNameRate": 0.0, "personNameNum": 0, "personNameRate": 0.0, "organizationNameNum": 0, "organizationNameRate": 0.0, "misspelledNum": 0, "misspelledRate": 0.0, "missingAccentNum": 0, "missingAccentRate": 0.0, "foreignAccentNum": 0, "foreignAccentRate": 0.0, "wordConcatNum": 0, "wordConcatRate": 0.0, "jLyMistakeNum": 0, "jLyMistakeRate": 0.0, "freqSuffixNum": 0, "partsNum": 110, "privateVNum": 0, "publicVNum": 0, "clauseWordNum": 70}