{"tokenNum": 260, "sentenceNum": 24, "lemmaNum": 131, "lemmaRate": 0.5038461538461538, "sentenceLength": 10.833333333333334, "allUpperNum": 0, "firstUpperNum": 24, "allUpperRate": 0.0, "firstUpperRate": 0.09230769230769231, "declarSentNum": 19, "imperSentNum": 2, "questionNum": 3, "declarSentRate": 0.7916666666666666, "imperSentRate": 0.08333333333333333, "questionRate": 0.125, "accent": true, "saturation": 2.911111111111111, "paragraphNum": 7, "nounNum": 38, "verbNum": 44, "adjNum": 23, "infNum": 9, "partPastNum": 0, "partPresNum": 0, "partFutNum": 0, "transNum": 0, "xNum": 7, "advNum": 24, "properNounNum": 0, "numNum": 0, "conjNum": 23, "punctNum": 47, "pronNum": 22, "relPronNum": 2, "demPronNum": 7, "adposNum": 0, "multiplePunctNum": 1, "phraseNum": 0, "nounRate": 0.14615384615384616, "verbRate": 0.16923076923076924, "adjRate": 0.08846153846153847, "infRate": 0.03461538461538462, "partPastRate": 0.0, "partPresRate": 0.0, "partFutRate": 0.0, "transRate": 0.0, "xRate": 0.026923076923076925, "advRate": 0.09230769230769231, "properNounRate": 0.0, "numRate": 0.0, "conjRate": 0.08846153846153847, "punctRate": 0.18076923076923077, "pronRate": 0.08461538461538462, "relPronRate": 0.007692307692307693, "demPronRate": 0.026923076923076925, "adposRate": 0.0, "multiplePunctRate": 0.02127659574468085, "partsDensityRate": 2.8666666666666667, "contentfulness": 5.375, "phraseRate": 0.0, "pastTenseNum": 9, "presentTenseNum": 26, "condNum": 0, "impNum": 5, "freqNum": 0, "causNum": 0, "modalNum": 0, "sg1VerbNum": 24, "sg2VerbNum": 1, "sg3VerbNum": 17, "pl1VerbNum": 2, "pl2VerbNum": 6, "pl3VerbNum": 8, "superlatNum": 3, "comparatNum": 2, "specDerivSuffixNum": 0, "pluralNounNum": 6, "pastTenseRate": 0.20454545454545456, "presentTenseRate": 0.5909090909090909, "condRate": 0.0, "impRate": 0.11363636363636363, "freqRate": 0.0, "causRate": 0.0, "modalRate": 0.0, "sg1VerbRate": 0.5454545454545454, "sg2VerbRate": 0.022727272727272728, "sg3VerbRate": 0.38636363636363635, "pl1VerbRate": 0.045454545454545456, "pl2VerbRate": 0.13636363636363635, "pl3VerbRate": 0.18181818181818182, "superlatRate": 0.13043478260869565, "comparatRate": 0.08695652173913043, "specDerivSuffixRate": 0.0, "pluralNounRate": 0.15789473684210525, "subjNum": 17, "objNum": 13, "attNum": 7, "subordNum": 8, "adverbNum": 37, "coordNum": 10, "clauseNum": 45, "simpleNum": 8, "complexNum": 16, "complexity1Num": 12, "complexity2Num": 3, "complexity3Num": 1, "compoundNum": 0, "subjRate": 0.06538461538461539, "objRate": 0.05, "attRate": 0.026923076923076925, "subordRate": 0.03076923076923077, "adverbRate": 0.1423076923076923, "coordRate": 0.038461538461538464, "partsRate": 1.8666666666666667, "clauseRate": 1.875, "simpleRate": 0.3333333333333333, "complexRate": 0.6666666666666666, "complexity1Rate": 0.5, "complexity2Rate": 0.125, "complexity3Rate": 0.041666666666666664, "complexClauseRate": 2.3125, "sentencesPerParagraph": 3.4285714285714284, "wordsLengthRate": 5.784037558685446, "compoundRate": 0.0, "positiveNum": 0, "negativeNum": 0, "precoPositiveNum": 0, "precoNegativeNum": 0, "negemoNum": 0, "negationNum": 1, "functionNum": 131, "contentNum": 129, "vulgarNum": 0, "racistNum": 0, "specStyleNum": 0, "addressingNum": 0, "closingNum": 0, "postscriptNum": 0, "brutalNum": 0, "positiveRate": 0.0, "negativeRate": 0.0, "precoPositiveRate": 0.0, "precoNegativeRate": 0.0, "negemoRate": 0.0, "negationRate": 0.0038461538461538464, "functionRate": 0.5038461538461538, "contentRate": 0.49615384615384617, "vulgarRate": 0.0, "racistRate": 0.0, "specStyleRate": 0.0, "addressingRate": 0.0, "closingRate": 0.0, "postscriptRate": 0.0, "brutalRate": 0.0, "epistemicNum": 0, "investNum": 0, "conditionNum": 0, "weaselNum": 0, "peacockNum": 0, "hedgeNum": 0, "doxasticNum": 0, "epistemicRate": 0.0, "investRate": 0.0, "conditionRate": 0.0, "weaselRate": 0.0, "peacockRate": 0.0, "hedgeRate": 0.0, "doxasticRate": 0.0, "loveNum": 0, "anxietyNum": 0, "sorrowNum": 0, "joyNum": 0, "disgustNum": 0, "fearNum": 0, "surpriseNum": 0, "angerNum": 0, "loveRate": 0.0, "anxietyRate": 0.0, "sorrowRate": 0.0, "joyRate": 0.0, "disgustRate": 0.0, "fearRate": 0.0, "surpriseRate": 0.0, "angerRate": 0.0, "slangBeGeneralNum": 0, "slangBeCigaretteNum": 0, "slangBeHumanNum": 0, "slangBeVehicleNum": 0, "slangBeDrugNum": 0, "slangBvNum": 0, "slangBeGeneralRate": 0.0, "slangBeCigaretteRate": 0.0, "slangBeHumanRate": 0.0, "slangBeVehicleRate": 0.0, "slangBeDrugRate": 0.0, "slangBvRate": 0.0, "speechactNum": 0, "quoteNum": 0, "dashNum": 0, "publicNum": 0, "privateNum": 0, "suasiveNum": 0, "discMarkerNum": 0, "smileyNum": 0, "dateNum": 0, "hesitationNum": 0, "restartNum": 0, "repeatNum": 0, "conjBeforeDiscNum": 0, "conjAfterDiscNum": 0, "wordBeforeHesitationNum": 0, "wordAfterHesitationNum": 0, "otherCollocationNum": 0, "speechactRate": 0.0, "quoteRate": 0.0, "dashRate": 0.0, "publicRate": 0.0, "privateRate": 0.0, "suasiveRate": 0.0, "discMarkerRate": 0.0, "smileyRate": 0.0, "dateRate": 0.0, "hesitationRate": 0.0, "restartRate": 0.0, "repeatRate": 0.0, "conjBeforeDiscRate": 0.0, "conjAfterDiscRate": 0.0, "wordBeforeHesitationRate": 0.0, "wordAfterHesitationRate": 0.0, "otherCollocationRate": 0.0, "easyWordNum": 238, "hardWordNum": 22, "easyWordRate": 0.9153846153846154, "hardWordRate": 0.08461538461538462, "fleschReadingEaseScore": 72.51839743589746, "gunningFogIndex": 4.367179487179487, "fleschKincaidGradeLevel": 5.835769230769234, "colemanLiauIndex": 14.533223076923075, "smogIndex": 8.021203637495837, "automatedReadabilityIndex": 8.24316666666667, "linsearWriteIndex": 1.3798076923076925, "author": "", "locationNameNum": 0, "locationNameRate": 0.0, "personNameNum": 0, "personNameRate": 0.0, "organizationNameNum": 0, "organizationNameRate": 0.0, "misspelledNum": 0, "misspelledRate": 0.0, "missingAccentNum": 0, "missingAccentRate": 0.0, "foreignAccentNum": 0, "foreignAccentRate": 0.0, "wordConcatNum": 0, "wordConcatRate": 0.0, "jLyMistakeNum": 0, "jLyMistakeRate": 0.0, "freqSuffixNum": 0, "partsNum": 84, "privateVNum": 0, "publicVNum": 0, "clauseWordNum": 45}