{"tokenNum": 510, "sentenceNum": 35, "lemmaNum": 182, "lemmaRate": 0.3568627450980392, "sentenceLength": 14.571428571428571, "allUpperNum": 5, "firstUpperNum": 42, "allUpperRate": 0.00980392156862745, "firstUpperRate": 0.08235294117647059, "declarSentNum": 31, "imperSentNum": 2, "questionNum": 2, "declarSentRate": 0.8857142857142857, "imperSentRate": 0.05714285714285714, "questionRate": 0.05714285714285714, "accent": true, "saturation": 2.044943820224719, "paragraphNum": 14, "nounNum": 64, "verbNum": 84, "adjNum": 29, "infNum": 16, "partPastNum": 0, "partPresNum": 1, "partFutNum": 0, "transNum": 1, "xNum": 14, "advNum": 63, "properNounNum": 3, "numNum": 2, "conjNum": 53, "punctNum": 95, "pronNum": 47, "relPronNum": 2, "demPronNum": 19, "adposNum": 1, "multiplePunctNum": 0, "phraseNum": 0, "nounRate": 0.12549019607843137, "verbRate": 0.16470588235294117, "adjRate": 0.056862745098039215, "infRate": 0.03137254901960784, "partPastRate": 0.0, "partPresRate": 0.00196078431372549, "partFutRate": 0.0, "transRate": 0.00196078431372549, "xRate": 0.027450980392156862, "advRate": 0.12352941176470589, "properNounRate": 0.0058823529411764705, "numRate": 0.00392156862745098, "conjRate": 0.10392156862745099, "punctRate": 0.18627450980392157, "pronRate": 0.09215686274509804, "relPronRate": 0.00392156862745098, "demPronRate": 0.03725490196078431, "adposRate": 0.00196078431372549, "multiplePunctRate": 0.0, "partsDensityRate": 2.696629213483146, "contentfulness": 6.857142857142857, "phraseRate": 0.0, "pastTenseNum": 5, "presentTenseNum": 64, "condNum": 6, "impNum": 8, "freqNum": 0, "causNum": 0, "modalNum": 1, "sg1VerbNum": 21, "sg2VerbNum": 1, "sg3VerbNum": 63, "pl1VerbNum": 26, "pl2VerbNum": 2, "pl3VerbNum": 10, "superlatNum": 3, "comparatNum": 5, "specDerivSuffixNum": 0, "pluralNounNum": 11, "pastTenseRate": 0.05952380952380952, "presentTenseRate": 0.7619047619047619, "condRate": 0.07142857142857142, "impRate": 0.09523809523809523, "freqRate": 0.0, "causRate": 0.0, "modalRate": 0.011904761904761904, "sg1VerbRate": 0.25, "sg2VerbRate": 0.011904761904761904, "sg3VerbRate": 0.75, "pl1VerbRate": 0.30952380952380953, "pl2VerbRate": 0.023809523809523808, "pl3VerbRate": 0.11904761904761904, "superlatRate": 0.10344827586206896, "comparatRate": 0.1724137931034483, "specDerivSuffixRate": 0.0, "pluralNounRate": 0.171875, "subjNum": 39, "objNum": 15, "attNum": 11, "subordNum": 28, "adverbNum": 86, "coordNum": 21, "clauseNum": 89, "simpleNum": 9, "complexNum": 26, "complexity1Num": 11, "complexity2Num": 7, "complexity3Num": 3, "compoundNum": 0, "subjRate": 0.07647058823529412, "objRate": 0.029411764705882353, "attRate": 0.021568627450980392, "subordRate": 0.054901960784313725, "adverbRate": 0.16862745098039217, "coordRate": 0.041176470588235294, "partsRate": 1.9325842696629214, "clauseRate": 2.5428571428571427, "simpleRate": 0.2571428571428571, "complexRate": 0.7428571428571429, "complexity1Rate": 0.3142857142857143, "complexity2Rate": 0.2, "complexity3Rate": 0.08571428571428572, "complexClauseRate": 3.076923076923077, "sentencesPerParagraph": 2.5, "wordsLengthRate": 5.031325301204819, "compoundRate": 0.0, "positiveNum": 0, "negativeNum": 0, "precoPositiveNum": 0, "precoNegativeNum": 0, "negemoNum": 0, "negationNum": 15, "functionNum": 270, "contentNum": 240, "vulgarNum": 0, "racistNum": 0, "specStyleNum": 0, "addressingNum": 0, "closingNum": 0, "postscriptNum": 0, "brutalNum": 0, "positiveRate": 0.0, "negativeRate": 0.0, "precoPositiveRate": 0.0, "precoNegativeRate": 0.0, "negemoRate": 0.0, "negationRate": 0.029411764705882353, "functionRate": 0.5294117647058824, "contentRate": 0.47058823529411764, "vulgarRate": 0.0, "racistRate": 0.0, "specStyleRate": 0.0, "addressingRate": 0.0, "closingRate": 0.0, "postscriptRate": 0.0, "brutalRate": 0.0, "epistemicNum": 0, "investNum": 0, "conditionNum": 0, "weaselNum": 0, "peacockNum": 0, "hedgeNum": 0, "doxasticNum": 0, "epistemicRate": 0.0, "investRate": 0.0, "conditionRate": 0.0, "weaselRate": 0.0, "peacockRate": 0.0, "hedgeRate": 0.0, "doxasticRate": 0.0, "loveNum": 0, "anxietyNum": 0, "sorrowNum": 0, "joyNum": 0, "disgustNum": 0, "fearNum": 0, "surpriseNum": 0, "angerNum": 0, "loveRate": 0.0, "anxietyRate": 0.0, "sorrowRate": 0.0, "joyRate": 0.0, "disgustRate": 0.0, "fearRate": 0.0, "surpriseRate": 0.0, "angerRate": 0.0, "slangBeGeneralNum": 0, "slangBeCigaretteNum": 0, "slangBeHumanNum": 0, "slangBeVehicleNum": 0, "slangBeDrugNum": 0, "slangBvNum": 0, "slangBeGeneralRate": 0.0, "slangBeCigaretteRate": 0.0, "slangBeHumanRate": 0.0, "slangBeVehicleRate": 0.0, "slangBeDrugRate": 0.0, "slangBvRate": 0.0, "speechactNum": 0, "quoteNum": 0, "dashNum": 0, "publicNum": 0, "privateNum": 0, "suasiveNum": 0, "discMarkerNum": 0, "smileyNum": 0, "dateNum": 0, "hesitationNum": 0, "restartNum": 0, "repeatNum": 0, "conjBeforeDiscNum": 0, "conjAfterDiscNum": 0, "wordBeforeHesitationNum": 0, "wordAfterHesitationNum": 0, "otherCollocationNum": 0, "speechactRate": 0.0, "quoteRate": 0.0, "dashRate": 0.0, "publicRate": 0.0, "privateRate": 0.0, "suasiveRate": 0.0, "discMarkerRate": 0.0, "smileyRate": 0.0, "dateRate": 0.0, "hesitationRate": 0.0, "restartRate": 0.0, "repeatRate": 0.0, "conjBeforeDiscRate": 0.0, "conjAfterDiscRate": 0.0, "wordBeforeHesitationRate": 0.0, "wordAfterHesitationRate": 0.0, "otherCollocationRate": 0.0, "easyWordNum": 492, "hardWordNum": 18, "easyWordRate": 0.9647058823529412, "hardWordRate": 0.03529411764705882, "fleschReadingEaseScore": 85.54852941176473, "gunningFogIndex": 5.842689075630252, "fleschKincaidGradeLevel": 4.946974789915966, "colemanLiauIndex": 9.087931372549019, "smogIndex": 7.225922671290521, "automatedReadabilityIndex": 5.757773109243697, "linsearWriteIndex": 0.4901960784313726, "author": "", "locationNameNum": 1, "locationNameRate": 0.00196078431372549, "personNameNum": 0, "personNameRate": 0.0, "organizationNameNum": 0, "organizationNameRate": 0.0, "misspelledNum": 0, "misspelledRate": 0.0, "missingAccentNum": 0, "missingAccentRate": 0.0, "foreignAccentNum": 0, "foreignAccentRate": 0.0, "wordConcatNum": 0, "wordConcatRate": 0.0, "jLyMistakeNum": 0, "jLyMistakeRate": 0.0, "freqSuffixNum": 0, "partsNum": 172, "privateVNum": 0, "publicVNum": 0, "clauseWordNum": 89}