{"tokenNum": 378, "sentenceNum": 27, "lemmaNum": 159, "lemmaRate": 0.42063492063492064, "sentenceLength": 14.0, "allUpperNum": 1, "firstUpperNum": 28, "allUpperRate": 0.0026455026455026454, "firstUpperRate": 0.07407407407407407, "declarSentNum": 27, "imperSentNum": 0, "questionNum": 0, "declarSentRate": 1.0, "imperSentRate": 0.0, "questionRate": 0.0, "accent": true, "saturation": 2.890909090909091, "paragraphNum": 10, "nounNum": 68, "verbNum": 50, "adjNum": 31, "infNum": 10, "partPastNum": 0, "partPresNum": 0, "partFutNum": 0, "transNum": 2, "xNum": 10, "advNum": 44, "properNounNum": 1, "numNum": 2, "conjNum": 34, "punctNum": 61, "pronNum": 23, "relPronNum": 3, "demPronNum": 14, "adposNum": 2, "multiplePunctNum": 0, "phraseNum": 0, "nounRate": 0.17989417989417988, "verbRate": 0.13227513227513227, "adjRate": 0.082010582010582, "infRate": 0.026455026455026454, "partPastRate": 0.0, "partPresRate": 0.0, "partFutRate": 0.0, "transRate": 0.005291005291005291, "xRate": 0.026455026455026454, "advRate": 0.1164021164021164, "properNounRate": 0.0026455026455026454, "numRate": 0.005291005291005291, "conjRate": 0.08994708994708994, "punctRate": 0.16137566137566137, "pronRate": 0.06084656084656084, "relPronRate": 0.007936507936507936, "demPronRate": 0.037037037037037035, "adposRate": 0.005291005291005291, "multiplePunctRate": 0.0, "partsDensityRate": 3.5090909090909093, "contentfulness": 7.148148148148148, "phraseRate": 0.0, "pastTenseNum": 7, "presentTenseNum": 33, "condNum": 3, "impNum": 2, "freqNum": 0, "causNum": 0, "modalNum": 0, "sg1VerbNum": 6, "sg2VerbNum": 0, "sg3VerbNum": 35, "pl1VerbNum": 2, "pl2VerbNum": 0, "pl3VerbNum": 25, "superlatNum": 0, "comparatNum": 5, "specDerivSuffixNum": 0, "pluralNounNum": 26, "pastTenseRate": 0.14, "presentTenseRate": 0.66, "condRate": 0.06, "impRate": 0.04, "freqRate": 0.0, "causRate": 0.0, "modalRate": 0.0, "sg1VerbRate": 0.12, "sg2VerbRate": 0.0, "sg3VerbRate": 0.7, "pl1VerbRate": 0.04, "pl2VerbRate": 0.0, "pl3VerbRate": 0.5, "superlatRate": 0.0, "comparatRate": 0.16129032258064516, "specDerivSuffixRate": 0.0, "pluralNounRate": 0.38235294117647056, "subjNum": 29, "objNum": 14, "attNum": 12, "subordNum": 18, "adverbNum": 52, "coordNum": 21, "clauseNum": 55, "simpleNum": 7, "complexNum": 20, "complexity1Num": 13, "complexity2Num": 6, "complexity3Num": 1, "compoundNum": 0, "subjRate": 0.07671957671957672, "objRate": 0.037037037037037035, "attRate": 0.031746031746031744, "subordRate": 0.047619047619047616, "adverbRate": 0.13756613756613756, "coordRate": 0.05555555555555555, "partsRate": 2.327272727272727, "clauseRate": 2.037037037037037, "simpleRate": 0.25925925925925924, "complexRate": 0.7407407407407407, "complexity1Rate": 0.48148148148148145, "complexity2Rate": 0.2222222222222222, "complexity3Rate": 0.037037037037037035, "complexClauseRate": 2.4, "sentencesPerParagraph": 2.7, "wordsLengthRate": 5.4321766561514195, "compoundRate": 0.0, "positiveNum": 0, "negativeNum": 0, "precoPositiveNum": 0, "precoNegativeNum": 0, "negemoNum": 0, "negationNum": 10, "functionNum": 185, "contentNum": 193, "vulgarNum": 0, "racistNum": 0, "specStyleNum": 0, "addressingNum": 0, "closingNum": 0, "postscriptNum": 0, "brutalNum": 0, "positiveRate": 0.0, "negativeRate": 0.0, "precoPositiveRate": 0.0, "precoNegativeRate": 0.0, "negemoRate": 0.0, "negationRate": 0.026455026455026454, "functionRate": 0.4894179894179894, "contentRate": 0.5105820105820106, "vulgarRate": 0.0, "racistRate": 0.0, "specStyleRate": 0.0, "addressingRate": 0.0, "closingRate": 0.0, "postscriptRate": 0.0, "brutalRate": 0.0, "epistemicNum": 0, "investNum": 0, "conditionNum": 0, "weaselNum": 0, "peacockNum": 0, "hedgeNum": 0, "doxasticNum": 0, "epistemicRate": 0.0, "investRate": 0.0, "conditionRate": 0.0, "weaselRate": 0.0, "peacockRate": 0.0, "hedgeRate": 0.0, "doxasticRate": 0.0, "loveNum": 0, "anxietyNum": 0, "sorrowNum": 0, "joyNum": 0, "disgustNum": 0, "fearNum": 0, "surpriseNum": 0, "angerNum": 0, "loveRate": 0.0, "anxietyRate": 0.0, "sorrowRate": 0.0, "joyRate": 0.0, "disgustRate": 0.0, "fearRate": 0.0, "surpriseRate": 0.0, "angerRate": 0.0, "slangBeGeneralNum": 0, "slangBeCigaretteNum": 0, "slangBeHumanNum": 0, "slangBeVehicleNum": 0, "slangBeDrugNum": 0, "slangBvNum": 0, "slangBeGeneralRate": 0.0, "slangBeCigaretteRate": 0.0, "slangBeHumanRate": 0.0, "slangBeVehicleRate": 0.0, "slangBeDrugRate": 0.0, "slangBvRate": 0.0, "speechactNum": 0, "quoteNum": 0, "dashNum": 0, "publicNum": 0, "privateNum": 0, "suasiveNum": 0, "discMarkerNum": 0, "smileyNum": 0, "dateNum": 0, "hesitationNum": 0, "restartNum": 0, "repeatNum": 0, "conjBeforeDiscNum": 0, "conjAfterDiscNum": 0, "wordBeforeHesitationNum": 0, "wordAfterHesitationNum": 0, "otherCollocationNum": 0, "speechactRate": 0.0, "quoteRate": 0.0, "dashRate": 0.0, "publicRate": 0.0, "privateRate": 0.0, "suasiveRate": 0.0, "discMarkerRate": 0.0, "smileyRate": 0.0, "dateRate": 0.0, "hesitationRate": 0.0, "restartRate": 0.0, "repeatRate": 0.0, "conjBeforeDiscRate": 0.0, "conjAfterDiscRate": 0.0, "wordBeforeHesitationRate": 0.0, "wordAfterHesitationRate": 0.0, "otherCollocationRate": 0.0, "easyWordNum": 355, "hardWordNum": 23, "easyWordRate": 0.9391534391534392, "hardWordRate": 0.06084656084656084, "fleschReadingEaseScore": 71.99166666666669, "gunningFogIndex": 5.624338624338624, "fleschKincaidGradeLevel": 6.695925925925927, "colemanLiauIndex": 11.670870370370366, "smogIndex": 8.131152278815165, "automatedReadabilityIndex": 7.5375396825396805, "linsearWriteIndex": 1.0282186948853616, "author": "", "locationNameNum": 0, "locationNameRate": 0.0, "personNameNum": 0, "personNameRate": 0.0, "organizationNameNum": 0, "organizationNameRate": 0.0, "misspelledNum": 2, "misspelledRate": 0.005291005291005291, "missingAccentNum": 1, "missingAccentRate": 0.0026455026455026454, "foreignAccentNum": 0, "foreignAccentRate": 0.0, "wordConcatNum": 0, "wordConcatRate": 0.0, "jLyMistakeNum": 1, "jLyMistakeRate": 0.0026455026455026454, "freqSuffixNum": 0, "partsNum": 128, "privateVNum": 0, "publicVNum": 0, "clauseWordNum": 55}