{"tokenNum": 436, "sentenceNum": 35, "lemmaNum": 204, "lemmaRate": 0.46788990825688076, "sentenceLength": 12.457142857142857, "allUpperNum": 0, "firstUpperNum": 35, "allUpperRate": 0.0, "firstUpperRate": 0.08027522935779817, "declarSentNum": 35, "imperSentNum": 0, "questionNum": 0, "declarSentRate": 1.0, "imperSentRate": 0.0, "questionRate": 0.0, "accent": true, "saturation": 2.7567567567567566, "paragraphNum": 7, "nounNum": 84, "verbNum": 77, "adjNum": 30, "infNum": 7, "partPastNum": 1, "partPresNum": 1, "partFutNum": 0, "transNum": 2, "xNum": 7, "advNum": 26, "properNounNum": 1, "numNum": 0, "conjNum": 38, "punctNum": 79, "pronNum": 24, "relPronNum": 7, "demPronNum": 6, "adposNum": 2, "multiplePunctNum": 0, "phraseNum": 0, "nounRate": 0.1926605504587156, "verbRate": 0.17660550458715596, "adjRate": 0.06880733944954129, "infRate": 0.016055045871559634, "partPastRate": 0.0022935779816513763, "partPresRate": 0.0022935779816513763, "partFutRate": 0.0, "transRate": 0.0045871559633027525, "xRate": 0.016055045871559634, "advRate": 0.05963302752293578, "properNounRate": 0.0022935779816513763, "numRate": 0.0, "conjRate": 0.0871559633027523, "punctRate": 0.1811926605504587, "pronRate": 0.05504587155963303, "relPronRate": 0.016055045871559634, "demPronRate": 0.013761467889908258, "adposRate": 0.0045871559633027525, "multiplePunctRate": 0.0, "partsDensityRate": 2.9324324324324325, "contentfulness": 6.2, "phraseRate": 0.0, "pastTenseNum": 4, "presentTenseNum": 66, "condNum": 1, "impNum": 0, "freqNum": 0, "causNum": 0, "modalNum": 0, "sg1VerbNum": 41, "sg2VerbNum": 0, "sg3VerbNum": 44, "pl1VerbNum": 3, "pl2VerbNum": 0, "pl3VerbNum": 8, "superlatNum": 1, "comparatNum": 0, "specDerivSuffixNum": 0, "pluralNounNum": 8, "pastTenseRate": 0.05194805194805195, "presentTenseRate": 0.8571428571428571, "condRate": 0.012987012987012988, "impRate": 0.0, "freqRate": 0.0, "causRate": 0.0, "modalRate": 0.0, "sg1VerbRate": 0.5324675324675324, "sg2VerbRate": 0.0, "sg3VerbRate": 0.5714285714285714, "pl1VerbRate": 0.03896103896103896, "pl2VerbRate": 0.0, "pl3VerbRate": 0.1038961038961039, "superlatRate": 0.03333333333333333, "comparatRate": 0.0, "specDerivSuffixRate": 0.0, "pluralNounRate": 0.09523809523809523, "subjNum": 28, "objNum": 20, "attNum": 17, "subordNum": 15, "adverbNum": 37, "coordNum": 36, "clauseNum": 74, "simpleNum": 7, "complexNum": 28, "complexity1Num": 18, "complexity2Num": 9, "complexity3Num": 1, "compoundNum": 0, "subjRate": 0.06422018348623854, "objRate": 0.045871559633027525, "attRate": 0.0389908256880734, "subordRate": 0.034403669724770644, "adverbRate": 0.08486238532110092, "coordRate": 0.08256880733944955, "partsRate": 1.864864864864865, "clauseRate": 2.1142857142857143, "simpleRate": 0.2, "complexRate": 0.8, "complexity1Rate": 0.5142857142857142, "complexity2Rate": 0.2571428571428571, "complexity3Rate": 0.02857142857142857, "complexClauseRate": 2.392857142857143, "sentencesPerParagraph": 5.0, "wordsLengthRate": 5.4789915966386555, "compoundRate": 0.0, "positiveNum": 0, "negativeNum": 0, "precoPositiveNum": 0, "precoNegativeNum": 0, "negemoNum": 0, "negationNum": 2, "functionNum": 219, "contentNum": 217, "vulgarNum": 0, "racistNum": 0, "specStyleNum": 0, "addressingNum": 0, "closingNum": 0, "postscriptNum": 0, "brutalNum": 0, "positiveRate": 0.0, "negativeRate": 0.0, "precoPositiveRate": 0.0, "precoNegativeRate": 0.0, "negemoRate": 0.0, "negationRate": 0.0045871559633027525, "functionRate": 0.5022935779816514, "contentRate": 0.49770642201834864, "vulgarRate": 0.0, "racistRate": 0.0, "specStyleRate": 0.0, "addressingRate": 0.0, "closingRate": 0.0, "postscriptRate": 0.0, "brutalRate": 0.0, "epistemicNum": 0, "investNum": 0, "conditionNum": 0, "weaselNum": 0, "peacockNum": 0, "hedgeNum": 0, "doxasticNum": 0, "epistemicRate": 0.0, "investRate": 0.0, "conditionRate": 0.0, "weaselRate": 0.0, "peacockRate": 0.0, "hedgeRate": 0.0, "doxasticRate": 0.0, "loveNum": 0, "anxietyNum": 0, "sorrowNum": 0, "joyNum": 0, "disgustNum": 0, "fearNum": 0, "surpriseNum": 0, "angerNum": 0, "loveRate": 0.0, "anxietyRate": 0.0, "sorrowRate": 0.0, "joyRate": 0.0, "disgustRate": 0.0, "fearRate": 0.0, "surpriseRate": 0.0, "angerRate": 0.0, "slangBeGeneralNum": 0, "slangBeCigaretteNum": 0, "slangBeHumanNum": 0, "slangBeVehicleNum": 0, "slangBeDrugNum": 0, "slangBvNum": 0, "slangBeGeneralRate": 0.0, "slangBeCigaretteRate": 0.0, "slangBeHumanRate": 0.0, "slangBeVehicleRate": 0.0, "slangBeDrugRate": 0.0, "slangBvRate": 0.0, "speechactNum": 0, "quoteNum": 0, "dashNum": 0, "publicNum": 0, "privateNum": 0, "suasiveNum": 0, "discMarkerNum": 0, "smileyNum": 0, "dateNum": 0, "hesitationNum": 0, "restartNum": 0, "repeatNum": 0, "conjBeforeDiscNum": 0, "conjAfterDiscNum": 0, "wordBeforeHesitationNum": 0, "wordAfterHesitationNum": 0, "otherCollocationNum": 0, "speechactRate": 0.0, "quoteRate": 0.0, "dashRate": 0.0, "publicRate": 0.0, "privateRate": 0.0, "suasiveRate": 0.0, "discMarkerRate": 0.0, "smileyRate": 0.0, "dateRate": 0.0, "hesitationRate": 0.0, "restartRate": 0.0, "repeatRate": 0.0, "conjBeforeDiscRate": 0.0, "conjAfterDiscRate": 0.0, "wordBeforeHesitationRate": 0.0, "wordAfterHesitationRate": 0.0, "otherCollocationRate": 0.0, "easyWordNum": 419, "hardWordNum": 17, "easyWordRate": 0.9610091743119266, "hardWordRate": 0.0389908256880734, "fleschReadingEaseScore": 70.97769724770643, "gunningFogIndex": 4.998453473132372, "fleschKincaidGradeLevel": 6.454065530799475, "colemanLiauIndex": 11.501800458715593, "smogIndex": 7.110495986334442, "automatedReadabilityIndex": 6.630933813892529, "linsearWriteIndex": 0.517038007863696, "author": "", "locationNameNum": 0, "locationNameRate": 0.0, "personNameNum": 0, "personNameRate": 0.0, "organizationNameNum": 0, "organizationNameRate": 0.0, "misspelledNum": 2, "misspelledRate": 0.0045871559633027525, "missingAccentNum": 1, "missingAccentRate": 0.0022935779816513763, "foreignAccentNum": 0, "foreignAccentRate": 0.0, "wordConcatNum": 1, "wordConcatRate": 0.0022935779816513763, "jLyMistakeNum": 0, "jLyMistakeRate": 0.0, "freqSuffixNum": 0, "partsNum": 138, "privateVNum": 0, "publicVNum": 0, "clauseWordNum": 74}