{"tokenNum": 252, "sentenceNum": 26, "lemmaNum": 124, "lemmaRate": 0.49206349206349204, "sentenceLength": 9.692307692307692, "allUpperNum": 0, "firstUpperNum": 28, "allUpperRate": 0.0, "firstUpperRate": 0.1111111111111111, "declarSentNum": 19, "imperSentNum": 2, "questionNum": 5, "declarSentRate": 0.7307692307692307, "imperSentRate": 0.07692307692307693, "questionRate": 0.19230769230769232, "accent": true, "saturation": 2.6956521739130435, "paragraphNum": 7, "nounNum": 30, "verbNum": 46, "adjNum": 9, "infNum": 4, "partPastNum": 0, "partPresNum": 0, "partFutNum": 0, "transNum": 0, "xNum": 7, "advNum": 35, "properNounNum": 2, "numNum": 3, "conjNum": 22, "punctNum": 47, "pronNum": 27, "relPronNum": 1, "demPronNum": 6, "adposNum": 1, "multiplePunctNum": 0, "phraseNum": 0, "nounRate": 0.11904761904761904, "verbRate": 0.18253968253968253, "adjRate": 0.03571428571428571, "infRate": 0.015873015873015872, "partPastRate": 0.0, "partPresRate": 0.0, "partFutRate": 0.0, "transRate": 0.0, "xRate": 0.027777777777777776, "advRate": 0.1388888888888889, "properNounRate": 0.007936507936507936, "numRate": 0.011904761904761904, "conjRate": 0.0873015873015873, "punctRate": 0.1865079365079365, "pronRate": 0.10714285714285714, "relPronRate": 0.003968253968253968, "demPronRate": 0.023809523809523808, "adposRate": 0.003968253968253968, "multiplePunctRate": 0.0, "partsDensityRate": 2.608695652173913, "contentfulness": 4.615384615384615, "phraseRate": 0.0, "pastTenseNum": 4, "presentTenseNum": 38, "condNum": 1, "impNum": 6, "freqNum": 0, "causNum": 0, "modalNum": 0, "sg1VerbNum": 31, "sg2VerbNum": 2, "sg3VerbNum": 23, "pl1VerbNum": 1, "pl2VerbNum": 5, "pl3VerbNum": 8, "superlatNum": 0, "comparatNum": 1, "specDerivSuffixNum": 0, "pluralNounNum": 4, "pastTenseRate": 0.08695652173913043, "presentTenseRate": 0.8260869565217391, "condRate": 0.021739130434782608, "impRate": 0.13043478260869565, "freqRate": 0.0, "causRate": 0.0, "modalRate": 0.0, "sg1VerbRate": 0.6739130434782609, "sg2VerbRate": 0.043478260869565216, "sg3VerbRate": 0.5, "pl1VerbRate": 0.021739130434782608, "pl2VerbRate": 0.10869565217391304, "pl3VerbRate": 0.17391304347826086, "superlatRate": 0.0, "comparatRate": 0.1111111111111111, "specDerivSuffixRate": 0.0, "pluralNounRate": 0.13333333333333333, "subjNum": 20, "objNum": 11, "attNum": 4, "subordNum": 9, "adverbNum": 42, "coordNum": 11, "clauseNum": 46, "simpleNum": 13, "complexNum": 13, "complexity1Num": 7, "complexity2Num": 5, "complexity3Num": 1, "compoundNum": 0, "subjRate": 0.07936507936507936, "objRate": 0.04365079365079365, "attRate": 0.015873015873015872, "subordRate": 0.03571428571428571, "adverbRate": 0.16666666666666666, "coordRate": 0.04365079365079365, "partsRate": 1.9130434782608696, "clauseRate": 1.7692307692307692, "simpleRate": 0.5, "complexRate": 0.5, "complexity1Rate": 0.2692307692307692, "complexity2Rate": 0.19230769230769232, "complexity3Rate": 0.038461538461538464, "complexClauseRate": 2.5384615384615383, "sentencesPerParagraph": 3.7142857142857144, "wordsLengthRate": 5.053658536585366, "compoundRate": 0.0, "positiveNum": 0, "negativeNum": 0, "precoPositiveNum": 0, "precoNegativeNum": 0, "negemoNum": 0, "negationNum": 7, "functionNum": 132, "contentNum": 120, "vulgarNum": 0, "racistNum": 0, "specStyleNum": 0, "addressingNum": 0, "closingNum": 0, "postscriptNum": 0, "brutalNum": 0, "positiveRate": 0.0, "negativeRate": 0.0, "precoPositiveRate": 0.0, "precoNegativeRate": 0.0, "negemoRate": 0.0, "negationRate": 0.027777777777777776, "functionRate": 0.5238095238095238, "contentRate": 0.47619047619047616, "vulgarRate": 0.0, "racistRate": 0.0, "specStyleRate": 0.0, "addressingRate": 0.0, "closingRate": 0.0, "postscriptRate": 0.0, "brutalRate": 0.0, "epistemicNum": 0, "investNum": 0, "conditionNum": 0, "weaselNum": 0, "peacockNum": 0, "hedgeNum": 0, "doxasticNum": 0, "epistemicRate": 0.0, "investRate": 0.0, "conditionRate": 0.0, "weaselRate": 0.0, "peacockRate": 0.0, "hedgeRate": 0.0, "doxasticRate": 0.0, "loveNum": 0, "anxietyNum": 0, "sorrowNum": 0, "joyNum": 0, "disgustNum": 0, "fearNum": 0, "surpriseNum": 0, "angerNum": 0, "loveRate": 0.0, "anxietyRate": 0.0, "sorrowRate": 0.0, "joyRate": 0.0, "disgustRate": 0.0, "fearRate": 0.0, "surpriseRate": 0.0, "angerRate": 0.0, "slangBeGeneralNum": 0, "slangBeCigaretteNum": 0, "slangBeHumanNum": 0, "slangBeVehicleNum": 0, "slangBeDrugNum": 0, "slangBvNum": 0, "slangBeGeneralRate": 0.0, "slangBeCigaretteRate": 0.0, "slangBeHumanRate": 0.0, "slangBeVehicleRate": 0.0, "slangBeDrugRate": 0.0, "slangBvRate": 0.0, "speechactNum": 0, "quoteNum": 0, "dashNum": 0, "publicNum": 0, "privateNum": 0, "suasiveNum": 0, "discMarkerNum": 0, "smileyNum": 0, "dateNum": 0, "hesitationNum": 0, "restartNum": 0, "repeatNum": 0, "conjBeforeDiscNum": 0, "conjAfterDiscNum": 0, "wordBeforeHesitationNum": 0, "wordAfterHesitationNum": 0, "otherCollocationNum": 0, "speechactRate": 0.0, "quoteRate": 0.0, "dashRate": 0.0, "publicRate": 0.0, "privateRate": 0.0, "suasiveRate": 0.0, "discMarkerRate": 0.0, "smileyRate": 0.0, "dateRate": 0.0, "hesitationRate": 0.0, "restartRate": 0.0, "repeatRate": 0.0, "conjBeforeDiscRate": 0.0, "conjAfterDiscRate": 0.0, "wordBeforeHesitationRate": 0.0, "wordAfterHesitationRate": 0.0, "otherCollocationRate": 0.0, "easyWordNum": 234, "hardWordNum": 18, "easyWordRate": 0.9285714285714286, "hardWordRate": 0.07142857142857142, "fleschReadingEaseScore": 84.19730769230773, "gunningFogIndex": 3.9054945054945054, "fleschKincaidGradeLevel": 3.9233333333333356, "colemanLiauIndex": 9.185444444444443, "smogIndex": 7.554174236665414, "automatedReadabilityIndex": 3.3962728937728954, "linsearWriteIndex": 1.1443833943833943, "author": "", "locationNameNum": 2, "locationNameRate": 0.007936507936507936, "personNameNum": 0, "personNameRate": 0.0, "organizationNameNum": 0, "organizationNameRate": 0.0, "misspelledNum": 0, "misspelledRate": 0.0, "missingAccentNum": 0, "missingAccentRate": 0.0, "foreignAccentNum": 0, "foreignAccentRate": 0.0, "wordConcatNum": 0, "wordConcatRate": 0.0, "jLyMistakeNum": 0, "jLyMistakeRate": 0.0, "freqSuffixNum": 0, "partsNum": 88, "privateVNum": 0, "publicVNum": 0, "clauseWordNum": 46}