{"tokenNum": 311, "sentenceNum": 19, "lemmaNum": 100, "lemmaRate": 0.3215434083601286, "sentenceLength": 16.36842105263158, "allUpperNum": 0, "firstUpperNum": 19, "allUpperRate": 0.0, "firstUpperRate": 0.06109324758842444, "declarSentNum": 19, "imperSentNum": 0, "questionNum": 0, "declarSentRate": 1.0, "imperSentRate": 0.0, "questionRate": 0.0, "accent": true, "saturation": 2.2222222222222223, "paragraphNum": 6, "nounNum": 56, "verbNum": 47, "adjNum": 47, "infNum": 11, "partPastNum": 5, "partPresNum": 0, "partFutNum": 0, "transNum": 1, "xNum": 6, "advNum": 26, "properNounNum": 0, "numNum": 0, "conjNum": 29, "punctNum": 46, "pronNum": 11, "relPronNum": 4, "demPronNum": 9, "adposNum": 5, "multiplePunctNum": 0, "phraseNum": 0, "nounRate": 0.18006430868167203, "verbRate": 0.15112540192926044, "adjRate": 0.15112540192926044, "infRate": 0.03536977491961415, "partPastRate": 0.01607717041800643, "partPresRate": 0.0, "partFutRate": 0.0, "transRate": 0.003215434083601286, "xRate": 0.01929260450160772, "advRate": 0.08360128617363344, "properNounRate": 0.0, "numRate": 0.0, "conjRate": 0.0932475884244373, "punctRate": 0.14790996784565916, "pronRate": 0.03536977491961415, "relPronRate": 0.012861736334405145, "demPronRate": 0.028938906752411574, "adposRate": 0.01607717041800643, "multiplePunctRate": 0.0, "partsDensityRate": 3.911111111111111, "contentfulness": 9.263157894736842, "phraseRate": 0.0, "pastTenseNum": 3, "presentTenseNum": 33, "condNum": 0, "impNum": 13, "freqNum": 0, "causNum": 0, "modalNum": 2, "sg1VerbNum": 2, "sg2VerbNum": 0, "sg3VerbNum": 23, "pl1VerbNum": 10, "pl2VerbNum": 0, "pl3VerbNum": 15, "superlatNum": 0, "comparatNum": 0, "specDerivSuffixNum": 0, "pluralNounNum": 12, "pastTenseRate": 0.06382978723404255, "presentTenseRate": 0.7021276595744681, "condRate": 0.0, "impRate": 0.2765957446808511, "freqRate": 0.0, "causRate": 0.0, "modalRate": 0.0425531914893617, "sg1VerbRate": 0.0425531914893617, "sg2VerbRate": 0.0, "sg3VerbRate": 0.48936170212765956, "pl1VerbRate": 0.2127659574468085, "pl2VerbRate": 0.0, "pl3VerbRate": 0.3191489361702128, "superlatRate": 0.0, "comparatRate": 0.0, "specDerivSuffixRate": 0.0, "pluralNounRate": 0.21428571428571427, "subjNum": 16, "objNum": 8, "attNum": 33, "subordNum": 12, "adverbNum": 29, "coordNum": 10, "clauseNum": 45, "simpleNum": 1, "complexNum": 18, "complexity1Num": 11, "complexity2Num": 6, "complexity3Num": 1, "compoundNum": 0, "subjRate": 0.05144694533762058, "objRate": 0.02572347266881029, "attRate": 0.10610932475884244, "subordRate": 0.03858520900321544, "adverbRate": 0.0932475884244373, "coordRate": 0.03215434083601286, "partsRate": 2.1333333333333333, "clauseRate": 2.3684210526315788, "simpleRate": 0.05263157894736842, "complexRate": 0.9473684210526315, "complexity1Rate": 0.5789473684210527, "complexity2Rate": 0.3157894736842105, "complexity3Rate": 0.05263157894736842, "complexClauseRate": 2.4444444444444446, "sentencesPerParagraph": 3.1666666666666665, "wordsLengthRate": 6.758490566037736, "compoundRate": 0.0, "positiveNum": 0, "negativeNum": 0, "precoPositiveNum": 0, "precoNegativeNum": 0, "negemoNum": 0, "negationNum": 7, "functionNum": 135, "contentNum": 176, "vulgarNum": 0, "racistNum": 0, "specStyleNum": 0, "addressingNum": 0, "closingNum": 0, "postscriptNum": 0, "brutalNum": 0, "positiveRate": 0.0, "negativeRate": 0.0, "precoPositiveRate": 0.0, "precoNegativeRate": 0.0, "negemoRate": 0.0, "negationRate": 0.022508038585209004, "functionRate": 0.4340836012861736, "contentRate": 0.5659163987138264, "vulgarRate": 0.0, "racistRate": 0.0, "specStyleRate": 0.0, "addressingRate": 0.0, "closingRate": 0.0, "postscriptRate": 0.0, "brutalRate": 0.0, "epistemicNum": 0, "investNum": 0, "conditionNum": 0, "weaselNum": 0, "peacockNum": 0, "hedgeNum": 0, "doxasticNum": 0, "epistemicRate": 0.0, "investRate": 0.0, "conditionRate": 0.0, "weaselRate": 0.0, "peacockRate": 0.0, "hedgeRate": 0.0, "doxasticRate": 0.0, "loveNum": 0, "anxietyNum": 0, "sorrowNum": 0, "joyNum": 0, "disgustNum": 0, "fearNum": 0, "surpriseNum": 0, "angerNum": 0, "loveRate": 0.0, "anxietyRate": 0.0, "sorrowRate": 0.0, "joyRate": 0.0, "disgustRate": 0.0, "fearRate": 0.0, "surpriseRate": 0.0, "angerRate": 0.0, "slangBeGeneralNum": 0, "slangBeCigaretteNum": 0, "slangBeHumanNum": 0, "slangBeVehicleNum": 0, "slangBeDrugNum": 0, "slangBvNum": 0, "slangBeGeneralRate": 0.0, "slangBeCigaretteRate": 0.0, "slangBeHumanRate": 0.0, "slangBeVehicleRate": 0.0, "slangBeDrugRate": 0.0, "slangBvRate": 0.0, "speechactNum": 0, "quoteNum": 0, "dashNum": 0, "publicNum": 0, "privateNum": 0, "suasiveNum": 0, "discMarkerNum": 0, "smileyNum": 0, "dateNum": 0, "hesitationNum": 0, "restartNum": 0, "repeatNum": 0, "conjBeforeDiscNum": 0, "conjAfterDiscNum": 0, "wordBeforeHesitationNum": 0, "wordAfterHesitationNum": 0, "otherCollocationNum": 0, "speechactRate": 0.0, "quoteRate": 0.0, "dashRate": 0.0, "publicRate": 0.0, "privateRate": 0.0, "suasiveRate": 0.0, "discMarkerRate": 0.0, "smileyRate": 0.0, "dateRate": 0.0, "hesitationRate": 0.0, "restartRate": 0.0, "repeatRate": 0.0, "conjBeforeDiscRate": 0.0, "conjAfterDiscRate": 0.0, "wordBeforeHesitationRate": 0.0, "wordAfterHesitationRate": 0.0, "otherCollocationRate": 0.0, "easyWordNum": 253, "hardWordNum": 58, "easyWordRate": 0.8135048231511254, "hardWordRate": 0.1864951768488746, "fleschReadingEaseScore": 22.38118124894234, "gunningFogIndex": 6.6219664917921826, "fleschKincaidGradeLevel": 14.20397359959384, "colemanLiauIndex": 18.763321543408356, "smogIndex": 11.072351349416056, "automatedReadabilityIndex": 14.393278050431547, "linsearWriteIndex": 2.5623624978845827, "author": "", "locationNameNum": 0, "locationNameRate": 0.0, "personNameNum": 0, "personNameRate": 0.0, "organizationNameNum": 0, "organizationNameRate": 0.0, "misspelledNum": 3, "misspelledRate": 0.00964630225080386, "missingAccentNum": 1, "missingAccentRate": 0.003215434083601286, "foreignAccentNum": 0, "foreignAccentRate": 0.0, "wordConcatNum": 0, "wordConcatRate": 0.0, "jLyMistakeNum": 0, "jLyMistakeRate": 0.0, "freqSuffixNum": 0, "partsNum": 96, "privateVNum": 0, "publicVNum": 0, "clauseWordNum": 45}