{"tokenNum": 564, "sentenceNum": 72, "lemmaNum": 159, "lemmaRate": 0.28191489361702127, "sentenceLength": 7.833333333333333, "allUpperNum": 0, "firstUpperNum": 72, "allUpperRate": 0.0, "firstUpperRate": 0.1276595744680851, "declarSentNum": 56, "imperSentNum": 0, "questionNum": 16, "declarSentRate": 0.7777777777777778, "imperSentRate": 0.0, "questionRate": 0.2222222222222222, "accent": true, "saturation": 1.5436893203883495, "paragraphNum": 28, "nounNum": 99, "verbNum": 81, "adjNum": 42, "infNum": 25, "partPastNum": 0, "partPresNum": 0, "partFutNum": 0, "transNum": 0, "xNum": 28, "advNum": 40, "properNounNum": 0, "numNum": 1, "conjNum": 57, "punctNum": 104, "pronNum": 29, "relPronNum": 4, "demPronNum": 10, "adposNum": 0, "multiplePunctNum": 0, "phraseNum": 0, "nounRate": 0.17553191489361702, "verbRate": 0.14361702127659576, "adjRate": 0.07446808510638298, "infRate": 0.044326241134751775, "partPastRate": 0.0, "partPresRate": 0.0, "partFutRate": 0.0, "transRate": 0.0, "xRate": 0.04964539007092199, "advRate": 0.07092198581560284, "properNounRate": 0.0, "numRate": 0.0017730496453900709, "conjRate": 0.10106382978723404, "punctRate": 0.18439716312056736, "pronRate": 0.051418439716312055, "relPronRate": 0.0070921985815602835, "demPronRate": 0.01773049645390071, "adposRate": 0.0, "multiplePunctRate": 0.0, "partsDensityRate": 2.5436893203883497, "contentfulness": 3.638888888888889, "phraseRate": 0.0, "pastTenseNum": 1, "presentTenseNum": 56, "condNum": 10, "impNum": 11, "freqNum": 0, "causNum": 0, "modalNum": 1, "sg1VerbNum": 41, "sg2VerbNum": 2, "sg3VerbNum": 37, "pl1VerbNum": 5, "pl2VerbNum": 0, "pl3VerbNum": 8, "superlatNum": 4, "comparatNum": 0, "specDerivSuffixNum": 0, "pluralNounNum": 30, "pastTenseRate": 0.012345679012345678, "presentTenseRate": 0.691358024691358, "condRate": 0.12345679012345678, "impRate": 0.13580246913580246, "freqRate": 0.0, "causRate": 0.0, "modalRate": 0.012345679012345678, "sg1VerbRate": 0.5061728395061729, "sg2VerbRate": 0.024691358024691357, "sg3VerbRate": 0.4567901234567901, "pl1VerbRate": 0.06172839506172839, "pl2VerbRate": 0.0, "pl3VerbRate": 0.09876543209876543, "superlatRate": 0.09523809523809523, "comparatRate": 0.0, "specDerivSuffixRate": 0.0, "pluralNounRate": 0.30303030303030304, "subjNum": 35, "objNum": 20, "attNum": 23, "subordNum": 21, "adverbNum": 57, "coordNum": 19, "clauseNum": 103, "simpleNum": 46, "complexNum": 26, "complexity1Num": 21, "complexity2Num": 5, "complexity3Num": 0, "compoundNum": 0, "subjRate": 0.06205673758865248, "objRate": 0.03546099290780142, "attRate": 0.040780141843971635, "subordRate": 0.03723404255319149, "adverbRate": 0.10106382978723404, "coordRate": 0.03368794326241135, "partsRate": 1.4951456310679612, "clauseRate": 1.4305555555555556, "simpleRate": 0.6388888888888888, "complexRate": 0.3611111111111111, "complexity1Rate": 0.2916666666666667, "complexity2Rate": 0.06944444444444445, "complexity3Rate": 0.0, "complexClauseRate": 2.1923076923076925, "sentencesPerParagraph": 2.5714285714285716, "wordsLengthRate": 5.469565217391304, "compoundRate": 0.0, "positiveNum": 0, "negativeNum": 0, "precoPositiveNum": 0, "precoNegativeNum": 0, "negemoNum": 0, "negationNum": 7, "functionNum": 302, "contentNum": 262, "vulgarNum": 0, "racistNum": 0, "specStyleNum": 0, "addressingNum": 0, "closingNum": 0, "postscriptNum": 0, "brutalNum": 0, "positiveRate": 0.0, "negativeRate": 0.0, "precoPositiveRate": 0.0, "precoNegativeRate": 0.0, "negemoRate": 0.0, "negationRate": 0.012411347517730497, "functionRate": 0.5354609929078015, "contentRate": 0.4645390070921986, "vulgarRate": 0.0, "racistRate": 0.0, "specStyleRate": 0.0, "addressingRate": 0.0, "closingRate": 0.0, "postscriptRate": 0.0, "brutalRate": 0.0, "epistemicNum": 0, "investNum": 0, "conditionNum": 0, "weaselNum": 0, "peacockNum": 0, "hedgeNum": 0, "doxasticNum": 0, "epistemicRate": 0.0, "investRate": 0.0, "conditionRate": 0.0, "weaselRate": 0.0, "peacockRate": 0.0, "hedgeRate": 0.0, "doxasticRate": 0.0, "loveNum": 0, "anxietyNum": 0, "sorrowNum": 0, "joyNum": 0, "disgustNum": 0, "fearNum": 0, "surpriseNum": 0, "angerNum": 0, "loveRate": 0.0, "anxietyRate": 0.0, "sorrowRate": 0.0, "joyRate": 0.0, "disgustRate": 0.0, "fearRate": 0.0, "surpriseRate": 0.0, "angerRate": 0.0, "slangBeGeneralNum": 0, "slangBeCigaretteNum": 0, "slangBeHumanNum": 0, "slangBeVehicleNum": 0, "slangBeDrugNum": 0, "slangBvNum": 0, "slangBeGeneralRate": 0.0, "slangBeCigaretteRate": 0.0, "slangBeHumanRate": 0.0, "slangBeVehicleRate": 0.0, "slangBeDrugRate": 0.0, "slangBvRate": 0.0, "speechactNum": 0, "quoteNum": 0, "dashNum": 0, "publicNum": 0, "privateNum": 0, "suasiveNum": 0, "discMarkerNum": 0, "smileyNum": 0, "dateNum": 0, "hesitationNum": 0, "restartNum": 0, "repeatNum": 0, "conjBeforeDiscNum": 0, "conjAfterDiscNum": 0, "wordBeforeHesitationNum": 0, "wordAfterHesitationNum": 0, "otherCollocationNum": 0, "speechactRate": 0.0, "quoteRate": 0.0, "dashRate": 0.0, "publicRate": 0.0, "privateRate": 0.0, "suasiveRate": 0.0, "discMarkerRate": 0.0, "smileyRate": 0.0, "dateRate": 0.0, "hesitationRate": 0.0, "restartRate": 0.0, "repeatRate": 0.0, "conjBeforeDiscRate": 0.0, "conjAfterDiscRate": 0.0, "wordBeforeHesitationRate": 0.0, "wordAfterHesitationRate": 0.0, "otherCollocationRate": 0.0, "easyWordNum": 533, "hardWordNum": 31, "easyWordRate": 0.9450354609929078, "hardWordRate": 0.0549645390070922, "fleschReadingEaseScore": 81.28416666666669, "gunningFogIndex": 3.1553191489361705, "fleschKincaidGradeLevel": 3.8678368794326268, "colemanLiauIndex": 10.976141843971629, "smogIndex": 6.87761742915338, "automatedReadabilityIndex": 3.8987943262411378, "linsearWriteIndex": -0.2636918833727344, "author": "", "locationNameNum": 0, "locationNameRate": 0.0, "personNameNum": 0, "personNameRate": 0.0, "organizationNameNum": 0, "organizationNameRate": 0.0, "misspelledNum": 1, "misspelledRate": 0.0017730496453900709, "missingAccentNum": 1, "missingAccentRate": 0.0017730496453900709, "foreignAccentNum": 0, "foreignAccentRate": 0.0, "wordConcatNum": 0, "wordConcatRate": 0.0, "jLyMistakeNum": 0, "jLyMistakeRate": 0.0, "freqSuffixNum": 0, "partsNum": 154, "privateVNum": 0, "publicVNum": 0, "clauseWordNum": 103}