{"tokenNum": 463, "sentenceNum": 38, "lemmaNum": 189, "lemmaRate": 0.408207343412527, "sentenceLength": 12.18421052631579, "allUpperNum": 0, "firstUpperNum": 38, "allUpperRate": 0.0, "firstUpperRate": 0.08207343412526998, "declarSentNum": 35, "imperSentNum": 1, "questionNum": 2, "declarSentRate": 0.9210526315789473, "imperSentRate": 0.02631578947368421, "questionRate": 0.05263157894736842, "accent": true, "saturation": 2.4545454545454546, "paragraphNum": 8, "nounNum": 69, "verbNum": 79, "adjNum": 34, "infNum": 19, "partPastNum": 0, "partPresNum": 0, "partFutNum": 0, "transNum": 0, "xNum": 8, "advNum": 46, "properNounNum": 0, "numNum": 1, "conjNum": 48, "punctNum": 85, "pronNum": 38, "relPronNum": 5, "demPronNum": 19, "adposNum": 1, "multiplePunctNum": 0, "phraseNum": 0, "nounRate": 0.1490280777537797, "verbRate": 0.17062634989200864, "adjRate": 0.0734341252699784, "infRate": 0.04103671706263499, "partPastRate": 0.0, "partPresRate": 0.0, "partFutRate": 0.0, "transRate": 0.0, "xRate": 0.017278617710583154, "advRate": 0.09935205183585313, "properNounRate": 0.0, "numRate": 0.0021598272138228943, "conjRate": 0.10367170626349892, "punctRate": 0.183585313174946, "pronRate": 0.08207343412526998, "relPronRate": 0.01079913606911447, "demPronRate": 0.04103671706263499, "adposRate": 0.0021598272138228943, "multiplePunctRate": 0.0, "partsDensityRate": 2.961038961038961, "contentfulness": 6.0, "phraseRate": 0.0, "pastTenseNum": 1, "presentTenseNum": 59, "condNum": 0, "impNum": 6, "freqNum": 0, "causNum": 0, "modalNum": 4, "sg1VerbNum": 16, "sg2VerbNum": 0, "sg3VerbNum": 44, "pl1VerbNum": 29, "pl2VerbNum": 0, "pl3VerbNum": 18, "superlatNum": 1, "comparatNum": 6, "specDerivSuffixNum": 0, "pluralNounNum": 15, "pastTenseRate": 0.012658227848101266, "presentTenseRate": 0.7468354430379747, "condRate": 0.0, "impRate": 0.0759493670886076, "freqRate": 0.0, "causRate": 0.0, "modalRate": 0.05063291139240506, "sg1VerbRate": 0.20253164556962025, "sg2VerbRate": 0.0, "sg3VerbRate": 0.5569620253164557, "pl1VerbRate": 0.3670886075949367, "pl2VerbRate": 0.0, "pl3VerbRate": 0.22784810126582278, "superlatRate": 0.029411764705882353, "comparatRate": 0.17647058823529413, "specDerivSuffixRate": 0.0, "pluralNounRate": 0.21739130434782608, "subjNum": 27, "objNum": 27, "attNum": 16, "subordNum": 22, "adverbNum": 60, "coordNum": 22, "clauseNum": 77, "simpleNum": 13, "complexNum": 25, "complexity1Num": 13, "complexity2Num": 10, "complexity3Num": 2, "compoundNum": 0, "subjRate": 0.058315334773218146, "objRate": 0.058315334773218146, "attRate": 0.03455723542116631, "subordRate": 0.047516198704103674, "adverbRate": 0.12958963282937366, "coordRate": 0.047516198704103674, "partsRate": 1.974025974025974, "clauseRate": 2.026315789473684, "simpleRate": 0.34210526315789475, "complexRate": 0.6578947368421053, "complexity1Rate": 0.34210526315789475, "complexity2Rate": 0.2631578947368421, "complexity3Rate": 0.05263157894736842, "complexClauseRate": 2.56, "sentencesPerParagraph": 4.75, "wordsLengthRate": 5.441798941798941, "compoundRate": 0.0, "positiveNum": 0, "negativeNum": 0, "precoPositiveNum": 0, "precoNegativeNum": 0, "negemoNum": 0, "negationNum": 10, "functionNum": 235, "contentNum": 228, "vulgarNum": 0, "racistNum": 0, "specStyleNum": 0, "addressingNum": 0, "closingNum": 0, "postscriptNum": 0, "brutalNum": 0, "positiveRate": 0.0, "negativeRate": 0.0, "precoPositiveRate": 0.0, "precoNegativeRate": 0.0, "negemoRate": 0.0, "negationRate": 0.02159827213822894, "functionRate": 0.5075593952483801, "contentRate": 0.4924406047516199, "vulgarRate": 0.0, "racistRate": 0.0, "specStyleRate": 0.0, "addressingRate": 0.0, "closingRate": 0.0, "postscriptRate": 0.0, "brutalRate": 0.0, "epistemicNum": 0, "investNum": 0, "conditionNum": 0, "weaselNum": 0, "peacockNum": 0, "hedgeNum": 0, "doxasticNum": 0, "epistemicRate": 0.0, "investRate": 0.0, "conditionRate": 0.0, "weaselRate": 0.0, "peacockRate": 0.0, "hedgeRate": 0.0, "doxasticRate": 0.0, "loveNum": 0, "anxietyNum": 0, "sorrowNum": 0, "joyNum": 0, "disgustNum": 0, "fearNum": 0, "surpriseNum": 0, "angerNum": 0, "loveRate": 0.0, "anxietyRate": 0.0, "sorrowRate": 0.0, "joyRate": 0.0, "disgustRate": 0.0, "fearRate": 0.0, "surpriseRate": 0.0, "angerRate": 0.0, "slangBeGeneralNum": 0, "slangBeCigaretteNum": 0, "slangBeHumanNum": 0, "slangBeVehicleNum": 0, "slangBeDrugNum": 0, "slangBvNum": 0, "slangBeGeneralRate": 0.0, "slangBeCigaretteRate": 0.0, "slangBeHumanRate": 0.0, "slangBeVehicleRate": 0.0, "slangBeDrugRate": 0.0, "slangBvRate": 0.0, "speechactNum": 0, "quoteNum": 0, "dashNum": 1, "publicNum": 0, "privateNum": 0, "suasiveNum": 0, "discMarkerNum": 0, "smileyNum": 0, "dateNum": 0, "hesitationNum": 0, "restartNum": 0, "repeatNum": 0, "conjBeforeDiscNum": 0, "conjAfterDiscNum": 0, "wordBeforeHesitationNum": 0, "wordAfterHesitationNum": 0, "otherCollocationNum": 0, "speechactRate": 0.0, "quoteRate": 0.0, "dashRate": 0.0021598272138228943, "publicRate": 0.0, "privateRate": 0.0, "suasiveRate": 0.0, "discMarkerRate": 0.0, "smileyRate": 0.0, "dateRate": 0.0, "hesitationRate": 0.0, "restartRate": 0.0, "repeatRate": 0.0, "conjBeforeDiscRate": 0.0, "conjAfterDiscRate": 0.0, "wordBeforeHesitationRate": 0.0, "wordAfterHesitationRate": 0.0, "otherCollocationRate": 0.0, "easyWordNum": 433, "hardWordNum": 30, "easyWordRate": 0.9352051835853131, "hardWordRate": 0.06479481641468683, "fleschReadingEaseScore": 75.15096368080029, "gunningFogIndex": 4.899602137092191, "fleschKincaidGradeLevel": 5.804174718654089, "colemanLiauIndex": 11.245412526997839, "smogIndex": 8.20500826718156, "automatedReadabilityIndex": 6.289448675684891, "linsearWriteIndex": 0.46356712515630316, "author": "", "locationNameNum": 0, "locationNameRate": 0.0, "personNameNum": 0, "personNameRate": 0.0, "organizationNameNum": 0, "organizationNameRate": 0.0, "misspelledNum": 0, "misspelledRate": 0.0, "missingAccentNum": 0, "missingAccentRate": 0.0, "foreignAccentNum": 0, "foreignAccentRate": 0.0, "wordConcatNum": 0, "wordConcatRate": 0.0, "jLyMistakeNum": 0, "jLyMistakeRate": 0.0, "freqSuffixNum": 0, "partsNum": 152, "privateVNum": 0, "publicVNum": 0, "clauseWordNum": 77}