{"tokenNum": 383, "sentenceNum": 24, "lemmaNum": 159, "lemmaRate": 0.4151436031331593, "sentenceLength": 15.958333333333334, "allUpperNum": 2, "firstUpperNum": 30, "allUpperRate": 0.005221932114882507, "firstUpperRate": 0.0783289817232376, "declarSentNum": 24, "imperSentNum": 0, "questionNum": 0, "declarSentRate": 1.0, "imperSentRate": 0.0, "questionRate": 0.0, "accent": true, "saturation": 2.9444444444444446, "paragraphNum": 6, "nounNum": 93, "verbNum": 46, "adjNum": 30, "infNum": 9, "partPastNum": 0, "partPresNum": 1, "partFutNum": 0, "transNum": 0, "xNum": 6, "advNum": 17, "properNounNum": 4, "numNum": 1, "conjNum": 31, "punctNum": 57, "pronNum": 24, "relPronNum": 10, "demPronNum": 17, "adposNum": 3, "multiplePunctNum": 0, "phraseNum": 0, "nounRate": 0.24281984334203655, "verbRate": 0.12010443864229765, "adjRate": 0.0783289817232376, "infRate": 0.02349869451697128, "partPastRate": 0.0, "partPresRate": 0.0026109660574412533, "partFutRate": 0.0, "transRate": 0.0, "xRate": 0.015665796344647518, "advRate": 0.044386422976501305, "properNounRate": 0.010443864229765013, "numRate": 0.0026109660574412533, "conjRate": 0.08093994778067885, "punctRate": 0.14882506527415143, "pronRate": 0.06266318537859007, "relPronRate": 0.02610966057441253, "demPronRate": 0.044386422976501305, "adposRate": 0.007832898172323759, "multiplePunctRate": 0.0, "partsDensityRate": 3.4444444444444446, "contentfulness": 7.75, "phraseRate": 0.0, "pastTenseNum": 3, "presentTenseNum": 36, "condNum": 0, "impNum": 4, "freqNum": 0, "causNum": 0, "modalNum": 3, "sg1VerbNum": 4, "sg2VerbNum": 0, "sg3VerbNum": 45, "pl1VerbNum": 1, "pl2VerbNum": 0, "pl3VerbNum": 19, "superlatNum": 3, "comparatNum": 0, "specDerivSuffixNum": 0, "pluralNounNum": 16, "pastTenseRate": 0.06521739130434782, "presentTenseRate": 0.782608695652174, "condRate": 0.0, "impRate": 0.08695652173913043, "freqRate": 0.0, "causRate": 0.0, "modalRate": 0.06521739130434782, "sg1VerbRate": 0.08695652173913043, "sg2VerbRate": 0.0, "sg3VerbRate": 0.9782608695652174, "pl1VerbRate": 0.021739130434782608, "pl2VerbRate": 0.0, "pl3VerbRate": 0.41304347826086957, "superlatRate": 0.1, "comparatRate": 0.0, "specDerivSuffixRate": 0.0, "pluralNounRate": 0.17204301075268819, "subjNum": 38, "objNum": 15, "attNum": 19, "subordNum": 21, "adverbNum": 23, "coordNum": 16, "clauseNum": 54, "simpleNum": 9, "complexNum": 15, "complexity1Num": 7, "complexity2Num": 5, "complexity3Num": 1, "compoundNum": 0, "subjRate": 0.09921671018276762, "objRate": 0.0391644908616188, "attRate": 0.04960835509138381, "subordRate": 0.05483028720626632, "adverbRate": 0.06005221932114883, "coordRate": 0.04177545691906005, "partsRate": 2.0555555555555554, "clauseRate": 2.25, "simpleRate": 0.375, "complexRate": 0.625, "complexity1Rate": 0.2916666666666667, "complexity2Rate": 0.20833333333333334, "complexity3Rate": 0.041666666666666664, "complexClauseRate": 3.0, "sentencesPerParagraph": 4.0, "wordsLengthRate": 5.53680981595092, "compoundRate": 0.0, "positiveNum": 0, "negativeNum": 0, "precoPositiveNum": 0, "precoNegativeNum": 0, "negemoNum": 0, "negationNum": 3, "functionNum": 197, "contentNum": 186, "vulgarNum": 0, "racistNum": 0, "specStyleNum": 0, "addressingNum": 0, "closingNum": 0, "postscriptNum": 0, "brutalNum": 0, "positiveRate": 0.0, "negativeRate": 0.0, "precoPositiveRate": 0.0, "precoNegativeRate": 0.0, "negemoRate": 0.0, "negationRate": 0.007832898172323759, "functionRate": 0.5143603133159269, "contentRate": 0.4856396866840731, "vulgarRate": 0.0, "racistRate": 0.0, "specStyleRate": 0.0, "addressingRate": 0.0, "closingRate": 0.0, "postscriptRate": 0.0, "brutalRate": 0.0, "epistemicNum": 0, "investNum": 0, "conditionNum": 0, "weaselNum": 0, "peacockNum": 0, "hedgeNum": 0, "doxasticNum": 0, "epistemicRate": 0.0, "investRate": 0.0, "conditionRate": 0.0, "weaselRate": 0.0, "peacockRate": 0.0, "hedgeRate": 0.0, "doxasticRate": 0.0, "loveNum": 0, "anxietyNum": 0, "sorrowNum": 0, "joyNum": 0, "disgustNum": 0, "fearNum": 0, "surpriseNum": 0, "angerNum": 0, "loveRate": 0.0, "anxietyRate": 0.0, "sorrowRate": 0.0, "joyRate": 0.0, "disgustRate": 0.0, "fearRate": 0.0, "surpriseRate": 0.0, "angerRate": 0.0, "slangBeGeneralNum": 0, "slangBeCigaretteNum": 0, "slangBeHumanNum": 0, "slangBeVehicleNum": 0, "slangBeDrugNum": 0, "slangBvNum": 0, "slangBeGeneralRate": 0.0, "slangBeCigaretteRate": 0.0, "slangBeHumanRate": 0.0, "slangBeVehicleRate": 0.0, "slangBeDrugRate": 0.0, "slangBvRate": 0.0, "speechactNum": 0, "quoteNum": 0, "dashNum": 0, "publicNum": 0, "privateNum": 0, "suasiveNum": 0, "discMarkerNum": 0, "smileyNum": 0, "dateNum": 0, "hesitationNum": 0, "restartNum": 0, "repeatNum": 1, "conjBeforeDiscNum": 0, "conjAfterDiscNum": 0, "wordBeforeHesitationNum": 0, "wordAfterHesitationNum": 0, "otherCollocationNum": 0, "speechactRate": 0.0, "quoteRate": 0.0, "dashRate": 0.0, "publicRate": 0.0, "privateRate": 0.0, "suasiveRate": 0.0, "discMarkerRate": 0.0, "smileyRate": 0.0, "dateRate": 0.0, "hesitationRate": 0.0, "restartRate": 0.0, "repeatRate": 0.0026109660574412533, "conjBeforeDiscRate": 0.0, "conjAfterDiscRate": 0.0, "wordBeforeHesitationRate": 0.0, "wordAfterHesitationRate": 0.0, "otherCollocationRate": 0.0, "easyWordNum": 356, "hardWordNum": 27, "easyWordRate": 0.9295039164490861, "hardWordRate": 0.07049608355091384, "fleschReadingEaseScore": 55.01222639251523, "gunningFogIndex": 6.410487380330723, "fleschKincaidGradeLevel": 9.550721279373374, "colemanLiauIndex": 12.650203655352481, "smogIndex": 8.548686976883017, "automatedReadabilityIndex": 9.29981940818103, "linsearWriteIndex": 1.3444299390774588, "author": "", "locationNameNum": 0, "locationNameRate": 0.0, "personNameNum": 0, "personNameRate": 0.0, "organizationNameNum": 0, "organizationNameRate": 0.0, "misspelledNum": 0, "misspelledRate": 0.0, "missingAccentNum": 0, "missingAccentRate": 0.0, "foreignAccentNum": 0, "foreignAccentRate": 0.0, "wordConcatNum": 0, "wordConcatRate": 0.0, "jLyMistakeNum": 0, "jLyMistakeRate": 0.0, "freqSuffixNum": 0, "partsNum": 111, "privateVNum": 0, "publicVNum": 0, "clauseWordNum": 54}