{"tokenNum": 384, "sentenceNum": 22, "lemmaNum": 168, "lemmaRate": 0.4375, "sentenceLength": 17.454545454545453, "allUpperNum": 9, "firstUpperNum": 43, "allUpperRate": 0.0234375, "firstUpperRate": 0.11197916666666667, "declarSentNum": 22, "imperSentNum": 0, "questionNum": 0, "declarSentRate": 1.0, "imperSentRate": 0.0, "questionRate": 0.0, "accent": true, "saturation": 3.111111111111111, "paragraphNum": 7, "nounNum": 85, "verbNum": 54, "adjNum": 46, "infNum": 10, "partPastNum": 1, "partPresNum": 0, "partFutNum": 0, "transNum": 1, "xNum": 7, "advNum": 21, "properNounNum": 18, "numNum": 3, "conjNum": 42, "punctNum": 58, "pronNum": 16, "relPronNum": 5, "demPronNum": 15, "adposNum": 3, "multiplePunctNum": 0, "phraseNum": 0, "nounRate": 0.22135416666666666, "verbRate": 0.140625, "adjRate": 0.11979166666666667, "infRate": 0.026041666666666668, "partPastRate": 0.0026041666666666665, "partPresRate": 0.0, "partFutRate": 0.0, "transRate": 0.0026041666666666665, "xRate": 0.018229166666666668, "advRate": 0.0546875, "properNounRate": 0.046875, "numRate": 0.0078125, "conjRate": 0.109375, "punctRate": 0.15104166666666666, "pronRate": 0.041666666666666664, "relPronRate": 0.013020833333333334, "demPronRate": 0.0390625, "adposRate": 0.0078125, "multiplePunctRate": 0.0, "partsDensityRate": 3.814814814814815, "contentfulness": 9.363636363636363, "phraseRate": 0.0, "pastTenseNum": 2, "presentTenseNum": 42, "condNum": 0, "impNum": 9, "freqNum": 0, "causNum": 0, "modalNum": 12, "sg1VerbNum": 0, "sg2VerbNum": 0, "sg3VerbNum": 32, "pl1VerbNum": 15, "pl2VerbNum": 0, "pl3VerbNum": 16, "superlatNum": 3, "comparatNum": 8, "specDerivSuffixNum": 0, "pluralNounNum": 28, "pastTenseRate": 0.037037037037037035, "presentTenseRate": 0.7777777777777778, "condRate": 0.0, "impRate": 0.16666666666666666, "freqRate": 0.0, "causRate": 0.0, "modalRate": 0.2222222222222222, "sg1VerbRate": 0.0, "sg2VerbRate": 0.0, "sg3VerbRate": 0.5925925925925926, "pl1VerbRate": 0.2777777777777778, "pl2VerbRate": 0.0, "pl3VerbRate": 0.2962962962962963, "superlatRate": 0.06521739130434782, "comparatRate": 0.17391304347826086, "specDerivSuffixRate": 0.0, "pluralNounRate": 0.32941176470588235, "subjNum": 22, "objNum": 31, "attNum": 31, "subordNum": 20, "adverbNum": 28, "coordNum": 21, "clauseNum": 54, "simpleNum": 1, "complexNum": 21, "complexity1Num": 13, "complexity2Num": 5, "complexity3Num": 3, "compoundNum": 0, "subjRate": 0.057291666666666664, "objRate": 0.08072916666666667, "attRate": 0.08072916666666667, "subordRate": 0.052083333333333336, "adverbRate": 0.07291666666666667, "coordRate": 0.0546875, "partsRate": 2.462962962962963, "clauseRate": 2.4545454545454546, "simpleRate": 0.045454545454545456, "complexRate": 0.9545454545454546, "complexity1Rate": 0.5909090909090909, "complexity2Rate": 0.22727272727272727, "complexity3Rate": 0.13636363636363635, "complexClauseRate": 2.5238095238095237, "sentencesPerParagraph": 3.142857142857143, "wordsLengthRate": 6.371165644171779, "compoundRate": 0.0, "positiveNum": 0, "negativeNum": 0, "precoPositiveNum": 0, "precoNegativeNum": 0, "negemoNum": 0, "negationNum": 0, "functionNum": 178, "contentNum": 206, "vulgarNum": 0, "racistNum": 0, "specStyleNum": 0, "addressingNum": 0, "closingNum": 0, "postscriptNum": 0, "brutalNum": 0, "positiveRate": 0.0, "negativeRate": 0.0, "precoPositiveRate": 0.0, "precoNegativeRate": 0.0, "negemoRate": 0.0, "negationRate": 0.0, "functionRate": 0.4635416666666667, "contentRate": 0.5364583333333334, "vulgarRate": 0.0, "racistRate": 0.0, "specStyleRate": 0.0, "addressingRate": 0.0, "closingRate": 0.0, "postscriptRate": 0.0, "brutalRate": 0.0, "epistemicNum": 0, "investNum": 0, "conditionNum": 0, "weaselNum": 0, "peacockNum": 0, "hedgeNum": 0, "doxasticNum": 0, "epistemicRate": 0.0, "investRate": 0.0, "conditionRate": 0.0, "weaselRate": 0.0, "peacockRate": 0.0, "hedgeRate": 0.0, "doxasticRate": 0.0, "loveNum": 0, "anxietyNum": 0, "sorrowNum": 0, "joyNum": 0, "disgustNum": 0, "fearNum": 0, "surpriseNum": 0, "angerNum": 0, "loveRate": 0.0, "anxietyRate": 0.0, "sorrowRate": 0.0, "joyRate": 0.0, "disgustRate": 0.0, "fearRate": 0.0, "surpriseRate": 0.0, "angerRate": 0.0, "slangBeGeneralNum": 0, "slangBeCigaretteNum": 0, "slangBeHumanNum": 0, "slangBeVehicleNum": 0, "slangBeDrugNum": 0, "slangBvNum": 0, "slangBeGeneralRate": 0.0, "slangBeCigaretteRate": 0.0, "slangBeHumanRate": 0.0, "slangBeVehicleRate": 0.0, "slangBeDrugRate": 0.0, "slangBvRate": 0.0, "speechactNum": 0, "quoteNum": 0, "dashNum": 0, "publicNum": 0, "privateNum": 0, "suasiveNum": 0, "discMarkerNum": 0, "smileyNum": 0, "dateNum": 0, "hesitationNum": 0, "restartNum": 0, "repeatNum": 1, "conjBeforeDiscNum": 0, "conjAfterDiscNum": 0, "wordBeforeHesitationNum": 0, "wordAfterHesitationNum": 0, "otherCollocationNum": 0, "speechactRate": 0.0, "quoteRate": 0.0, "dashRate": 0.0, "publicRate": 0.0, "privateRate": 0.0, "suasiveRate": 0.0, "discMarkerRate": 0.0, "smileyRate": 0.0, "dateRate": 0.0, "hesitationRate": 0.0, "restartRate": 0.0, "repeatRate": 0.0026041666666666665, "conjBeforeDiscRate": 0.0, "conjAfterDiscRate": 0.0, "wordBeforeHesitationRate": 0.0, "wordAfterHesitationRate": 0.0, "otherCollocationRate": 0.0, "easyWordNum": 339, "hardWordNum": 45, "easyWordRate": 0.8828125, "hardWordRate": 0.1171875, "fleschReadingEaseScore": 45.25457386363638, "gunningFogIndex": 7.0286931818181815, "fleschKincaidGradeLevel": 11.283418560606062, "colemanLiauIndex": 16.732874999999996, "smogIndex": 10.125756701596842, "automatedReadabilityIndex": 13.312663352272729, "linsearWriteIndex": 1.7639678030303032, "author": "", "locationNameNum": 0, "locationNameRate": 0.0, "personNameNum": 0, "personNameRate": 0.0, "organizationNameNum": 0, "organizationNameRate": 0.0, "misspelledNum": 1, "misspelledRate": 0.0026041666666666665, "missingAccentNum": 0, "missingAccentRate": 0.0, "foreignAccentNum": 0, "foreignAccentRate": 0.0, "wordConcatNum": 0, "wordConcatRate": 0.0, "jLyMistakeNum": 0, "jLyMistakeRate": 0.0, "freqSuffixNum": 0, "partsNum": 133, "privateVNum": 0, "publicVNum": 0, "clauseWordNum": 54}