{"tokenNum": 305, "sentenceNum": 23, "lemmaNum": 141, "lemmaRate": 0.46229508196721314, "sentenceLength": 13.26086956521739, "allUpperNum": 11, "firstUpperNum": 42, "allUpperRate": 0.036065573770491806, "firstUpperRate": 0.1377049180327869, "declarSentNum": 18, "imperSentNum": 0, "questionNum": 5, "declarSentRate": 0.782608695652174, "imperSentRate": 0.0, "questionRate": 0.21739130434782608, "accent": true, "saturation": 2.764705882352941, "paragraphNum": 6, "nounNum": 58, "verbNum": 51, "adjNum": 26, "infNum": 5, "partPastNum": 0, "partPresNum": 0, "partFutNum": 0, "transNum": 0, "xNum": 6, "advNum": 30, "properNounNum": 18, "numNum": 1, "conjNum": 25, "punctNum": 53, "pronNum": 18, "relPronNum": 2, "demPronNum": 9, "adposNum": 4, "multiplePunctNum": 0, "phraseNum": 0, "nounRate": 0.1901639344262295, "verbRate": 0.16721311475409836, "adjRate": 0.08524590163934426, "infRate": 0.01639344262295082, "partPastRate": 0.0, "partPresRate": 0.0, "partFutRate": 0.0, "transRate": 0.0, "xRate": 0.019672131147540985, "advRate": 0.09836065573770492, "properNounRate": 0.05901639344262295, "numRate": 0.003278688524590164, "conjRate": 0.08196721311475409, "punctRate": 0.1737704918032787, "pronRate": 0.05901639344262295, "relPronRate": 0.006557377049180328, "demPronRate": 0.029508196721311476, "adposRate": 0.013114754098360656, "multiplePunctRate": 0.0, "partsDensityRate": 3.235294117647059, "contentfulness": 7.173913043478261, "phraseRate": 0.0, "pastTenseNum": 1, "presentTenseNum": 45, "condNum": 3, "impNum": 5, "freqNum": 0, "causNum": 0, "modalNum": 2, "sg1VerbNum": 9, "sg2VerbNum": 0, "sg3VerbNum": 28, "pl1VerbNum": 13, "pl2VerbNum": 0, "pl3VerbNum": 16, "superlatNum": 1, "comparatNum": 2, "specDerivSuffixNum": 0, "pluralNounNum": 17, "pastTenseRate": 0.0196078431372549, "presentTenseRate": 0.8823529411764706, "condRate": 0.058823529411764705, "impRate": 0.09803921568627451, "freqRate": 0.0, "causRate": 0.0, "modalRate": 0.0392156862745098, "sg1VerbRate": 0.17647058823529413, "sg2VerbRate": 0.0, "sg3VerbRate": 0.5490196078431373, "pl1VerbRate": 0.2549019607843137, "pl2VerbRate": 0.0, "pl3VerbRate": 0.3137254901960784, "superlatRate": 0.038461538461538464, "comparatRate": 0.07692307692307693, "specDerivSuffixRate": 0.0, "pluralNounRate": 0.29310344827586204, "subjNum": 22, "objNum": 16, "attNum": 14, "subordNum": 20, "adverbNum": 39, "coordNum": 7, "clauseNum": 51, "simpleNum": 6, "complexNum": 17, "complexity1Num": 8, "complexity2Num": 8, "complexity3Num": 0, "compoundNum": 0, "subjRate": 0.07213114754098361, "objRate": 0.05245901639344262, "attRate": 0.04590163934426229, "subordRate": 0.06557377049180328, "adverbRate": 0.12786885245901639, "coordRate": 0.022950819672131147, "partsRate": 1.9215686274509804, "clauseRate": 2.217391304347826, "simpleRate": 0.2608695652173913, "complexRate": 0.7391304347826086, "complexity1Rate": 0.34782608695652173, "complexity2Rate": 0.34782608695652173, "complexity3Rate": 0.0, "complexClauseRate": 2.6470588235294117, "sentencesPerParagraph": 3.8333333333333335, "wordsLengthRate": 5.726190476190476, "compoundRate": 0.0, "positiveNum": 0, "negativeNum": 0, "precoPositiveNum": 0, "precoNegativeNum": 0, "negemoNum": 0, "negationNum": 4, "functionNum": 140, "contentNum": 165, "vulgarNum": 0, "racistNum": 0, "specStyleNum": 0, "addressingNum": 0, "closingNum": 0, "postscriptNum": 0, "brutalNum": 0, "positiveRate": 0.0, "negativeRate": 0.0, "precoPositiveRate": 0.0, "precoNegativeRate": 0.0, "negemoRate": 0.0, "negationRate": 0.013114754098360656, "functionRate": 0.45901639344262296, "contentRate": 0.5409836065573771, "vulgarRate": 0.0, "racistRate": 0.0, "specStyleRate": 0.0, "addressingRate": 0.0, "closingRate": 0.0, "postscriptRate": 0.0, "brutalRate": 0.0, "epistemicNum": 0, "investNum": 0, "conditionNum": 0, "weaselNum": 0, "peacockNum": 0, "hedgeNum": 0, "doxasticNum": 0, "epistemicRate": 0.0, "investRate": 0.0, "conditionRate": 0.0, "weaselRate": 0.0, "peacockRate": 0.0, "hedgeRate": 0.0, "doxasticRate": 0.0, "loveNum": 0, "anxietyNum": 0, "sorrowNum": 0, "joyNum": 0, "disgustNum": 0, "fearNum": 0, "surpriseNum": 0, "angerNum": 0, "loveRate": 0.0, "anxietyRate": 0.0, "sorrowRate": 0.0, "joyRate": 0.0, "disgustRate": 0.0, "fearRate": 0.0, "surpriseRate": 0.0, "angerRate": 0.0, "slangBeGeneralNum": 0, "slangBeCigaretteNum": 0, "slangBeHumanNum": 0, "slangBeVehicleNum": 0, "slangBeDrugNum": 0, "slangBvNum": 0, "slangBeGeneralRate": 0.0, "slangBeCigaretteRate": 0.0, "slangBeHumanRate": 0.0, "slangBeVehicleRate": 0.0, "slangBeDrugRate": 0.0, "slangBvRate": 0.0, "speechactNum": 0, "quoteNum": 0, "dashNum": 0, "publicNum": 0, "privateNum": 0, "suasiveNum": 0, "discMarkerNum": 0, "smileyNum": 0, "dateNum": 0, "hesitationNum": 0, "restartNum": 0, "repeatNum": 0, "conjBeforeDiscNum": 0, "conjAfterDiscNum": 0, "wordBeforeHesitationNum": 0, "wordAfterHesitationNum": 0, "otherCollocationNum": 0, "speechactRate": 0.0, "quoteRate": 0.0, "dashRate": 0.0, "publicRate": 0.0, "privateRate": 0.0, "suasiveRate": 0.0, "discMarkerRate": 0.0, "smileyRate": 0.0, "dateRate": 0.0, "hesitationRate": 0.0, "restartRate": 0.0, "repeatRate": 0.0, "conjBeforeDiscRate": 0.0, "conjAfterDiscRate": 0.0, "wordBeforeHesitationRate": 0.0, "wordAfterHesitationRate": 0.0, "otherCollocationRate": 0.0, "easyWordNum": 282, "hardWordNum": 23, "easyWordRate": 0.9245901639344263, "hardWordRate": 0.07540983606557378, "fleschReadingEaseScore": 70.77456165359943, "gunningFogIndex": 5.334511760513187, "fleschKincaidGradeLevel": 6.682066999287244, "colemanLiauIndex": 12.858003278688521, "smogIndex": 8.131152278815165, "automatedReadabilityIndex": 8.117287241625089, "linsearWriteIndex": 1.459016393442623, "author": "", "locationNameNum": 1, "locationNameRate": 0.003278688524590164, "personNameNum": 0, "personNameRate": 0.0, "organizationNameNum": 0, "organizationNameRate": 0.0, "misspelledNum": 1, "misspelledRate": 0.003278688524590164, "missingAccentNum": 0, "missingAccentRate": 0.0, "foreignAccentNum": 0, "foreignAccentRate": 0.0, "wordConcatNum": 0, "wordConcatRate": 0.0, "jLyMistakeNum": 0, "jLyMistakeRate": 0.0, "freqSuffixNum": 0, "partsNum": 98, "privateVNum": 0, "publicVNum": 0, "clauseWordNum": 51}