{"tokenNum": 380, "sentenceNum": 29, "lemmaNum": 178, "lemmaRate": 0.46842105263157896, "sentenceLength": 13.10344827586207, "allUpperNum": 0, "firstUpperNum": 31, "allUpperRate": 0.0, "firstUpperRate": 0.08157894736842106, "declarSentNum": 28, "imperSentNum": 0, "questionNum": 1, "declarSentRate": 0.9655172413793104, "imperSentRate": 0.0, "questionRate": 0.034482758620689655, "accent": true, "saturation": 3.63265306122449, "paragraphNum": 9, "nounNum": 77, "verbNum": 58, "adjNum": 43, "infNum": 22, "partPastNum": 1, "partPresNum": 1, "partFutNum": 0, "transNum": 1, "xNum": 9, "advNum": 22, "properNounNum": 3, "numNum": 0, "conjNum": 38, "punctNum": 57, "pronNum": 20, "relPronNum": 7, "demPronNum": 8, "adposNum": 1, "multiplePunctNum": 0, "phraseNum": 0, "nounRate": 0.2026315789473684, "verbRate": 0.15263157894736842, "adjRate": 0.11315789473684211, "infRate": 0.05789473684210526, "partPastRate": 0.002631578947368421, "partPresRate": 0.002631578947368421, "partFutRate": 0.0, "transRate": 0.002631578947368421, "xRate": 0.02368421052631579, "advRate": 0.05789473684210526, "properNounRate": 0.007894736842105263, "numRate": 0.0, "conjRate": 0.1, "punctRate": 0.15, "pronRate": 0.05263157894736842, "relPronRate": 0.018421052631578946, "demPronRate": 0.021052631578947368, "adposRate": 0.002631578947368421, "multiplePunctRate": 0.0, "partsDensityRate": 4.081632653061225, "contentfulness": 6.896551724137931, "phraseRate": 0.0, "pastTenseNum": 1, "presentTenseNum": 35, "condNum": 1, "impNum": 4, "freqNum": 0, "causNum": 0, "modalNum": 0, "sg1VerbNum": 22, "sg2VerbNum": 0, "sg3VerbNum": 26, "pl1VerbNum": 8, "pl2VerbNum": 0, "pl3VerbNum": 4, "superlatNum": 0, "comparatNum": 1, "specDerivSuffixNum": 0, "pluralNounNum": 22, "pastTenseRate": 0.017241379310344827, "presentTenseRate": 0.603448275862069, "condRate": 0.017241379310344827, "impRate": 0.06896551724137931, "freqRate": 0.0, "causRate": 0.0, "modalRate": 0.0, "sg1VerbRate": 0.3793103448275862, "sg2VerbRate": 0.0, "sg3VerbRate": 0.4482758620689655, "pl1VerbRate": 0.13793103448275862, "pl2VerbRate": 0.0, "pl3VerbRate": 0.06896551724137931, "superlatRate": 0.0, "comparatRate": 0.023255813953488372, "specDerivSuffixRate": 0.0, "pluralNounRate": 0.2857142857142857, "subjNum": 23, "objNum": 18, "attNum": 23, "subordNum": 9, "adverbNum": 35, "coordNum": 26, "clauseNum": 49, "simpleNum": 13, "complexNum": 16, "complexity1Num": 12, "complexity2Num": 4, "complexity3Num": 0, "compoundNum": 0, "subjRate": 0.060526315789473685, "objRate": 0.04736842105263158, "attRate": 0.060526315789473685, "subordRate": 0.02368421052631579, "adverbRate": 0.09210526315789473, "coordRate": 0.06842105263157895, "partsRate": 2.5510204081632653, "clauseRate": 1.6896551724137931, "simpleRate": 0.4482758620689655, "complexRate": 0.5517241379310345, "complexity1Rate": 0.41379310344827586, "complexity2Rate": 0.13793103448275862, "complexity3Rate": 0.0, "complexClauseRate": 2.25, "sentencesPerParagraph": 3.2222222222222223, "wordsLengthRate": 5.947368421052632, "compoundRate": 0.0, "positiveNum": 0, "negativeNum": 0, "precoPositiveNum": 0, "precoNegativeNum": 0, "negemoNum": 0, "negationNum": 4, "functionNum": 180, "contentNum": 200, "vulgarNum": 0, "racistNum": 0, "specStyleNum": 0, "addressingNum": 0, "closingNum": 0, "postscriptNum": 0, "brutalNum": 0, "positiveRate": 0.0, "negativeRate": 0.0, "precoPositiveRate": 0.0, "precoNegativeRate": 0.0, "negemoRate": 0.0, "negationRate": 0.010526315789473684, "functionRate": 0.47368421052631576, "contentRate": 0.5263157894736842, "vulgarRate": 0.0, "racistRate": 0.0, "specStyleRate": 0.0, "addressingRate": 0.0, "closingRate": 0.0, "postscriptRate": 0.0, "brutalRate": 0.0, "epistemicNum": 0, "investNum": 0, "conditionNum": 0, "weaselNum": 0, "peacockNum": 0, "hedgeNum": 0, "doxasticNum": 0, "epistemicRate": 0.0, "investRate": 0.0, "conditionRate": 0.0, "weaselRate": 0.0, "peacockRate": 0.0, "hedgeRate": 0.0, "doxasticRate": 0.0, "loveNum": 0, "anxietyNum": 0, "sorrowNum": 0, "joyNum": 0, "disgustNum": 0, "fearNum": 0, "surpriseNum": 0, "angerNum": 0, "loveRate": 0.0, "anxietyRate": 0.0, "sorrowRate": 0.0, "joyRate": 0.0, "disgustRate": 0.0, "fearRate": 0.0, "surpriseRate": 0.0, "angerRate": 0.0, "slangBeGeneralNum": 0, "slangBeCigaretteNum": 0, "slangBeHumanNum": 0, "slangBeVehicleNum": 0, "slangBeDrugNum": 0, "slangBvNum": 0, "slangBeGeneralRate": 0.0, "slangBeCigaretteRate": 0.0, "slangBeHumanRate": 0.0, "slangBeVehicleRate": 0.0, "slangBeDrugRate": 0.0, "slangBvRate": 0.0, "speechactNum": 0, "quoteNum": 0, "dashNum": 0, "publicNum": 0, "privateNum": 0, "suasiveNum": 0, "discMarkerNum": 0, "smileyNum": 0, "dateNum": 0, "hesitationNum": 0, "restartNum": 0, "repeatNum": 2, "conjBeforeDiscNum": 0, "conjAfterDiscNum": 0, "wordBeforeHesitationNum": 0, "wordAfterHesitationNum": 0, "otherCollocationNum": 0, "speechactRate": 0.0, "quoteRate": 0.0, "dashRate": 0.0, "publicRate": 0.0, "privateRate": 0.0, "suasiveRate": 0.0, "discMarkerRate": 0.0, "smileyRate": 0.0, "dateRate": 0.0, "hesitationRate": 0.0, "restartRate": 0.0, "repeatRate": 0.005263157894736842, "conjBeforeDiscRate": 0.0, "conjAfterDiscRate": 0.0, "wordBeforeHesitationRate": 0.0, "wordAfterHesitationRate": 0.0, "otherCollocationRate": 0.0, "easyWordNum": 342, "hardWordNum": 38, "easyWordRate": 0.9, "hardWordRate": 0.1, "fleschReadingEaseScore": 50.382894736842104, "gunningFogIndex": 5.281379310344828, "fleschKincaidGradeLevel": 9.487186932849365, "colemanLiauIndex": 14.579771052631578, "smogIndex": 9.558583805096642, "automatedReadabilityIndex": 9.415408348457351, "linsearWriteIndex": 1.0281306715063518, "author": "", "locationNameNum": 0, "locationNameRate": 0.0, "personNameNum": 0, "personNameRate": 0.0, "organizationNameNum": 1, "organizationNameRate": 0.002631578947368421, "misspelledNum": 1, "misspelledRate": 0.002631578947368421, "missingAccentNum": 0, "missingAccentRate": 0.0, "foreignAccentNum": 0, "foreignAccentRate": 0.0, "wordConcatNum": 0, "wordConcatRate": 0.0, "jLyMistakeNum": 0, "jLyMistakeRate": 0.0, "freqSuffixNum": 0, "partsNum": 125, "privateVNum": 0, "publicVNum": 0, "clauseWordNum": 49}