{"tokenNum": 341, "sentenceNum": 29, "lemmaNum": 148, "lemmaRate": 0.4340175953079179, "sentenceLength": 11.758620689655173, "allUpperNum": 0, "firstUpperNum": 29, "allUpperRate": 0.0, "firstUpperRate": 0.08504398826979472, "declarSentNum": 27, "imperSentNum": 0, "questionNum": 2, "declarSentRate": 0.9310344827586207, "imperSentRate": 0.0, "questionRate": 0.06896551724137931, "accent": true, "saturation": 2.5084745762711864, "paragraphNum": 5, "nounNum": 59, "verbNum": 54, "adjNum": 25, "infNum": 7, "partPastNum": 0, "partPresNum": 0, "partFutNum": 0, "transNum": 0, "xNum": 5, "advNum": 28, "properNounNum": 0, "numNum": 2, "conjNum": 37, "punctNum": 63, "pronNum": 30, "relPronNum": 8, "demPronNum": 6, "adposNum": 1, "multiplePunctNum": 0, "phraseNum": 0, "nounRate": 0.17302052785923755, "verbRate": 0.15835777126099707, "adjRate": 0.07331378299120235, "infRate": 0.020527859237536656, "partPastRate": 0.0, "partPresRate": 0.0, "partFutRate": 0.0, "transRate": 0.0, "xRate": 0.01466275659824047, "advRate": 0.08211143695014662, "properNounRate": 0.0, "numRate": 0.005865102639296188, "conjRate": 0.10850439882697947, "punctRate": 0.18475073313782991, "pronRate": 0.08797653958944282, "relPronRate": 0.02346041055718475, "demPronRate": 0.017595307917888565, "adposRate": 0.002932551319648094, "multiplePunctRate": 0.0, "partsDensityRate": 2.8135593220338984, "contentfulness": 5.724137931034483, "phraseRate": 0.0, "pastTenseNum": 12, "presentTenseNum": 35, "condNum": 0, "impNum": 1, "freqNum": 0, "causNum": 0, "modalNum": 0, "sg1VerbNum": 27, "sg2VerbNum": 0, "sg3VerbNum": 32, "pl1VerbNum": 4, "pl2VerbNum": 0, "pl3VerbNum": 14, "superlatNum": 0, "comparatNum": 2, "specDerivSuffixNum": 0, "pluralNounNum": 12, "pastTenseRate": 0.2222222222222222, "presentTenseRate": 0.6481481481481481, "condRate": 0.0, "impRate": 0.018518518518518517, "freqRate": 0.0, "causRate": 0.0, "modalRate": 0.0, "sg1VerbRate": 0.5, "sg2VerbRate": 0.0, "sg3VerbRate": 0.5925925925925926, "pl1VerbRate": 0.07407407407407407, "pl2VerbRate": 0.0, "pl3VerbRate": 0.25925925925925924, "superlatRate": 0.0, "comparatRate": 0.08, "specDerivSuffixRate": 0.0, "pluralNounRate": 0.2033898305084746, "subjNum": 25, "objNum": 17, "attNum": 14, "subordNum": 13, "adverbNum": 36, "coordNum": 25, "clauseNum": 59, "simpleNum": 11, "complexNum": 18, "complexity1Num": 9, "complexity2Num": 7, "complexity3Num": 1, "compoundNum": 0, "subjRate": 0.07331378299120235, "objRate": 0.04985337243401759, "attRate": 0.04105571847507331, "subordRate": 0.03812316715542522, "adverbRate": 0.10557184750733138, "coordRate": 0.07331378299120235, "partsRate": 1.9830508474576272, "clauseRate": 2.0344827586206895, "simpleRate": 0.3793103448275862, "complexRate": 0.6206896551724138, "complexity1Rate": 0.3103448275862069, "complexity2Rate": 0.2413793103448276, "complexity3Rate": 0.034482758620689655, "complexClauseRate": 2.6666666666666665, "sentencesPerParagraph": 5.8, "wordsLengthRate": 5.197841726618705, "compoundRate": 0.0, "positiveNum": 0, "negativeNum": 0, "precoPositiveNum": 0, "precoNegativeNum": 0, "negemoNum": 0, "negationNum": 6, "functionNum": 175, "contentNum": 166, "vulgarNum": 0, "racistNum": 0, "specStyleNum": 0, "addressingNum": 0, "closingNum": 0, "postscriptNum": 0, "brutalNum": 0, "positiveRate": 0.0, "negativeRate": 0.0, "precoPositiveRate": 0.0, "precoNegativeRate": 0.0, "negemoRate": 0.0, "negationRate": 0.017595307917888565, "functionRate": 0.5131964809384164, "contentRate": 0.4868035190615836, "vulgarRate": 0.0, "racistRate": 0.0, "specStyleRate": 0.0, "addressingRate": 0.0, "closingRate": 0.0, "postscriptRate": 0.0, "brutalRate": 0.0, "epistemicNum": 0, "investNum": 0, "conditionNum": 0, "weaselNum": 0, "peacockNum": 0, "hedgeNum": 0, "doxasticNum": 0, "epistemicRate": 0.0, "investRate": 0.0, "conditionRate": 0.0, "weaselRate": 0.0, "peacockRate": 0.0, "hedgeRate": 0.0, "doxasticRate": 0.0, "loveNum": 0, "anxietyNum": 0, "sorrowNum": 0, "joyNum": 0, "disgustNum": 0, "fearNum": 0, "surpriseNum": 0, "angerNum": 0, "loveRate": 0.0, "anxietyRate": 0.0, "sorrowRate": 0.0, "joyRate": 0.0, "disgustRate": 0.0, "fearRate": 0.0, "surpriseRate": 0.0, "angerRate": 0.0, "slangBeGeneralNum": 0, "slangBeCigaretteNum": 0, "slangBeHumanNum": 0, "slangBeVehicleNum": 0, "slangBeDrugNum": 0, "slangBvNum": 0, "slangBeGeneralRate": 0.0, "slangBeCigaretteRate": 0.0, "slangBeHumanRate": 0.0, "slangBeVehicleRate": 0.0, "slangBeDrugRate": 0.0, "slangBvRate": 0.0, "speechactNum": 0, "quoteNum": 0, "dashNum": 0, "publicNum": 0, "privateNum": 0, "suasiveNum": 0, "discMarkerNum": 0, "smileyNum": 0, "dateNum": 0, "hesitationNum": 0, "restartNum": 0, "repeatNum": 0, "conjBeforeDiscNum": 0, "conjAfterDiscNum": 0, "wordBeforeHesitationNum": 0, "wordAfterHesitationNum": 0, "otherCollocationNum": 0, "speechactRate": 0.0, "quoteRate": 0.0, "dashRate": 0.0, "publicRate": 0.0, "privateRate": 0.0, "suasiveRate": 0.0, "discMarkerRate": 0.0, "smileyRate": 0.0, "dateRate": 0.0, "hesitationRate": 0.0, "restartRate": 0.0, "repeatRate": 0.0, "conjBeforeDiscRate": 0.0, "conjAfterDiscRate": 0.0, "wordBeforeHesitationRate": 0.0, "wordAfterHesitationRate": 0.0, "otherCollocationRate": 0.0, "easyWordNum": 333, "hardWordNum": 8, "easyWordRate": 0.9765395894428153, "hardWordRate": 0.02346041055718475, "fleschReadingEaseScore": 81.76920821114372, "gunningFogIndex": 4.712832440084943, "fleschKincaidGradeLevel": 4.77533420972798, "colemanLiauIndex": 10.07429032258064, "smogIndex": 6.079149491110277, "automatedReadabilityIndex": 5.140160784710282, "linsearWriteIndex": 0.7797552836484984, "author": "", "locationNameNum": 0, "locationNameRate": 0.0, "personNameNum": 0, "personNameRate": 0.0, "organizationNameNum": 0, "organizationNameRate": 0.0, "misspelledNum": 0, "misspelledRate": 0.0, "missingAccentNum": 0, "missingAccentRate": 0.0, "foreignAccentNum": 0, "foreignAccentRate": 0.0, "wordConcatNum": 0, "wordConcatRate": 0.0, "jLyMistakeNum": 0, "jLyMistakeRate": 0.0, "freqSuffixNum": 0, "partsNum": 117, "privateVNum": 0, "publicVNum": 0, "clauseWordNum": 59}