{"tokenNum": 335, "sentenceNum": 46, "lemmaNum": 92, "lemmaRate": 0.2746268656716418, "sentenceLength": 7.282608695652174, "allUpperNum": 0, "firstUpperNum": 46, "allUpperRate": 0.0, "firstUpperRate": 0.1373134328358209, "declarSentNum": 41, "imperSentNum": 0, "questionNum": 5, "declarSentRate": 0.8913043478260869, "imperSentRate": 0.0, "questionRate": 0.10869565217391304, "accent": true, "saturation": 1.1645569620253164, "paragraphNum": 20, "nounNum": 25, "verbNum": 57, "adjNum": 16, "infNum": 18, "partPastNum": 0, "partPresNum": 0, "partFutNum": 0, "transNum": 0, "xNum": 20, "advNum": 47, "properNounNum": 0, "numNum": 1, "conjNum": 43, "punctNum": 77, "pronNum": 26, "relPronNum": 4, "demPronNum": 6, "adposNum": 1, "multiplePunctNum": 1, "phraseNum": 0, "nounRate": 0.07462686567164178, "verbRate": 0.1701492537313433, "adjRate": 0.04776119402985075, "infRate": 0.05373134328358209, "partPastRate": 0.0, "partPresRate": 0.0, "partFutRate": 0.0, "transRate": 0.0, "xRate": 0.05970149253731343, "advRate": 0.14029850746268657, "properNounRate": 0.0, "numRate": 0.0029850746268656717, "conjRate": 0.12835820895522387, "punctRate": 0.2298507462686567, "pronRate": 0.07761194029850746, "relPronRate": 0.011940298507462687, "demPronRate": 0.01791044776119403, "adposRate": 0.0029850746268656717, "multiplePunctRate": 0.012987012987012988, "partsDensityRate": 1.8354430379746836, "contentfulness": 3.152173913043478, "phraseRate": 0.0, "pastTenseNum": 1, "presentTenseNum": 38, "condNum": 4, "impNum": 2, "freqNum": 0, "causNum": 0, "modalNum": 0, "sg1VerbNum": 27, "sg2VerbNum": 1, "sg3VerbNum": 40, "pl1VerbNum": 0, "pl2VerbNum": 0, "pl3VerbNum": 2, "superlatNum": 3, "comparatNum": 1, "specDerivSuffixNum": 0, "pluralNounNum": 5, "pastTenseRate": 0.017543859649122806, "presentTenseRate": 0.6666666666666666, "condRate": 0.07017543859649122, "impRate": 0.03508771929824561, "freqRate": 0.0, "causRate": 0.0, "modalRate": 0.0, "sg1VerbRate": 0.47368421052631576, "sg2VerbRate": 0.017543859649122806, "sg3VerbRate": 0.7017543859649122, "pl1VerbRate": 0.0, "pl2VerbRate": 0.0, "pl3VerbRate": 0.03508771929824561, "superlatRate": 0.1875, "comparatRate": 0.0625, "specDerivSuffixRate": 0.0, "pluralNounRate": 0.2, "subjNum": 13, "objNum": 12, "attNum": 8, "subordNum": 9, "adverbNum": 43, "coordNum": 9, "clauseNum": 79, "simpleNum": 24, "complexNum": 22, "complexity1Num": 12, "complexity2Num": 9, "complexity3Num": 1, "compoundNum": 0, "subjRate": 0.03880597014925373, "objRate": 0.03582089552238806, "attRate": 0.023880597014925373, "subordRate": 0.026865671641791045, "adverbRate": 0.12835820895522387, "coordRate": 0.026865671641791045, "partsRate": 1.0759493670886076, "clauseRate": 1.7173913043478262, "simpleRate": 0.5217391304347826, "complexRate": 0.4782608695652174, "complexity1Rate": 0.2608695652173913, "complexity2Rate": 0.1956521739130435, "complexity3Rate": 0.021739130434782608, "complexClauseRate": 2.5, "sentencesPerParagraph": 2.3, "wordsLengthRate": 4.391472868217054, "compoundRate": 0.0, "positiveNum": 0, "negativeNum": 0, "precoPositiveNum": 0, "precoNegativeNum": 0, "negemoNum": 0, "negationNum": 20, "functionNum": 190, "contentNum": 145, "vulgarNum": 0, "racistNum": 0, "specStyleNum": 0, "addressingNum": 0, "closingNum": 0, "postscriptNum": 0, "brutalNum": 0, "positiveRate": 0.0, "negativeRate": 0.0, "precoPositiveRate": 0.0, "precoNegativeRate": 0.0, "negemoRate": 0.0, "negationRate": 0.05970149253731343, "functionRate": 0.5671641791044776, "contentRate": 0.43283582089552236, "vulgarRate": 0.0, "racistRate": 0.0, "specStyleRate": 0.0, "addressingRate": 0.0, "closingRate": 0.0, "postscriptRate": 0.0, "brutalRate": 0.0, "epistemicNum": 0, "investNum": 0, "conditionNum": 0, "weaselNum": 0, "peacockNum": 0, "hedgeNum": 0, "doxasticNum": 0, "epistemicRate": 0.0, "investRate": 0.0, "conditionRate": 0.0, "weaselRate": 0.0, "peacockRate": 0.0, "hedgeRate": 0.0, "doxasticRate": 0.0, "loveNum": 0, "anxietyNum": 0, "sorrowNum": 0, "joyNum": 0, "disgustNum": 0, "fearNum": 0, "surpriseNum": 0, "angerNum": 0, "loveRate": 0.0, "anxietyRate": 0.0, "sorrowRate": 0.0, "joyRate": 0.0, "disgustRate": 0.0, "fearRate": 0.0, "surpriseRate": 0.0, "angerRate": 0.0, "slangBeGeneralNum": 0, "slangBeCigaretteNum": 0, "slangBeHumanNum": 0, "slangBeVehicleNum": 0, "slangBeDrugNum": 0, "slangBvNum": 0, "slangBeGeneralRate": 0.0, "slangBeCigaretteRate": 0.0, "slangBeHumanRate": 0.0, "slangBeVehicleRate": 0.0, "slangBeDrugRate": 0.0, "slangBvRate": 0.0, "speechactNum": 0, "quoteNum": 0, "dashNum": 0, "publicNum": 0, "privateNum": 0, "suasiveNum": 0, "discMarkerNum": 0, "smileyNum": 0, "dateNum": 0, "hesitationNum": 0, "restartNum": 0, "repeatNum": 0, "conjBeforeDiscNum": 0, "conjAfterDiscNum": 0, "wordBeforeHesitationNum": 0, "wordAfterHesitationNum": 0, "otherCollocationNum": 0, "speechactRate": 0.0, "quoteRate": 0.0, "dashRate": 0.0, "publicRate": 0.0, "privateRate": 0.0, "suasiveRate": 0.0, "discMarkerRate": 0.0, "smileyRate": 0.0, "dateRate": 0.0, "hesitationRate": 0.0, "restartRate": 0.0, "repeatRate": 0.0, "conjBeforeDiscRate": 0.0, "conjAfterDiscRate": 0.0, "wordBeforeHesitationRate": 0.0, "wordAfterHesitationRate": 0.0, "otherCollocationRate": 0.0, "easyWordNum": 330, "hardWordNum": 5, "easyWordRate": 0.9850746268656716, "hardWordRate": 0.014925373134328358, "fleschReadingEaseScore": 110.55001784555486, "gunningFogIndex": 2.9190136275146013, "fleschKincaidGradeLevel": -0.35097663854639727, "colemanLiauIndex": 4.805797014925371, "smogIndex": 5.01253667152686, "automatedReadabilityIndex": -1.3107255029201816, "linsearWriteIndex": 0.05451005840363399, "author": "", "locationNameNum": 0, "locationNameRate": 0.0, "personNameNum": 0, "personNameRate": 0.0, "organizationNameNum": 0, "organizationNameRate": 0.0, "misspelledNum": 0, "misspelledRate": 0.0, "missingAccentNum": 0, "missingAccentRate": 0.0, "foreignAccentNum": 0, "foreignAccentRate": 0.0, "wordConcatNum": 0, "wordConcatRate": 0.0, "jLyMistakeNum": 0, "jLyMistakeRate": 0.0, "freqSuffixNum": 0, "partsNum": 85, "privateVNum": 0, "publicVNum": 0, "clauseWordNum": 79}