{"tokenNum": 368, "sentenceNum": 28, "lemmaNum": 169, "lemmaRate": 0.4592391304347826, "sentenceLength": 13.142857142857142, "allUpperNum": 1, "firstUpperNum": 30, "allUpperRate": 0.002717391304347826, "firstUpperRate": 0.08152173913043478, "declarSentNum": 24, "imperSentNum": 4, "questionNum": 0, "declarSentRate": 0.8571428571428571, "imperSentRate": 0.14285714285714285, "questionRate": 0.0, "accent": true, "saturation": 3.25, "paragraphNum": 7, "nounNum": 85, "verbNum": 48, "adjNum": 42, "infNum": 15, "partPastNum": 0, "partPresNum": 1, "partFutNum": 0, "transNum": 1, "xNum": 11, "advNum": 22, "properNounNum": 0, "numNum": 1, "conjNum": 28, "punctNum": 58, "pronNum": 13, "relPronNum": 1, "demPronNum": 10, "adposNum": 6, "multiplePunctNum": 0, "phraseNum": 0, "nounRate": 0.23097826086956522, "verbRate": 0.13043478260869565, "adjRate": 0.11413043478260869, "infRate": 0.04076086956521739, "partPastRate": 0.0, "partPresRate": 0.002717391304347826, "partFutRate": 0.0, "transRate": 0.002717391304347826, "xRate": 0.029891304347826088, "advRate": 0.059782608695652176, "properNounRate": 0.0, "numRate": 0.002717391304347826, "conjRate": 0.07608695652173914, "punctRate": 0.15760869565217392, "pronRate": 0.035326086956521736, "relPronRate": 0.002717391304347826, "demPronRate": 0.02717391304347826, "adposRate": 0.016304347826086956, "multiplePunctRate": 0.0, "partsDensityRate": 3.7884615384615383, "contentfulness": 7.035714285714286, "phraseRate": 0.0, "pastTenseNum": 3, "presentTenseNum": 31, "condNum": 2, "impNum": 7, "freqNum": 0, "causNum": 0, "modalNum": 1, "sg1VerbNum": 15, "sg2VerbNum": 0, "sg3VerbNum": 21, "pl1VerbNum": 1, "pl2VerbNum": 1, "pl3VerbNum": 12, "superlatNum": 2, "comparatNum": 0, "specDerivSuffixNum": 0, "pluralNounNum": 29, "pastTenseRate": 0.0625, "presentTenseRate": 0.6458333333333334, "condRate": 0.041666666666666664, "impRate": 0.14583333333333334, "freqRate": 0.0, "causRate": 0.0, "modalRate": 0.020833333333333332, "sg1VerbRate": 0.3125, "sg2VerbRate": 0.0, "sg3VerbRate": 0.4375, "pl1VerbRate": 0.020833333333333332, "pl2VerbRate": 0.020833333333333332, "pl3VerbRate": 0.25, "superlatRate": 0.047619047619047616, "comparatRate": 0.0, "specDerivSuffixRate": 0.0, "pluralNounRate": 0.3411764705882353, "subjNum": 20, "objNum": 20, "attNum": 27, "subordNum": 9, "adverbNum": 26, "coordNum": 20, "clauseNum": 52, "simpleNum": 12, "complexNum": 16, "complexity1Num": 8, "complexity2Num": 8, "complexity3Num": 0, "compoundNum": 0, "subjRate": 0.05434782608695652, "objRate": 0.05434782608695652, "attRate": 0.07336956521739131, "subordRate": 0.024456521739130436, "adverbRate": 0.07065217391304347, "coordRate": 0.05434782608695652, "partsRate": 2.173076923076923, "clauseRate": 1.8571428571428572, "simpleRate": 0.42857142857142855, "complexRate": 0.5714285714285714, "complexity1Rate": 0.2857142857142857, "complexity2Rate": 0.2857142857142857, "complexity3Rate": 0.0, "complexClauseRate": 2.5, "sentencesPerParagraph": 4.0, "wordsLengthRate": 5.570967741935484, "compoundRate": 0.0, "positiveNum": 0, "negativeNum": 0, "precoPositiveNum": 0, "precoNegativeNum": 0, "negemoNum": 0, "negationNum": 6, "functionNum": 171, "contentNum": 197, "vulgarNum": 0, "racistNum": 0, "specStyleNum": 0, "addressingNum": 0, "closingNum": 0, "postscriptNum": 0, "brutalNum": 0, "positiveRate": 0.0, "negativeRate": 0.0, "precoPositiveRate": 0.0, "precoNegativeRate": 0.0, "negemoRate": 0.0, "negationRate": 0.016304347826086956, "functionRate": 0.46467391304347827, "contentRate": 0.5353260869565217, "vulgarRate": 0.0, "racistRate": 0.0, "specStyleRate": 0.0, "addressingRate": 0.0, "closingRate": 0.0, "postscriptRate": 0.0, "brutalRate": 0.0, "epistemicNum": 0, "investNum": 0, "conditionNum": 0, "weaselNum": 0, "peacockNum": 0, "hedgeNum": 0, "doxasticNum": 0, "epistemicRate": 0.0, "investRate": 0.0, "conditionRate": 0.0, "weaselRate": 0.0, "peacockRate": 0.0, "hedgeRate": 0.0, "doxasticRate": 0.0, "loveNum": 0, "anxietyNum": 0, "sorrowNum": 0, "joyNum": 0, "disgustNum": 0, "fearNum": 0, "surpriseNum": 0, "angerNum": 0, "loveRate": 0.0, "anxietyRate": 0.0, "sorrowRate": 0.0, "joyRate": 0.0, "disgustRate": 0.0, "fearRate": 0.0, "surpriseRate": 0.0, "angerRate": 0.0, "slangBeGeneralNum": 0, "slangBeCigaretteNum": 0, "slangBeHumanNum": 0, "slangBeVehicleNum": 0, "slangBeDrugNum": 0, "slangBvNum": 0, "slangBeGeneralRate": 0.0, "slangBeCigaretteRate": 0.0, "slangBeHumanRate": 0.0, "slangBeVehicleRate": 0.0, "slangBeDrugRate": 0.0, "slangBvRate": 0.0, "speechactNum": 0, "quoteNum": 0, "dashNum": 0, "publicNum": 0, "privateNum": 0, "suasiveNum": 0, "discMarkerNum": 0, "smileyNum": 0, "dateNum": 0, "hesitationNum": 0, "restartNum": 0, "repeatNum": 0, "conjBeforeDiscNum": 0, "conjAfterDiscNum": 0, "wordBeforeHesitationNum": 0, "wordAfterHesitationNum": 0, "otherCollocationNum": 0, "speechactRate": 0.0, "quoteRate": 0.0, "dashRate": 0.0, "publicRate": 0.0, "privateRate": 0.0, "suasiveRate": 0.0, "discMarkerRate": 0.0, "smileyRate": 0.0, "dateRate": 0.0, "hesitationRate": 0.0, "restartRate": 0.0, "repeatRate": 0.0, "conjBeforeDiscRate": 0.0, "conjAfterDiscRate": 0.0, "wordBeforeHesitationRate": 0.0, "wordAfterHesitationRate": 0.0, "otherCollocationRate": 0.0, "easyWordNum": 340, "hardWordNum": 28, "easyWordRate": 0.9239130434782609, "hardWordRate": 0.07608695652173914, "fleschReadingEaseScore": 65.6754347826087, "gunningFogIndex": 5.287577639751553, "fleschKincaidGradeLevel": 7.363975155279505, "colemanLiauIndex": 12.481374999999996, "smogIndex": 8.648137234880735, "automatedReadabilityIndex": 7.757107919254658, "linsearWriteIndex": 1.0040760869565215, "author": "", "locationNameNum": 0, "locationNameRate": 0.0, "personNameNum": 0, "personNameRate": 0.0, "organizationNameNum": 0, "organizationNameRate": 0.0, "misspelledNum": 0, "misspelledRate": 0.0, "missingAccentNum": 0, "missingAccentRate": 0.0, "foreignAccentNum": 0, "foreignAccentRate": 0.0, "wordConcatNum": 0, "wordConcatRate": 0.0, "jLyMistakeNum": 0, "jLyMistakeRate": 0.0, "freqSuffixNum": 0, "partsNum": 113, "privateVNum": 0, "publicVNum": 0, "clauseWordNum": 52}