{"tokenNum": 442, "sentenceNum": 27, "lemmaNum": 176, "lemmaRate": 0.39819004524886875, "sentenceLength": 16.37037037037037, "allUpperNum": 0, "firstUpperNum": 27, "allUpperRate": 0.0, "firstUpperRate": 0.06108597285067873, "declarSentNum": 26, "imperSentNum": 1, "questionNum": 0, "declarSentRate": 0.9629629629629629, "imperSentRate": 0.037037037037037035, "questionRate": 0.0, "accent": true, "saturation": 2.8852459016393444, "paragraphNum": 11, "nounNum": 74, "verbNum": 66, "adjNum": 46, "infNum": 21, "partPastNum": 0, "partPresNum": 2, "partFutNum": 0, "transNum": 0, "xNum": 11, "advNum": 39, "properNounNum": 0, "numNum": 0, "conjNum": 46, "punctNum": 70, "pronNum": 24, "relPronNum": 5, "demPronNum": 16, "adposNum": 4, "multiplePunctNum": 0, "phraseNum": 0, "nounRate": 0.167420814479638, "verbRate": 0.1493212669683258, "adjRate": 0.10407239819004525, "infRate": 0.04751131221719457, "partPastRate": 0.0, "partPresRate": 0.004524886877828055, "partFutRate": 0.0, "transRate": 0.0, "xRate": 0.024886877828054297, "advRate": 0.08823529411764706, "properNounRate": 0.0, "numRate": 0.0, "conjRate": 0.10407239819004525, "punctRate": 0.1583710407239819, "pronRate": 0.05429864253393665, "relPronRate": 0.011312217194570135, "demPronRate": 0.03619909502262444, "adposRate": 0.00904977375565611, "multiplePunctRate": 0.0, "partsDensityRate": 3.6885245901639343, "contentfulness": 8.333333333333334, "phraseRate": 0.0, "pastTenseNum": 2, "presentTenseNum": 43, "condNum": 2, "impNum": 7, "freqNum": 0, "causNum": 0, "modalNum": 1, "sg1VerbNum": 4, "sg2VerbNum": 1, "sg3VerbNum": 40, "pl1VerbNum": 18, "pl2VerbNum": 0, "pl3VerbNum": 14, "superlatNum": 1, "comparatNum": 0, "specDerivSuffixNum": 0, "pluralNounNum": 26, "pastTenseRate": 0.030303030303030304, "presentTenseRate": 0.6515151515151515, "condRate": 0.030303030303030304, "impRate": 0.10606060606060606, "freqRate": 0.0, "causRate": 0.0, "modalRate": 0.015151515151515152, "sg1VerbRate": 0.06060606060606061, "sg2VerbRate": 0.015151515151515152, "sg3VerbRate": 0.6060606060606061, "pl1VerbRate": 0.2727272727272727, "pl2VerbRate": 0.0, "pl3VerbRate": 0.21212121212121213, "superlatRate": 0.021739130434782608, "comparatRate": 0.0, "specDerivSuffixRate": 0.0, "pluralNounRate": 0.35135135135135137, "subjNum": 23, "objNum": 21, "attNum": 26, "subordNum": 18, "adverbNum": 47, "coordNum": 27, "clauseNum": 61, "simpleNum": 3, "complexNum": 24, "complexity1Num": 15, "complexity2Num": 8, "complexity3Num": 1, "compoundNum": 0, "subjRate": 0.05203619909502263, "objRate": 0.04751131221719457, "attRate": 0.058823529411764705, "subordRate": 0.04072398190045249, "adverbRate": 0.10633484162895927, "coordRate": 0.06108597285067873, "partsRate": 2.360655737704918, "clauseRate": 2.259259259259259, "simpleRate": 0.1111111111111111, "complexRate": 0.8888888888888888, "complexity1Rate": 0.5555555555555556, "complexity2Rate": 0.2962962962962963, "complexity3Rate": 0.037037037037037035, "complexClauseRate": 2.4166666666666665, "sentencesPerParagraph": 2.4545454545454546, "wordsLengthRate": 5.470430107526882, "compoundRate": 0.0, "positiveNum": 0, "negativeNum": 0, "precoPositiveNum": 0, "precoNegativeNum": 0, "negemoNum": 0, "negationNum": 14, "functionNum": 217, "contentNum": 225, "vulgarNum": 0, "racistNum": 0, "specStyleNum": 0, "addressingNum": 0, "closingNum": 0, "postscriptNum": 0, "brutalNum": 0, "positiveRate": 0.0, "negativeRate": 0.0, "precoPositiveRate": 0.0, "precoNegativeRate": 0.0, "negemoRate": 0.0, "negationRate": 0.03167420814479638, "functionRate": 0.49095022624434387, "contentRate": 0.5090497737556561, "vulgarRate": 0.0, "racistRate": 0.0, "specStyleRate": 0.0, "addressingRate": 0.0, "closingRate": 0.0, "postscriptRate": 0.0, "brutalRate": 0.0, "epistemicNum": 0, "investNum": 0, "conditionNum": 0, "weaselNum": 0, "peacockNum": 0, "hedgeNum": 0, "doxasticNum": 0, "epistemicRate": 0.0, "investRate": 0.0, "conditionRate": 0.0, "weaselRate": 0.0, "peacockRate": 0.0, "hedgeRate": 0.0, "doxasticRate": 0.0, "loveNum": 0, "anxietyNum": 0, "sorrowNum": 0, "joyNum": 0, "disgustNum": 0, "fearNum": 0, "surpriseNum": 0, "angerNum": 0, "loveRate": 0.0, "anxietyRate": 0.0, "sorrowRate": 0.0, "joyRate": 0.0, "disgustRate": 0.0, "fearRate": 0.0, "surpriseRate": 0.0, "angerRate": 0.0, "slangBeGeneralNum": 0, "slangBeCigaretteNum": 0, "slangBeHumanNum": 0, "slangBeVehicleNum": 0, "slangBeDrugNum": 0, "slangBvNum": 0, "slangBeGeneralRate": 0.0, "slangBeCigaretteRate": 0.0, "slangBeHumanRate": 0.0, "slangBeVehicleRate": 0.0, "slangBeDrugRate": 0.0, "slangBvRate": 0.0, "speechactNum": 0, "quoteNum": 0, "dashNum": 0, "publicNum": 0, "privateNum": 0, "suasiveNum": 0, "discMarkerNum": 0, "smileyNum": 0, "dateNum": 0, "hesitationNum": 0, "restartNum": 0, "repeatNum": 0, "conjBeforeDiscNum": 0, "conjAfterDiscNum": 0, "wordBeforeHesitationNum": 0, "wordAfterHesitationNum": 0, "otherCollocationNum": 0, "speechactRate": 0.0, "quoteRate": 0.0, "dashRate": 0.0, "publicRate": 0.0, "privateRate": 0.0, "suasiveRate": 0.0, "discMarkerRate": 0.0, "smileyRate": 0.0, "dateRate": 0.0, "hesitationRate": 0.0, "restartRate": 0.0, "repeatRate": 0.0, "conjBeforeDiscRate": 0.0, "conjAfterDiscRate": 0.0, "wordBeforeHesitationRate": 0.0, "wordAfterHesitationRate": 0.0, "otherCollocationRate": 0.0, "easyWordNum": 409, "hardWordNum": 33, "easyWordRate": 0.9253393665158371, "hardWordRate": 0.0746606334841629, "fleschReadingEaseScore": 62.5534632143456, "gunningFogIndex": 6.578012401541814, "fleschKincaidGradeLevel": 8.601231774761189, "colemanLiauIndex": 11.957441176470589, "smogIndex": 9.120678840339163, "automatedReadabilityIndex": 8.951859393329983, "linsearWriteIndex": 1.0822859058153176, "author": "", "locationNameNum": 0, "locationNameRate": 0.0, "personNameNum": 0, "personNameRate": 0.0, "organizationNameNum": 0, "organizationNameRate": 0.0, "misspelledNum": 1, "misspelledRate": 0.0022624434389140274, "missingAccentNum": 0, "missingAccentRate": 0.0, "foreignAccentNum": 0, "foreignAccentRate": 0.0, "wordConcatNum": 0, "wordConcatRate": 0.0, "jLyMistakeNum": 0, "jLyMistakeRate": 0.0, "freqSuffixNum": 0, "partsNum": 144, "privateVNum": 0, "publicVNum": 0, "clauseWordNum": 61}