{"tokenNum": 479, "sentenceNum": 40, "lemmaNum": 173, "lemmaRate": 0.36116910229645094, "sentenceLength": 11.975, "allUpperNum": 0, "firstUpperNum": 40, "allUpperRate": 0.0, "firstUpperRate": 0.08350730688935282, "declarSentNum": 37, "imperSentNum": 3, "questionNum": 0, "declarSentRate": 0.925, "imperSentRate": 0.075, "questionRate": 0.0, "accent": true, "saturation": 2.1358024691358026, "paragraphNum": 15, "nounNum": 61, "verbNum": 91, "adjNum": 26, "infNum": 18, "partPastNum": 0, "partPresNum": 1, "partFutNum": 0, "transNum": 0, "xNum": 15, "advNum": 44, "properNounNum": 0, "numNum": 4, "conjNum": 52, "punctNum": 89, "pronNum": 38, "relPronNum": 4, "demPronNum": 19, "adposNum": 2, "multiplePunctNum": 0, "phraseNum": 0, "nounRate": 0.12734864300626306, "verbRate": 0.18997912317327767, "adjRate": 0.054279749478079335, "infRate": 0.037578288100208766, "partPastRate": 0.0, "partPresRate": 0.0020876826722338203, "partFutRate": 0.0, "transRate": 0.0, "xRate": 0.031315240083507306, "advRate": 0.0918580375782881, "properNounRate": 0.0, "numRate": 0.008350730688935281, "conjRate": 0.10855949895615867, "punctRate": 0.18580375782881003, "pronRate": 0.07933194154488518, "relPronRate": 0.008350730688935281, "demPronRate": 0.03966597077244259, "adposRate": 0.0041753653444676405, "multiplePunctRate": 0.0, "partsDensityRate": 2.740740740740741, "contentfulness": 5.55, "phraseRate": 0.0, "pastTenseNum": 17, "presentTenseNum": 57, "condNum": 1, "impNum": 10, "freqNum": 0, "causNum": 0, "modalNum": 0, "sg1VerbNum": 41, "sg2VerbNum": 4, "sg3VerbNum": 51, "pl1VerbNum": 15, "pl2VerbNum": 0, "pl3VerbNum": 3, "superlatNum": 1, "comparatNum": 2, "specDerivSuffixNum": 0, "pluralNounNum": 2, "pastTenseRate": 0.18681318681318682, "presentTenseRate": 0.6263736263736264, "condRate": 0.01098901098901099, "impRate": 0.10989010989010989, "freqRate": 0.0, "causRate": 0.0, "modalRate": 0.0, "sg1VerbRate": 0.45054945054945056, "sg2VerbRate": 0.04395604395604396, "sg3VerbRate": 0.5604395604395604, "pl1VerbRate": 0.16483516483516483, "pl2VerbRate": 0.0, "pl3VerbRate": 0.03296703296703297, "superlatRate": 0.038461538461538464, "comparatRate": 0.07692307692307693, "specDerivSuffixRate": 0.0, "pluralNounRate": 0.03278688524590164, "subjNum": 36, "objNum": 17, "attNum": 14, "subordNum": 26, "adverbNum": 72, "coordNum": 20, "clauseNum": 81, "simpleNum": 10, "complexNum": 30, "complexity1Num": 20, "complexity2Num": 9, "complexity3Num": 1, "compoundNum": 0, "subjRate": 0.07515657620041753, "objRate": 0.03549060542797495, "attRate": 0.029227557411273485, "subordRate": 0.054279749478079335, "adverbRate": 0.15031315240083507, "coordRate": 0.04175365344467641, "partsRate": 1.962962962962963, "clauseRate": 2.025, "simpleRate": 0.25, "complexRate": 0.75, "complexity1Rate": 0.5, "complexity2Rate": 0.225, "complexity3Rate": 0.025, "complexClauseRate": 2.3666666666666667, "sentencesPerParagraph": 2.6666666666666665, "wordsLengthRate": 5.1923076923076925, "compoundRate": 0.0, "positiveNum": 0, "negativeNum": 0, "precoPositiveNum": 0, "precoNegativeNum": 0, "negemoNum": 0, "negationNum": 5, "functionNum": 257, "contentNum": 222, "vulgarNum": 0, "racistNum": 0, "specStyleNum": 0, "addressingNum": 0, "closingNum": 0, "postscriptNum": 0, "brutalNum": 0, "positiveRate": 0.0, "negativeRate": 0.0, "precoPositiveRate": 0.0, "precoNegativeRate": 0.0, "negemoRate": 0.0, "negationRate": 0.010438413361169102, "functionRate": 0.5365344467640919, "contentRate": 0.46346555323590816, "vulgarRate": 0.0, "racistRate": 0.0, "specStyleRate": 0.0, "addressingRate": 0.0, "closingRate": 0.0, "postscriptRate": 0.0, "brutalRate": 0.0, "epistemicNum": 0, "investNum": 0, "conditionNum": 0, "weaselNum": 0, "peacockNum": 0, "hedgeNum": 0, "doxasticNum": 0, "epistemicRate": 0.0, "investRate": 0.0, "conditionRate": 0.0, "weaselRate": 0.0, "peacockRate": 0.0, "hedgeRate": 0.0, "doxasticRate": 0.0, "loveNum": 0, "anxietyNum": 0, "sorrowNum": 0, "joyNum": 0, "disgustNum": 0, "fearNum": 0, "surpriseNum": 0, "angerNum": 0, "loveRate": 0.0, "anxietyRate": 0.0, "sorrowRate": 0.0, "joyRate": 0.0, "disgustRate": 0.0, "fearRate": 0.0, "surpriseRate": 0.0, "angerRate": 0.0, "slangBeGeneralNum": 0, "slangBeCigaretteNum": 0, "slangBeHumanNum": 0, "slangBeVehicleNum": 0, "slangBeDrugNum": 0, "slangBvNum": 0, "slangBeGeneralRate": 0.0, "slangBeCigaretteRate": 0.0, "slangBeHumanRate": 0.0, "slangBeVehicleRate": 0.0, "slangBeDrugRate": 0.0, "slangBvRate": 0.0, "speechactNum": 0, "quoteNum": 0, "dashNum": 0, "publicNum": 0, "privateNum": 0, "suasiveNum": 0, "discMarkerNum": 0, "smileyNum": 0, "dateNum": 0, "hesitationNum": 0, "restartNum": 0, "repeatNum": 0, "conjBeforeDiscNum": 0, "conjAfterDiscNum": 0, "wordBeforeHesitationNum": 0, "wordAfterHesitationNum": 0, "otherCollocationNum": 0, "speechactRate": 0.0, "quoteRate": 0.0, "dashRate": 0.0, "publicRate": 0.0, "privateRate": 0.0, "suasiveRate": 0.0, "discMarkerRate": 0.0, "smileyRate": 0.0, "dateRate": 0.0, "hesitationRate": 0.0, "restartRate": 0.0, "repeatRate": 0.0, "conjBeforeDiscRate": 0.0, "conjAfterDiscRate": 0.0, "wordBeforeHesitationRate": 0.0, "wordAfterHesitationRate": 0.0, "otherCollocationRate": 0.0, "easyWordNum": 461, "hardWordNum": 18, "easyWordRate": 0.9624217118997912, "hardWordRate": 0.037578288100208766, "fleschReadingEaseScore": 81.82150234864301, "gunningFogIndex": 4.805031315240083, "fleschKincaidGradeLevel": 4.821794885177454, "colemanLiauIndex": 9.825553235908139, "smogIndex": 6.961326702584282, "automatedReadabilityIndex": 5.049441544885177, "linsearWriteIndex": 0.3048016701461378, "author": "", "locationNameNum": 0, "locationNameRate": 0.0, "personNameNum": 0, "personNameRate": 0.0, "organizationNameNum": 0, "organizationNameRate": 0.0, "misspelledNum": 0, "misspelledRate": 0.0, "missingAccentNum": 0, "missingAccentRate": 0.0, "foreignAccentNum": 0, "foreignAccentRate": 0.0, "wordConcatNum": 0, "wordConcatRate": 0.0, "jLyMistakeNum": 0, "jLyMistakeRate": 0.0, "freqSuffixNum": 0, "partsNum": 159, "privateVNum": 0, "publicVNum": 0, "clauseWordNum": 81}