{"tokenNum": 519, "sentenceNum": 43, "lemmaNum": 238, "lemmaRate": 0.45857418111753373, "sentenceLength": 12.069767441860465, "allUpperNum": 0, "firstUpperNum": 43, "allUpperRate": 0.0, "firstUpperRate": 0.08285163776493257, "declarSentNum": 43, "imperSentNum": 0, "questionNum": 0, "declarSentRate": 1.0, "imperSentRate": 0.0, "questionRate": 0.0, "accent": true, "saturation": 2.8, "paragraphNum": 13, "nounNum": 88, "verbNum": 101, "adjNum": 50, "infNum": 21, "partPastNum": 0, "partPresNum": 4, "partFutNum": 0, "transNum": 1, "xNum": 13, "advNum": 45, "properNounNum": 0, "numNum": 2, "conjNum": 44, "punctNum": 86, "pronNum": 21, "relPronNum": 7, "demPronNum": 9, "adposNum": 4, "multiplePunctNum": 0, "phraseNum": 0, "nounRate": 0.16955684007707128, "verbRate": 0.19460500963391136, "adjRate": 0.09633911368015415, "infRate": 0.04046242774566474, "partPastRate": 0.0, "partPresRate": 0.007707129094412331, "partFutRate": 0.0, "transRate": 0.0019267822736030828, "xRate": 0.025048169556840076, "advRate": 0.08670520231213873, "properNounRate": 0.0, "numRate": 0.0038535645472061657, "conjRate": 0.08477842003853564, "punctRate": 0.16570327552986513, "pronRate": 0.04046242774566474, "relPronRate": 0.01348747591522158, "demPronRate": 0.017341040462427744, "adposRate": 0.007707129094412331, "multiplePunctRate": 0.0, "partsDensityRate": 3.3411764705882354, "contentfulness": 6.604651162790698, "phraseRate": 0.0, "pastTenseNum": 10, "presentTenseNum": 70, "condNum": 1, "impNum": 3, "freqNum": 0, "causNum": 0, "modalNum": 0, "sg1VerbNum": 70, "sg2VerbNum": 0, "sg3VerbNum": 23, "pl1VerbNum": 1, "pl2VerbNum": 0, "pl3VerbNum": 7, "superlatNum": 1, "comparatNum": 1, "specDerivSuffixNum": 0, "pluralNounNum": 27, "pastTenseRate": 0.09900990099009901, "presentTenseRate": 0.693069306930693, "condRate": 0.009900990099009901, "impRate": 0.0297029702970297, "freqRate": 0.0, "causRate": 0.0, "modalRate": 0.0, "sg1VerbRate": 0.693069306930693, "sg2VerbRate": 0.0, "sg3VerbRate": 0.22772277227722773, "pl1VerbRate": 0.009900990099009901, "pl2VerbRate": 0.0, "pl3VerbRate": 0.06930693069306931, "superlatRate": 0.02, "comparatRate": 0.02, "specDerivSuffixRate": 0.0, "pluralNounRate": 0.3068181818181818, "subjNum": 15, "objNum": 36, "attNum": 22, "subordNum": 11, "adverbNum": 59, "coordNum": 36, "clauseNum": 85, "simpleNum": 12, "complexNum": 31, "complexity1Num": 21, "complexity2Num": 9, "complexity3Num": 1, "compoundNum": 0, "subjRate": 0.028901734104046242, "objRate": 0.06936416184971098, "attRate": 0.04238921001926782, "subordRate": 0.02119460500963391, "adverbRate": 0.11368015414258188, "coordRate": 0.06936416184971098, "partsRate": 1.9764705882352942, "clauseRate": 1.9767441860465116, "simpleRate": 0.27906976744186046, "complexRate": 0.7209302325581395, "complexity1Rate": 0.4883720930232558, "complexity2Rate": 0.20930232558139536, "complexity3Rate": 0.023255813953488372, "complexClauseRate": 2.3548387096774195, "sentencesPerParagraph": 3.3076923076923075, "wordsLengthRate": 6.0577367205542725, "compoundRate": 0.0, "positiveNum": 0, "negativeNum": 0, "precoPositiveNum": 0, "precoNegativeNum": 0, "negemoNum": 0, "negationNum": 16, "functionNum": 235, "contentNum": 284, "vulgarNum": 0, "racistNum": 0, "specStyleNum": 0, "addressingNum": 0, "closingNum": 0, "postscriptNum": 0, "brutalNum": 0, "positiveRate": 0.0, "negativeRate": 0.0, "precoPositiveRate": 0.0, "precoNegativeRate": 0.0, "negemoRate": 0.0, "negationRate": 0.030828516377649325, "functionRate": 0.4527938342967245, "contentRate": 0.5472061657032755, "vulgarRate": 0.0, "racistRate": 0.0, "specStyleRate": 0.0, "addressingRate": 0.0, "closingRate": 0.0, "postscriptRate": 0.0, "brutalRate": 0.0, "epistemicNum": 0, "investNum": 0, "conditionNum": 0, "weaselNum": 0, "peacockNum": 0, "hedgeNum": 0, "doxasticNum": 0, "epistemicRate": 0.0, "investRate": 0.0, "conditionRate": 0.0, "weaselRate": 0.0, "peacockRate": 0.0, "hedgeRate": 0.0, "doxasticRate": 0.0, "loveNum": 0, "anxietyNum": 0, "sorrowNum": 0, "joyNum": 0, "disgustNum": 0, "fearNum": 0, "surpriseNum": 0, "angerNum": 0, "loveRate": 0.0, "anxietyRate": 0.0, "sorrowRate": 0.0, "joyRate": 0.0, "disgustRate": 0.0, "fearRate": 0.0, "surpriseRate": 0.0, "angerRate": 0.0, "slangBeGeneralNum": 0, "slangBeCigaretteNum": 0, "slangBeHumanNum": 0, "slangBeVehicleNum": 0, "slangBeDrugNum": 0, "slangBvNum": 0, "slangBeGeneralRate": 0.0, "slangBeCigaretteRate": 0.0, "slangBeHumanRate": 0.0, "slangBeVehicleRate": 0.0, "slangBeDrugRate": 0.0, "slangBvRate": 0.0, "speechactNum": 0, "quoteNum": 0, "dashNum": 0, "publicNum": 0, "privateNum": 0, "suasiveNum": 0, "discMarkerNum": 0, "smileyNum": 0, "dateNum": 0, "hesitationNum": 0, "restartNum": 0, "repeatNum": 0, "conjBeforeDiscNum": 0, "conjAfterDiscNum": 0, "wordBeforeHesitationNum": 0, "wordAfterHesitationNum": 0, "otherCollocationNum": 0, "speechactRate": 0.0, "quoteRate": 0.0, "dashRate": 0.0, "publicRate": 0.0, "privateRate": 0.0, "suasiveRate": 0.0, "discMarkerRate": 0.0, "smileyRate": 0.0, "dateRate": 0.0, "hesitationRate": 0.0, "restartRate": 0.0, "repeatRate": 0.0, "conjBeforeDiscRate": 0.0, "conjAfterDiscRate": 0.0, "wordBeforeHesitationRate": 0.0, "wordAfterHesitationRate": 0.0, "otherCollocationRate": 0.0, "easyWordNum": 466, "hardWordNum": 53, "easyWordRate": 0.8978805394990366, "hardWordRate": 0.10211946050096339, "fleschReadingEaseScore": 57.333318994488536, "gunningFogIndex": 4.868754760944572, "fleschKincaidGradeLevel": 8.26094725993637, "colemanLiauIndex": 14.648441233140652, "smogIndex": 9.471427190081453, "automatedReadabilityIndex": 8.953496437693236, "linsearWriteIndex": 0.3711520365640544, "author": "", "locationNameNum": 0, "locationNameRate": 0.0, "personNameNum": 0, "personNameRate": 0.0, "organizationNameNum": 0, "organizationNameRate": 0.0, "misspelledNum": 1, "misspelledRate": 0.0019267822736030828, "missingAccentNum": 1, "missingAccentRate": 0.0019267822736030828, "foreignAccentNum": 0, "foreignAccentRate": 0.0, "wordConcatNum": 0, "wordConcatRate": 0.0, "jLyMistakeNum": 0, "jLyMistakeRate": 0.0, "freqSuffixNum": 0, "partsNum": 168, "privateVNum": 0, "publicVNum": 0, "clauseWordNum": 85}