{"tokenNum": 352, "sentenceNum": 38, "lemmaNum": 169, "lemmaRate": 0.48011363636363635, "sentenceLength": 9.263157894736842, "allUpperNum": 1, "firstUpperNum": 37, "allUpperRate": 0.002840909090909091, "firstUpperRate": 0.10511363636363637, "declarSentNum": 34, "imperSentNum": 2, "questionNum": 2, "declarSentRate": 0.8947368421052632, "imperSentRate": 0.05263157894736842, "questionRate": 0.05263157894736842, "accent": true, "saturation": 2.5606060606060606, "paragraphNum": 8, "nounNum": 45, "verbNum": 63, "adjNum": 21, "infNum": 7, "partPastNum": 0, "partPresNum": 0, "partFutNum": 0, "transNum": 1, "xNum": 8, "advNum": 53, "properNounNum": 0, "numNum": 3, "conjNum": 23, "punctNum": 69, "pronNum": 23, "relPronNum": 3, "demPronNum": 11, "adposNum": 2, "multiplePunctNum": 2, "phraseNum": 0, "nounRate": 0.1278409090909091, "verbRate": 0.17897727272727273, "adjRate": 0.05965909090909091, "infRate": 0.019886363636363636, "partPastRate": 0.0, "partPresRate": 0.0, "partFutRate": 0.0, "transRate": 0.002840909090909091, "xRate": 0.022727272727272728, "advRate": 0.15056818181818182, "properNounRate": 0.0, "numRate": 0.008522727272727272, "conjRate": 0.06534090909090909, "punctRate": 0.19602272727272727, "pronRate": 0.06534090909090909, "relPronRate": 0.008522727272727272, "demPronRate": 0.03125, "adposRate": 0.005681818181818182, "multiplePunctRate": 0.028985507246376812, "partsDensityRate": 2.757575757575758, "contentfulness": 4.7894736842105265, "phraseRate": 0.0, "pastTenseNum": 9, "presentTenseNum": 47, "condNum": 1, "impNum": 3, "freqNum": 0, "causNum": 0, "modalNum": 4, "sg1VerbNum": 39, "sg2VerbNum": 0, "sg3VerbNum": 34, "pl1VerbNum": 0, "pl2VerbNum": 0, "pl3VerbNum": 7, "superlatNum": 0, "comparatNum": 2, "specDerivSuffixNum": 0, "pluralNounNum": 9, "pastTenseRate": 0.14285714285714285, "presentTenseRate": 0.746031746031746, "condRate": 0.015873015873015872, "impRate": 0.047619047619047616, "freqRate": 0.0, "causRate": 0.0, "modalRate": 0.06349206349206349, "sg1VerbRate": 0.6190476190476191, "sg2VerbRate": 0.0, "sg3VerbRate": 0.5396825396825397, "pl1VerbRate": 0.0, "pl2VerbRate": 0.0, "pl3VerbRate": 0.1111111111111111, "superlatRate": 0.0, "comparatRate": 0.09523809523809523, "specDerivSuffixRate": 0.0, "pluralNounRate": 0.2, "subjNum": 29, "objNum": 13, "attNum": 12, "subordNum": 16, "adverbNum": 61, "coordNum": 12, "clauseNum": 66, "simpleNum": 19, "complexNum": 19, "complexity1Num": 15, "complexity2Num": 1, "complexity3Num": 2, "compoundNum": 0, "subjRate": 0.08238636363636363, "objRate": 0.036931818181818184, "attRate": 0.03409090909090909, "subordRate": 0.045454545454545456, "adverbRate": 0.17329545454545456, "coordRate": 0.03409090909090909, "partsRate": 1.9242424242424243, "clauseRate": 1.736842105263158, "simpleRate": 0.5, "complexRate": 0.5, "complexity1Rate": 0.39473684210526316, "complexity2Rate": 0.02631578947368421, "complexity3Rate": 0.05263157894736842, "complexClauseRate": 2.473684210526316, "sentencesPerParagraph": 4.75, "wordsLengthRate": 5.091872791519434, "compoundRate": 0.0, "positiveNum": 0, "negativeNum": 0, "precoPositiveNum": 0, "precoNegativeNum": 0, "negemoNum": 0, "negationNum": 13, "functionNum": 170, "contentNum": 182, "vulgarNum": 0, "racistNum": 0, "specStyleNum": 0, "addressingNum": 0, "closingNum": 0, "postscriptNum": 0, "brutalNum": 0, "positiveRate": 0.0, "negativeRate": 0.0, "precoPositiveRate": 0.0, "precoNegativeRate": 0.0, "negemoRate": 0.0, "negationRate": 0.036931818181818184, "functionRate": 0.48295454545454547, "contentRate": 0.5170454545454546, "vulgarRate": 0.0, "racistRate": 0.0, "specStyleRate": 0.0, "addressingRate": 0.0, "closingRate": 0.0, "postscriptRate": 0.0, "brutalRate": 0.0, "epistemicNum": 0, "investNum": 0, "conditionNum": 0, "weaselNum": 0, "peacockNum": 0, "hedgeNum": 0, "doxasticNum": 0, "epistemicRate": 0.0, "investRate": 0.0, "conditionRate": 0.0, "weaselRate": 0.0, "peacockRate": 0.0, "hedgeRate": 0.0, "doxasticRate": 0.0, "loveNum": 0, "anxietyNum": 0, "sorrowNum": 0, "joyNum": 0, "disgustNum": 0, "fearNum": 0, "surpriseNum": 0, "angerNum": 0, "loveRate": 0.0, "anxietyRate": 0.0, "sorrowRate": 0.0, "joyRate": 0.0, "disgustRate": 0.0, "fearRate": 0.0, "surpriseRate": 0.0, "angerRate": 0.0, "slangBeGeneralNum": 0, "slangBeCigaretteNum": 0, "slangBeHumanNum": 0, "slangBeVehicleNum": 0, "slangBeDrugNum": 0, "slangBvNum": 0, "slangBeGeneralRate": 0.0, "slangBeCigaretteRate": 0.0, "slangBeHumanRate": 0.0, "slangBeVehicleRate": 0.0, "slangBeDrugRate": 0.0, "slangBvRate": 0.0, "speechactNum": 0, "quoteNum": 0, "dashNum": 0, "publicNum": 0, "privateNum": 0, "suasiveNum": 0, "discMarkerNum": 0, "smileyNum": 0, "dateNum": 0, "hesitationNum": 0, "restartNum": 0, "repeatNum": 0, "conjBeforeDiscNum": 0, "conjAfterDiscNum": 0, "wordBeforeHesitationNum": 0, "wordAfterHesitationNum": 0, "otherCollocationNum": 0, "speechactRate": 0.0, "quoteRate": 0.0, "dashRate": 0.0, "publicRate": 0.0, "privateRate": 0.0, "suasiveRate": 0.0, "discMarkerRate": 0.0, "smileyRate": 0.0, "dateRate": 0.0, "hesitationRate": 0.0, "restartRate": 0.0, "repeatRate": 0.0, "conjBeforeDiscRate": 0.0, "conjAfterDiscRate": 0.0, "wordBeforeHesitationRate": 0.0, "wordAfterHesitationRate": 0.0, "otherCollocationRate": 0.0, "easyWordNum": 334, "hardWordNum": 18, "easyWordRate": 0.9488636363636364, "hardWordRate": 0.05113636363636364, "fleschReadingEaseScore": 84.23232655502393, "gunningFogIndex": 3.7257177033492823, "fleschKincaidGradeLevel": 3.8118361244019177, "colemanLiauIndex": 9.265642045454545, "smogIndex": 7.060881637134146, "automatedReadabilityIndex": 3.2458403110047875, "linsearWriteIndex": 0.42045454545454564, "author": "", "locationNameNum": 0, "locationNameRate": 0.0, "personNameNum": 0, "personNameRate": 0.0, "organizationNameNum": 0, "organizationNameRate": 0.0, "misspelledNum": 0, "misspelledRate": 0.0, "missingAccentNum": 0, "missingAccentRate": 0.0, "foreignAccentNum": 0, "foreignAccentRate": 0.0, "wordConcatNum": 0, "wordConcatRate": 0.0, "jLyMistakeNum": 0, "jLyMistakeRate": 0.0, "freqSuffixNum": 0, "partsNum": 127, "privateVNum": 0, "publicVNum": 0, "clauseWordNum": 66}