{"tokenNum": 431, "sentenceNum": 27, "lemmaNum": 183, "lemmaRate": 0.4245939675174014, "sentenceLength": 15.962962962962964, "allUpperNum": 0, "firstUpperNum": 27, "allUpperRate": 0.0, "firstUpperRate": 0.06264501160092807, "declarSentNum": 26, "imperSentNum": 1, "questionNum": 0, "declarSentRate": 0.9629629629629629, "imperSentRate": 0.037037037037037035, "questionRate": 0.0, "accent": true, "saturation": 3.0, "paragraphNum": 9, "nounNum": 77, "verbNum": 58, "adjNum": 63, "infNum": 11, "partPastNum": 2, "partPresNum": 3, "partFutNum": 0, "transNum": 1, "xNum": 9, "advNum": 21, "properNounNum": 0, "numNum": 1, "conjNum": 51, "punctNum": 68, "pronNum": 25, "relPronNum": 7, "demPronNum": 12, "adposNum": 7, "multiplePunctNum": 0, "phraseNum": 0, "nounRate": 0.17865429234338748, "verbRate": 0.1345707656612529, "adjRate": 0.14617169373549885, "infRate": 0.025522041763341066, "partPastRate": 0.004640371229698376, "partPresRate": 0.0069605568445475635, "partFutRate": 0.0, "transRate": 0.002320185614849188, "xRate": 0.02088167053364269, "advRate": 0.048723897911832945, "properNounRate": 0.0, "numRate": 0.002320185614849188, "conjRate": 0.11832946635730858, "punctRate": 0.15777262180974477, "pronRate": 0.058004640371229696, "relPronRate": 0.016241299303944315, "demPronRate": 0.027842227378190254, "adposRate": 0.016241299303944315, "multiplePunctRate": 0.0, "partsDensityRate": 3.5901639344262297, "contentfulness": 8.11111111111111, "phraseRate": 0.0, "pastTenseNum": 1, "presentTenseNum": 46, "condNum": 0, "impNum": 6, "freqNum": 0, "causNum": 0, "modalNum": 3, "sg1VerbNum": 12, "sg2VerbNum": 0, "sg3VerbNum": 26, "pl1VerbNum": 14, "pl2VerbNum": 0, "pl3VerbNum": 20, "superlatNum": 0, "comparatNum": 3, "specDerivSuffixNum": 0, "pluralNounNum": 28, "pastTenseRate": 0.017241379310344827, "presentTenseRate": 0.7931034482758621, "condRate": 0.0, "impRate": 0.10344827586206896, "freqRate": 0.0, "causRate": 0.0, "modalRate": 0.05172413793103448, "sg1VerbRate": 0.20689655172413793, "sg2VerbRate": 0.0, "sg3VerbRate": 0.4482758620689655, "pl1VerbRate": 0.2413793103448276, "pl2VerbRate": 0.0, "pl3VerbRate": 0.3448275862068966, "superlatRate": 0.0, "comparatRate": 0.047619047619047616, "specDerivSuffixRate": 0.0, "pluralNounRate": 0.36363636363636365, "subjNum": 25, "objNum": 17, "attNum": 39, "subordNum": 16, "adverbNum": 39, "coordNum": 31, "clauseNum": 61, "simpleNum": 7, "complexNum": 20, "complexity1Num": 11, "complexity2Num": 5, "complexity3Num": 3, "compoundNum": 0, "subjRate": 0.058004640371229696, "objRate": 0.03944315545243619, "attRate": 0.09048723897911833, "subordRate": 0.037122969837587005, "adverbRate": 0.09048723897911833, "coordRate": 0.07192575406032482, "partsRate": 2.4754098360655736, "clauseRate": 2.259259259259259, "simpleRate": 0.25925925925925924, "complexRate": 0.7407407407407407, "complexity1Rate": 0.4074074074074074, "complexity2Rate": 0.18518518518518517, "complexity3Rate": 0.1111111111111111, "complexClauseRate": 2.7, "sentencesPerParagraph": 3.0, "wordsLengthRate": 6.421487603305785, "compoundRate": 0.0, "positiveNum": 0, "negativeNum": 0, "precoPositiveNum": 0, "precoNegativeNum": 0, "negemoNum": 0, "negationNum": 3, "functionNum": 212, "contentNum": 219, "vulgarNum": 0, "racistNum": 0, "specStyleNum": 0, "addressingNum": 0, "closingNum": 0, "postscriptNum": 0, "brutalNum": 0, "positiveRate": 0.0, "negativeRate": 0.0, "precoPositiveRate": 0.0, "precoNegativeRate": 0.0, "negemoRate": 0.0, "negationRate": 0.0069605568445475635, "functionRate": 0.4918793503480278, "contentRate": 0.5081206496519721, "vulgarRate": 0.0, "racistRate": 0.0, "specStyleRate": 0.0, "addressingRate": 0.0, "closingRate": 0.0, "postscriptRate": 0.0, "brutalRate": 0.0, "epistemicNum": 0, "investNum": 0, "conditionNum": 0, "weaselNum": 0, "peacockNum": 0, "hedgeNum": 0, "doxasticNum": 0, "epistemicRate": 0.0, "investRate": 0.0, "conditionRate": 0.0, "weaselRate": 0.0, "peacockRate": 0.0, "hedgeRate": 0.0, "doxasticRate": 0.0, "loveNum": 0, "anxietyNum": 0, "sorrowNum": 0, "joyNum": 0, "disgustNum": 0, "fearNum": 0, "surpriseNum": 0, "angerNum": 0, "loveRate": 0.0, "anxietyRate": 0.0, "sorrowRate": 0.0, "joyRate": 0.0, "disgustRate": 0.0, "fearRate": 0.0, "surpriseRate": 0.0, "angerRate": 0.0, "slangBeGeneralNum": 0, "slangBeCigaretteNum": 0, "slangBeHumanNum": 0, "slangBeVehicleNum": 0, "slangBeDrugNum": 0, "slangBvNum": 0, "slangBeGeneralRate": 0.0, "slangBeCigaretteRate": 0.0, "slangBeHumanRate": 0.0, "slangBeVehicleRate": 0.0, "slangBeDrugRate": 0.0, "slangBvRate": 0.0, "speechactNum": 0, "quoteNum": 0, "dashNum": 0, "publicNum": 0, "privateNum": 0, "suasiveNum": 0, "discMarkerNum": 0, "smileyNum": 0, "dateNum": 0, "hesitationNum": 0, "restartNum": 0, "repeatNum": 0, "conjBeforeDiscNum": 0, "conjAfterDiscNum": 0, "wordBeforeHesitationNum": 0, "wordAfterHesitationNum": 0, "otherCollocationNum": 0, "speechactRate": 0.0, "quoteRate": 0.0, "dashRate": 0.0, "publicRate": 0.0, "privateRate": 0.0, "suasiveRate": 0.0, "discMarkerRate": 0.0, "smileyRate": 0.0, "dateRate": 0.0, "hesitationRate": 0.0, "restartRate": 0.0, "repeatRate": 0.0, "conjBeforeDiscRate": 0.0, "conjAfterDiscRate": 0.0, "wordBeforeHesitationRate": 0.0, "wordAfterHesitationRate": 0.0, "otherCollocationRate": 0.0, "easyWordNum": 378, "hardWordNum": 53, "easyWordRate": 0.877030162412993, "hardWordRate": 0.12296983758700696, "fleschReadingEaseScore": 44.98711695454156, "gunningFogIndex": 6.434373120219988, "fleschKincaidGradeLevel": 10.950172724929104, "colemanLiauIndex": 16.738303944315543, "smogIndex": 10.72225461451958, "automatedReadabilityIndex": 12.571226261063849, "linsearWriteIndex": 1.2686259345192061, "author": "", "locationNameNum": 0, "locationNameRate": 0.0, "personNameNum": 0, "personNameRate": 0.0, "organizationNameNum": 0, "organizationNameRate": 0.0, "misspelledNum": 1, "misspelledRate": 0.002320185614849188, "missingAccentNum": 0, "missingAccentRate": 0.0, "foreignAccentNum": 0, "foreignAccentRate": 0.0, "wordConcatNum": 1, "wordConcatRate": 0.002320185614849188, "jLyMistakeNum": 0, "jLyMistakeRate": 0.0, "freqSuffixNum": 0, "partsNum": 151, "privateVNum": 0, "publicVNum": 0, "clauseWordNum": 61}