{"tokenNum": 327, "sentenceNum": 16, "lemmaNum": 161, "lemmaRate": 0.4923547400611621, "sentenceLength": 20.4375, "allUpperNum": 0, "firstUpperNum": 18, "allUpperRate": 0.0, "firstUpperRate": 0.05504587155963303, "declarSentNum": 16, "imperSentNum": 0, "questionNum": 0, "declarSentRate": 1.0, "imperSentRate": 0.0, "questionRate": 0.0, "accent": true, "saturation": 4.025, "paragraphNum": 6, "nounNum": 82, "verbNum": 39, "adjNum": 40, "infNum": 2, "partPastNum": 1, "partPresNum": 3, "partFutNum": 0, "transNum": 0, "xNum": 6, "advNum": 18, "properNounNum": 1, "numNum": 1, "conjNum": 38, "punctNum": 48, "pronNum": 10, "relPronNum": 1, "demPronNum": 6, "adposNum": 1, "multiplePunctNum": 0, "phraseNum": 0, "nounRate": 0.25076452599388377, "verbRate": 0.11926605504587157, "adjRate": 0.12232415902140673, "infRate": 0.0061162079510703364, "partPastRate": 0.0030581039755351682, "partPresRate": 0.009174311926605505, "partFutRate": 0.0, "transRate": 0.0, "xRate": 0.01834862385321101, "advRate": 0.05504587155963303, "properNounRate": 0.0030581039755351682, "numRate": 0.0030581039755351682, "conjRate": 0.1162079510703364, "punctRate": 0.14678899082568808, "pronRate": 0.03058103975535168, "relPronRate": 0.0030581039755351682, "demPronRate": 0.01834862385321101, "adposRate": 0.0030581039755351682, "multiplePunctRate": 0.0, "partsDensityRate": 4.475, "contentfulness": 11.1875, "phraseRate": 0.0, "pastTenseNum": 1, "presentTenseNum": 36, "condNum": 1, "impNum": 7, "freqNum": 0, "causNum": 0, "modalNum": 3, "sg1VerbNum": 2, "sg2VerbNum": 0, "sg3VerbNum": 25, "pl1VerbNum": 9, "pl2VerbNum": 0, "pl3VerbNum": 12, "superlatNum": 0, "comparatNum": 5, "specDerivSuffixNum": 0, "pluralNounNum": 28, "pastTenseRate": 0.02564102564102564, "presentTenseRate": 0.9230769230769231, "condRate": 0.02564102564102564, "impRate": 0.1794871794871795, "freqRate": 0.0, "causRate": 0.0, "modalRate": 0.07692307692307693, "sg1VerbRate": 0.05128205128205128, "sg2VerbRate": 0.0, "sg3VerbRate": 0.6410256410256411, "pl1VerbRate": 0.23076923076923078, "pl2VerbRate": 0.0, "pl3VerbRate": 0.3076923076923077, "superlatRate": 0.0, "comparatRate": 0.125, "specDerivSuffixRate": 0.0, "pluralNounRate": 0.34146341463414637, "subjNum": 15, "objNum": 22, "attNum": 33, "subordNum": 7, "adverbNum": 21, "coordNum": 31, "clauseNum": 40, "simpleNum": 2, "complexNum": 14, "complexity1Num": 10, "complexity2Num": 0, "complexity3Num": 2, "compoundNum": 0, "subjRate": 0.045871559633027525, "objRate": 0.0672782874617737, "attRate": 0.10091743119266056, "subordRate": 0.021406727828746176, "adverbRate": 0.06422018348623854, "coordRate": 0.09480122324159021, "partsRate": 3.05, "clauseRate": 2.5, "simpleRate": 0.125, "complexRate": 0.875, "complexity1Rate": 0.625, "complexity2Rate": 0.0, "complexity3Rate": 0.125, "complexClauseRate": 2.7142857142857144, "sentencesPerParagraph": 2.6666666666666665, "wordsLengthRate": 5.903225806451613, "compoundRate": 0.0, "positiveNum": 0, "negativeNum": 0, "precoPositiveNum": 0, "precoNegativeNum": 0, "negemoNum": 0, "negationNum": 5, "functionNum": 148, "contentNum": 179, "vulgarNum": 0, "racistNum": 0, "specStyleNum": 0, "addressingNum": 0, "closingNum": 0, "postscriptNum": 0, "brutalNum": 0, "positiveRate": 0.0, "negativeRate": 0.0, "precoPositiveRate": 0.0, "precoNegativeRate": 0.0, "negemoRate": 0.0, "negationRate": 0.01529051987767584, "functionRate": 0.4525993883792049, "contentRate": 0.5474006116207951, "vulgarRate": 0.0, "racistRate": 0.0, "specStyleRate": 0.0, "addressingRate": 0.0, "closingRate": 0.0, "postscriptRate": 0.0, "brutalRate": 0.0, "epistemicNum": 0, "investNum": 0, "conditionNum": 0, "weaselNum": 0, "peacockNum": 0, "hedgeNum": 0, "doxasticNum": 0, "epistemicRate": 0.0, "investRate": 0.0, "conditionRate": 0.0, "weaselRate": 0.0, "peacockRate": 0.0, "hedgeRate": 0.0, "doxasticRate": 0.0, "loveNum": 0, "anxietyNum": 0, "sorrowNum": 0, "joyNum": 0, "disgustNum": 0, "fearNum": 0, "surpriseNum": 0, "angerNum": 0, "loveRate": 0.0, "anxietyRate": 0.0, "sorrowRate": 0.0, "joyRate": 0.0, "disgustRate": 0.0, "fearRate": 0.0, "surpriseRate": 0.0, "angerRate": 0.0, "slangBeGeneralNum": 0, "slangBeCigaretteNum": 0, "slangBeHumanNum": 0, "slangBeVehicleNum": 0, "slangBeDrugNum": 0, "slangBvNum": 0, "slangBeGeneralRate": 0.0, "slangBeCigaretteRate": 0.0, "slangBeHumanRate": 0.0, "slangBeVehicleRate": 0.0, "slangBeDrugRate": 0.0, "slangBvRate": 0.0, "speechactNum": 0, "quoteNum": 2, "dashNum": 0, "publicNum": 0, "privateNum": 0, "suasiveNum": 0, "discMarkerNum": 0, "smileyNum": 0, "dateNum": 0, "hesitationNum": 0, "restartNum": 0, "repeatNum": 0, "conjBeforeDiscNum": 0, "conjAfterDiscNum": 0, "wordBeforeHesitationNum": 0, "wordAfterHesitationNum": 0, "otherCollocationNum": 0, "speechactRate": 0.0, "quoteRate": 0.0061162079510703364, "dashRate": 0.0, "publicRate": 0.0, "privateRate": 0.0, "suasiveRate": 0.0, "discMarkerRate": 0.0, "smileyRate": 0.0, "dateRate": 0.0, "hesitationRate": 0.0, "restartRate": 0.0, "repeatRate": 0.0, "conjBeforeDiscRate": 0.0, "conjAfterDiscRate": 0.0, "wordBeforeHesitationRate": 0.0, "wordAfterHesitationRate": 0.0, "otherCollocationRate": 0.0, "easyWordNum": 304, "hardWordNum": 23, "easyWordRate": 0.9296636085626911, "hardWordRate": 0.07033639143730887, "fleschReadingEaseScore": 48.971671444954154, "gunningFogIndex": 8.203134556574923, "fleschKincaidGradeLevel": 11.506007262996942, "colemanLiauIndex": 14.514440366972476, "smogIndex": 8.131152278815165, "automatedReadabilityIndex": 13.030126146788994, "linsearWriteIndex": 2.5072629969418956, "author": "", "locationNameNum": 0, "locationNameRate": 0.0, "personNameNum": 0, "personNameRate": 0.0, "organizationNameNum": 0, "organizationNameRate": 0.0, "misspelledNum": 0, "misspelledRate": 0.0, "missingAccentNum": 0, "missingAccentRate": 0.0, "foreignAccentNum": 0, "foreignAccentRate": 0.0, "wordConcatNum": 0, "wordConcatRate": 0.0, "jLyMistakeNum": 0, "jLyMistakeRate": 0.0, "freqSuffixNum": 0, "partsNum": 122, "privateVNum": 0, "publicVNum": 0, "clauseWordNum": 40}