{"tokenNum": 320, "sentenceNum": 28, "lemmaNum": 139, "lemmaRate": 0.434375, "sentenceLength": 11.428571428571429, "allUpperNum": 0, "firstUpperNum": 28, "allUpperRate": 0.0, "firstUpperRate": 0.0875, "declarSentNum": 27, "imperSentNum": 0, "questionNum": 1, "declarSentRate": 0.9642857142857143, "imperSentRate": 0.0, "questionRate": 0.03571428571428571, "accent": true, "saturation": 2.8958333333333335, "paragraphNum": 9, "nounNum": 51, "verbNum": 51, "adjNum": 36, "infNum": 10, "partPastNum": 0, "partPresNum": 1, "partFutNum": 0, "transNum": 0, "xNum": 9, "advNum": 20, "properNounNum": 0, "numNum": 0, "conjNum": 29, "punctNum": 49, "pronNum": 26, "relPronNum": 5, "demPronNum": 14, "adposNum": 1, "multiplePunctNum": 0, "phraseNum": 0, "nounRate": 0.159375, "verbRate": 0.159375, "adjRate": 0.1125, "infRate": 0.03125, "partPastRate": 0.0, "partPresRate": 0.003125, "partFutRate": 0.0, "transRate": 0.0, "xRate": 0.028125, "advRate": 0.0625, "properNounRate": 0.0, "numRate": 0.0, "conjRate": 0.090625, "punctRate": 0.153125, "pronRate": 0.08125, "relPronRate": 0.015625, "demPronRate": 0.04375, "adposRate": 0.003125, "multiplePunctRate": 0.0, "partsDensityRate": 3.2916666666666665, "contentfulness": 5.642857142857143, "phraseRate": 0.0, "pastTenseNum": 7, "presentTenseNum": 34, "condNum": 0, "impNum": 4, "freqNum": 0, "causNum": 0, "modalNum": 8, "sg1VerbNum": 17, "sg2VerbNum": 0, "sg3VerbNum": 35, "pl1VerbNum": 9, "pl2VerbNum": 4, "pl3VerbNum": 10, "superlatNum": 1, "comparatNum": 2, "specDerivSuffixNum": 0, "pluralNounNum": 9, "pastTenseRate": 0.13725490196078433, "presentTenseRate": 0.6666666666666666, "condRate": 0.0, "impRate": 0.0784313725490196, "freqRate": 0.0, "causRate": 0.0, "modalRate": 0.1568627450980392, "sg1VerbRate": 0.3333333333333333, "sg2VerbRate": 0.0, "sg3VerbRate": 0.6862745098039216, "pl1VerbRate": 0.17647058823529413, "pl2VerbRate": 0.0784313725490196, "pl3VerbRate": 0.19607843137254902, "superlatRate": 0.027777777777777776, "comparatRate": 0.05555555555555555, "specDerivSuffixRate": 0.0, "pluralNounRate": 0.17647058823529413, "subjNum": 15, "objNum": 24, "attNum": 19, "subordNum": 16, "adverbNum": 36, "coordNum": 10, "clauseNum": 48, "simpleNum": 12, "complexNum": 16, "complexity1Num": 13, "complexity2Num": 2, "complexity3Num": 1, "compoundNum": 0, "subjRate": 0.046875, "objRate": 0.075, "attRate": 0.059375, "subordRate": 0.05, "adverbRate": 0.1125, "coordRate": 0.03125, "partsRate": 2.1666666666666665, "clauseRate": 1.7142857142857142, "simpleRate": 0.42857142857142855, "complexRate": 0.5714285714285714, "complexity1Rate": 0.4642857142857143, "complexity2Rate": 0.07142857142857142, "complexity3Rate": 0.03571428571428571, "complexClauseRate": 2.25, "sentencesPerParagraph": 3.111111111111111, "wordsLengthRate": 6.250922509225092, "compoundRate": 0.0, "positiveNum": 0, "negativeNum": 0, "precoPositiveNum": 0, "precoNegativeNum": 0, "negemoNum": 0, "negationNum": 2, "functionNum": 162, "contentNum": 158, "vulgarNum": 0, "racistNum": 0, "specStyleNum": 0, "addressingNum": 0, "closingNum": 0, "postscriptNum": 0, "brutalNum": 0, "positiveRate": 0.0, "negativeRate": 0.0, "precoPositiveRate": 0.0, "precoNegativeRate": 0.0, "negemoRate": 0.0, "negationRate": 0.00625, "functionRate": 0.50625, "contentRate": 0.49375, "vulgarRate": 0.0, "racistRate": 0.0, "specStyleRate": 0.0, "addressingRate": 0.0, "closingRate": 0.0, "postscriptRate": 0.0, "brutalRate": 0.0, "epistemicNum": 0, "investNum": 0, "conditionNum": 0, "weaselNum": 0, "peacockNum": 0, "hedgeNum": 0, "doxasticNum": 0, "epistemicRate": 0.0, "investRate": 0.0, "conditionRate": 0.0, "weaselRate": 0.0, "peacockRate": 0.0, "hedgeRate": 0.0, "doxasticRate": 0.0, "loveNum": 0, "anxietyNum": 0, "sorrowNum": 0, "joyNum": 0, "disgustNum": 0, "fearNum": 0, "surpriseNum": 0, "angerNum": 0, "loveRate": 0.0, "anxietyRate": 0.0, "sorrowRate": 0.0, "joyRate": 0.0, "disgustRate": 0.0, "fearRate": 0.0, "surpriseRate": 0.0, "angerRate": 0.0, "slangBeGeneralNum": 0, "slangBeCigaretteNum": 0, "slangBeHumanNum": 0, "slangBeVehicleNum": 0, "slangBeDrugNum": 0, "slangBvNum": 0, "slangBeGeneralRate": 0.0, "slangBeCigaretteRate": 0.0, "slangBeHumanRate": 0.0, "slangBeVehicleRate": 0.0, "slangBeDrugRate": 0.0, "slangBvRate": 0.0, "speechactNum": 0, "quoteNum": 0, "dashNum": 0, "publicNum": 0, "privateNum": 0, "suasiveNum": 0, "discMarkerNum": 0, "smileyNum": 0, "dateNum": 0, "hesitationNum": 0, "restartNum": 0, "repeatNum": 0, "conjBeforeDiscNum": 0, "conjAfterDiscNum": 0, "wordBeforeHesitationNum": 0, "wordAfterHesitationNum": 0, "otherCollocationNum": 0, "speechactRate": 0.0, "quoteRate": 0.0, "dashRate": 0.0, "publicRate": 0.0, "privateRate": 0.0, "suasiveRate": 0.0, "discMarkerRate": 0.0, "smileyRate": 0.0, "dateRate": 0.0, "hesitationRate": 0.0, "restartRate": 0.0, "repeatRate": 0.0, "conjBeforeDiscRate": 0.0, "conjAfterDiscRate": 0.0, "wordBeforeHesitationRate": 0.0, "wordAfterHesitationRate": 0.0, "otherCollocationRate": 0.0, "easyWordNum": 281, "hardWordNum": 39, "easyWordRate": 0.878125, "hardWordRate": 0.121875, "fleschReadingEaseScore": 51.94375000000002, "gunningFogIndex": 4.620178571428571, "fleschKincaidGradeLevel": 8.853392857142861, "colemanLiauIndex": 15.913706249999997, "smogIndex": 9.642632912329528, "automatedReadabilityIndex": 9.644691964285716, "linsearWriteIndex": 1.1707589285714284, "author": "", "locationNameNum": 0, "locationNameRate": 0.0, "personNameNum": 0, "personNameRate": 0.0, "organizationNameNum": 0, "organizationNameRate": 0.0, "misspelledNum": 0, "misspelledRate": 0.0, "missingAccentNum": 0, "missingAccentRate": 0.0, "foreignAccentNum": 0, "foreignAccentRate": 0.0, "wordConcatNum": 0, "wordConcatRate": 0.0, "jLyMistakeNum": 0, "jLyMistakeRate": 0.0, "freqSuffixNum": 0, "partsNum": 104, "privateVNum": 0, "publicVNum": 0, "clauseWordNum": 48}