{"tokenNum": 463, "sentenceNum": 33, "lemmaNum": 184, "lemmaRate": 0.39740820734341253, "sentenceLength": 14.030303030303031, "allUpperNum": 0, "firstUpperNum": 33, "allUpperRate": 0.0, "firstUpperRate": 0.07127429805615551, "declarSentNum": 33, "imperSentNum": 0, "questionNum": 0, "declarSentRate": 1.0, "imperSentRate": 0.0, "questionRate": 0.0, "accent": true, "saturation": 2.329113924050633, "paragraphNum": 10, "nounNum": 76, "verbNum": 86, "adjNum": 32, "infNum": 24, "partPastNum": 0, "partPresNum": 0, "partFutNum": 0, "transNum": 0, "xNum": 10, "advNum": 34, "properNounNum": 0, "numNum": 0, "conjNum": 46, "punctNum": 79, "pronNum": 34, "relPronNum": 5, "demPronNum": 18, "adposNum": 2, "multiplePunctNum": 0, "phraseNum": 0, "nounRate": 0.16414686825053995, "verbRate": 0.1857451403887689, "adjRate": 0.06911447084233262, "infRate": 0.05183585313174946, "partPastRate": 0.0, "partPresRate": 0.0, "partFutRate": 0.0, "transRate": 0.0, "xRate": 0.02159827213822894, "advRate": 0.0734341252699784, "properNounRate": 0.0, "numRate": 0.0, "conjRate": 0.09935205183585313, "punctRate": 0.17062634989200864, "pronRate": 0.0734341252699784, "relPronRate": 0.01079913606911447, "demPronRate": 0.038876889848812095, "adposRate": 0.004319654427645789, "multiplePunctRate": 0.0, "partsDensityRate": 2.8860759493670884, "contentfulness": 6.909090909090909, "phraseRate": 0.0, "pastTenseNum": 11, "presentTenseNum": 51, "condNum": 0, "impNum": 0, "freqNum": 0, "causNum": 0, "modalNum": 5, "sg1VerbNum": 37, "sg2VerbNum": 0, "sg3VerbNum": 36, "pl1VerbNum": 11, "pl2VerbNum": 0, "pl3VerbNum": 18, "superlatNum": 0, "comparatNum": 9, "specDerivSuffixNum": 0, "pluralNounNum": 22, "pastTenseRate": 0.12790697674418605, "presentTenseRate": 0.5930232558139535, "condRate": 0.0, "impRate": 0.0, "freqRate": 0.0, "causRate": 0.0, "modalRate": 0.05813953488372093, "sg1VerbRate": 0.43023255813953487, "sg2VerbRate": 0.0, "sg3VerbRate": 0.4186046511627907, "pl1VerbRate": 0.12790697674418605, "pl2VerbRate": 0.0, "pl3VerbRate": 0.20930232558139536, "superlatRate": 0.0, "comparatRate": 0.28125, "specDerivSuffixRate": 0.0, "pluralNounRate": 0.2894736842105263, "subjNum": 24, "objNum": 22, "attNum": 16, "subordNum": 16, "adverbNum": 46, "coordNum": 32, "clauseNum": 79, "simpleNum": 5, "complexNum": 28, "complexity1Num": 12, "complexity2Num": 14, "complexity3Num": 2, "compoundNum": 0, "subjRate": 0.05183585313174946, "objRate": 0.047516198704103674, "attRate": 0.03455723542116631, "subordRate": 0.03455723542116631, "adverbRate": 0.09935205183585313, "coordRate": 0.06911447084233262, "partsRate": 1.7721518987341771, "clauseRate": 2.393939393939394, "simpleRate": 0.15151515151515152, "complexRate": 0.8484848484848485, "complexity1Rate": 0.36363636363636365, "complexity2Rate": 0.42424242424242425, "complexity3Rate": 0.06060606060606061, "complexClauseRate": 2.642857142857143, "sentencesPerParagraph": 3.3, "wordsLengthRate": 5.177083333333333, "compoundRate": 0.0, "positiveNum": 0, "negativeNum": 0, "precoPositiveNum": 0, "precoNegativeNum": 0, "negemoNum": 0, "negationNum": 5, "functionNum": 235, "contentNum": 228, "vulgarNum": 0, "racistNum": 0, "specStyleNum": 0, "addressingNum": 0, "closingNum": 0, "postscriptNum": 0, "brutalNum": 0, "positiveRate": 0.0, "negativeRate": 0.0, "precoPositiveRate": 0.0, "precoNegativeRate": 0.0, "negemoRate": 0.0, "negationRate": 0.01079913606911447, "functionRate": 0.5075593952483801, "contentRate": 0.4924406047516199, "vulgarRate": 0.0, "racistRate": 0.0, "specStyleRate": 0.0, "addressingRate": 0.0, "closingRate": 0.0, "postscriptRate": 0.0, "brutalRate": 0.0, "epistemicNum": 0, "investNum": 0, "conditionNum": 0, "weaselNum": 0, "peacockNum": 0, "hedgeNum": 0, "doxasticNum": 0, "epistemicRate": 0.0, "investRate": 0.0, "conditionRate": 0.0, "weaselRate": 0.0, "peacockRate": 0.0, "hedgeRate": 0.0, "doxasticRate": 0.0, "loveNum": 0, "anxietyNum": 0, "sorrowNum": 0, "joyNum": 0, "disgustNum": 0, "fearNum": 0, "surpriseNum": 0, "angerNum": 0, "loveRate": 0.0, "anxietyRate": 0.0, "sorrowRate": 0.0, "joyRate": 0.0, "disgustRate": 0.0, "fearRate": 0.0, "surpriseRate": 0.0, "angerRate": 0.0, "slangBeGeneralNum": 0, "slangBeCigaretteNum": 0, "slangBeHumanNum": 0, "slangBeVehicleNum": 0, "slangBeDrugNum": 0, "slangBvNum": 0, "slangBeGeneralRate": 0.0, "slangBeCigaretteRate": 0.0, "slangBeHumanRate": 0.0, "slangBeVehicleRate": 0.0, "slangBeDrugRate": 0.0, "slangBvRate": 0.0, "speechactNum": 0, "quoteNum": 0, "dashNum": 0, "publicNum": 0, "privateNum": 0, "suasiveNum": 0, "discMarkerNum": 0, "smileyNum": 0, "dateNum": 0, "hesitationNum": 0, "restartNum": 0, "repeatNum": 0, "conjBeforeDiscNum": 0, "conjAfterDiscNum": 0, "wordBeforeHesitationNum": 0, "wordAfterHesitationNum": 0, "otherCollocationNum": 0, "speechactRate": 0.0, "quoteRate": 0.0, "dashRate": 0.0, "publicRate": 0.0, "privateRate": 0.0, "suasiveRate": 0.0, "discMarkerRate": 0.0, "smileyRate": 0.0, "dateRate": 0.0, "hesitationRate": 0.0, "restartRate": 0.0, "repeatRate": 0.0, "conjBeforeDiscRate": 0.0, "conjAfterDiscRate": 0.0, "wordBeforeHesitationRate": 0.0, "wordAfterHesitationRate": 0.0, "otherCollocationRate": 0.0, "easyWordNum": 451, "hardWordNum": 12, "easyWordRate": 0.9740820734341252, "hardWordRate": 0.02591792656587473, "fleschReadingEaseScore": 80.95147784540873, "gunningFogIndex": 5.622488382747562, "fleschKincaidGradeLevel": 5.45374042803849, "colemanLiauIndex": 10.240455723542112, "smogIndex": 6.574015621080383, "automatedReadabilityIndex": 6.40884481968715, "linsearWriteIndex": 0.5609660318083645, "author": "", "locationNameNum": 0, "locationNameRate": 0.0, "personNameNum": 0, "personNameRate": 0.0, "organizationNameNum": 0, "organizationNameRate": 0.0, "misspelledNum": 0, "misspelledRate": 0.0, "missingAccentNum": 0, "missingAccentRate": 0.0, "foreignAccentNum": 0, "foreignAccentRate": 0.0, "wordConcatNum": 0, "wordConcatRate": 0.0, "jLyMistakeNum": 0, "jLyMistakeRate": 0.0, "freqSuffixNum": 0, "partsNum": 140, "privateVNum": 0, "publicVNum": 0, "clauseWordNum": 79}