{"tokenNum": 398, "sentenceNum": 27, "lemmaNum": 135, "lemmaRate": 0.3391959798994975, "sentenceLength": 14.74074074074074, "allUpperNum": 0, "firstUpperNum": 27, "allUpperRate": 0.0, "firstUpperRate": 0.0678391959798995, "declarSentNum": 26, "imperSentNum": 0, "questionNum": 1, "declarSentRate": 0.9629629629629629, "imperSentRate": 0.0, "questionRate": 0.037037037037037035, "accent": true, "saturation": 1.9285714285714286, "paragraphNum": 9, "nounNum": 53, "verbNum": 69, "adjNum": 34, "infNum": 16, "partPastNum": 1, "partPresNum": 1, "partFutNum": 0, "transNum": 0, "xNum": 9, "advNum": 30, "properNounNum": 0, "numNum": 2, "conjNum": 45, "punctNum": 74, "pronNum": 31, "relPronNum": 8, "demPronNum": 15, "adposNum": 2, "multiplePunctNum": 0, "phraseNum": 0, "nounRate": 0.13316582914572864, "verbRate": 0.17336683417085427, "adjRate": 0.08542713567839195, "infRate": 0.04020100502512563, "partPastRate": 0.002512562814070352, "partPresRate": 0.002512562814070352, "partFutRate": 0.0, "transRate": 0.0, "xRate": 0.022613065326633167, "advRate": 0.07537688442211055, "properNounRate": 0.0, "numRate": 0.005025125628140704, "conjRate": 0.11306532663316583, "punctRate": 0.18592964824120603, "pronRate": 0.07788944723618091, "relPronRate": 0.020100502512562814, "demPronRate": 0.03768844221105527, "adposRate": 0.005025125628140704, "multiplePunctRate": 0.0, "partsDensityRate": 2.657142857142857, "contentfulness": 6.888888888888889, "phraseRate": 0.0, "pastTenseNum": 0, "presentTenseNum": 53, "condNum": 0, "impNum": 18, "freqNum": 0, "causNum": 0, "modalNum": 2, "sg1VerbNum": 3, "sg2VerbNum": 0, "sg3VerbNum": 32, "pl1VerbNum": 29, "pl2VerbNum": 0, "pl3VerbNum": 26, "superlatNum": 0, "comparatNum": 3, "specDerivSuffixNum": 0, "pluralNounNum": 13, "pastTenseRate": 0.0, "presentTenseRate": 0.7681159420289855, "condRate": 0.0, "impRate": 0.2608695652173913, "freqRate": 0.0, "causRate": 0.0, "modalRate": 0.028985507246376812, "sg1VerbRate": 0.043478260869565216, "sg2VerbRate": 0.0, "sg3VerbRate": 0.463768115942029, "pl1VerbRate": 0.42028985507246375, "pl2VerbRate": 0.0, "pl3VerbRate": 0.37681159420289856, "superlatRate": 0.0, "comparatRate": 0.08823529411764706, "specDerivSuffixRate": 0.0, "pluralNounRate": 0.24528301886792453, "subjNum": 26, "objNum": 23, "attNum": 10, "subordNum": 27, "adverbNum": 39, "coordNum": 24, "clauseNum": 70, "simpleNum": 4, "complexNum": 23, "complexity1Num": 10, "complexity2Num": 8, "complexity3Num": 3, "compoundNum": 0, "subjRate": 0.06532663316582915, "objRate": 0.05778894472361809, "attRate": 0.02512562814070352, "subordRate": 0.0678391959798995, "adverbRate": 0.09798994974874371, "coordRate": 0.06030150753768844, "partsRate": 1.7428571428571429, "clauseRate": 2.5925925925925926, "simpleRate": 0.14814814814814814, "complexRate": 0.8518518518518519, "complexity1Rate": 0.37037037037037035, "complexity2Rate": 0.2962962962962963, "complexity3Rate": 0.1111111111111111, "complexClauseRate": 2.869565217391304, "sentencesPerParagraph": 3.0, "wordsLengthRate": 5.567901234567901, "compoundRate": 0.0, "positiveNum": 0, "negativeNum": 0, "precoPositiveNum": 0, "precoNegativeNum": 0, "negemoNum": 0, "negationNum": 11, "functionNum": 212, "contentNum": 186, "vulgarNum": 0, "racistNum": 0, "specStyleNum": 0, "addressingNum": 0, "closingNum": 0, "postscriptNum": 0, "brutalNum": 0, "positiveRate": 0.0, "negativeRate": 0.0, "precoPositiveRate": 0.0, "precoNegativeRate": 0.0, "negemoRate": 0.0, "negationRate": 0.02763819095477387, "functionRate": 0.5326633165829145, "contentRate": 0.46733668341708545, "vulgarRate": 0.0, "racistRate": 0.0, "specStyleRate": 0.0, "addressingRate": 0.0, "closingRate": 0.0, "postscriptRate": 0.0, "brutalRate": 0.0, "epistemicNum": 0, "investNum": 0, "conditionNum": 0, "weaselNum": 0, "peacockNum": 0, "hedgeNum": 0, "doxasticNum": 0, "epistemicRate": 0.0, "investRate": 0.0, "conditionRate": 0.0, "weaselRate": 0.0, "peacockRate": 0.0, "hedgeRate": 0.0, "doxasticRate": 0.0, "loveNum": 0, "anxietyNum": 0, "sorrowNum": 0, "joyNum": 0, "disgustNum": 0, "fearNum": 0, "surpriseNum": 0, "angerNum": 0, "loveRate": 0.0, "anxietyRate": 0.0, "sorrowRate": 0.0, "joyRate": 0.0, "disgustRate": 0.0, "fearRate": 0.0, "surpriseRate": 0.0, "angerRate": 0.0, "slangBeGeneralNum": 0, "slangBeCigaretteNum": 0, "slangBeHumanNum": 0, "slangBeVehicleNum": 0, "slangBeDrugNum": 0, "slangBvNum": 0, "slangBeGeneralRate": 0.0, "slangBeCigaretteRate": 0.0, "slangBeHumanRate": 0.0, "slangBeVehicleRate": 0.0, "slangBeDrugRate": 0.0, "slangBvRate": 0.0, "speechactNum": 0, "quoteNum": 0, "dashNum": 0, "publicNum": 0, "privateNum": 0, "suasiveNum": 0, "discMarkerNum": 0, "smileyNum": 0, "dateNum": 0, "hesitationNum": 0, "restartNum": 0, "repeatNum": 0, "conjBeforeDiscNum": 0, "conjAfterDiscNum": 0, "wordBeforeHesitationNum": 0, "wordAfterHesitationNum": 0, "otherCollocationNum": 0, "speechactRate": 0.0, "quoteRate": 0.0, "dashRate": 0.0, "publicRate": 0.0, "privateRate": 0.0, "suasiveRate": 0.0, "discMarkerRate": 0.0, "smileyRate": 0.0, "dateRate": 0.0, "hesitationRate": 0.0, "restartRate": 0.0, "repeatRate": 0.0, "conjBeforeDiscRate": 0.0, "conjAfterDiscRate": 0.0, "wordBeforeHesitationRate": 0.0, "wordAfterHesitationRate": 0.0, "otherCollocationRate": 0.0, "easyWordNum": 386, "hardWordNum": 12, "easyWordRate": 0.9698492462311558, "hardWordRate": 0.03015075376884422, "fleschReadingEaseScore": 76.02641447980643, "gunningFogIndex": 5.908356597803834, "fleschKincaidGradeLevel": 6.3171803461753235, "colemanLiauIndex": 11.725927135678386, "smogIndex": 6.742157984588678, "automatedReadabilityIndex": 7.9519281593150914, "linsearWriteIndex": 0.9216452633538059, "author": "", "locationNameNum": 0, "locationNameRate": 0.0, "personNameNum": 0, "personNameRate": 0.0, "organizationNameNum": 0, "organizationNameRate": 0.0, "misspelledNum": 0, "misspelledRate": 0.0, "missingAccentNum": 0, "missingAccentRate": 0.0, "foreignAccentNum": 0, "foreignAccentRate": 0.0, "wordConcatNum": 0, "wordConcatRate": 0.0, "jLyMistakeNum": 0, "jLyMistakeRate": 0.0, "freqSuffixNum": 0, "partsNum": 122, "privateVNum": 0, "publicVNum": 0, "clauseWordNum": 70}