{"tokenNum": 556, "sentenceNum": 50, "lemmaNum": 229, "lemmaRate": 0.4118705035971223, "sentenceLength": 11.12, "allUpperNum": 0, "firstUpperNum": 54, "allUpperRate": 0.0, "firstUpperRate": 0.09712230215827339, "declarSentNum": 46, "imperSentNum": 3, "questionNum": 1, "declarSentRate": 0.92, "imperSentRate": 0.06, "questionRate": 0.02, "accent": true, "saturation": 2.6941176470588237, "paragraphNum": 17, "nounNum": 95, "verbNum": 83, "adjNum": 50, "infNum": 19, "partPastNum": 1, "partPresNum": 2, "partFutNum": 0, "transNum": 0, "xNum": 17, "advNum": 47, "properNounNum": 5, "numNum": 0, "conjNum": 59, "punctNum": 87, "pronNum": 49, "relPronNum": 3, "demPronNum": 18, "adposNum": 1, "multiplePunctNum": 0, "phraseNum": 0, "nounRate": 0.17086330935251798, "verbRate": 0.14928057553956833, "adjRate": 0.08992805755395683, "infRate": 0.0341726618705036, "partPastRate": 0.0017985611510791368, "partPresRate": 0.0035971223021582736, "partFutRate": 0.0, "transRate": 0.0, "xRate": 0.030575539568345324, "advRate": 0.08453237410071943, "properNounRate": 0.008992805755395683, "numRate": 0.0, "conjRate": 0.10611510791366907, "punctRate": 0.1564748201438849, "pronRate": 0.08812949640287769, "relPronRate": 0.00539568345323741, "demPronRate": 0.03237410071942446, "adposRate": 0.0017985611510791368, "multiplePunctRate": 0.0, "partsDensityRate": 3.235294117647059, "contentfulness": 5.5, "phraseRate": 0.0, "pastTenseNum": 4, "presentTenseNum": 60, "condNum": 1, "impNum": 8, "freqNum": 0, "causNum": 0, "modalNum": 5, "sg1VerbNum": 51, "sg2VerbNum": 0, "sg3VerbNum": 43, "pl1VerbNum": 5, "pl2VerbNum": 1, "pl3VerbNum": 16, "superlatNum": 2, "comparatNum": 2, "specDerivSuffixNum": 0, "pluralNounNum": 21, "pastTenseRate": 0.04819277108433735, "presentTenseRate": 0.7228915662650602, "condRate": 0.012048192771084338, "impRate": 0.0963855421686747, "freqRate": 0.0, "causRate": 0.0, "modalRate": 0.060240963855421686, "sg1VerbRate": 0.6144578313253012, "sg2VerbRate": 0.0, "sg3VerbRate": 0.5180722891566265, "pl1VerbRate": 0.060240963855421686, "pl2VerbRate": 0.012048192771084338, "pl3VerbRate": 0.1927710843373494, "superlatRate": 0.04, "comparatRate": 0.04, "specDerivSuffixRate": 0.0, "pluralNounRate": 0.22105263157894736, "subjNum": 41, "objNum": 18, "attNum": 17, "subordNum": 20, "adverbNum": 69, "coordNum": 27, "clauseNum": 85, "simpleNum": 25, "complexNum": 25, "complexity1Num": 17, "complexity2Num": 6, "complexity3Num": 2, "compoundNum": 0, "subjRate": 0.0737410071942446, "objRate": 0.03237410071942446, "attRate": 0.030575539568345324, "subordRate": 0.03597122302158273, "adverbRate": 0.12410071942446044, "coordRate": 0.048561151079136694, "partsRate": 2.023529411764706, "clauseRate": 1.7, "simpleRate": 0.5, "complexRate": 0.5, "complexity1Rate": 0.34, "complexity2Rate": 0.12, "complexity3Rate": 0.04, "complexClauseRate": 2.4, "sentencesPerParagraph": 2.9411764705882355, "wordsLengthRate": 5.452025586353945, "compoundRate": 0.0, "positiveNum": 0, "negativeNum": 0, "precoPositiveNum": 0, "precoNegativeNum": 0, "negemoNum": 0, "negationNum": 9, "functionNum": 281, "contentNum": 275, "vulgarNum": 0, "racistNum": 0, "specStyleNum": 0, "addressingNum": 0, "closingNum": 0, "postscriptNum": 0, "brutalNum": 0, "positiveRate": 0.0, "negativeRate": 0.0, "precoPositiveRate": 0.0, "precoNegativeRate": 0.0, "negemoRate": 0.0, "negationRate": 0.01618705035971223, "functionRate": 0.5053956834532374, "contentRate": 0.49460431654676257, "vulgarRate": 0.0, "racistRate": 0.0, "specStyleRate": 0.0, "addressingRate": 0.0, "closingRate": 0.0, "postscriptRate": 0.0, "brutalRate": 0.0, "epistemicNum": 0, "investNum": 0, "conditionNum": 0, "weaselNum": 0, "peacockNum": 0, "hedgeNum": 0, "doxasticNum": 0, "epistemicRate": 0.0, "investRate": 0.0, "conditionRate": 0.0, "weaselRate": 0.0, "peacockRate": 0.0, "hedgeRate": 0.0, "doxasticRate": 0.0, "loveNum": 0, "anxietyNum": 0, "sorrowNum": 0, "joyNum": 0, "disgustNum": 0, "fearNum": 0, "surpriseNum": 0, "angerNum": 0, "loveRate": 0.0, "anxietyRate": 0.0, "sorrowRate": 0.0, "joyRate": 0.0, "disgustRate": 0.0, "fearRate": 0.0, "surpriseRate": 0.0, "angerRate": 0.0, "slangBeGeneralNum": 0, "slangBeCigaretteNum": 0, "slangBeHumanNum": 0, "slangBeVehicleNum": 0, "slangBeDrugNum": 0, "slangBvNum": 0, "slangBeGeneralRate": 0.0, "slangBeCigaretteRate": 0.0, "slangBeHumanRate": 0.0, "slangBeVehicleRate": 0.0, "slangBeDrugRate": 0.0, "slangBvRate": 0.0, "speechactNum": 0, "quoteNum": 0, "dashNum": 0, "publicNum": 0, "privateNum": 0, "suasiveNum": 0, "discMarkerNum": 0, "smileyNum": 0, "dateNum": 0, "hesitationNum": 0, "restartNum": 0, "repeatNum": 0, "conjBeforeDiscNum": 0, "conjAfterDiscNum": 0, "wordBeforeHesitationNum": 0, "wordAfterHesitationNum": 0, "otherCollocationNum": 0, "speechactRate": 0.0, "quoteRate": 0.0, "dashRate": 0.0, "publicRate": 0.0, "privateRate": 0.0, "suasiveRate": 0.0, "discMarkerRate": 0.0, "smileyRate": 0.0, "dateRate": 0.0, "hesitationRate": 0.0, "restartRate": 0.0, "repeatRate": 0.0, "conjBeforeDiscRate": 0.0, "conjAfterDiscRate": 0.0, "wordBeforeHesitationRate": 0.0, "wordAfterHesitationRate": 0.0, "otherCollocationRate": 0.0, "easyWordNum": 517, "hardWordNum": 39, "easyWordRate": 0.9298561151079137, "hardWordRate": 0.07014388489208633, "fleschReadingEaseScore": 70.16978273381298, "gunningFogIndex": 4.476057553956834, "fleschKincaidGradeLevel": 6.234569784172663, "colemanLiauIndex": 11.848830935251794, "smogIndex": 8.174460898885233, "automatedReadabilityIndex": 6.239892086330933, "linsearWriteIndex": 0.10971223021582732, "author": "", "locationNameNum": 1, "locationNameRate": 0.0017985611510791368, "personNameNum": 0, "personNameRate": 0.0, "organizationNameNum": 1, "organizationNameRate": 0.0017985611510791368, "misspelledNum": 0, "misspelledRate": 0.0, "missingAccentNum": 0, "missingAccentRate": 0.0, "foreignAccentNum": 0, "foreignAccentRate": 0.0, "wordConcatNum": 0, "wordConcatRate": 0.0, "jLyMistakeNum": 0, "jLyMistakeRate": 0.0, "freqSuffixNum": 0, "partsNum": 172, "privateVNum": 0, "publicVNum": 0, "clauseWordNum": 85}