{"tokenNum": 412, "sentenceNum": 27, "lemmaNum": 189, "lemmaRate": 0.4587378640776699, "sentenceLength": 15.25925925925926, "allUpperNum": 0, "firstUpperNum": 27, "allUpperRate": 0.0, "firstUpperRate": 0.06553398058252427, "declarSentNum": 27, "imperSentNum": 0, "questionNum": 0, "declarSentRate": 1.0, "imperSentRate": 0.0, "questionRate": 0.0, "accent": true, "saturation": 3.15, "paragraphNum": 7, "nounNum": 92, "verbNum": 57, "adjNum": 30, "infNum": 7, "partPastNum": 2, "partPresNum": 2, "partFutNum": 0, "transNum": 0, "xNum": 7, "advNum": 30, "properNounNum": 0, "numNum": 1, "conjNum": 47, "punctNum": 66, "pronNum": 16, "relPronNum": 3, "demPronNum": 9, "adposNum": 3, "multiplePunctNum": 0, "phraseNum": 0, "nounRate": 0.22330097087378642, "verbRate": 0.1383495145631068, "adjRate": 0.07281553398058252, "infRate": 0.01699029126213592, "partPastRate": 0.0048543689320388345, "partPresRate": 0.0048543689320388345, "partFutRate": 0.0, "transRate": 0.0, "xRate": 0.01699029126213592, "advRate": 0.07281553398058252, "properNounRate": 0.0, "numRate": 0.0024271844660194173, "conjRate": 0.11407766990291263, "punctRate": 0.16019417475728157, "pronRate": 0.038834951456310676, "relPronRate": 0.007281553398058253, "demPronRate": 0.021844660194174758, "adposRate": 0.007281553398058253, "multiplePunctRate": 0.0, "partsDensityRate": 3.4833333333333334, "contentfulness": 7.7407407407407405, "phraseRate": 0.0, "pastTenseNum": 10, "presentTenseNum": 40, "condNum": 0, "impNum": 12, "freqNum": 0, "causNum": 1, "modalNum": 3, "sg1VerbNum": 24, "sg2VerbNum": 0, "sg3VerbNum": 31, "pl1VerbNum": 8, "pl2VerbNum": 0, "pl3VerbNum": 6, "superlatNum": 3, "comparatNum": 1, "specDerivSuffixNum": 0, "pluralNounNum": 25, "pastTenseRate": 0.17543859649122806, "presentTenseRate": 0.7017543859649122, "condRate": 0.0, "impRate": 0.21052631578947367, "freqRate": 0.0, "causRate": 0.017543859649122806, "modalRate": 0.05263157894736842, "sg1VerbRate": 0.42105263157894735, "sg2VerbRate": 0.0, "sg3VerbRate": 0.543859649122807, "pl1VerbRate": 0.14035087719298245, "pl2VerbRate": 0.0, "pl3VerbRate": 0.10526315789473684, "superlatRate": 0.1, "comparatRate": 0.03333333333333333, "specDerivSuffixRate": 0.0, "pluralNounRate": 0.2717391304347826, "subjNum": 23, "objNum": 22, "attNum": 18, "subordNum": 16, "adverbNum": 33, "coordNum": 26, "clauseNum": 60, "simpleNum": 7, "complexNum": 20, "complexity1Num": 10, "complexity2Num": 8, "complexity3Num": 1, "compoundNum": 0, "subjRate": 0.055825242718446605, "objRate": 0.05339805825242718, "attRate": 0.043689320388349516, "subordRate": 0.038834951456310676, "adverbRate": 0.08009708737864078, "coordRate": 0.06310679611650485, "partsRate": 2.033333333333333, "clauseRate": 2.2222222222222223, "simpleRate": 0.25925925925925924, "complexRate": 0.7407407407407407, "complexity1Rate": 0.37037037037037035, "complexity2Rate": 0.2962962962962963, "complexity3Rate": 0.037037037037037035, "complexClauseRate": 2.65, "sentencesPerParagraph": 3.857142857142857, "wordsLengthRate": 5.38728323699422, "compoundRate": 0.0, "positiveNum": 0, "negativeNum": 0, "precoPositiveNum": 0, "precoNegativeNum": 0, "negemoNum": 0, "negationNum": 5, "functionNum": 203, "contentNum": 209, "vulgarNum": 0, "racistNum": 0, "specStyleNum": 0, "addressingNum": 0, "closingNum": 0, "postscriptNum": 0, "brutalNum": 0, "positiveRate": 0.0, "negativeRate": 0.0, "precoPositiveRate": 0.0, "precoNegativeRate": 0.0, "negemoRate": 0.0, "negationRate": 0.012135922330097087, "functionRate": 0.49271844660194175, "contentRate": 0.5072815533980582, "vulgarRate": 0.0, "racistRate": 0.0, "specStyleRate": 0.0, "addressingRate": 0.0, "closingRate": 0.0, "postscriptRate": 0.0, "brutalRate": 0.0, "epistemicNum": 0, "investNum": 0, "conditionNum": 0, "weaselNum": 0, "peacockNum": 0, "hedgeNum": 0, "doxasticNum": 0, "epistemicRate": 0.0, "investRate": 0.0, "conditionRate": 0.0, "weaselRate": 0.0, "peacockRate": 0.0, "hedgeRate": 0.0, "doxasticRate": 0.0, "loveNum": 0, "anxietyNum": 0, "sorrowNum": 0, "joyNum": 0, "disgustNum": 0, "fearNum": 0, "surpriseNum": 0, "angerNum": 0, "loveRate": 0.0, "anxietyRate": 0.0, "sorrowRate": 0.0, "joyRate": 0.0, "disgustRate": 0.0, "fearRate": 0.0, "surpriseRate": 0.0, "angerRate": 0.0, "slangBeGeneralNum": 0, "slangBeCigaretteNum": 0, "slangBeHumanNum": 0, "slangBeVehicleNum": 0, "slangBeDrugNum": 0, "slangBvNum": 0, "slangBeGeneralRate": 0.0, "slangBeCigaretteRate": 0.0, "slangBeHumanRate": 0.0, "slangBeVehicleRate": 0.0, "slangBeDrugRate": 0.0, "slangBvRate": 0.0, "speechactNum": 0, "quoteNum": 0, "dashNum": 0, "publicNum": 0, "privateNum": 0, "suasiveNum": 0, "discMarkerNum": 0, "smileyNum": 0, "dateNum": 0, "hesitationNum": 0, "restartNum": 0, "repeatNum": 0, "conjBeforeDiscNum": 0, "conjAfterDiscNum": 0, "wordBeforeHesitationNum": 0, "wordAfterHesitationNum": 0, "otherCollocationNum": 0, "speechactRate": 0.0, "quoteRate": 0.0, "dashRate": 0.0, "publicRate": 0.0, "privateRate": 0.0, "suasiveRate": 0.0, "discMarkerRate": 0.0, "smileyRate": 0.0, "dateRate": 0.0, "hesitationRate": 0.0, "restartRate": 0.0, "repeatRate": 0.0, "conjBeforeDiscRate": 0.0, "conjAfterDiscRate": 0.0, "wordBeforeHesitationRate": 0.0, "wordAfterHesitationRate": 0.0, "otherCollocationRate": 0.0, "easyWordNum": 387, "hardWordNum": 25, "easyWordRate": 0.9393203883495146, "hardWordRate": 0.06067961165048544, "fleschReadingEaseScore": 68.34830816253148, "gunningFogIndex": 6.1279755483638985, "fleschKincaidGradeLevel": 7.516936353829557, "colemanLiauIndex": 11.59116262135922, "smogIndex": 8.344100000000001, "automatedReadabilityIndex": 8.10341603739662, "linsearWriteIndex": 1.0451276519237687, "author": "", "locationNameNum": 0, "locationNameRate": 0.0, "personNameNum": 0, "personNameRate": 0.0, "organizationNameNum": 0, "organizationNameRate": 0.0, "misspelledNum": 1, "misspelledRate": 0.0024271844660194173, "missingAccentNum": 0, "missingAccentRate": 0.0, "foreignAccentNum": 0, "foreignAccentRate": 0.0, "wordConcatNum": 0, "wordConcatRate": 0.0, "jLyMistakeNum": 0, "jLyMistakeRate": 0.0, "freqSuffixNum": 0, "partsNum": 122, "privateVNum": 0, "publicVNum": 0, "clauseWordNum": 60}