{"tokenNum": 371, "sentenceNum": 27, "lemmaNum": 167, "lemmaRate": 0.4501347708894879, "sentenceLength": 13.74074074074074, "allUpperNum": 0, "firstUpperNum": 27, "allUpperRate": 0.0, "firstUpperRate": 0.07277628032345014, "declarSentNum": 26, "imperSentNum": 0, "questionNum": 1, "declarSentRate": 0.9629629629629629, "imperSentRate": 0.0, "questionRate": 0.037037037037037035, "accent": true, "saturation": 3.2115384615384617, "paragraphNum": 7, "nounNum": 68, "verbNum": 56, "adjNum": 44, "infNum": 21, "partPastNum": 1, "partPresNum": 3, "partFutNum": 0, "transNum": 0, "xNum": 7, "advNum": 28, "properNounNum": 0, "numNum": 1, "conjNum": 38, "punctNum": 60, "pronNum": 21, "relPronNum": 2, "demPronNum": 9, "adposNum": 3, "multiplePunctNum": 1, "phraseNum": 0, "nounRate": 0.18328840970350405, "verbRate": 0.1509433962264151, "adjRate": 0.11859838274932614, "infRate": 0.05660377358490566, "partPastRate": 0.0026954177897574125, "partPresRate": 0.008086253369272238, "partFutRate": 0.0, "transRate": 0.0, "xRate": 0.018867924528301886, "advRate": 0.07547169811320754, "properNounRate": 0.0, "numRate": 0.0026954177897574125, "conjRate": 0.10242587601078167, "punctRate": 0.16172506738544473, "pronRate": 0.05660377358490566, "relPronRate": 0.005390835579514825, "demPronRate": 0.02425876010781671, "adposRate": 0.008086253369272238, "multiplePunctRate": 0.016666666666666666, "partsDensityRate": 3.769230769230769, "contentfulness": 7.2592592592592595, "phraseRate": 0.0, "pastTenseNum": 1, "presentTenseNum": 34, "condNum": 0, "impNum": 3, "freqNum": 0, "causNum": 0, "modalNum": 2, "sg1VerbNum": 1, "sg2VerbNum": 0, "sg3VerbNum": 30, "pl1VerbNum": 28, "pl2VerbNum": 0, "pl3VerbNum": 5, "superlatNum": 0, "comparatNum": 3, "specDerivSuffixNum": 0, "pluralNounNum": 14, "pastTenseRate": 0.017857142857142856, "presentTenseRate": 0.6071428571428571, "condRate": 0.0, "impRate": 0.05357142857142857, "freqRate": 0.0, "causRate": 0.0, "modalRate": 0.03571428571428571, "sg1VerbRate": 0.017857142857142856, "sg2VerbRate": 0.0, "sg3VerbRate": 0.5357142857142857, "pl1VerbRate": 0.5, "pl2VerbRate": 0.0, "pl3VerbRate": 0.08928571428571429, "superlatRate": 0.0, "comparatRate": 0.06818181818181818, "specDerivSuffixRate": 0.0, "pluralNounRate": 0.20588235294117646, "subjNum": 20, "objNum": 19, "attNum": 23, "subordNum": 12, "adverbNum": 40, "coordNum": 24, "clauseNum": 52, "simpleNum": 10, "complexNum": 17, "complexity1Num": 10, "complexity2Num": 6, "complexity3Num": 1, "compoundNum": 0, "subjRate": 0.05390835579514825, "objRate": 0.05121293800539083, "attRate": 0.06199460916442048, "subordRate": 0.03234501347708895, "adverbRate": 0.1078167115902965, "coordRate": 0.0646900269541779, "partsRate": 2.423076923076923, "clauseRate": 1.9259259259259258, "simpleRate": 0.37037037037037035, "complexRate": 0.6296296296296297, "complexity1Rate": 0.37037037037037035, "complexity2Rate": 0.2222222222222222, "complexity3Rate": 0.037037037037037035, "complexClauseRate": 2.4705882352941178, "sentencesPerParagraph": 3.857142857142857, "wordsLengthRate": 5.762057877813505, "compoundRate": 0.0, "positiveNum": 0, "negativeNum": 0, "precoPositiveNum": 0, "precoNegativeNum": 0, "negemoNum": 0, "negationNum": 6, "functionNum": 175, "contentNum": 196, "vulgarNum": 0, "racistNum": 0, "specStyleNum": 0, "addressingNum": 0, "closingNum": 0, "postscriptNum": 0, "brutalNum": 0, "positiveRate": 0.0, "negativeRate": 0.0, "precoPositiveRate": 0.0, "precoNegativeRate": 0.0, "negemoRate": 0.0, "negationRate": 0.016172506738544475, "functionRate": 0.4716981132075472, "contentRate": 0.5283018867924528, "vulgarRate": 0.0, "racistRate": 0.0, "specStyleRate": 0.0, "addressingRate": 0.0, "closingRate": 0.0, "postscriptRate": 0.0, "brutalRate": 0.0, "epistemicNum": 0, "investNum": 0, "conditionNum": 0, "weaselNum": 0, "peacockNum": 0, "hedgeNum": 0, "doxasticNum": 0, "epistemicRate": 0.0, "investRate": 0.0, "conditionRate": 0.0, "weaselRate": 0.0, "peacockRate": 0.0, "hedgeRate": 0.0, "doxasticRate": 0.0, "loveNum": 0, "anxietyNum": 0, "sorrowNum": 0, "joyNum": 0, "disgustNum": 0, "fearNum": 0, "surpriseNum": 0, "angerNum": 0, "loveRate": 0.0, "anxietyRate": 0.0, "sorrowRate": 0.0, "joyRate": 0.0, "disgustRate": 0.0, "fearRate": 0.0, "surpriseRate": 0.0, "angerRate": 0.0, "slangBeGeneralNum": 0, "slangBeCigaretteNum": 0, "slangBeHumanNum": 0, "slangBeVehicleNum": 0, "slangBeDrugNum": 0, "slangBvNum": 0, "slangBeGeneralRate": 0.0, "slangBeCigaretteRate": 0.0, "slangBeHumanRate": 0.0, "slangBeVehicleRate": 0.0, "slangBeDrugRate": 0.0, "slangBvRate": 0.0, "speechactNum": 0, "quoteNum": 0, "dashNum": 0, "publicNum": 0, "privateNum": 0, "suasiveNum": 0, "discMarkerNum": 0, "smileyNum": 0, "dateNum": 0, "hesitationNum": 0, "restartNum": 0, "repeatNum": 0, "conjBeforeDiscNum": 0, "conjAfterDiscNum": 0, "wordBeforeHesitationNum": 0, "wordAfterHesitationNum": 0, "otherCollocationNum": 0, "speechactRate": 0.0, "quoteRate": 0.0, "dashRate": 0.0, "publicRate": 0.0, "privateRate": 0.0, "suasiveRate": 0.0, "discMarkerRate": 0.0, "smileyRate": 0.0, "dateRate": 0.0, "hesitationRate": 0.0, "restartRate": 0.0, "repeatRate": 0.0, "conjBeforeDiscRate": 0.0, "conjAfterDiscRate": 0.0, "wordBeforeHesitationRate": 0.0, "wordAfterHesitationRate": 0.0, "otherCollocationRate": 0.0, "easyWordNum": 346, "hardWordNum": 25, "easyWordRate": 0.9326145552560647, "hardWordRate": 0.0673854447439353, "fleschReadingEaseScore": 60.173323350304514, "gunningFogIndex": 5.523250474193871, "fleschKincaidGradeLevel": 8.279940101826895, "colemanLiauIndex": 13.411641509433963, "smogIndex": 8.344100000000001, "automatedReadabilityIndex": 8.79993910352401, "linsearWriteIndex": 1.066486972147349, "author": "", "locationNameNum": 0, "locationNameRate": 0.0, "personNameNum": 0, "personNameRate": 0.0, "organizationNameNum": 0, "organizationNameRate": 0.0, "misspelledNum": 0, "misspelledRate": 0.0, "missingAccentNum": 0, "missingAccentRate": 0.0, "foreignAccentNum": 0, "foreignAccentRate": 0.0, "wordConcatNum": 0, "wordConcatRate": 0.0, "jLyMistakeNum": 0, "jLyMistakeRate": 0.0, "freqSuffixNum": 0, "partsNum": 126, "privateVNum": 0, "publicVNum": 0, "clauseWordNum": 52}