{"tokenNum": 385, "sentenceNum": 28, "lemmaNum": 169, "lemmaRate": 0.43896103896103894, "sentenceLength": 13.75, "allUpperNum": 0, "firstUpperNum": 27, "allUpperRate": 0.0, "firstUpperRate": 0.07012987012987013, "declarSentNum": 26, "imperSentNum": 0, "questionNum": 2, "declarSentRate": 0.9285714285714286, "imperSentRate": 0.0, "questionRate": 0.07142857142857142, "accent": true, "saturation": 2.5223880597014925, "paragraphNum": 8, "nounNum": 59, "verbNum": 77, "adjNum": 26, "infNum": 14, "partPastNum": 0, "partPresNum": 1, "partFutNum": 0, "transNum": 0, "xNum": 8, "advNum": 36, "properNounNum": 0, "numNum": 0, "conjNum": 41, "punctNum": 69, "pronNum": 24, "relPronNum": 6, "demPronNum": 12, "adposNum": 3, "multiplePunctNum": 0, "phraseNum": 0, "nounRate": 0.15324675324675324, "verbRate": 0.2, "adjRate": 0.06753246753246753, "infRate": 0.03636363636363636, "partPastRate": 0.0, "partPresRate": 0.0025974025974025974, "partFutRate": 0.0, "transRate": 0.0, "xRate": 0.02077922077922078, "advRate": 0.09350649350649351, "properNounRate": 0.0, "numRate": 0.0, "conjRate": 0.10649350649350649, "punctRate": 0.17922077922077922, "pronRate": 0.06233766233766234, "relPronRate": 0.015584415584415584, "demPronRate": 0.03116883116883117, "adposRate": 0.007792207792207792, "multiplePunctRate": 0.0, "partsDensityRate": 2.955223880597015, "contentfulness": 7.071428571428571, "phraseRate": 0.0, "pastTenseNum": 13, "presentTenseNum": 50, "condNum": 3, "impNum": 2, "freqNum": 0, "causNum": 0, "modalNum": 8, "sg1VerbNum": 36, "sg2VerbNum": 0, "sg3VerbNum": 42, "pl1VerbNum": 3, "pl2VerbNum": 0, "pl3VerbNum": 9, "superlatNum": 1, "comparatNum": 3, "specDerivSuffixNum": 0, "pluralNounNum": 7, "pastTenseRate": 0.16883116883116883, "presentTenseRate": 0.6493506493506493, "condRate": 0.03896103896103896, "impRate": 0.025974025974025976, "freqRate": 0.0, "causRate": 0.0, "modalRate": 0.1038961038961039, "sg1VerbRate": 0.4675324675324675, "sg2VerbRate": 0.0, "sg3VerbRate": 0.5454545454545454, "pl1VerbRate": 0.03896103896103896, "pl2VerbRate": 0.0, "pl3VerbRate": 0.11688311688311688, "superlatRate": 0.038461538461538464, "comparatRate": 0.11538461538461539, "specDerivSuffixRate": 0.0, "pluralNounRate": 0.11864406779661017, "subjNum": 18, "objNum": 21, "attNum": 20, "subordNum": 19, "adverbNum": 45, "coordNum": 19, "clauseNum": 67, "simpleNum": 5, "complexNum": 23, "complexity1Num": 11, "complexity2Num": 8, "complexity3Num": 4, "compoundNum": 0, "subjRate": 0.046753246753246755, "objRate": 0.05454545454545454, "attRate": 0.05194805194805195, "subordRate": 0.04935064935064935, "adverbRate": 0.11688311688311688, "coordRate": 0.04935064935064935, "partsRate": 1.835820895522388, "clauseRate": 2.392857142857143, "simpleRate": 0.17857142857142858, "complexRate": 0.8214285714285714, "complexity1Rate": 0.39285714285714285, "complexity2Rate": 0.2857142857142857, "complexity3Rate": 0.14285714285714285, "complexClauseRate": 2.6956521739130435, "sentencesPerParagraph": 3.5, "wordsLengthRate": 5.591772151898734, "compoundRate": 0.0, "positiveNum": 0, "negativeNum": 0, "precoPositiveNum": 0, "precoNegativeNum": 0, "negemoNum": 0, "negationNum": 6, "functionNum": 187, "contentNum": 198, "vulgarNum": 0, "racistNum": 0, "specStyleNum": 0, "addressingNum": 0, "closingNum": 0, "postscriptNum": 0, "brutalNum": 0, "positiveRate": 0.0, "negativeRate": 0.0, "precoPositiveRate": 0.0, "precoNegativeRate": 0.0, "negemoRate": 0.0, "negationRate": 0.015584415584415584, "functionRate": 0.4857142857142857, "contentRate": 0.5142857142857142, "vulgarRate": 0.0, "racistRate": 0.0, "specStyleRate": 0.0, "addressingRate": 0.0, "closingRate": 0.0, "postscriptRate": 0.0, "brutalRate": 0.0, "epistemicNum": 0, "investNum": 0, "conditionNum": 0, "weaselNum": 0, "peacockNum": 0, "hedgeNum": 0, "doxasticNum": 0, "epistemicRate": 0.0, "investRate": 0.0, "conditionRate": 0.0, "weaselRate": 0.0, "peacockRate": 0.0, "hedgeRate": 0.0, "doxasticRate": 0.0, "loveNum": 0, "anxietyNum": 0, "sorrowNum": 0, "joyNum": 0, "disgustNum": 0, "fearNum": 0, "surpriseNum": 0, "angerNum": 0, "loveRate": 0.0, "anxietyRate": 0.0, "sorrowRate": 0.0, "joyRate": 0.0, "disgustRate": 0.0, "fearRate": 0.0, "surpriseRate": 0.0, "angerRate": 0.0, "slangBeGeneralNum": 0, "slangBeCigaretteNum": 0, "slangBeHumanNum": 0, "slangBeVehicleNum": 0, "slangBeDrugNum": 0, "slangBvNum": 0, "slangBeGeneralRate": 0.0, "slangBeCigaretteRate": 0.0, "slangBeHumanRate": 0.0, "slangBeVehicleRate": 0.0, "slangBeDrugRate": 0.0, "slangBvRate": 0.0, "speechactNum": 0, "quoteNum": 0, "dashNum": 0, "publicNum": 0, "privateNum": 0, "suasiveNum": 0, "discMarkerNum": 0, "smileyNum": 0, "dateNum": 0, "hesitationNum": 0, "restartNum": 0, "repeatNum": 0, "conjBeforeDiscNum": 0, "conjAfterDiscNum": 0, "wordBeforeHesitationNum": 0, "wordAfterHesitationNum": 0, "otherCollocationNum": 0, "speechactRate": 0.0, "quoteRate": 0.0, "dashRate": 0.0, "publicRate": 0.0, "privateRate": 0.0, "suasiveRate": 0.0, "discMarkerRate": 0.0, "smileyRate": 0.0, "dateRate": 0.0, "hesitationRate": 0.0, "restartRate": 0.0, "repeatRate": 0.0, "conjBeforeDiscRate": 0.0, "conjAfterDiscRate": 0.0, "wordBeforeHesitationRate": 0.0, "wordAfterHesitationRate": 0.0, "otherCollocationRate": 0.0, "easyWordNum": 355, "hardWordNum": 30, "easyWordRate": 0.922077922077922, "hardWordRate": 0.07792207792207792, "fleschReadingEaseScore": 63.451737012987024, "gunningFogIndex": 5.531168831168832, "fleschKincaidGradeLevel": 7.824967532467532, "colemanLiauIndex": 12.043418181818183, "smogIndex": 8.841846274778883, "automatedReadabilityIndex": 7.710454545454546, "linsearWriteIndex": 1.0269016697588125, "author": "", "locationNameNum": 0, "locationNameRate": 0.0, "personNameNum": 0, "personNameRate": 0.0, "organizationNameNum": 0, "organizationNameRate": 0.0, "misspelledNum": 0, "misspelledRate": 0.0, "missingAccentNum": 0, "missingAccentRate": 0.0, "foreignAccentNum": 0, "foreignAccentRate": 0.0, "wordConcatNum": 0, "wordConcatRate": 0.0, "jLyMistakeNum": 0, "jLyMistakeRate": 0.0, "freqSuffixNum": 0, "partsNum": 123, "privateVNum": 0, "publicVNum": 0, "clauseWordNum": 67}