{"tokenNum": 506, "sentenceNum": 27, "lemmaNum": 200, "lemmaRate": 0.3952569169960474, "sentenceLength": 18.74074074074074, "allUpperNum": 13, "firstUpperNum": 53, "allUpperRate": 0.025691699604743084, "firstUpperRate": 0.10474308300395258, "declarSentNum": 27, "imperSentNum": 0, "questionNum": 0, "declarSentRate": 1.0, "imperSentRate": 0.0, "questionRate": 0.0, "accent": true, "saturation": 3.076923076923077, "paragraphNum": 7, "nounNum": 126, "verbNum": 72, "adjNum": 59, "infNum": 17, "partPastNum": 0, "partPresNum": 1, "partFutNum": 0, "transNum": 0, "xNum": 7, "advNum": 22, "properNounNum": 20, "numNum": 3, "conjNum": 47, "punctNum": 71, "pronNum": 19, "relPronNum": 7, "demPronNum": 20, "adposNum": 7, "multiplePunctNum": 0, "phraseNum": 0, "nounRate": 0.2490118577075099, "verbRate": 0.1422924901185771, "adjRate": 0.116600790513834, "infRate": 0.03359683794466403, "partPastRate": 0.0, "partPresRate": 0.001976284584980237, "partFutRate": 0.0, "transRate": 0.0, "xRate": 0.01383399209486166, "advRate": 0.043478260869565216, "properNounRate": 0.039525691699604744, "numRate": 0.005928853754940711, "conjRate": 0.09288537549407115, "punctRate": 0.14031620553359683, "pronRate": 0.037549407114624504, "relPronRate": 0.01383399209486166, "demPronRate": 0.039525691699604744, "adposRate": 0.01383399209486166, "multiplePunctRate": 0.0, "partsDensityRate": 4.292307692307692, "contentfulness": 10.333333333333334, "phraseRate": 0.0, "pastTenseNum": 1, "presentTenseNum": 54, "condNum": 0, "impNum": 16, "freqNum": 0, "causNum": 0, "modalNum": 16, "sg1VerbNum": 6, "sg2VerbNum": 0, "sg3VerbNum": 40, "pl1VerbNum": 9, "pl2VerbNum": 0, "pl3VerbNum": 21, "superlatNum": 3, "comparatNum": 7, "specDerivSuffixNum": 0, "pluralNounNum": 36, "pastTenseRate": 0.013888888888888888, "presentTenseRate": 0.75, "condRate": 0.0, "impRate": 0.2222222222222222, "freqRate": 0.0, "causRate": 0.0, "modalRate": 0.2222222222222222, "sg1VerbRate": 0.08333333333333333, "sg2VerbRate": 0.0, "sg3VerbRate": 0.5555555555555556, "pl1VerbRate": 0.125, "pl2VerbRate": 0.0, "pl3VerbRate": 0.2916666666666667, "superlatRate": 0.05084745762711865, "comparatRate": 0.11864406779661017, "specDerivSuffixRate": 0.0, "pluralNounRate": 0.2857142857142857, "subjNum": 18, "objNum": 42, "attNum": 46, "subordNum": 27, "adverbNum": 28, "coordNum": 22, "clauseNum": 65, "simpleNum": 7, "complexNum": 20, "complexity1Num": 6, "complexity2Num": 10, "complexity3Num": 4, "compoundNum": 0, "subjRate": 0.03557312252964427, "objRate": 0.08300395256916997, "attRate": 0.09090909090909091, "subordRate": 0.0533596837944664, "adverbRate": 0.05533596837944664, "coordRate": 0.043478260869565216, "partsRate": 2.4, "clauseRate": 2.4074074074074074, "simpleRate": 0.25925925925925924, "complexRate": 0.7407407407407407, "complexity1Rate": 0.2222222222222222, "complexity2Rate": 0.37037037037037035, "complexity3Rate": 0.14814814814814814, "complexClauseRate": 2.9, "sentencesPerParagraph": 3.857142857142857, "wordsLengthRate": 6.360919540229885, "compoundRate": 0.0, "positiveNum": 0, "negativeNum": 0, "precoPositiveNum": 0, "precoNegativeNum": 0, "negemoNum": 0, "negationNum": 0, "functionNum": 227, "contentNum": 279, "vulgarNum": 0, "racistNum": 0, "specStyleNum": 0, "addressingNum": 0, "closingNum": 0, "postscriptNum": 0, "brutalNum": 0, "positiveRate": 0.0, "negativeRate": 0.0, "precoPositiveRate": 0.0, "precoNegativeRate": 0.0, "negemoRate": 0.0, "negationRate": 0.0, "functionRate": 0.44861660079051385, "contentRate": 0.5513833992094862, "vulgarRate": 0.0, "racistRate": 0.0, "specStyleRate": 0.0, "addressingRate": 0.0, "closingRate": 0.0, "postscriptRate": 0.0, "brutalRate": 0.0, "epistemicNum": 0, "investNum": 0, "conditionNum": 0, "weaselNum": 0, "peacockNum": 0, "hedgeNum": 0, "doxasticNum": 0, "epistemicRate": 0.0, "investRate": 0.0, "conditionRate": 0.0, "weaselRate": 0.0, "peacockRate": 0.0, "hedgeRate": 0.0, "doxasticRate": 0.0, "loveNum": 0, "anxietyNum": 0, "sorrowNum": 0, "joyNum": 0, "disgustNum": 0, "fearNum": 0, "surpriseNum": 0, "angerNum": 0, "loveRate": 0.0, "anxietyRate": 0.0, "sorrowRate": 0.0, "joyRate": 0.0, "disgustRate": 0.0, "fearRate": 0.0, "surpriseRate": 0.0, "angerRate": 0.0, "slangBeGeneralNum": 0, "slangBeCigaretteNum": 0, "slangBeHumanNum": 0, "slangBeVehicleNum": 0, "slangBeDrugNum": 0, "slangBvNum": 0, "slangBeGeneralRate": 0.0, "slangBeCigaretteRate": 0.0, "slangBeHumanRate": 0.0, "slangBeVehicleRate": 0.0, "slangBeDrugRate": 0.0, "slangBvRate": 0.0, "speechactNum": 0, "quoteNum": 0, "dashNum": 0, "publicNum": 0, "privateNum": 0, "suasiveNum": 0, "discMarkerNum": 0, "smileyNum": 0, "dateNum": 0, "hesitationNum": 0, "restartNum": 0, "repeatNum": 0, "conjBeforeDiscNum": 0, "conjAfterDiscNum": 0, "wordBeforeHesitationNum": 0, "wordAfterHesitationNum": 0, "otherCollocationNum": 0, "speechactRate": 0.0, "quoteRate": 0.0, "dashRate": 0.0, "publicRate": 0.0, "privateRate": 0.0, "suasiveRate": 0.0, "discMarkerRate": 0.0, "smileyRate": 0.0, "dateRate": 0.0, "hesitationRate": 0.0, "restartRate": 0.0, "repeatRate": 0.0, "conjBeforeDiscRate": 0.0, "conjAfterDiscRate": 0.0, "wordBeforeHesitationRate": 0.0, "wordAfterHesitationRate": 0.0, "otherCollocationRate": 0.0, "easyWordNum": 441, "hardWordNum": 65, "easyWordRate": 0.8715415019762845, "hardWordRate": 0.12845849802371542, "fleschReadingEaseScore": 42.5218438003221, "gunningFogIndex": 7.547679695505782, "fleschKincaidGradeLevel": 11.984106280193242, "colemanLiauIndex": 17.072092885375493, "smogIndex": 11.538034831475386, "automatedReadabilityIndex": 14.227010686575902, "linsearWriteIndex": 1.3020055628751281, "author": "", "locationNameNum": 0, "locationNameRate": 0.0, "personNameNum": 0, "personNameRate": 0.0, "organizationNameNum": 0, "organizationNameRate": 0.0, "misspelledNum": 0, "misspelledRate": 0.0, "missingAccentNum": 0, "missingAccentRate": 0.0, "foreignAccentNum": 0, "foreignAccentRate": 0.0, "wordConcatNum": 0, "wordConcatRate": 0.0, "jLyMistakeNum": 0, "jLyMistakeRate": 0.0, "freqSuffixNum": 0, "partsNum": 156, "privateVNum": 0, "publicVNum": 0, "clauseWordNum": 65}