{"tokenNum": 429, "sentenceNum": 34, "lemmaNum": 193, "lemmaRate": 0.44988344988344986, "sentenceLength": 12.617647058823529, "allUpperNum": 0, "firstUpperNum": 35, "allUpperRate": 0.0, "firstUpperRate": 0.08158508158508158, "declarSentNum": 33, "imperSentNum": 1, "questionNum": 0, "declarSentRate": 0.9705882352941176, "imperSentRate": 0.029411764705882353, "questionRate": 0.0, "accent": true, "saturation": 2.8805970149253732, "paragraphNum": 8, "nounNum": 91, "verbNum": 69, "adjNum": 23, "infNum": 17, "partPastNum": 0, "partPresNum": 0, "partFutNum": 0, "transNum": 1, "xNum": 13, "advNum": 30, "properNounNum": 0, "numNum": 1, "conjNum": 31, "punctNum": 75, "pronNum": 16, "relPronNum": 8, "demPronNum": 4, "adposNum": 9, "multiplePunctNum": 0, "phraseNum": 0, "nounRate": 0.21212121212121213, "verbRate": 0.16083916083916083, "adjRate": 0.053613053613053616, "infRate": 0.039627039627039624, "partPastRate": 0.0, "partPresRate": 0.0, "partFutRate": 0.0, "transRate": 0.002331002331002331, "xRate": 0.030303030303030304, "advRate": 0.06993006993006994, "properNounRate": 0.0, "numRate": 0.002331002331002331, "conjRate": 0.07226107226107226, "punctRate": 0.17482517482517482, "pronRate": 0.037296037296037296, "relPronRate": 0.018648018648018648, "demPronRate": 0.009324009324009324, "adposRate": 0.02097902097902098, "multiplePunctRate": 0.0, "partsDensityRate": 3.1791044776119404, "contentfulness": 6.264705882352941, "phraseRate": 0.0, "pastTenseNum": 0, "presentTenseNum": 52, "condNum": 0, "impNum": 17, "freqNum": 0, "causNum": 0, "modalNum": 0, "sg1VerbNum": 14, "sg2VerbNum": 5, "sg3VerbNum": 25, "pl1VerbNum": 11, "pl2VerbNum": 0, "pl3VerbNum": 15, "superlatNum": 0, "comparatNum": 1, "specDerivSuffixNum": 0, "pluralNounNum": 23, "pastTenseRate": 0.0, "presentTenseRate": 0.7536231884057971, "condRate": 0.0, "impRate": 0.2463768115942029, "freqRate": 0.0, "causRate": 0.0, "modalRate": 0.0, "sg1VerbRate": 0.2028985507246377, "sg2VerbRate": 0.07246376811594203, "sg3VerbRate": 0.36231884057971014, "pl1VerbRate": 0.15942028985507245, "pl2VerbRate": 0.0, "pl3VerbRate": 0.21739130434782608, "superlatRate": 0.0, "comparatRate": 0.043478260869565216, "specDerivSuffixRate": 0.0, "pluralNounRate": 0.25274725274725274, "subjNum": 24, "objNum": 21, "attNum": 16, "subordNum": 13, "adverbNum": 33, "coordNum": 28, "clauseNum": 67, "simpleNum": 13, "complexNum": 21, "complexity1Num": 12, "complexity2Num": 7, "complexity3Num": 1, "compoundNum": 0, "subjRate": 0.055944055944055944, "objRate": 0.04895104895104895, "attRate": 0.037296037296037296, "subordRate": 0.030303030303030304, "adverbRate": 0.07692307692307693, "coordRate": 0.06526806526806526, "partsRate": 1.8208955223880596, "clauseRate": 1.9705882352941178, "simpleRate": 0.38235294117647056, "complexRate": 0.6176470588235294, "complexity1Rate": 0.35294117647058826, "complexity2Rate": 0.20588235294117646, "complexity3Rate": 0.029411764705882353, "complexClauseRate": 2.5714285714285716, "sentencesPerParagraph": 4.25, "wordsLengthRate": 5.231638418079096, "compoundRate": 0.0, "positiveNum": 0, "negativeNum": 0, "precoPositiveNum": 0, "precoNegativeNum": 0, "negemoNum": 0, "negationNum": 9, "functionNum": 216, "contentNum": 213, "vulgarNum": 0, "racistNum": 0, "specStyleNum": 0, "addressingNum": 0, "closingNum": 0, "postscriptNum": 0, "brutalNum": 0, "positiveRate": 0.0, "negativeRate": 0.0, "precoPositiveRate": 0.0, "precoNegativeRate": 0.0, "negemoRate": 0.0, "negationRate": 0.02097902097902098, "functionRate": 0.5034965034965035, "contentRate": 0.4965034965034965, "vulgarRate": 0.0, "racistRate": 0.0, "specStyleRate": 0.0, "addressingRate": 0.0, "closingRate": 0.0, "postscriptRate": 0.0, "brutalRate": 0.0, "epistemicNum": 0, "investNum": 0, "conditionNum": 0, "weaselNum": 0, "peacockNum": 0, "hedgeNum": 0, "doxasticNum": 0, "epistemicRate": 0.0, "investRate": 0.0, "conditionRate": 0.0, "weaselRate": 0.0, "peacockRate": 0.0, "hedgeRate": 0.0, "doxasticRate": 0.0, "loveNum": 0, "anxietyNum": 0, "sorrowNum": 0, "joyNum": 0, "disgustNum": 0, "fearNum": 0, "surpriseNum": 0, "angerNum": 0, "loveRate": 0.0, "anxietyRate": 0.0, "sorrowRate": 0.0, "joyRate": 0.0, "disgustRate": 0.0, "fearRate": 0.0, "surpriseRate": 0.0, "angerRate": 0.0, "slangBeGeneralNum": 0, "slangBeCigaretteNum": 0, "slangBeHumanNum": 0, "slangBeVehicleNum": 0, "slangBeDrugNum": 0, "slangBvNum": 0, "slangBeGeneralRate": 0.0, "slangBeCigaretteRate": 0.0, "slangBeHumanRate": 0.0, "slangBeVehicleRate": 0.0, "slangBeDrugRate": 0.0, "slangBvRate": 0.0, "speechactNum": 0, "quoteNum": 0, "dashNum": 0, "publicNum": 0, "privateNum": 0, "suasiveNum": 0, "discMarkerNum": 0, "smileyNum": 0, "dateNum": 0, "hesitationNum": 0, "restartNum": 0, "repeatNum": 0, "conjBeforeDiscNum": 0, "conjAfterDiscNum": 0, "wordBeforeHesitationNum": 0, "wordAfterHesitationNum": 0, "otherCollocationNum": 0, "speechactRate": 0.0, "quoteRate": 0.0, "dashRate": 0.0, "publicRate": 0.0, "privateRate": 0.0, "suasiveRate": 0.0, "discMarkerRate": 0.0, "smileyRate": 0.0, "dateRate": 0.0, "hesitationRate": 0.0, "restartRate": 0.0, "repeatRate": 0.0, "conjBeforeDiscRate": 0.0, "conjAfterDiscRate": 0.0, "wordBeforeHesitationRate": 0.0, "wordAfterHesitationRate": 0.0, "otherCollocationRate": 0.0, "easyWordNum": 418, "hardWordNum": 11, "easyWordRate": 0.9743589743589743, "hardWordRate": 0.02564102564102564, "fleschReadingEaseScore": 75.31200431921022, "gunningFogIndex": 5.057315233785822, "fleschKincaidGradeLevel": 5.889390511449339, "colemanLiauIndex": 10.368386946386941, "smogIndex": 6.37848985222837, "automatedReadabilityIndex": 5.804837515425749, "linsearWriteIndex": 0.5014397367338543, "author": "", "locationNameNum": 0, "locationNameRate": 0.0, "personNameNum": 0, "personNameRate": 0.0, "organizationNameNum": 0, "organizationNameRate": 0.0, "misspelledNum": 0, "misspelledRate": 0.0, "missingAccentNum": 0, "missingAccentRate": 0.0, "foreignAccentNum": 0, "foreignAccentRate": 0.0, "wordConcatNum": 0, "wordConcatRate": 0.0, "jLyMistakeNum": 0, "jLyMistakeRate": 0.0, "freqSuffixNum": 0, "partsNum": 122, "privateVNum": 0, "publicVNum": 0, "clauseWordNum": 67}