{"tokenNum": 383, "sentenceNum": 23, "lemmaNum": 175, "lemmaRate": 0.45691906005221933, "sentenceLength": 16.652173913043477, "allUpperNum": 0, "firstUpperNum": 24, "allUpperRate": 0.0, "firstUpperRate": 0.06266318537859007, "declarSentNum": 23, "imperSentNum": 0, "questionNum": 0, "declarSentRate": 1.0, "imperSentRate": 0.0, "questionRate": 0.0, "accent": true, "saturation": 3.0172413793103448, "paragraphNum": 7, "nounNum": 69, "verbNum": 58, "adjNum": 42, "infNum": 13, "partPastNum": 1, "partPresNum": 2, "partFutNum": 0, "transNum": 2, "xNum": 7, "advNum": 25, "properNounNum": 0, "numNum": 0, "conjNum": 47, "punctNum": 64, "pronNum": 23, "relPronNum": 7, "demPronNum": 10, "adposNum": 2, "multiplePunctNum": 1, "phraseNum": 0, "nounRate": 0.1801566579634465, "verbRate": 0.1514360313315927, "adjRate": 0.10966057441253264, "infRate": 0.033942558746736295, "partPastRate": 0.0026109660574412533, "partPresRate": 0.005221932114882507, "partFutRate": 0.0, "transRate": 0.005221932114882507, "xRate": 0.018276762402088774, "advRate": 0.06527415143603134, "properNounRate": 0.0, "numRate": 0.0, "conjRate": 0.1227154046997389, "punctRate": 0.1671018276762402, "pronRate": 0.06005221932114883, "relPronRate": 0.018276762402088774, "demPronRate": 0.02610966057441253, "adposRate": 0.005221932114882507, "multiplePunctRate": 0.015625, "partsDensityRate": 3.3448275862068964, "contentfulness": 8.434782608695652, "phraseRate": 0.0, "pastTenseNum": 5, "presentTenseNum": 40, "condNum": 2, "impNum": 6, "freqNum": 0, "causNum": 0, "modalNum": 5, "sg1VerbNum": 20, "sg2VerbNum": 1, "sg3VerbNum": 32, "pl1VerbNum": 4, "pl2VerbNum": 0, "pl3VerbNum": 12, "superlatNum": 0, "comparatNum": 6, "specDerivSuffixNum": 0, "pluralNounNum": 14, "pastTenseRate": 0.08620689655172414, "presentTenseRate": 0.6896551724137931, "condRate": 0.034482758620689655, "impRate": 0.10344827586206896, "freqRate": 0.0, "causRate": 0.0, "modalRate": 0.08620689655172414, "sg1VerbRate": 0.3448275862068966, "sg2VerbRate": 0.017241379310344827, "sg3VerbRate": 0.5517241379310345, "pl1VerbRate": 0.06896551724137931, "pl2VerbRate": 0.0, "pl3VerbRate": 0.20689655172413793, "superlatRate": 0.0, "comparatRate": 0.14285714285714285, "specDerivSuffixRate": 0.0, "pluralNounRate": 0.2028985507246377, "subjNum": 21, "objNum": 19, "attNum": 21, "subordNum": 17, "adverbNum": 37, "coordNum": 28, "clauseNum": 58, "simpleNum": 4, "complexNum": 19, "complexity1Num": 8, "complexity2Num": 7, "complexity3Num": 3, "compoundNum": 0, "subjRate": 0.05483028720626632, "objRate": 0.04960835509138381, "attRate": 0.05483028720626632, "subordRate": 0.044386422976501305, "adverbRate": 0.09660574412532637, "coordRate": 0.0731070496083551, "partsRate": 2.1724137931034484, "clauseRate": 2.5217391304347827, "simpleRate": 0.17391304347826086, "complexRate": 0.8260869565217391, "complexity1Rate": 0.34782608695652173, "complexity2Rate": 0.30434782608695654, "complexity3Rate": 0.13043478260869565, "complexClauseRate": 2.8421052631578947, "sentencesPerParagraph": 3.2857142857142856, "wordsLengthRate": 5.739811912225705, "compoundRate": 0.0, "positiveNum": 0, "negativeNum": 0, "precoPositiveNum": 0, "precoNegativeNum": 0, "negemoNum": 0, "negationNum": 7, "functionNum": 189, "contentNum": 194, "vulgarNum": 0, "racistNum": 0, "specStyleNum": 0, "addressingNum": 0, "closingNum": 0, "postscriptNum": 0, "brutalNum": 0, "positiveRate": 0.0, "negativeRate": 0.0, "precoPositiveRate": 0.0, "precoNegativeRate": 0.0, "negemoRate": 0.0, "negationRate": 0.018276762402088774, "functionRate": 0.4934725848563969, "contentRate": 0.5065274151436031, "vulgarRate": 0.0, "racistRate": 0.0, "specStyleRate": 0.0, "addressingRate": 0.0, "closingRate": 0.0, "postscriptRate": 0.0, "brutalRate": 0.0, "epistemicNum": 0, "investNum": 0, "conditionNum": 0, "weaselNum": 0, "peacockNum": 0, "hedgeNum": 0, "doxasticNum": 0, "epistemicRate": 0.0, "investRate": 0.0, "conditionRate": 0.0, "weaselRate": 0.0, "peacockRate": 0.0, "hedgeRate": 0.0, "doxasticRate": 0.0, "loveNum": 0, "anxietyNum": 0, "sorrowNum": 0, "joyNum": 0, "disgustNum": 0, "fearNum": 0, "surpriseNum": 0, "angerNum": 0, "loveRate": 0.0, "anxietyRate": 0.0, "sorrowRate": 0.0, "joyRate": 0.0, "disgustRate": 0.0, "fearRate": 0.0, "surpriseRate": 0.0, "angerRate": 0.0, "slangBeGeneralNum": 0, "slangBeCigaretteNum": 0, "slangBeHumanNum": 0, "slangBeVehicleNum": 0, "slangBeDrugNum": 0, "slangBvNum": 0, "slangBeGeneralRate": 0.0, "slangBeCigaretteRate": 0.0, "slangBeHumanRate": 0.0, "slangBeVehicleRate": 0.0, "slangBeDrugRate": 0.0, "slangBvRate": 0.0, "speechactNum": 0, "quoteNum": 0, "dashNum": 0, "publicNum": 0, "privateNum": 0, "suasiveNum": 0, "discMarkerNum": 0, "smileyNum": 0, "dateNum": 0, "hesitationNum": 0, "restartNum": 0, "repeatNum": 0, "conjBeforeDiscNum": 0, "conjAfterDiscNum": 0, "wordBeforeHesitationNum": 0, "wordAfterHesitationNum": 0, "otherCollocationNum": 0, "speechactRate": 0.0, "quoteRate": 0.0, "dashRate": 0.0, "publicRate": 0.0, "privateRate": 0.0, "suasiveRate": 0.0, "discMarkerRate": 0.0, "smileyRate": 0.0, "dateRate": 0.0, "hesitationRate": 0.0, "restartRate": 0.0, "repeatRate": 0.0, "conjBeforeDiscRate": 0.0, "conjAfterDiscRate": 0.0, "wordBeforeHesitationRate": 0.0, "wordAfterHesitationRate": 0.0, "otherCollocationRate": 0.0, "easyWordNum": 353, "hardWordNum": 30, "easyWordRate": 0.9216710182767625, "hardWordRate": 0.0783289817232376, "fleschReadingEaseScore": 58.50484504484052, "gunningFogIndex": 6.692201157906687, "fleschKincaidGradeLevel": 9.235940515382001, "colemanLiauIndex": 13.388383812010442, "smogIndex": 8.841846274778883, "automatedReadabilityIndex": 10.237026904302418, "linsearWriteIndex": 1.4747417414008406, "author": "", "locationNameNum": 0, "locationNameRate": 0.0, "personNameNum": 0, "personNameRate": 0.0, "organizationNameNum": 0, "organizationNameRate": 0.0, "misspelledNum": 2, "misspelledRate": 0.005221932114882507, "missingAccentNum": 0, "missingAccentRate": 0.0, "foreignAccentNum": 0, "foreignAccentRate": 0.0, "wordConcatNum": 0, "wordConcatRate": 0.0, "jLyMistakeNum": 0, "jLyMistakeRate": 0.0, "freqSuffixNum": 0, "partsNum": 126, "privateVNum": 0, "publicVNum": 0, "clauseWordNum": 58}