{"tokenNum": 291, "sentenceNum": 23, "lemmaNum": 141, "lemmaRate": 0.4845360824742268, "sentenceLength": 12.652173913043478, "allUpperNum": 0, "firstUpperNum": 26, "allUpperRate": 0.0, "firstUpperRate": 0.08934707903780069, "declarSentNum": 15, "imperSentNum": 0, "questionNum": 8, "declarSentRate": 0.6521739130434783, "imperSentRate": 0.0, "questionRate": 0.34782608695652173, "accent": true, "saturation": 3.0652173913043477, "paragraphNum": 5, "nounNum": 37, "verbNum": 47, "adjNum": 13, "infNum": 6, "partPastNum": 0, "partPresNum": 1, "partFutNum": 0, "transNum": 1, "xNum": 5, "advNum": 49, "properNounNum": 3, "numNum": 0, "conjNum": 22, "punctNum": 47, "pronNum": 34, "relPronNum": 4, "demPronNum": 6, "adposNum": 4, "multiplePunctNum": 1, "phraseNum": 0, "nounRate": 0.12714776632302405, "verbRate": 0.16151202749140894, "adjRate": 0.044673539518900345, "infRate": 0.020618556701030927, "partPastRate": 0.0, "partPresRate": 0.003436426116838488, "partFutRate": 0.0, "transRate": 0.003436426116838488, "xRate": 0.01718213058419244, "advRate": 0.16838487972508592, "properNounRate": 0.010309278350515464, "numRate": 0.0, "conjRate": 0.07560137457044673, "punctRate": 0.16151202749140894, "pronRate": 0.11683848797250859, "relPronRate": 0.013745704467353952, "demPronRate": 0.020618556701030927, "adposRate": 0.013745704467353952, "multiplePunctRate": 0.02127659574468085, "partsDensityRate": 3.1739130434782608, "contentfulness": 6.3478260869565215, "phraseRate": 0.0, "pastTenseNum": 7, "presentTenseNum": 34, "condNum": 1, "impNum": 0, "freqNum": 0, "causNum": 0, "modalNum": 2, "sg1VerbNum": 31, "sg2VerbNum": 0, "sg3VerbNum": 28, "pl1VerbNum": 7, "pl2VerbNum": 3, "pl3VerbNum": 6, "superlatNum": 2, "comparatNum": 0, "specDerivSuffixNum": 0, "pluralNounNum": 6, "pastTenseRate": 0.14893617021276595, "presentTenseRate": 0.723404255319149, "condRate": 0.02127659574468085, "impRate": 0.0, "freqRate": 0.0, "causRate": 0.0, "modalRate": 0.0425531914893617, "sg1VerbRate": 0.6595744680851063, "sg2VerbRate": 0.0, "sg3VerbRate": 0.5957446808510638, "pl1VerbRate": 0.14893617021276595, "pl2VerbRate": 0.06382978723404255, "pl3VerbRate": 0.1276595744680851, "superlatRate": 0.15384615384615385, "comparatRate": 0.0, "specDerivSuffixRate": 0.0, "pluralNounRate": 0.16216216216216217, "subjNum": 21, "objNum": 15, "attNum": 6, "subordNum": 11, "adverbNum": 60, "coordNum": 10, "clauseNum": 46, "simpleNum": 10, "complexNum": 13, "complexity1Num": 5, "complexity2Num": 6, "complexity3Num": 2, "compoundNum": 0, "subjRate": 0.07216494845360824, "objRate": 0.05154639175257732, "attRate": 0.020618556701030927, "subordRate": 0.037800687285223365, "adverbRate": 0.20618556701030927, "coordRate": 0.03436426116838488, "partsRate": 2.4347826086956523, "clauseRate": 2.0, "simpleRate": 0.43478260869565216, "complexRate": 0.5652173913043478, "complexity1Rate": 0.21739130434782608, "complexity2Rate": 0.2608695652173913, "complexity3Rate": 0.08695652173913043, "complexClauseRate": 2.769230769230769, "sentencesPerParagraph": 4.6, "wordsLengthRate": 4.89344262295082, "compoundRate": 0.0, "positiveNum": 0, "negativeNum": 0, "precoPositiveNum": 0, "precoNegativeNum": 0, "negemoNum": 0, "negationNum": 8, "functionNum": 145, "contentNum": 146, "vulgarNum": 0, "racistNum": 0, "specStyleNum": 0, "addressingNum": 0, "closingNum": 0, "postscriptNum": 0, "brutalNum": 0, "positiveRate": 0.0, "negativeRate": 0.0, "precoPositiveRate": 0.0, "precoNegativeRate": 0.0, "negemoRate": 0.0, "negationRate": 0.027491408934707903, "functionRate": 0.49828178694158076, "contentRate": 0.5017182130584192, "vulgarRate": 0.0, "racistRate": 0.0, "specStyleRate": 0.0, "addressingRate": 0.0, "closingRate": 0.0, "postscriptRate": 0.0, "brutalRate": 0.0, "epistemicNum": 0, "investNum": 0, "conditionNum": 0, "weaselNum": 0, "peacockNum": 0, "hedgeNum": 0, "doxasticNum": 0, "epistemicRate": 0.0, "investRate": 0.0, "conditionRate": 0.0, "weaselRate": 0.0, "peacockRate": 0.0, "hedgeRate": 0.0, "doxasticRate": 0.0, "loveNum": 0, "anxietyNum": 0, "sorrowNum": 0, "joyNum": 0, "disgustNum": 0, "fearNum": 0, "surpriseNum": 0, "angerNum": 0, "loveRate": 0.0, "anxietyRate": 0.0, "sorrowRate": 0.0, "joyRate": 0.0, "disgustRate": 0.0, "fearRate": 0.0, "surpriseRate": 0.0, "angerRate": 0.0, "slangBeGeneralNum": 0, "slangBeCigaretteNum": 0, "slangBeHumanNum": 0, "slangBeVehicleNum": 0, "slangBeDrugNum": 0, "slangBvNum": 0, "slangBeGeneralRate": 0.0, "slangBeCigaretteRate": 0.0, "slangBeHumanRate": 0.0, "slangBeVehicleRate": 0.0, "slangBeDrugRate": 0.0, "slangBvRate": 0.0, "speechactNum": 0, "quoteNum": 0, "dashNum": 0, "publicNum": 0, "privateNum": 0, "suasiveNum": 0, "discMarkerNum": 0, "smileyNum": 0, "dateNum": 0, "hesitationNum": 0, "restartNum": 0, "repeatNum": 0, "conjBeforeDiscNum": 0, "conjAfterDiscNum": 0, "wordBeforeHesitationNum": 0, "wordAfterHesitationNum": 0, "otherCollocationNum": 0, "speechactRate": 0.0, "quoteRate": 0.0, "dashRate": 0.0, "publicRate": 0.0, "privateRate": 0.0, "suasiveRate": 0.0, "discMarkerRate": 0.0, "smileyRate": 0.0, "dateRate": 0.0, "hesitationRate": 0.0, "restartRate": 0.0, "repeatRate": 0.0, "conjBeforeDiscRate": 0.0, "conjAfterDiscRate": 0.0, "wordBeforeHesitationRate": 0.0, "wordAfterHesitationRate": 0.0, "otherCollocationRate": 0.0, "easyWordNum": 272, "hardWordNum": 19, "easyWordRate": 0.9347079037800687, "hardWordRate": 0.06529209621993128, "fleschReadingEaseScore": 77.70438368444646, "gunningFogIndex": 5.086986403705364, "fleschKincaidGradeLevel": 5.564279097564619, "colemanLiauIndex": 9.156360824742269, "smogIndex": 7.675431598112922, "automatedReadabilityIndex": 4.8528910802330785, "linsearWriteIndex": 1.4204392649036306, "author": "", "locationNameNum": 0, "locationNameRate": 0.0, "personNameNum": 0, "personNameRate": 0.0, "organizationNameNum": 0, "organizationNameRate": 0.0, "misspelledNum": 1, "misspelledRate": 0.003436426116838488, "missingAccentNum": 1, "missingAccentRate": 0.003436426116838488, "foreignAccentNum": 0, "foreignAccentRate": 0.0, "wordConcatNum": 0, "wordConcatRate": 0.0, "jLyMistakeNum": 0, "jLyMistakeRate": 0.0, "freqSuffixNum": 0, "partsNum": 112, "privateVNum": 0, "publicVNum": 0, "clauseWordNum": 46}