{"tokenNum": 336, "sentenceNum": 27, "lemmaNum": 155, "lemmaRate": 0.46130952380952384, "sentenceLength": 12.444444444444445, "allUpperNum": 0, "firstUpperNum": 27, "allUpperRate": 0.0, "firstUpperRate": 0.08035714285714286, "declarSentNum": 27, "imperSentNum": 0, "questionNum": 0, "declarSentRate": 1.0, "imperSentRate": 0.0, "questionRate": 0.0, "accent": true, "saturation": 2.719298245614035, "paragraphNum": 9, "nounNum": 56, "verbNum": 67, "adjNum": 22, "infNum": 11, "partPastNum": 0, "partPresNum": 0, "partFutNum": 0, "transNum": 2, "xNum": 9, "advNum": 25, "properNounNum": 0, "numNum": 0, "conjNum": 35, "punctNum": 59, "pronNum": 13, "relPronNum": 3, "demPronNum": 10, "adposNum": 4, "multiplePunctNum": 0, "phraseNum": 0, "nounRate": 0.16666666666666666, "verbRate": 0.19940476190476192, "adjRate": 0.06547619047619048, "infRate": 0.03273809523809524, "partPastRate": 0.0, "partPresRate": 0.0, "partFutRate": 0.0, "transRate": 0.005952380952380952, "xRate": 0.026785714285714284, "advRate": 0.0744047619047619, "properNounRate": 0.0, "numRate": 0.0, "conjRate": 0.10416666666666667, "punctRate": 0.17559523809523808, "pronRate": 0.03869047619047619, "relPronRate": 0.008928571428571428, "demPronRate": 0.02976190476190476, "adposRate": 0.011904761904761904, "multiplePunctRate": 0.0, "partsDensityRate": 2.982456140350877, "contentfulness": 6.296296296296297, "phraseRate": 0.0, "pastTenseNum": 12, "presentTenseNum": 44, "condNum": 1, "impNum": 6, "freqNum": 0, "causNum": 0, "modalNum": 0, "sg1VerbNum": 41, "sg2VerbNum": 0, "sg3VerbNum": 23, "pl1VerbNum": 2, "pl2VerbNum": 0, "pl3VerbNum": 6, "superlatNum": 0, "comparatNum": 3, "specDerivSuffixNum": 0, "pluralNounNum": 17, "pastTenseRate": 0.1791044776119403, "presentTenseRate": 0.6567164179104478, "condRate": 0.014925373134328358, "impRate": 0.08955223880597014, "freqRate": 0.0, "causRate": 0.0, "modalRate": 0.0, "sg1VerbRate": 0.6119402985074627, "sg2VerbRate": 0.0, "sg3VerbRate": 0.34328358208955223, "pl1VerbRate": 0.029850746268656716, "pl2VerbRate": 0.0, "pl3VerbRate": 0.08955223880597014, "superlatRate": 0.0, "comparatRate": 0.13636363636363635, "specDerivSuffixRate": 0.0, "pluralNounRate": 0.30357142857142855, "subjNum": 11, "objNum": 21, "attNum": 13, "subordNum": 19, "adverbNum": 31, "coordNum": 16, "clauseNum": 57, "simpleNum": 5, "complexNum": 22, "complexity1Num": 15, "complexity2Num": 6, "complexity3Num": 1, "compoundNum": 0, "subjRate": 0.03273809523809524, "objRate": 0.0625, "attRate": 0.03869047619047619, "subordRate": 0.05654761904761905, "adverbRate": 0.09226190476190477, "coordRate": 0.047619047619047616, "partsRate": 1.6140350877192982, "clauseRate": 2.111111111111111, "simpleRate": 0.18518518518518517, "complexRate": 0.8148148148148148, "complexity1Rate": 0.5555555555555556, "complexity2Rate": 0.2222222222222222, "complexity3Rate": 0.037037037037037035, "complexClauseRate": 2.3636363636363638, "sentencesPerParagraph": 3.0, "wordsLengthRate": 5.407942238267148, "compoundRate": 0.0, "positiveNum": 0, "negativeNum": 0, "precoPositiveNum": 0, "precoNegativeNum": 0, "negemoNum": 0, "negationNum": 5, "functionNum": 166, "contentNum": 170, "vulgarNum": 0, "racistNum": 0, "specStyleNum": 0, "addressingNum": 0, "closingNum": 0, "postscriptNum": 0, "brutalNum": 0, "positiveRate": 0.0, "negativeRate": 0.0, "precoPositiveRate": 0.0, "precoNegativeRate": 0.0, "negemoRate": 0.0, "negationRate": 0.01488095238095238, "functionRate": 0.49404761904761907, "contentRate": 0.5059523809523809, "vulgarRate": 0.0, "racistRate": 0.0, "specStyleRate": 0.0, "addressingRate": 0.0, "closingRate": 0.0, "postscriptRate": 0.0, "brutalRate": 0.0, "epistemicNum": 0, "investNum": 0, "conditionNum": 0, "weaselNum": 0, "peacockNum": 0, "hedgeNum": 0, "doxasticNum": 0, "epistemicRate": 0.0, "investRate": 0.0, "conditionRate": 0.0, "weaselRate": 0.0, "peacockRate": 0.0, "hedgeRate": 0.0, "doxasticRate": 0.0, "loveNum": 0, "anxietyNum": 0, "sorrowNum": 0, "joyNum": 0, "disgustNum": 0, "fearNum": 0, "surpriseNum": 0, "angerNum": 0, "loveRate": 0.0, "anxietyRate": 0.0, "sorrowRate": 0.0, "joyRate": 0.0, "disgustRate": 0.0, "fearRate": 0.0, "surpriseRate": 0.0, "angerRate": 0.0, "slangBeGeneralNum": 0, "slangBeCigaretteNum": 0, "slangBeHumanNum": 0, "slangBeVehicleNum": 0, "slangBeDrugNum": 0, "slangBvNum": 0, "slangBeGeneralRate": 0.0, "slangBeCigaretteRate": 0.0, "slangBeHumanRate": 0.0, "slangBeVehicleRate": 0.0, "slangBeDrugRate": 0.0, "slangBvRate": 0.0, "speechactNum": 0, "quoteNum": 0, "dashNum": 0, "publicNum": 0, "privateNum": 0, "suasiveNum": 0, "discMarkerNum": 0, "smileyNum": 0, "dateNum": 0, "hesitationNum": 0, "restartNum": 0, "repeatNum": 0, "conjBeforeDiscNum": 0, "conjAfterDiscNum": 0, "wordBeforeHesitationNum": 0, "wordAfterHesitationNum": 0, "otherCollocationNum": 0, "speechactRate": 0.0, "quoteRate": 0.0, "dashRate": 0.0, "publicRate": 0.0, "privateRate": 0.0, "suasiveRate": 0.0, "discMarkerRate": 0.0, "smileyRate": 0.0, "dateRate": 0.0, "hesitationRate": 0.0, "restartRate": 0.0, "repeatRate": 0.0, "conjBeforeDiscRate": 0.0, "conjAfterDiscRate": 0.0, "wordBeforeHesitationRate": 0.0, "wordAfterHesitationRate": 0.0, "otherCollocationRate": 0.0, "easyWordNum": 322, "hardWordNum": 14, "easyWordRate": 0.9583333333333334, "hardWordRate": 0.041666666666666664, "fleschReadingEaseScore": 78.13067460317464, "gunningFogIndex": 4.9944444444444445, "fleschKincaidGradeLevel": 5.453214285714285, "colemanLiauIndex": 11.1780625, "smogIndex": 7.03164865440522, "automatedReadabilityIndex": 6.365704365079367, "linsearWriteIndex": 0.9565696649029982, "author": "", "locationNameNum": 0, "locationNameRate": 0.0, "personNameNum": 0, "personNameRate": 0.0, "organizationNameNum": 0, "organizationNameRate": 0.0, "misspelledNum": 1, "misspelledRate": 0.002976190476190476, "missingAccentNum": 0, "missingAccentRate": 0.0, "foreignAccentNum": 0, "foreignAccentRate": 0.0, "wordConcatNum": 0, "wordConcatRate": 0.0, "jLyMistakeNum": 0, "jLyMistakeRate": 0.0, "freqSuffixNum": 0, "partsNum": 92, "privateVNum": 0, "publicVNum": 0, "clauseWordNum": 57}