{"tokenNum": 424, "sentenceNum": 28, "lemmaNum": 184, "lemmaRate": 0.4339622641509434, "sentenceLength": 15.142857142857142, "allUpperNum": 0, "firstUpperNum": 28, "allUpperRate": 0.0, "firstUpperRate": 0.0660377358490566, "declarSentNum": 28, "imperSentNum": 0, "questionNum": 0, "declarSentRate": 1.0, "imperSentRate": 0.0, "questionRate": 0.0, "accent": true, "saturation": 3.5384615384615383, "paragraphNum": 6, "nounNum": 107, "verbNum": 49, "adjNum": 29, "infNum": 6, "partPastNum": 4, "partPresNum": 1, "partFutNum": 0, "transNum": 3, "xNum": 6, "advNum": 35, "properNounNum": 0, "numNum": 0, "conjNum": 25, "punctNum": 71, "pronNum": 18, "relPronNum": 11, "demPronNum": 7, "adposNum": 3, "multiplePunctNum": 0, "phraseNum": 0, "nounRate": 0.25235849056603776, "verbRate": 0.11556603773584906, "adjRate": 0.06839622641509434, "infRate": 0.014150943396226415, "partPastRate": 0.009433962264150943, "partPresRate": 0.0023584905660377358, "partFutRate": 0.0, "transRate": 0.007075471698113208, "xRate": 0.014150943396226415, "advRate": 0.08254716981132075, "properNounRate": 0.0, "numRate": 0.0, "conjRate": 0.0589622641509434, "punctRate": 0.16745283018867924, "pronRate": 0.04245283018867924, "relPronRate": 0.025943396226415096, "demPronRate": 0.01650943396226415, "adposRate": 0.007075471698113208, "multiplePunctRate": 0.0, "partsDensityRate": 4.230769230769231, "contentfulness": 7.857142857142857, "phraseRate": 0.0, "pastTenseNum": 2, "presentTenseNum": 41, "condNum": 1, "impNum": 0, "freqNum": 0, "causNum": 0, "modalNum": 2, "sg1VerbNum": 22, "sg2VerbNum": 0, "sg3VerbNum": 30, "pl1VerbNum": 1, "pl2VerbNum": 0, "pl3VerbNum": 11, "superlatNum": 1, "comparatNum": 1, "specDerivSuffixNum": 0, "pluralNounNum": 15, "pastTenseRate": 0.04081632653061224, "presentTenseRate": 0.8367346938775511, "condRate": 0.02040816326530612, "impRate": 0.0, "freqRate": 0.0, "causRate": 0.0, "modalRate": 0.04081632653061224, "sg1VerbRate": 0.4489795918367347, "sg2VerbRate": 0.0, "sg3VerbRate": 0.6122448979591837, "pl1VerbRate": 0.02040816326530612, "pl2VerbRate": 0.0, "pl3VerbRate": 0.22448979591836735, "superlatRate": 0.034482758620689655, "comparatRate": 0.034482758620689655, "specDerivSuffixRate": 0.0, "pluralNounRate": 0.14018691588785046, "subjNum": 27, "objNum": 20, "attNum": 18, "subordNum": 13, "adverbNum": 48, "coordNum": 31, "clauseNum": 52, "simpleNum": 13, "complexNum": 15, "complexity1Num": 9, "complexity2Num": 5, "complexity3Num": 0, "compoundNum": 0, "subjRate": 0.06367924528301887, "objRate": 0.04716981132075472, "attRate": 0.04245283018867924, "subordRate": 0.030660377358490566, "adverbRate": 0.11320754716981132, "coordRate": 0.07311320754716981, "partsRate": 2.769230769230769, "clauseRate": 1.8571428571428572, "simpleRate": 0.4642857142857143, "complexRate": 0.5357142857142857, "complexity1Rate": 0.32142857142857145, "complexity2Rate": 0.17857142857142858, "complexity3Rate": 0.0, "complexClauseRate": 2.6, "sentencesPerParagraph": 4.666666666666667, "wordsLengthRate": 5.484419263456091, "compoundRate": 0.0, "positiveNum": 0, "negativeNum": 0, "precoPositiveNum": 0, "precoNegativeNum": 0, "negemoNum": 0, "negationNum": 8, "functionNum": 204, "contentNum": 220, "vulgarNum": 0, "racistNum": 0, "specStyleNum": 0, "addressingNum": 0, "closingNum": 0, "postscriptNum": 0, "brutalNum": 0, "positiveRate": 0.0, "negativeRate": 0.0, "precoPositiveRate": 0.0, "precoNegativeRate": 0.0, "negemoRate": 0.0, "negationRate": 0.018867924528301886, "functionRate": 0.4811320754716981, "contentRate": 0.5188679245283019, "vulgarRate": 0.0, "racistRate": 0.0, "specStyleRate": 0.0, "addressingRate": 0.0, "closingRate": 0.0, "postscriptRate": 0.0, "brutalRate": 0.0, "epistemicNum": 0, "investNum": 0, "conditionNum": 0, "weaselNum": 0, "peacockNum": 0, "hedgeNum": 0, "doxasticNum": 0, "epistemicRate": 0.0, "investRate": 0.0, "conditionRate": 0.0, "weaselRate": 0.0, "peacockRate": 0.0, "hedgeRate": 0.0, "doxasticRate": 0.0, "loveNum": 0, "anxietyNum": 0, "sorrowNum": 0, "joyNum": 0, "disgustNum": 0, "fearNum": 0, "surpriseNum": 0, "angerNum": 0, "loveRate": 0.0, "anxietyRate": 0.0, "sorrowRate": 0.0, "joyRate": 0.0, "disgustRate": 0.0, "fearRate": 0.0, "surpriseRate": 0.0, "angerRate": 0.0, "slangBeGeneralNum": 0, "slangBeCigaretteNum": 0, "slangBeHumanNum": 0, "slangBeVehicleNum": 0, "slangBeDrugNum": 0, "slangBvNum": 0, "slangBeGeneralRate": 0.0, "slangBeCigaretteRate": 0.0, "slangBeHumanRate": 0.0, "slangBeVehicleRate": 0.0, "slangBeDrugRate": 0.0, "slangBvRate": 0.0, "speechactNum": 0, "quoteNum": 0, "dashNum": 0, "publicNum": 0, "privateNum": 0, "suasiveNum": 0, "discMarkerNum": 0, "smileyNum": 0, "dateNum": 0, "hesitationNum": 0, "restartNum": 1, "repeatNum": 0, "conjBeforeDiscNum": 0, "conjAfterDiscNum": 0, "wordBeforeHesitationNum": 0, "wordAfterHesitationNum": 0, "otherCollocationNum": 0, "speechactRate": 0.0, "quoteRate": 0.0, "dashRate": 0.0, "publicRate": 0.0, "privateRate": 0.0, "suasiveRate": 0.0, "discMarkerRate": 0.0, "smileyRate": 0.0, "dateRate": 0.0, "hesitationRate": 0.0, "restartRate": 0.0023584905660377358, "repeatRate": 0.0, "conjBeforeDiscRate": 0.0, "conjAfterDiscRate": 0.0, "wordBeforeHesitationRate": 0.0, "wordAfterHesitationRate": 0.0, "otherCollocationRate": 0.0, "easyWordNum": 395, "hardWordNum": 29, "easyWordRate": 0.9316037735849056, "hardWordRate": 0.06839622641509434, "fleschReadingEaseScore": 62.3701886792453, "gunningFogIndex": 6.084501347708895, "fleschKincaidGradeLevel": 8.321846361185983, "colemanLiauIndex": 11.913363207547167, "smogIndex": 8.745826893841286, "automatedReadabilityIndex": 8.302867250673856, "linsearWriteIndex": 1.0047169811320757, "author": "", "locationNameNum": 0, "locationNameRate": 0.0, "personNameNum": 0, "personNameRate": 0.0, "organizationNameNum": 0, "organizationNameRate": 0.0, "misspelledNum": 0, "misspelledRate": 0.0, "missingAccentNum": 0, "missingAccentRate": 0.0, "foreignAccentNum": 0, "foreignAccentRate": 0.0, "wordConcatNum": 0, "wordConcatRate": 0.0, "jLyMistakeNum": 0, "jLyMistakeRate": 0.0, "freqSuffixNum": 0, "partsNum": 144, "privateVNum": 0, "publicVNum": 0, "clauseWordNum": 52}