{"tokenNum": 369, "sentenceNum": 31, "lemmaNum": 161, "lemmaRate": 0.4363143631436314, "sentenceLength": 11.903225806451612, "allUpperNum": 0, "firstUpperNum": 31, "allUpperRate": 0.0, "firstUpperRate": 0.08401084010840108, "declarSentNum": 31, "imperSentNum": 0, "questionNum": 0, "declarSentRate": 1.0, "imperSentRate": 0.0, "questionRate": 0.0, "accent": true, "saturation": 2.3, "paragraphNum": 8, "nounNum": 48, "verbNum": 86, "adjNum": 11, "infNum": 20, "partPastNum": 0, "partPresNum": 0, "partFutNum": 0, "transNum": 0, "xNum": 8, "advNum": 56, "properNounNum": 0, "numNum": 0, "conjNum": 26, "punctNum": 70, "pronNum": 25, "relPronNum": 12, "demPronNum": 7, "adposNum": 1, "multiplePunctNum": 0, "phraseNum": 0, "nounRate": 0.13008130081300814, "verbRate": 0.23306233062330622, "adjRate": 0.02981029810298103, "infRate": 0.05420054200542006, "partPastRate": 0.0, "partPresRate": 0.0, "partFutRate": 0.0, "transRate": 0.0, "xRate": 0.02168021680216802, "advRate": 0.15176151761517614, "properNounRate": 0.0, "numRate": 0.0, "conjRate": 0.07046070460704607, "punctRate": 0.1897018970189702, "pronRate": 0.06775067750677506, "relPronRate": 0.032520325203252036, "demPronRate": 0.018970189701897018, "adposRate": 0.0027100271002710027, "multiplePunctRate": 0.0, "partsDensityRate": 2.8714285714285714, "contentfulness": 6.483870967741935, "phraseRate": 0.0, "pastTenseNum": 21, "presentTenseNum": 48, "condNum": 6, "impNum": 0, "freqNum": 0, "causNum": 0, "modalNum": 1, "sg1VerbNum": 53, "sg2VerbNum": 0, "sg3VerbNum": 34, "pl1VerbNum": 1, "pl2VerbNum": 0, "pl3VerbNum": 10, "superlatNum": 0, "comparatNum": 0, "specDerivSuffixNum": 0, "pluralNounNum": 17, "pastTenseRate": 0.2441860465116279, "presentTenseRate": 0.5581395348837209, "condRate": 0.06976744186046512, "impRate": 0.0, "freqRate": 0.0, "causRate": 0.0, "modalRate": 0.011627906976744186, "sg1VerbRate": 0.6162790697674418, "sg2VerbRate": 0.0, "sg3VerbRate": 0.3953488372093023, "pl1VerbRate": 0.011627906976744186, "pl2VerbRate": 0.0, "pl3VerbRate": 0.11627906976744186, "superlatRate": 0.0, "comparatRate": 0.0, "specDerivSuffixRate": 0.0, "pluralNounRate": 0.3541666666666667, "subjNum": 22, "objNum": 22, "attNum": 6, "subordNum": 18, "adverbNum": 55, "coordNum": 19, "clauseNum": 70, "simpleNum": 4, "complexNum": 27, "complexity1Num": 19, "complexity2Num": 6, "complexity3Num": 1, "compoundNum": 0, "subjRate": 0.05962059620596206, "objRate": 0.05962059620596206, "attRate": 0.016260162601626018, "subordRate": 0.04878048780487805, "adverbRate": 0.14905149051490515, "coordRate": 0.051490514905149054, "partsRate": 1.7714285714285714, "clauseRate": 2.2580645161290325, "simpleRate": 0.12903225806451613, "complexRate": 0.8709677419354839, "complexity1Rate": 0.6129032258064516, "complexity2Rate": 0.1935483870967742, "complexity3Rate": 0.03225806451612903, "complexClauseRate": 2.4444444444444446, "sentencesPerParagraph": 3.875, "wordsLengthRate": 5.214046822742475, "compoundRate": 0.0, "positiveNum": 0, "negativeNum": 0, "precoPositiveNum": 0, "precoNegativeNum": 0, "negemoNum": 0, "negationNum": 11, "functionNum": 168, "contentNum": 201, "vulgarNum": 0, "racistNum": 0, "specStyleNum": 0, "addressingNum": 0, "closingNum": 0, "postscriptNum": 0, "brutalNum": 0, "positiveRate": 0.0, "negativeRate": 0.0, "precoPositiveRate": 0.0, "precoNegativeRate": 0.0, "negemoRate": 0.0, "negationRate": 0.02981029810298103, "functionRate": 0.45528455284552843, "contentRate": 0.5447154471544715, "vulgarRate": 0.0, "racistRate": 0.0, "specStyleRate": 0.0, "addressingRate": 0.0, "closingRate": 0.0, "postscriptRate": 0.0, "brutalRate": 0.0, "epistemicNum": 0, "investNum": 0, "conditionNum": 0, "weaselNum": 0, "peacockNum": 0, "hedgeNum": 0, "doxasticNum": 0, "epistemicRate": 0.0, "investRate": 0.0, "conditionRate": 0.0, "weaselRate": 0.0, "peacockRate": 0.0, "hedgeRate": 0.0, "doxasticRate": 0.0, "loveNum": 0, "anxietyNum": 0, "sorrowNum": 0, "joyNum": 0, "disgustNum": 0, "fearNum": 0, "surpriseNum": 0, "angerNum": 0, "loveRate": 0.0, "anxietyRate": 0.0, "sorrowRate": 0.0, "joyRate": 0.0, "disgustRate": 0.0, "fearRate": 0.0, "surpriseRate": 0.0, "angerRate": 0.0, "slangBeGeneralNum": 0, "slangBeCigaretteNum": 0, "slangBeHumanNum": 0, "slangBeVehicleNum": 0, "slangBeDrugNum": 0, "slangBvNum": 0, "slangBeGeneralRate": 0.0, "slangBeCigaretteRate": 0.0, "slangBeHumanRate": 0.0, "slangBeVehicleRate": 0.0, "slangBeDrugRate": 0.0, "slangBvRate": 0.0, "speechactNum": 0, "quoteNum": 0, "dashNum": 0, "publicNum": 0, "privateNum": 0, "suasiveNum": 0, "discMarkerNum": 0, "smileyNum": 0, "dateNum": 0, "hesitationNum": 0, "restartNum": 0, "repeatNum": 0, "conjBeforeDiscNum": 0, "conjAfterDiscNum": 0, "wordBeforeHesitationNum": 0, "wordAfterHesitationNum": 0, "otherCollocationNum": 0, "speechactRate": 0.0, "quoteRate": 0.0, "dashRate": 0.0, "publicRate": 0.0, "privateRate": 0.0, "suasiveRate": 0.0, "discMarkerRate": 0.0, "smileyRate": 0.0, "dateRate": 0.0, "hesitationRate": 0.0, "restartRate": 0.0, "repeatRate": 0.0, "conjBeforeDiscRate": 0.0, "conjAfterDiscRate": 0.0, "wordBeforeHesitationRate": 0.0, "wordAfterHesitationRate": 0.0, "otherCollocationRate": 0.0, "easyWordNum": 364, "hardWordNum": 5, "easyWordRate": 0.986449864498645, "hardWordRate": 0.013550135501355014, "fleschReadingEaseScore": 83.09956726986626, "gunningFogIndex": 4.7667103767811865, "fleschKincaidGradeLevel": 4.625699798933475, "colemanLiauIndex": 9.946550135501354, "smogIndex": 5.4233941145090725, "automatedReadabilityIndex": 5.1103120902176755, "linsearWriteIndex": 0.6216452487105515, "author": "", "locationNameNum": 0, "locationNameRate": 0.0, "personNameNum": 0, "personNameRate": 0.0, "organizationNameNum": 0, "organizationNameRate": 0.0, "misspelledNum": 1, "misspelledRate": 0.0027100271002710027, "missingAccentNum": 0, "missingAccentRate": 0.0, "foreignAccentNum": 0, "foreignAccentRate": 0.0, "wordConcatNum": 0, "wordConcatRate": 0.0, "jLyMistakeNum": 0, "jLyMistakeRate": 0.0, "freqSuffixNum": 0, "partsNum": 124, "privateVNum": 0, "publicVNum": 0, "clauseWordNum": 70}