{"tokenNum": 498, "sentenceNum": 36, "lemmaNum": 187, "lemmaRate": 0.3755020080321285, "sentenceLength": 13.833333333333334, "allUpperNum": 0, "firstUpperNum": 44, "allUpperRate": 0.0, "firstUpperRate": 0.08835341365461848, "declarSentNum": 35, "imperSentNum": 0, "questionNum": 1, "declarSentRate": 0.9722222222222222, "imperSentRate": 0.0, "questionRate": 0.027777777777777776, "accent": true, "saturation": 2.077777777777778, "paragraphNum": 6, "nounNum": 75, "verbNum": 81, "adjNum": 47, "infNum": 17, "partPastNum": 0, "partPresNum": 2, "partFutNum": 0, "transNum": 0, "xNum": 13, "advNum": 32, "properNounNum": 0, "numNum": 3, "conjNum": 48, "punctNum": 93, "pronNum": 40, "relPronNum": 11, "demPronNum": 16, "adposNum": 2, "multiplePunctNum": 0, "phraseNum": 0, "nounRate": 0.15060240963855423, "verbRate": 0.16265060240963855, "adjRate": 0.09437751004016064, "infRate": 0.03413654618473896, "partPastRate": 0.0, "partPresRate": 0.004016064257028112, "partFutRate": 0.0, "transRate": 0.0, "xRate": 0.02610441767068273, "advRate": 0.0642570281124498, "properNounRate": 0.0, "numRate": 0.006024096385542169, "conjRate": 0.0963855421686747, "punctRate": 0.18674698795180722, "pronRate": 0.08032128514056225, "relPronRate": 0.02208835341365462, "demPronRate": 0.0321285140562249, "adposRate": 0.004016064257028112, "multiplePunctRate": 0.0, "partsDensityRate": 2.611111111111111, "contentfulness": 6.527777777777778, "phraseRate": 0.0, "pastTenseNum": 1, "presentTenseNum": 63, "condNum": 0, "impNum": 15, "freqNum": 0, "causNum": 1, "modalNum": 5, "sg1VerbNum": 3, "sg2VerbNum": 1, "sg3VerbNum": 43, "pl1VerbNum": 46, "pl2VerbNum": 0, "pl3VerbNum": 20, "superlatNum": 1, "comparatNum": 6, "specDerivSuffixNum": 0, "pluralNounNum": 19, "pastTenseRate": 0.012345679012345678, "presentTenseRate": 0.7777777777777778, "condRate": 0.0, "impRate": 0.18518518518518517, "freqRate": 0.0, "causRate": 0.012345679012345678, "modalRate": 0.06172839506172839, "sg1VerbRate": 0.037037037037037035, "sg2VerbRate": 0.012345679012345678, "sg3VerbRate": 0.5308641975308642, "pl1VerbRate": 0.5679012345679012, "pl2VerbRate": 0.0, "pl3VerbRate": 0.24691358024691357, "superlatRate": 0.02127659574468085, "comparatRate": 0.1276595744680851, "specDerivSuffixRate": 0.0, "pluralNounRate": 0.25333333333333335, "subjNum": 28, "objNum": 24, "attNum": 18, "subordNum": 30, "adverbNum": 46, "coordNum": 28, "clauseNum": 90, "simpleNum": 6, "complexNum": 30, "complexity1Num": 11, "complexity2Num": 14, "complexity3Num": 5, "compoundNum": 0, "subjRate": 0.05622489959839357, "objRate": 0.04819277108433735, "attRate": 0.03614457831325301, "subordRate": 0.060240963855421686, "adverbRate": 0.09236947791164658, "coordRate": 0.05622489959839357, "partsRate": 1.6, "clauseRate": 2.5, "simpleRate": 0.16666666666666666, "complexRate": 0.8333333333333334, "complexity1Rate": 0.3055555555555556, "complexity2Rate": 0.3888888888888889, "complexity3Rate": 0.1388888888888889, "complexClauseRate": 2.8, "sentencesPerParagraph": 6.0, "wordsLengthRate": 5.617283950617284, "compoundRate": 0.0, "positiveNum": 0, "negativeNum": 0, "precoPositiveNum": 0, "precoNegativeNum": 0, "negemoNum": 0, "negationNum": 13, "functionNum": 263, "contentNum": 235, "vulgarNum": 0, "racistNum": 0, "specStyleNum": 0, "addressingNum": 0, "closingNum": 0, "postscriptNum": 0, "brutalNum": 0, "positiveRate": 0.0, "negativeRate": 0.0, "precoPositiveRate": 0.0, "precoNegativeRate": 0.0, "negemoRate": 0.0, "negationRate": 0.02610441767068273, "functionRate": 0.5281124497991968, "contentRate": 0.4718875502008032, "vulgarRate": 0.0, "racistRate": 0.0, "specStyleRate": 0.0, "addressingRate": 0.0, "closingRate": 0.0, "postscriptRate": 0.0, "brutalRate": 0.0, "epistemicNum": 0, "investNum": 0, "conditionNum": 0, "weaselNum": 0, "peacockNum": 0, "hedgeNum": 0, "doxasticNum": 0, "epistemicRate": 0.0, "investRate": 0.0, "conditionRate": 0.0, "weaselRate": 0.0, "peacockRate": 0.0, "hedgeRate": 0.0, "doxasticRate": 0.0, "loveNum": 0, "anxietyNum": 0, "sorrowNum": 0, "joyNum": 0, "disgustNum": 0, "fearNum": 0, "surpriseNum": 0, "angerNum": 0, "loveRate": 0.0, "anxietyRate": 0.0, "sorrowRate": 0.0, "joyRate": 0.0, "disgustRate": 0.0, "fearRate": 0.0, "surpriseRate": 0.0, "angerRate": 0.0, "slangBeGeneralNum": 0, "slangBeCigaretteNum": 0, "slangBeHumanNum": 0, "slangBeVehicleNum": 0, "slangBeDrugNum": 0, "slangBvNum": 0, "slangBeGeneralRate": 0.0, "slangBeCigaretteRate": 0.0, "slangBeHumanRate": 0.0, "slangBeVehicleRate": 0.0, "slangBeDrugRate": 0.0, "slangBvRate": 0.0, "speechactNum": 0, "quoteNum": 0, "dashNum": 0, "publicNum": 0, "privateNum": 0, "suasiveNum": 0, "discMarkerNum": 0, "smileyNum": 0, "dateNum": 0, "hesitationNum": 0, "restartNum": 0, "repeatNum": 0, "conjBeforeDiscNum": 0, "conjAfterDiscNum": 0, "wordBeforeHesitationNum": 0, "wordAfterHesitationNum": 0, "otherCollocationNum": 0, "speechactRate": 0.0, "quoteRate": 0.0, "dashRate": 0.0, "publicRate": 0.0, "privateRate": 0.0, "suasiveRate": 0.0, "discMarkerRate": 0.0, "smileyRate": 0.0, "dateRate": 0.0, "hesitationRate": 0.0, "restartRate": 0.0, "repeatRate": 0.0, "conjBeforeDiscRate": 0.0, "conjAfterDiscRate": 0.0, "wordBeforeHesitationRate": 0.0, "wordAfterHesitationRate": 0.0, "otherCollocationRate": 0.0, "easyWordNum": 480, "hardWordNum": 18, "easyWordRate": 0.963855421686747, "hardWordRate": 0.03614457831325301, "fleschReadingEaseScore": 74.72790160642572, "gunningFogIndex": 5.547791164658635, "fleschKincaidGradeLevel": 6.272871485943778, "colemanLiauIndex": 11.982132530120477, "smogIndex": 7.168621630094336, "automatedReadabilityIndex": 7.7031124497992, "linsearWriteIndex": 0.4530343596608657, "author": "", "locationNameNum": 0, "locationNameRate": 0.0, "personNameNum": 0, "personNameRate": 0.0, "organizationNameNum": 0, "organizationNameRate": 0.0, "misspelledNum": 0, "misspelledRate": 0.0, "missingAccentNum": 0, "missingAccentRate": 0.0, "foreignAccentNum": 0, "foreignAccentRate": 0.0, "wordConcatNum": 0, "wordConcatRate": 0.0, "jLyMistakeNum": 0, "jLyMistakeRate": 0.0, "freqSuffixNum": 0, "partsNum": 144, "privateVNum": 0, "publicVNum": 0, "clauseWordNum": 90}