{"tokenNum": 852, "sentenceNum": 57, "lemmaNum": 331, "lemmaRate": 0.3884976525821596, "sentenceLength": 14.947368421052632, "allUpperNum": 7, "firstUpperNum": 72, "allUpperRate": 0.008215962441314555, "firstUpperRate": 0.08450704225352113, "declarSentNum": 55, "imperSentNum": 0, "questionNum": 2, "declarSentRate": 0.9649122807017544, "imperSentRate": 0.0, "questionRate": 0.03508771929824561, "accent": true, "saturation": 2.6910569105691056, "paragraphNum": 15, "nounNum": 182, "verbNum": 117, "adjNum": 61, "infNum": 16, "partPastNum": 0, "partPresNum": 1, "partFutNum": 0, "transNum": 1, "xNum": 40, "advNum": 62, "properNounNum": 15, "numNum": 10, "conjNum": 71, "punctNum": 174, "pronNum": 39, "relPronNum": 11, "demPronNum": 14, "adposNum": 0, "multiplePunctNum": 0, "phraseNum": 0, "nounRate": 0.2136150234741784, "verbRate": 0.13732394366197184, "adjRate": 0.0715962441314554, "infRate": 0.018779342723004695, "partPastRate": 0.0, "partPresRate": 0.0011737089201877935, "partFutRate": 0.0, "transRate": 0.0011737089201877935, "xRate": 0.046948356807511735, "advRate": 0.07276995305164319, "properNounRate": 0.017605633802816902, "numRate": 0.011737089201877934, "conjRate": 0.08333333333333333, "punctRate": 0.20422535211267606, "pronRate": 0.045774647887323945, "relPronRate": 0.012910798122065728, "demPronRate": 0.01643192488262911, "adposRate": 0.0, "multiplePunctRate": 0.0, "partsDensityRate": 3.430894308943089, "contentfulness": 7.4035087719298245, "phraseRate": 0.0, "pastTenseNum": 34, "presentTenseNum": 68, "condNum": 0, "impNum": 18, "freqNum": 0, "causNum": 0, "modalNum": 4, "sg1VerbNum": 45, "sg2VerbNum": 8, "sg3VerbNum": 69, "pl1VerbNum": 8, "pl2VerbNum": 0, "pl3VerbNum": 15, "superlatNum": 0, "comparatNum": 1, "specDerivSuffixNum": 0, "pluralNounNum": 39, "pastTenseRate": 0.2905982905982906, "presentTenseRate": 0.5811965811965812, "condRate": 0.0, "impRate": 0.15384615384615385, "freqRate": 0.0, "causRate": 0.0, "modalRate": 0.03418803418803419, "sg1VerbRate": 0.38461538461538464, "sg2VerbRate": 0.06837606837606838, "sg3VerbRate": 0.5897435897435898, "pl1VerbRate": 0.06837606837606838, "pl2VerbRate": 0.0, "pl3VerbRate": 0.1282051282051282, "superlatRate": 0.0, "comparatRate": 0.01639344262295082, "specDerivSuffixRate": 0.0, "pluralNounRate": 0.21428571428571427, "subjNum": 39, "objNum": 39, "attNum": 29, "subordNum": 33, "adverbNum": 76, "coordNum": 87, "clauseNum": 123, "simpleNum": 17, "complexNum": 38, "complexity1Num": 18, "complexity2Num": 13, "complexity3Num": 4, "compoundNum": 0, "subjRate": 0.045774647887323945, "objRate": 0.045774647887323945, "attRate": 0.03403755868544601, "subordRate": 0.03873239436619718, "adverbRate": 0.0892018779342723, "coordRate": 0.10211267605633803, "partsRate": 2.1951219512195124, "clauseRate": 2.1578947368421053, "simpleRate": 0.2982456140350877, "complexRate": 0.6666666666666666, "complexity1Rate": 0.3157894736842105, "complexity2Rate": 0.22807017543859648, "complexity3Rate": 0.07017543859649122, "complexClauseRate": 2.789473684210526, "sentencesPerParagraph": 3.8, "wordsLengthRate": 5.262536873156342, "compoundRate": 0.0, "positiveNum": 0, "negativeNum": 0, "precoPositiveNum": 0, "precoNegativeNum": 0, "negemoNum": 0, "negationNum": 11, "functionNum": 430, "contentNum": 422, "vulgarNum": 0, "racistNum": 0, "specStyleNum": 0, "addressingNum": 0, "closingNum": 0, "postscriptNum": 0, "brutalNum": 0, "positiveRate": 0.0, "negativeRate": 0.0, "precoPositiveRate": 0.0, "precoNegativeRate": 0.0, "negemoRate": 0.0, "negationRate": 0.012910798122065728, "functionRate": 0.5046948356807511, "contentRate": 0.4953051643192488, "vulgarRate": 0.0, "racistRate": 0.0, "specStyleRate": 0.0, "addressingRate": 0.0, "closingRate": 0.0, "postscriptRate": 0.0, "brutalRate": 0.0, "epistemicNum": 0, "investNum": 0, "conditionNum": 0, "weaselNum": 0, "peacockNum": 0, "hedgeNum": 0, "doxasticNum": 0, "epistemicRate": 0.0, "investRate": 0.0, "conditionRate": 0.0, "weaselRate": 0.0, "peacockRate": 0.0, "hedgeRate": 0.0, "doxasticRate": 0.0, "loveNum": 0, "anxietyNum": 0, "sorrowNum": 0, "joyNum": 0, "disgustNum": 0, "fearNum": 0, "surpriseNum": 0, "angerNum": 0, "loveRate": 0.0, "anxietyRate": 0.0, "sorrowRate": 0.0, "joyRate": 0.0, "disgustRate": 0.0, "fearRate": 0.0, "surpriseRate": 0.0, "angerRate": 0.0, "slangBeGeneralNum": 0, "slangBeCigaretteNum": 0, "slangBeHumanNum": 0, "slangBeVehicleNum": 0, "slangBeDrugNum": 0, "slangBvNum": 0, "slangBeGeneralRate": 0.0, "slangBeCigaretteRate": 0.0, "slangBeHumanRate": 0.0, "slangBeVehicleRate": 0.0, "slangBeDrugRate": 0.0, "slangBvRate": 0.0, "speechactNum": 0, "quoteNum": 0, "dashNum": 0, "publicNum": 0, "privateNum": 0, "suasiveNum": 0, "discMarkerNum": 0, "smileyNum": 0, "dateNum": 1, "hesitationNum": 0, "restartNum": 0, "repeatNum": 0, "conjBeforeDiscNum": 0, "conjAfterDiscNum": 0, "wordBeforeHesitationNum": 0, "wordAfterHesitationNum": 0, "otherCollocationNum": 0, "speechactRate": 0.0, "quoteRate": 0.0, "dashRate": 0.0, "publicRate": 0.0, "privateRate": 0.0, "suasiveRate": 0.0, "discMarkerRate": 0.0, "smileyRate": 0.0, "dateRate": 0.0011737089201877935, "hesitationRate": 0.0, "restartRate": 0.0, "repeatRate": 0.0, "conjBeforeDiscRate": 0.0, "conjAfterDiscRate": 0.0, "wordBeforeHesitationRate": 0.0, "wordAfterHesitationRate": 0.0, "otherCollocationRate": 0.0, "easyWordNum": 807, "hardWordNum": 45, "easyWordRate": 0.9471830985915493, "hardWordRate": 0.0528169014084507, "fleschReadingEaseScore": 76.97680133432172, "gunningFogIndex": 6.0000741289844335, "fleschKincaidGradeLevel": 6.235952557449966, "colemanLiauIndex": 9.647088028169012, "smogIndex": 8.20500826718156, "automatedReadabilityIndex": 6.392874351371386, "linsearWriteIndex": -0.06618070999093983, "author": "", "locationNameNum": 2, "locationNameRate": 0.002347417840375587, "personNameNum": 1, "personNameRate": 0.0011737089201877935, "organizationNameNum": 0, "organizationNameRate": 0.0, "misspelledNum": 11, "misspelledRate": 0.012910798122065728, "missingAccentNum": 3, "missingAccentRate": 0.0035211267605633804, "foreignAccentNum": 4, "foreignAccentRate": 0.004694835680751174, "wordConcatNum": 0, "wordConcatRate": 0.0, "jLyMistakeNum": 0, "jLyMistakeRate": 0.0, "freqSuffixNum": 0, "partsNum": 270, "privateVNum": 0, "publicVNum": 0, "clauseWordNum": 123}