{"tokenNum": 402, "sentenceNum": 30, "lemmaNum": 159, "lemmaRate": 0.39552238805970147, "sentenceLength": 13.4, "allUpperNum": 0, "firstUpperNum": 30, "allUpperRate": 0.0, "firstUpperRate": 0.07462686567164178, "declarSentNum": 30, "imperSentNum": 0, "questionNum": 0, "declarSentRate": 1.0, "imperSentRate": 0.0, "questionRate": 0.0, "accent": true, "saturation": 2.3043478260869565, "paragraphNum": 11, "nounNum": 59, "verbNum": 63, "adjNum": 30, "infNum": 9, "partPastNum": 0, "partPresNum": 1, "partFutNum": 0, "transNum": 0, "xNum": 11, "advNum": 32, "properNounNum": 0, "numNum": 2, "conjNum": 48, "punctNum": 74, "pronNum": 29, "relPronNum": 3, "demPronNum": 18, "adposNum": 3, "multiplePunctNum": 0, "phraseNum": 0, "nounRate": 0.14676616915422885, "verbRate": 0.15671641791044777, "adjRate": 0.07462686567164178, "infRate": 0.022388059701492536, "partPastRate": 0.0, "partPresRate": 0.0024875621890547263, "partFutRate": 0.0, "transRate": 0.0, "xRate": 0.02736318407960199, "advRate": 0.07960199004975124, "properNounRate": 0.0, "numRate": 0.004975124378109453, "conjRate": 0.11940298507462686, "punctRate": 0.18407960199004975, "pronRate": 0.07213930348258707, "relPronRate": 0.007462686567164179, "demPronRate": 0.04477611940298507, "adposRate": 0.007462686567164179, "multiplePunctRate": 0.0, "partsDensityRate": 2.6666666666666665, "contentfulness": 6.133333333333334, "phraseRate": 0.0, "pastTenseNum": 3, "presentTenseNum": 51, "condNum": 0, "impNum": 5, "freqNum": 0, "causNum": 0, "modalNum": 1, "sg1VerbNum": 31, "sg2VerbNum": 0, "sg3VerbNum": 26, "pl1VerbNum": 17, "pl2VerbNum": 0, "pl3VerbNum": 13, "superlatNum": 1, "comparatNum": 6, "specDerivSuffixNum": 0, "pluralNounNum": 14, "pastTenseRate": 0.047619047619047616, "presentTenseRate": 0.8095238095238095, "condRate": 0.0, "impRate": 0.07936507936507936, "freqRate": 0.0, "causRate": 0.0, "modalRate": 0.015873015873015872, "sg1VerbRate": 0.49206349206349204, "sg2VerbRate": 0.0, "sg3VerbRate": 0.4126984126984127, "pl1VerbRate": 0.2698412698412698, "pl2VerbRate": 0.0, "pl3VerbRate": 0.20634920634920634, "superlatRate": 0.03333333333333333, "comparatRate": 0.2, "specDerivSuffixRate": 0.0, "pluralNounRate": 0.23728813559322035, "subjNum": 22, "objNum": 16, "attNum": 10, "subordNum": 21, "adverbNum": 46, "coordNum": 22, "clauseNum": 69, "simpleNum": 9, "complexNum": 21, "complexity1Num": 7, "complexity2Num": 10, "complexity3Num": 4, "compoundNum": 0, "subjRate": 0.05472636815920398, "objRate": 0.03980099502487562, "attRate": 0.024875621890547265, "subordRate": 0.05223880597014925, "adverbRate": 0.11442786069651742, "coordRate": 0.05472636815920398, "partsRate": 1.681159420289855, "clauseRate": 2.3, "simpleRate": 0.3, "complexRate": 0.7, "complexity1Rate": 0.23333333333333334, "complexity2Rate": 0.3333333333333333, "complexity3Rate": 0.13333333333333333, "complexClauseRate": 2.857142857142857, "sentencesPerParagraph": 2.727272727272727, "wordsLengthRate": 5.469512195121951, "compoundRate": 0.0, "positiveNum": 0, "negativeNum": 0, "precoPositiveNum": 0, "precoNegativeNum": 0, "negemoNum": 0, "negationNum": 7, "functionNum": 218, "contentNum": 184, "vulgarNum": 0, "racistNum": 0, "specStyleNum": 0, "addressingNum": 0, "closingNum": 0, "postscriptNum": 0, "brutalNum": 0, "positiveRate": 0.0, "negativeRate": 0.0, "precoPositiveRate": 0.0, "precoNegativeRate": 0.0, "negemoRate": 0.0, "negationRate": 0.017412935323383085, "functionRate": 0.5422885572139303, "contentRate": 0.4577114427860697, "vulgarRate": 0.0, "racistRate": 0.0, "specStyleRate": 0.0, "addressingRate": 0.0, "closingRate": 0.0, "postscriptRate": 0.0, "brutalRate": 0.0, "epistemicNum": 0, "investNum": 0, "conditionNum": 0, "weaselNum": 0, "peacockNum": 0, "hedgeNum": 0, "doxasticNum": 0, "epistemicRate": 0.0, "investRate": 0.0, "conditionRate": 0.0, "weaselRate": 0.0, "peacockRate": 0.0, "hedgeRate": 0.0, "doxasticRate": 0.0, "loveNum": 0, "anxietyNum": 0, "sorrowNum": 0, "joyNum": 0, "disgustNum": 0, "fearNum": 0, "surpriseNum": 0, "angerNum": 0, "loveRate": 0.0, "anxietyRate": 0.0, "sorrowRate": 0.0, "joyRate": 0.0, "disgustRate": 0.0, "fearRate": 0.0, "surpriseRate": 0.0, "angerRate": 0.0, "slangBeGeneralNum": 0, "slangBeCigaretteNum": 0, "slangBeHumanNum": 0, "slangBeVehicleNum": 0, "slangBeDrugNum": 0, "slangBvNum": 0, "slangBeGeneralRate": 0.0, "slangBeCigaretteRate": 0.0, "slangBeHumanRate": 0.0, "slangBeVehicleRate": 0.0, "slangBeDrugRate": 0.0, "slangBvRate": 0.0, "speechactNum": 0, "quoteNum": 0, "dashNum": 0, "publicNum": 0, "privateNum": 0, "suasiveNum": 0, "discMarkerNum": 0, "smileyNum": 0, "dateNum": 0, "hesitationNum": 0, "restartNum": 0, "repeatNum": 0, "conjBeforeDiscNum": 0, "conjAfterDiscNum": 0, "wordBeforeHesitationNum": 0, "wordAfterHesitationNum": 0, "otherCollocationNum": 0, "speechactRate": 0.0, "quoteRate": 0.0, "dashRate": 0.0, "publicRate": 0.0, "privateRate": 0.0, "suasiveRate": 0.0, "discMarkerRate": 0.0, "smileyRate": 0.0, "dateRate": 0.0, "hesitationRate": 0.0, "restartRate": 0.0, "repeatRate": 0.0, "conjBeforeDiscRate": 0.0, "conjAfterDiscRate": 0.0, "wordBeforeHesitationRate": 0.0, "wordAfterHesitationRate": 0.0, "otherCollocationRate": 0.0, "easyWordNum": 376, "hardWordNum": 26, "easyWordRate": 0.9353233830845771, "hardWordRate": 0.06467661691542288, "fleschReadingEaseScore": 75.38325373134329, "gunningFogIndex": 5.385870646766169, "fleschKincaidGradeLevel": 6.073810945273632, "colemanLiauIndex": 11.246890547263678, "smogIndex": 8.447377352677275, "automatedReadabilityIndex": 6.898507462686567, "linsearWriteIndex": 0.8366500829187398, "author": "", "locationNameNum": 0, "locationNameRate": 0.0, "personNameNum": 0, "personNameRate": 0.0, "organizationNameNum": 0, "organizationNameRate": 0.0, "misspelledNum": 0, "misspelledRate": 0.0, "missingAccentNum": 0, "missingAccentRate": 0.0, "foreignAccentNum": 0, "foreignAccentRate": 0.0, "wordConcatNum": 0, "wordConcatRate": 0.0, "jLyMistakeNum": 0, "jLyMistakeRate": 0.0, "freqSuffixNum": 0, "partsNum": 116, "privateVNum": 0, "publicVNum": 0, "clauseWordNum": 69}