{"tokenNum": 423, "sentenceNum": 31, "lemmaNum": 186, "lemmaRate": 0.4397163120567376, "sentenceLength": 13.64516129032258, "allUpperNum": 0, "firstUpperNum": 34, "allUpperRate": 0.0, "firstUpperRate": 0.08037825059101655, "declarSentNum": 27, "imperSentNum": 0, "questionNum": 4, "declarSentRate": 0.8709677419354839, "imperSentRate": 0.0, "questionRate": 0.12903225806451613, "accent": true, "saturation": 2.5135135135135136, "paragraphNum": 7, "nounNum": 67, "verbNum": 75, "adjNum": 21, "infNum": 7, "partPastNum": 0, "partPresNum": 0, "partFutNum": 0, "transNum": 2, "xNum": 7, "advNum": 44, "properNounNum": 2, "numNum": 1, "conjNum": 35, "punctNum": 83, "pronNum": 29, "relPronNum": 14, "demPronNum": 15, "adposNum": 5, "multiplePunctNum": 0, "phraseNum": 0, "nounRate": 0.15839243498817968, "verbRate": 0.1773049645390071, "adjRate": 0.04964539007092199, "infRate": 0.016548463356973995, "partPastRate": 0.0, "partPresRate": 0.0, "partFutRate": 0.0, "transRate": 0.004728132387706856, "xRate": 0.016548463356973995, "advRate": 0.10401891252955082, "properNounRate": 0.004728132387706856, "numRate": 0.002364066193853428, "conjRate": 0.08274231678486997, "punctRate": 0.19621749408983452, "pronRate": 0.06855791962174941, "relPronRate": 0.03309692671394799, "demPronRate": 0.03546099290780142, "adposRate": 0.01182033096926714, "multiplePunctRate": 0.0, "partsDensityRate": 2.7972972972972974, "contentfulness": 6.67741935483871, "phraseRate": 0.0, "pastTenseNum": 38, "presentTenseNum": 30, "condNum": 1, "impNum": 3, "freqNum": 0, "causNum": 0, "modalNum": 5, "sg1VerbNum": 37, "sg2VerbNum": 0, "sg3VerbNum": 52, "pl1VerbNum": 11, "pl2VerbNum": 0, "pl3VerbNum": 2, "superlatNum": 0, "comparatNum": 0, "specDerivSuffixNum": 0, "pluralNounNum": 8, "pastTenseRate": 0.5066666666666667, "presentTenseRate": 0.4, "condRate": 0.013333333333333334, "impRate": 0.04, "freqRate": 0.0, "causRate": 0.0, "modalRate": 0.06666666666666667, "sg1VerbRate": 0.49333333333333335, "sg2VerbRate": 0.0, "sg3VerbRate": 0.6933333333333334, "pl1VerbRate": 0.14666666666666667, "pl2VerbRate": 0.0, "pl3VerbRate": 0.02666666666666667, "superlatRate": 0.0, "comparatRate": 0.0, "specDerivSuffixRate": 0.0, "pluralNounRate": 0.11940298507462686, "subjNum": 28, "objNum": 20, "attNum": 13, "subordNum": 25, "adverbNum": 55, "coordNum": 20, "clauseNum": 74, "simpleNum": 7, "complexNum": 24, "complexity1Num": 11, "complexity2Num": 7, "complexity3Num": 6, "compoundNum": 0, "subjRate": 0.06619385342789598, "objRate": 0.04728132387706856, "attRate": 0.030732860520094562, "subordRate": 0.0591016548463357, "adverbRate": 0.13002364066193853, "coordRate": 0.04728132387706856, "partsRate": 1.837837837837838, "clauseRate": 2.3870967741935485, "simpleRate": 0.22580645161290322, "complexRate": 0.7741935483870968, "complexity1Rate": 0.3548387096774194, "complexity2Rate": 0.22580645161290322, "complexity3Rate": 0.1935483870967742, "complexClauseRate": 2.7916666666666665, "sentencesPerParagraph": 4.428571428571429, "wordsLengthRate": 5.3, "compoundRate": 0.0, "positiveNum": 0, "negativeNum": 0, "precoPositiveNum": 0, "precoNegativeNum": 0, "negemoNum": 0, "negationNum": 4, "functionNum": 216, "contentNum": 207, "vulgarNum": 0, "racistNum": 0, "specStyleNum": 0, "addressingNum": 0, "closingNum": 0, "postscriptNum": 0, "brutalNum": 0, "positiveRate": 0.0, "negativeRate": 0.0, "precoPositiveRate": 0.0, "precoNegativeRate": 0.0, "negemoRate": 0.0, "negationRate": 0.009456264775413711, "functionRate": 0.5106382978723404, "contentRate": 0.48936170212765956, "vulgarRate": 0.0, "racistRate": 0.0, "specStyleRate": 0.0, "addressingRate": 0.0, "closingRate": 0.0, "postscriptRate": 0.0, "brutalRate": 0.0, "epistemicNum": 0, "investNum": 0, "conditionNum": 0, "weaselNum": 0, "peacockNum": 0, "hedgeNum": 0, "doxasticNum": 0, "epistemicRate": 0.0, "investRate": 0.0, "conditionRate": 0.0, "weaselRate": 0.0, "peacockRate": 0.0, "hedgeRate": 0.0, "doxasticRate": 0.0, "loveNum": 0, "anxietyNum": 0, "sorrowNum": 0, "joyNum": 0, "disgustNum": 0, "fearNum": 0, "surpriseNum": 0, "angerNum": 0, "loveRate": 0.0, "anxietyRate": 0.0, "sorrowRate": 0.0, "joyRate": 0.0, "disgustRate": 0.0, "fearRate": 0.0, "surpriseRate": 0.0, "angerRate": 0.0, "slangBeGeneralNum": 0, "slangBeCigaretteNum": 0, "slangBeHumanNum": 0, "slangBeVehicleNum": 0, "slangBeDrugNum": 0, "slangBvNum": 0, "slangBeGeneralRate": 0.0, "slangBeCigaretteRate": 0.0, "slangBeHumanRate": 0.0, "slangBeVehicleRate": 0.0, "slangBeDrugRate": 0.0, "slangBvRate": 0.0, "speechactNum": 0, "quoteNum": 0, "dashNum": 0, "publicNum": 0, "privateNum": 0, "suasiveNum": 0, "discMarkerNum": 0, "smileyNum": 0, "dateNum": 0, "hesitationNum": 0, "restartNum": 0, "repeatNum": 0, "conjBeforeDiscNum": 0, "conjAfterDiscNum": 0, "wordBeforeHesitationNum": 0, "wordAfterHesitationNum": 0, "otherCollocationNum": 0, "speechactRate": 0.0, "quoteRate": 0.0, "dashRate": 0.0, "publicRate": 0.0, "privateRate": 0.0, "suasiveRate": 0.0, "discMarkerRate": 0.0, "smileyRate": 0.0, "dateRate": 0.0, "hesitationRate": 0.0, "restartRate": 0.0, "repeatRate": 0.0, "conjBeforeDiscRate": 0.0, "conjAfterDiscRate": 0.0, "wordBeforeHesitationRate": 0.0, "wordAfterHesitationRate": 0.0, "otherCollocationRate": 0.0, "easyWordNum": 410, "hardWordNum": 13, "easyWordRate": 0.9692671394799054, "hardWordRate": 0.030732860520094562, "fleschReadingEaseScore": 73.98516129032261, "gunningFogIndex": 5.47035766033707, "fleschKincaidGradeLevel": 6.329721650270724, "colemanLiauIndex": 10.252238770685572, "smogIndex": 6.828538100315305, "automatedReadabilityIndex": 6.2257012125371745, "linsearWriteIndex": 0.685350415618089, "author": "", "locationNameNum": 0, "locationNameRate": 0.0, "personNameNum": 2, "personNameRate": 0.004728132387706856, "organizationNameNum": 0, "organizationNameRate": 0.0, "misspelledNum": 0, "misspelledRate": 0.0, "missingAccentNum": 0, "missingAccentRate": 0.0, "foreignAccentNum": 0, "foreignAccentRate": 0.0, "wordConcatNum": 0, "wordConcatRate": 0.0, "jLyMistakeNum": 0, "jLyMistakeRate": 0.0, "freqSuffixNum": 0, "partsNum": 136, "privateVNum": 0, "publicVNum": 0, "clauseWordNum": 74}