{"tokenNum": 358, "sentenceNum": 37, "lemmaNum": 136, "lemmaRate": 0.37988826815642457, "sentenceLength": 9.675675675675675, "allUpperNum": 0, "firstUpperNum": 37, "allUpperRate": 0.0, "firstUpperRate": 0.10335195530726257, "declarSentNum": 30, "imperSentNum": 5, "questionNum": 2, "declarSentRate": 0.8108108108108109, "imperSentRate": 0.13513513513513514, "questionRate": 0.05405405405405406, "accent": true, "saturation": 2.0, "paragraphNum": 11, "nounNum": 26, "verbNum": 69, "adjNum": 17, "infNum": 11, "partPastNum": 0, "partPresNum": 0, "partFutNum": 0, "transNum": 1, "xNum": 11, "advNum": 63, "properNounNum": 0, "numNum": 1, "conjNum": 36, "punctNum": 68, "pronNum": 36, "relPronNum": 3, "demPronNum": 20, "adposNum": 1, "multiplePunctNum": 0, "phraseNum": 0, "nounRate": 0.07262569832402235, "verbRate": 0.19273743016759776, "adjRate": 0.04748603351955307, "infRate": 0.030726256983240222, "partPastRate": 0.0, "partPresRate": 0.0, "partFutRate": 0.0, "transRate": 0.002793296089385475, "xRate": 0.030726256983240222, "advRate": 0.17597765363128492, "properNounRate": 0.0, "numRate": 0.002793296089385475, "conjRate": 0.1005586592178771, "punctRate": 0.18994413407821228, "pronRate": 0.1005586592178771, "relPronRate": 0.008379888268156424, "demPronRate": 0.055865921787709494, "adposRate": 0.002793296089385475, "multiplePunctRate": 0.0, "partsDensityRate": 2.573529411764706, "contentfulness": 4.72972972972973, "phraseRate": 0.0, "pastTenseNum": 0, "presentTenseNum": 58, "condNum": 6, "impNum": 5, "freqNum": 0, "causNum": 0, "modalNum": 4, "sg1VerbNum": 22, "sg2VerbNum": 1, "sg3VerbNum": 52, "pl1VerbNum": 15, "pl2VerbNum": 0, "pl3VerbNum": 14, "superlatNum": 0, "comparatNum": 3, "specDerivSuffixNum": 0, "pluralNounNum": 1, "pastTenseRate": 0.0, "presentTenseRate": 0.8405797101449275, "condRate": 0.08695652173913043, "impRate": 0.07246376811594203, "freqRate": 0.0, "causRate": 0.0, "modalRate": 0.057971014492753624, "sg1VerbRate": 0.3188405797101449, "sg2VerbRate": 0.014492753623188406, "sg3VerbRate": 0.7536231884057971, "pl1VerbRate": 0.21739130434782608, "pl2VerbRate": 0.0, "pl3VerbRate": 0.2028985507246377, "superlatRate": 0.0, "comparatRate": 0.17647058823529413, "specDerivSuffixRate": 0.0, "pluralNounRate": 0.038461538461538464, "subjNum": 27, "objNum": 14, "attNum": 5, "subordNum": 18, "adverbNum": 68, "coordNum": 8, "clauseNum": 68, "simpleNum": 11, "complexNum": 26, "complexity1Num": 21, "complexity2Num": 5, "complexity3Num": 0, "compoundNum": 0, "subjRate": 0.07541899441340782, "objRate": 0.03910614525139665, "attRate": 0.013966480446927373, "subordRate": 0.05027932960893855, "adverbRate": 0.18994413407821228, "coordRate": 0.0223463687150838, "partsRate": 1.7941176470588236, "clauseRate": 1.837837837837838, "simpleRate": 0.2972972972972973, "complexRate": 0.7027027027027027, "complexity1Rate": 0.5675675675675675, "complexity2Rate": 0.13513513513513514, "complexity3Rate": 0.0, "complexClauseRate": 2.1923076923076925, "sentencesPerParagraph": 3.3636363636363638, "wordsLengthRate": 4.824137931034483, "compoundRate": 0.0, "positiveNum": 0, "negativeNum": 0, "precoPositiveNum": 0, "precoNegativeNum": 0, "negemoNum": 0, "negationNum": 18, "functionNum": 183, "contentNum": 175, "vulgarNum": 0, "racistNum": 0, "specStyleNum": 0, "addressingNum": 0, "closingNum": 0, "postscriptNum": 0, "brutalNum": 0, "positiveRate": 0.0, "negativeRate": 0.0, "precoPositiveRate": 0.0, "precoNegativeRate": 0.0, "negemoRate": 0.0, "negationRate": 0.05027932960893855, "functionRate": 0.5111731843575419, "contentRate": 0.4888268156424581, "vulgarRate": 0.0, "racistRate": 0.0, "specStyleRate": 0.0, "addressingRate": 0.0, "closingRate": 0.0, "postscriptRate": 0.0, "brutalRate": 0.0, "epistemicNum": 0, "investNum": 0, "conditionNum": 0, "weaselNum": 0, "peacockNum": 0, "hedgeNum": 0, "doxasticNum": 0, "epistemicRate": 0.0, "investRate": 0.0, "conditionRate": 0.0, "weaselRate": 0.0, "peacockRate": 0.0, "hedgeRate": 0.0, "doxasticRate": 0.0, "loveNum": 0, "anxietyNum": 0, "sorrowNum": 0, "joyNum": 0, "disgustNum": 0, "fearNum": 0, "surpriseNum": 0, "angerNum": 0, "loveRate": 0.0, "anxietyRate": 0.0, "sorrowRate": 0.0, "joyRate": 0.0, "disgustRate": 0.0, "fearRate": 0.0, "surpriseRate": 0.0, "angerRate": 0.0, "slangBeGeneralNum": 0, "slangBeCigaretteNum": 0, "slangBeHumanNum": 0, "slangBeVehicleNum": 0, "slangBeDrugNum": 0, "slangBvNum": 0, "slangBeGeneralRate": 0.0, "slangBeCigaretteRate": 0.0, "slangBeHumanRate": 0.0, "slangBeVehicleRate": 0.0, "slangBeDrugRate": 0.0, "slangBvRate": 0.0, "speechactNum": 0, "quoteNum": 0, "dashNum": 0, "publicNum": 0, "privateNum": 0, "suasiveNum": 0, "discMarkerNum": 0, "smileyNum": 0, "dateNum": 0, "hesitationNum": 0, "restartNum": 0, "repeatNum": 0, "conjBeforeDiscNum": 0, "conjAfterDiscNum": 0, "wordBeforeHesitationNum": 0, "wordAfterHesitationNum": 0, "otherCollocationNum": 0, "speechactRate": 0.0, "quoteRate": 0.0, "dashRate": 0.0, "publicRate": 0.0, "privateRate": 0.0, "suasiveRate": 0.0, "discMarkerRate": 0.0, "smileyRate": 0.0, "dateRate": 0.0, "hesitationRate": 0.0, "restartRate": 0.0, "repeatRate": 0.0, "conjBeforeDiscRate": 0.0, "conjAfterDiscRate": 0.0, "wordBeforeHesitationRate": 0.0, "wordAfterHesitationRate": 0.0, "otherCollocationRate": 0.0, "easyWordNum": 347, "hardWordNum": 11, "easyWordRate": 0.9692737430167597, "hardWordRate": 0.030726256983240222, "fleschReadingEaseScore": 92.09128416125627, "gunningFogIndex": 3.8825607730635663, "fleschKincaidGradeLevel": 2.8181503850218945, "colemanLiauIndex": 7.973572625698324, "smogIndex": 6.243973517019114, "automatedReadabilityIndex": 2.4188713573909126, "linsearWriteIndex": 0.3928733202476218, "author": "", "locationNameNum": 0, "locationNameRate": 0.0, "personNameNum": 0, "personNameRate": 0.0, "organizationNameNum": 0, "organizationNameRate": 0.0, "misspelledNum": 0, "misspelledRate": 0.0, "missingAccentNum": 0, "missingAccentRate": 0.0, "foreignAccentNum": 0, "foreignAccentRate": 0.0, "wordConcatNum": 0, "wordConcatRate": 0.0, "jLyMistakeNum": 0, "jLyMistakeRate": 0.0, "freqSuffixNum": 0, "partsNum": 122, "privateVNum": 0, "publicVNum": 0, "clauseWordNum": 68}