{"tokenNum": 116, "sentenceNum": 6, "lemmaNum": 69, "lemmaRate": 0.5948275862068966, "sentenceLength": 19.333333333333332, "allUpperNum": 0, "firstUpperNum": 6, "allUpperRate": 0.0, "firstUpperRate": 0.05172413793103448, "declarSentNum": 5, "imperSentNum": 0, "questionNum": 1, "declarSentRate": 0.8333333333333334, "imperSentRate": 0.0, "questionRate": 0.16666666666666666, "accent": true, "saturation": 5.75, "paragraphNum": 2, "nounNum": 32, "verbNum": 14, "adjNum": 8, "infNum": 3, "partPastNum": 0, "partPresNum": 0, "partFutNum": 0, "transNum": 0, "xNum": 2, "advNum": 6, "properNounNum": 0, "numNum": 0, "conjNum": 5, "punctNum": 39, "pronNum": 8, "relPronNum": 3, "demPronNum": 3, "adposNum": 0, "multiplePunctNum": 0, "phraseNum": 0, "nounRate": 0.27586206896551724, "verbRate": 0.1206896551724138, "adjRate": 0.06896551724137931, "infRate": 0.02586206896551724, "partPastRate": 0.0, "partPresRate": 0.0, "partFutRate": 0.0, "transRate": 0.0, "xRate": 0.017241379310344827, "advRate": 0.05172413793103448, "properNounRate": 0.0, "numRate": 0.0, "conjRate": 0.04310344827586207, "punctRate": 0.33620689655172414, "pronRate": 0.06896551724137931, "relPronRate": 0.02586206896551724, "demPronRate": 0.02586206896551724, "adposRate": 0.0, "multiplePunctRate": 0.0, "partsDensityRate": 5.0, "contentfulness": 10.0, "phraseRate": 0.0, "pastTenseNum": 0, "presentTenseNum": 11, "condNum": 3, "impNum": 1, "freqNum": 0, "causNum": 0, "modalNum": 0, "sg1VerbNum": 6, "sg2VerbNum": 1, "sg3VerbNum": 10, "pl1VerbNum": 0, "pl2VerbNum": 0, "pl3VerbNum": 2, "superlatNum": 0, "comparatNum": 0, "specDerivSuffixNum": 0, "pluralNounNum": 15, "pastTenseRate": 0.0, "presentTenseRate": 0.7857142857142857, "condRate": 0.21428571428571427, "impRate": 0.07142857142857142, "freqRate": 0.0, "causRate": 0.0, "modalRate": 0.0, "sg1VerbRate": 0.42857142857142855, "sg2VerbRate": 0.07142857142857142, "sg3VerbRate": 0.7142857142857143, "pl1VerbRate": 0.0, "pl2VerbRate": 0.0, "pl3VerbRate": 0.14285714285714285, "superlatRate": 0.0, "comparatRate": 0.0, "specDerivSuffixRate": 0.0, "pluralNounRate": 0.46875, "subjNum": 3, "objNum": 2, "attNum": 4, "subordNum": 5, "adverbNum": 8, "coordNum": 29, "clauseNum": 12, "simpleNum": 1, "complexNum": 5, "complexity1Num": 4, "complexity2Num": 1, "complexity3Num": 0, "compoundNum": 0, "subjRate": 0.02586206896551724, "objRate": 0.017241379310344827, "attRate": 0.034482758620689655, "subordRate": 0.04310344827586207, "adverbRate": 0.06896551724137931, "coordRate": 0.25, "partsRate": 3.8333333333333335, "clauseRate": 2.0, "simpleRate": 0.16666666666666666, "complexRate": 0.8333333333333334, "complexity1Rate": 0.6666666666666666, "complexity2Rate": 0.16666666666666666, "complexity3Rate": 0.0, "complexClauseRate": 2.2, "sentencesPerParagraph": 3.0, "wordsLengthRate": 6.857142857142857, "compoundRate": 0.0, "positiveNum": 0, "negativeNum": 0, "precoPositiveNum": 0, "precoNegativeNum": 0, "negemoNum": 0, "negationNum": 4, "functionNum": 56, "contentNum": 60, "vulgarNum": 0, "racistNum": 0, "specStyleNum": 0, "addressingNum": 0, "closingNum": 0, "postscriptNum": 0, "brutalNum": 0, "positiveRate": 0.0, "negativeRate": 0.0, "precoPositiveRate": 0.0, "precoNegativeRate": 0.0, "negemoRate": 0.0, "negationRate": 0.034482758620689655, "functionRate": 0.4827586206896552, "contentRate": 0.5172413793103449, "vulgarRate": 0.0, "racistRate": 0.0, "specStyleRate": 0.0, "addressingRate": 0.0, "closingRate": 0.0, "postscriptRate": 0.0, "brutalRate": 0.0, "epistemicNum": 0, "investNum": 0, "conditionNum": 0, "weaselNum": 0, "peacockNum": 0, "hedgeNum": 0, "doxasticNum": 0, "epistemicRate": 0.0, "investRate": 0.0, "conditionRate": 0.0, "weaselRate": 0.0, "peacockRate": 0.0, "hedgeRate": 0.0, "doxasticRate": 0.0, "loveNum": 0, "anxietyNum": 0, "sorrowNum": 0, "joyNum": 0, "disgustNum": 0, "fearNum": 0, "surpriseNum": 0, "angerNum": 0, "loveRate": 0.0, "anxietyRate": 0.0, "sorrowRate": 0.0, "joyRate": 0.0, "disgustRate": 0.0, "fearRate": 0.0, "surpriseRate": 0.0, "angerRate": 0.0, "slangBeGeneralNum": 0, "slangBeCigaretteNum": 0, "slangBeHumanNum": 0, "slangBeVehicleNum": 0, "slangBeDrugNum": 0, "slangBvNum": 0, "slangBeGeneralRate": 0.0, "slangBeCigaretteRate": 0.0, "slangBeHumanRate": 0.0, "slangBeVehicleRate": 0.0, "slangBeDrugRate": 0.0, "slangBvRate": 0.0, "speechactNum": 0, "quoteNum": 0, "dashNum": 0, "publicNum": 0, "privateNum": 0, "suasiveNum": 0, "discMarkerNum": 0, "smileyNum": 0, "dateNum": 0, "hesitationNum": 0, "restartNum": 0, "repeatNum": 0, "conjBeforeDiscNum": 0, "conjAfterDiscNum": 0, "wordBeforeHesitationNum": 0, "wordAfterHesitationNum": 0, "otherCollocationNum": 0, "speechactRate": 0.0, "quoteRate": 0.0, "dashRate": 0.0, "publicRate": 0.0, "privateRate": 0.0, "suasiveRate": 0.0, "discMarkerRate": 0.0, "smileyRate": 0.0, "dateRate": 0.0, "hesitationRate": 0.0, "restartRate": 0.0, "repeatRate": 0.0, "conjBeforeDiscRate": 0.0, "conjAfterDiscRate": 0.0, "wordBeforeHesitationRate": 0.0, "wordAfterHesitationRate": 0.0, "otherCollocationRate": 0.0, "easyWordNum": 102, "hardWordNum": 14, "easyWordRate": 0.8793103448275862, "hardWordRate": 0.1206896551724138, "fleschReadingEaseScore": 56.66511494252876, "gunningFogIndex": 7.781609195402298, "fleschKincaidGradeLevel": 10.158620689655173, "colemanLiauIndex": 12.786655172413791, "smogIndex": 7.03164865440522, "automatedReadabilityIndex": 11.096408045977014, "linsearWriteIndex": 10.201149425287356, "author": "", "locationNameNum": 0, "locationNameRate": 0.0, "personNameNum": 0, "personNameRate": 0.0, "organizationNameNum": 0, "organizationNameRate": 0.0, "misspelledNum": 0, "misspelledRate": 0.0, "missingAccentNum": 0, "missingAccentRate": 0.0, "foreignAccentNum": 0, "foreignAccentRate": 0.0, "wordConcatNum": 0, "wordConcatRate": 0.0, "jLyMistakeNum": 0, "jLyMistakeRate": 0.0, "freqSuffixNum": 0, "partsNum": 46, "privateVNum": 0, "publicVNum": 0, "clauseWordNum": 12}