{"tokenNum": 358, "sentenceNum": 23, "lemmaNum": 141, "lemmaRate": 0.39385474860335196, "sentenceLength": 15.565217391304348, "allUpperNum": 0, "firstUpperNum": 23, "allUpperRate": 0.0, "firstUpperRate": 0.06424581005586592, "declarSentNum": 21, "imperSentNum": 1, "questionNum": 1, "declarSentRate": 0.9130434782608695, "imperSentRate": 0.043478260869565216, "questionRate": 0.043478260869565216, "accent": true, "saturation": 2.877551020408163, "paragraphNum": 7, "nounNum": 69, "verbNum": 51, "adjNum": 47, "infNum": 13, "partPastNum": 0, "partPresNum": 1, "partFutNum": 0, "transNum": 0, "xNum": 7, "advNum": 18, "properNounNum": 0, "numNum": 1, "conjNum": 40, "punctNum": 53, "pronNum": 10, "relPronNum": 1, "demPronNum": 11, "adposNum": 3, "multiplePunctNum": 0, "phraseNum": 0, "nounRate": 0.19273743016759776, "verbRate": 0.1424581005586592, "adjRate": 0.13128491620111732, "infRate": 0.036312849162011177, "partPastRate": 0.0, "partPresRate": 0.002793296089385475, "partFutRate": 0.0, "transRate": 0.0, "xRate": 0.019553072625698324, "advRate": 0.05027932960893855, "properNounRate": 0.0, "numRate": 0.002793296089385475, "conjRate": 0.11173184357541899, "punctRate": 0.14804469273743018, "pronRate": 0.027932960893854747, "relPronRate": 0.002793296089385475, "demPronRate": 0.030726256983240222, "adposRate": 0.008379888268156424, "multiplePunctRate": 0.0, "partsDensityRate": 3.7755102040816326, "contentfulness": 8.043478260869565, "phraseRate": 0.0, "pastTenseNum": 12, "presentTenseNum": 26, "condNum": 0, "impNum": 4, "freqNum": 0, "causNum": 0, "modalNum": 7, "sg1VerbNum": 11, "sg2VerbNum": 1, "sg3VerbNum": 23, "pl1VerbNum": 8, "pl2VerbNum": 1, "pl3VerbNum": 9, "superlatNum": 1, "comparatNum": 0, "specDerivSuffixNum": 0, "pluralNounNum": 17, "pastTenseRate": 0.23529411764705882, "presentTenseRate": 0.5098039215686274, "condRate": 0.0, "impRate": 0.0784313725490196, "freqRate": 0.0, "causRate": 0.0, "modalRate": 0.13725490196078433, "sg1VerbRate": 0.21568627450980393, "sg2VerbRate": 0.0196078431372549, "sg3VerbRate": 0.45098039215686275, "pl1VerbRate": 0.1568627450980392, "pl2VerbRate": 0.0196078431372549, "pl3VerbRate": 0.17647058823529413, "superlatRate": 0.02127659574468085, "comparatRate": 0.0, "specDerivSuffixRate": 0.0, "pluralNounRate": 0.2463768115942029, "subjNum": 16, "objNum": 15, "attNum": 35, "subordNum": 14, "adverbNum": 31, "coordNum": 22, "clauseNum": 49, "simpleNum": 7, "complexNum": 16, "complexity1Num": 10, "complexity2Num": 3, "complexity3Num": 2, "compoundNum": 0, "subjRate": 0.0446927374301676, "objRate": 0.04189944134078212, "attRate": 0.09776536312849161, "subordRate": 0.03910614525139665, "adverbRate": 0.08659217877094973, "coordRate": 0.061452513966480445, "partsRate": 2.4285714285714284, "clauseRate": 2.130434782608696, "simpleRate": 0.30434782608695654, "complexRate": 0.6956521739130435, "complexity1Rate": 0.43478260869565216, "complexity2Rate": 0.13043478260869565, "complexity3Rate": 0.08695652173913043, "complexClauseRate": 2.625, "sentencesPerParagraph": 3.2857142857142856, "wordsLengthRate": 6.468852459016394, "compoundRate": 0.0, "positiveNum": 0, "negativeNum": 0, "precoPositiveNum": 0, "precoNegativeNum": 0, "negemoNum": 0, "negationNum": 6, "functionNum": 173, "contentNum": 185, "vulgarNum": 0, "racistNum": 0, "specStyleNum": 0, "addressingNum": 0, "closingNum": 0, "postscriptNum": 0, "brutalNum": 0, "positiveRate": 0.0, "negativeRate": 0.0, "precoPositiveRate": 0.0, "precoNegativeRate": 0.0, "negemoRate": 0.0, "negationRate": 0.01675977653631285, "functionRate": 0.48324022346368717, "contentRate": 0.5167597765363129, "vulgarRate": 0.0, "racistRate": 0.0, "specStyleRate": 0.0, "addressingRate": 0.0, "closingRate": 0.0, "postscriptRate": 0.0, "brutalRate": 0.0, "epistemicNum": 0, "investNum": 0, "conditionNum": 0, "weaselNum": 0, "peacockNum": 0, "hedgeNum": 0, "doxasticNum": 0, "epistemicRate": 0.0, "investRate": 0.0, "conditionRate": 0.0, "weaselRate": 0.0, "peacockRate": 0.0, "hedgeRate": 0.0, "doxasticRate": 0.0, "loveNum": 0, "anxietyNum": 0, "sorrowNum": 0, "joyNum": 0, "disgustNum": 0, "fearNum": 0, "surpriseNum": 0, "angerNum": 0, "loveRate": 0.0, "anxietyRate": 0.0, "sorrowRate": 0.0, "joyRate": 0.0, "disgustRate": 0.0, "fearRate": 0.0, "surpriseRate": 0.0, "angerRate": 0.0, "slangBeGeneralNum": 0, "slangBeCigaretteNum": 0, "slangBeHumanNum": 0, "slangBeVehicleNum": 0, "slangBeDrugNum": 0, "slangBvNum": 0, "slangBeGeneralRate": 0.0, "slangBeCigaretteRate": 0.0, "slangBeHumanRate": 0.0, "slangBeVehicleRate": 0.0, "slangBeDrugRate": 0.0, "slangBvRate": 0.0, "speechactNum": 0, "quoteNum": 0, "dashNum": 0, "publicNum": 0, "privateNum": 0, "suasiveNum": 0, "discMarkerNum": 0, "smileyNum": 0, "dateNum": 0, "hesitationNum": 0, "restartNum": 0, "repeatNum": 0, "conjBeforeDiscNum": 0, "conjAfterDiscNum": 0, "wordBeforeHesitationNum": 0, "wordAfterHesitationNum": 0, "otherCollocationNum": 0, "speechactRate": 0.0, "quoteRate": 0.0, "dashRate": 0.0, "publicRate": 0.0, "privateRate": 0.0, "suasiveRate": 0.0, "discMarkerRate": 0.0, "smileyRate": 0.0, "dateRate": 0.0, "hesitationRate": 0.0, "restartRate": 0.0, "repeatRate": 0.0, "conjBeforeDiscRate": 0.0, "conjAfterDiscRate": 0.0, "wordBeforeHesitationRate": 0.0, "wordAfterHesitationRate": 0.0, "otherCollocationRate": 0.0, "easyWordNum": 295, "hardWordNum": 63, "easyWordRate": 0.8240223463687151, "hardWordRate": 0.17597765363128492, "fleschReadingEaseScore": 34.12457250425069, "gunningFogIndex": 6.296478017974254, "fleschKincaidGradeLevel": 12.36646830216177, "colemanLiauIndex": 17.302265363128488, "smogIndex": 11.407655852321103, "automatedReadabilityIndex": 12.823334952635413, "linsearWriteIndex": 1.8965265970366767, "author": "", "locationNameNum": 0, "locationNameRate": 0.0, "personNameNum": 0, "personNameRate": 0.0, "organizationNameNum": 0, "organizationNameRate": 0.0, "misspelledNum": 0, "misspelledRate": 0.0, "missingAccentNum": 0, "missingAccentRate": 0.0, "foreignAccentNum": 0, "foreignAccentRate": 0.0, "wordConcatNum": 0, "wordConcatRate": 0.0, "jLyMistakeNum": 0, "jLyMistakeRate": 0.0, "freqSuffixNum": 0, "partsNum": 119, "privateVNum": 0, "publicVNum": 0, "clauseWordNum": 49}