{"tokenNum": 320, "sentenceNum": 26, "lemmaNum": 158, "lemmaRate": 0.49375, "sentenceLength": 12.307692307692308, "allUpperNum": 0, "firstUpperNum": 29, "allUpperRate": 0.0, "firstUpperRate": 0.090625, "declarSentNum": 19, "imperSentNum": 2, "questionNum": 5, "declarSentRate": 0.7307692307692307, "imperSentRate": 0.07692307692307693, "questionRate": 0.19230769230769232, "accent": true, "saturation": 3.4347826086956523, "paragraphNum": 6, "nounNum": 60, "verbNum": 41, "adjNum": 41, "infNum": 3, "partPastNum": 0, "partPresNum": 3, "partFutNum": 0, "transNum": 0, "xNum": 6, "advNum": 24, "properNounNum": 3, "numNum": 0, "conjNum": 25, "punctNum": 53, "pronNum": 23, "relPronNum": 5, "demPronNum": 6, "adposNum": 2, "multiplePunctNum": 0, "phraseNum": 0, "nounRate": 0.1875, "verbRate": 0.128125, "adjRate": 0.128125, "infRate": 0.009375, "partPastRate": 0.0, "partPresRate": 0.009375, "partFutRate": 0.0, "transRate": 0.0, "xRate": 0.01875, "advRate": 0.075, "properNounRate": 0.009375, "numRate": 0.0, "conjRate": 0.078125, "punctRate": 0.165625, "pronRate": 0.071875, "relPronRate": 0.015625, "demPronRate": 0.01875, "adposRate": 0.00625, "multiplePunctRate": 0.0, "partsDensityRate": 3.608695652173913, "contentfulness": 6.384615384615385, "phraseRate": 0.0, "pastTenseNum": 5, "presentTenseNum": 34, "condNum": 0, "impNum": 6, "freqNum": 0, "causNum": 0, "modalNum": 0, "sg1VerbNum": 18, "sg2VerbNum": 1, "sg3VerbNum": 30, "pl1VerbNum": 5, "pl2VerbNum": 2, "pl3VerbNum": 9, "superlatNum": 1, "comparatNum": 1, "specDerivSuffixNum": 0, "pluralNounNum": 12, "pastTenseRate": 0.12195121951219512, "presentTenseRate": 0.8292682926829268, "condRate": 0.0, "impRate": 0.14634146341463414, "freqRate": 0.0, "causRate": 0.0, "modalRate": 0.0, "sg1VerbRate": 0.43902439024390244, "sg2VerbRate": 0.024390243902439025, "sg3VerbRate": 0.7317073170731707, "pl1VerbRate": 0.12195121951219512, "pl2VerbRate": 0.04878048780487805, "pl3VerbRate": 0.21951219512195122, "superlatRate": 0.024390243902439025, "comparatRate": 0.024390243902439025, "specDerivSuffixRate": 0.0, "pluralNounRate": 0.2, "subjNum": 24, "objNum": 17, "attNum": 24, "subordNum": 11, "adverbNum": 35, "coordNum": 19, "clauseNum": 46, "simpleNum": 12, "complexNum": 14, "complexity1Num": 9, "complexity2Num": 4, "complexity3Num": 1, "compoundNum": 0, "subjRate": 0.075, "objRate": 0.053125, "attRate": 0.075, "subordRate": 0.034375, "adverbRate": 0.109375, "coordRate": 0.059375, "partsRate": 2.5869565217391304, "clauseRate": 1.7692307692307692, "simpleRate": 0.46153846153846156, "complexRate": 0.5384615384615384, "complexity1Rate": 0.34615384615384615, "complexity2Rate": 0.15384615384615385, "complexity3Rate": 0.038461538461538464, "complexClauseRate": 2.4285714285714284, "sentencesPerParagraph": 4.333333333333333, "wordsLengthRate": 5.857677902621723, "compoundRate": 0.0, "positiveNum": 0, "negativeNum": 0, "precoPositiveNum": 0, "precoNegativeNum": 0, "negemoNum": 0, "negationNum": 4, "functionNum": 154, "contentNum": 166, "vulgarNum": 0, "racistNum": 0, "specStyleNum": 0, "addressingNum": 0, "closingNum": 0, "postscriptNum": 0, "brutalNum": 0, "positiveRate": 0.0, "negativeRate": 0.0, "precoPositiveRate": 0.0, "precoNegativeRate": 0.0, "negemoRate": 0.0, "negationRate": 0.0125, "functionRate": 0.48125, "contentRate": 0.51875, "vulgarRate": 0.0, "racistRate": 0.0, "specStyleRate": 0.0, "addressingRate": 0.0, "closingRate": 0.0, "postscriptRate": 0.0, "brutalRate": 0.0, "epistemicNum": 0, "investNum": 0, "conditionNum": 0, "weaselNum": 0, "peacockNum": 0, "hedgeNum": 0, "doxasticNum": 0, "epistemicRate": 0.0, "investRate": 0.0, "conditionRate": 0.0, "weaselRate": 0.0, "peacockRate": 0.0, "hedgeRate": 0.0, "doxasticRate": 0.0, "loveNum": 0, "anxietyNum": 0, "sorrowNum": 0, "joyNum": 0, "disgustNum": 0, "fearNum": 0, "surpriseNum": 0, "angerNum": 0, "loveRate": 0.0, "anxietyRate": 0.0, "sorrowRate": 0.0, "joyRate": 0.0, "disgustRate": 0.0, "fearRate": 0.0, "surpriseRate": 0.0, "angerRate": 0.0, "slangBeGeneralNum": 0, "slangBeCigaretteNum": 0, "slangBeHumanNum": 0, "slangBeVehicleNum": 0, "slangBeDrugNum": 0, "slangBvNum": 0, "slangBeGeneralRate": 0.0, "slangBeCigaretteRate": 0.0, "slangBeHumanRate": 0.0, "slangBeVehicleRate": 0.0, "slangBeDrugRate": 0.0, "slangBvRate": 0.0, "speechactNum": 0, "quoteNum": 2, "dashNum": 0, "publicNum": 0, "privateNum": 0, "suasiveNum": 0, "discMarkerNum": 0, "smileyNum": 0, "dateNum": 0, "hesitationNum": 0, "restartNum": 0, "repeatNum": 0, "conjBeforeDiscNum": 0, "conjAfterDiscNum": 0, "wordBeforeHesitationNum": 0, "wordAfterHesitationNum": 0, "otherCollocationNum": 0, "speechactRate": 0.0, "quoteRate": 0.00625, "dashRate": 0.0, "publicRate": 0.0, "privateRate": 0.0, "suasiveRate": 0.0, "discMarkerRate": 0.0, "smileyRate": 0.0, "dateRate": 0.0, "hesitationRate": 0.0, "restartRate": 0.0, "repeatRate": 0.0, "conjBeforeDiscRate": 0.0, "conjAfterDiscRate": 0.0, "wordBeforeHesitationRate": 0.0, "wordAfterHesitationRate": 0.0, "otherCollocationRate": 0.0, "easyWordNum": 289, "hardWordNum": 31, "easyWordRate": 0.903125, "hardWordRate": 0.096875, "fleschReadingEaseScore": 54.75269230769234, "gunningFogIndex": 4.961826923076924, "fleschKincaidGradeLevel": 8.68, "colemanLiauIndex": 13.741787499999997, "smogIndex": 8.936278230431713, "automatedReadabilityIndex": 8.347439903846155, "linsearWriteIndex": 1.2596153846153846, "author": "", "locationNameNum": 0, "locationNameRate": 0.0, "personNameNum": 0, "personNameRate": 0.0, "organizationNameNum": 0, "organizationNameRate": 0.0, "misspelledNum": 0, "misspelledRate": 0.0, "missingAccentNum": 0, "missingAccentRate": 0.0, "foreignAccentNum": 0, "foreignAccentRate": 0.0, "wordConcatNum": 0, "wordConcatRate": 0.0, "jLyMistakeNum": 0, "jLyMistakeRate": 0.0, "freqSuffixNum": 0, "partsNum": 119, "privateVNum": 0, "publicVNum": 0, "clauseWordNum": 46}