{"tokenNum": 293, "sentenceNum": 22, "lemmaNum": 132, "lemmaRate": 0.45051194539249145, "sentenceLength": 13.318181818181818, "allUpperNum": 0, "firstUpperNum": 22, "allUpperRate": 0.0, "firstUpperRate": 0.07508532423208192, "declarSentNum": 21, "imperSentNum": 1, "questionNum": 0, "declarSentRate": 0.9545454545454546, "imperSentRate": 0.045454545454545456, "questionRate": 0.0, "accent": true, "saturation": 3.473684210526316, "paragraphNum": 6, "nounNum": 67, "verbNum": 35, "adjNum": 32, "infNum": 4, "partPastNum": 0, "partPresNum": 3, "partFutNum": 0, "transNum": 0, "xNum": 7, "advNum": 25, "properNounNum": 0, "numNum": 1, "conjNum": 27, "punctNum": 51, "pronNum": 6, "relPronNum": 1, "demPronNum": 5, "adposNum": 0, "multiplePunctNum": 0, "phraseNum": 0, "nounRate": 0.22866894197952217, "verbRate": 0.11945392491467577, "adjRate": 0.10921501706484642, "infRate": 0.013651877133105802, "partPastRate": 0.0, "partPresRate": 0.010238907849829351, "partFutRate": 0.0, "transRate": 0.0, "xRate": 0.023890784982935155, "advRate": 0.08532423208191127, "properNounRate": 0.0, "numRate": 0.0034129692832764505, "conjRate": 0.09215017064846416, "punctRate": 0.17406143344709898, "pronRate": 0.020477815699658702, "relPronRate": 0.0034129692832764505, "demPronRate": 0.017064846416382253, "adposRate": 0.0, "multiplePunctRate": 0.0, "partsDensityRate": 4.184210526315789, "contentfulness": 7.2272727272727275, "phraseRate": 0.0, "pastTenseNum": 0, "presentTenseNum": 31, "condNum": 1, "impNum": 4, "freqNum": 0, "causNum": 0, "modalNum": 9, "sg1VerbNum": 0, "sg2VerbNum": 14, "sg3VerbNum": 22, "pl1VerbNum": 0, "pl2VerbNum": 0, "pl3VerbNum": 1, "superlatNum": 0, "comparatNum": 4, "specDerivSuffixNum": 0, "pluralNounNum": 13, "pastTenseRate": 0.0, "presentTenseRate": 0.8857142857142857, "condRate": 0.02857142857142857, "impRate": 0.11428571428571428, "freqRate": 0.0, "causRate": 0.0, "modalRate": 0.2571428571428571, "sg1VerbRate": 0.0, "sg2VerbRate": 0.4, "sg3VerbRate": 0.6285714285714286, "pl1VerbRate": 0.0, "pl2VerbRate": 0.0, "pl3VerbRate": 0.02857142857142857, "superlatRate": 0.0, "comparatRate": 0.125, "specDerivSuffixRate": 0.0, "pluralNounRate": 0.19402985074626866, "subjNum": 17, "objNum": 19, "attNum": 24, "subordNum": 9, "adverbNum": 29, "coordNum": 15, "clauseNum": 38, "simpleNum": 10, "complexNum": 12, "complexity1Num": 8, "complexity2Num": 4, "complexity3Num": 0, "compoundNum": 0, "subjRate": 0.05802047781569966, "objRate": 0.06484641638225255, "attRate": 0.08191126279863481, "subordRate": 0.030716723549488054, "adverbRate": 0.09897610921501707, "coordRate": 0.051194539249146756, "partsRate": 2.736842105263158, "clauseRate": 1.7272727272727273, "simpleRate": 0.45454545454545453, "complexRate": 0.5454545454545454, "complexity1Rate": 0.36363636363636365, "complexity2Rate": 0.18181818181818182, "complexity3Rate": 0.0, "complexClauseRate": 2.3333333333333335, "sentencesPerParagraph": 3.6666666666666665, "wordsLengthRate": 6.049586776859504, "compoundRate": 0.0, "positiveNum": 0, "negativeNum": 0, "precoPositiveNum": 0, "precoNegativeNum": 0, "negemoNum": 0, "negationNum": 1, "functionNum": 134, "contentNum": 159, "vulgarNum": 0, "racistNum": 0, "specStyleNum": 0, "addressingNum": 0, "closingNum": 0, "postscriptNum": 0, "brutalNum": 0, "positiveRate": 0.0, "negativeRate": 0.0, "precoPositiveRate": 0.0, "precoNegativeRate": 0.0, "negemoRate": 0.0, "negationRate": 0.0034129692832764505, "functionRate": 0.45733788395904434, "contentRate": 0.5426621160409556, "vulgarRate": 0.0, "racistRate": 0.0, "specStyleRate": 0.0, "addressingRate": 0.0, "closingRate": 0.0, "postscriptRate": 0.0, "brutalRate": 0.0, "epistemicNum": 0, "investNum": 0, "conditionNum": 0, "weaselNum": 0, "peacockNum": 0, "hedgeNum": 0, "doxasticNum": 0, "epistemicRate": 0.0, "investRate": 0.0, "conditionRate": 0.0, "weaselRate": 0.0, "peacockRate": 0.0, "hedgeRate": 0.0, "doxasticRate": 0.0, "loveNum": 0, "anxietyNum": 0, "sorrowNum": 0, "joyNum": 0, "disgustNum": 0, "fearNum": 0, "surpriseNum": 0, "angerNum": 0, "loveRate": 0.0, "anxietyRate": 0.0, "sorrowRate": 0.0, "joyRate": 0.0, "disgustRate": 0.0, "fearRate": 0.0, "surpriseRate": 0.0, "angerRate": 0.0, "slangBeGeneralNum": 0, "slangBeCigaretteNum": 0, "slangBeHumanNum": 0, "slangBeVehicleNum": 0, "slangBeDrugNum": 0, "slangBvNum": 0, "slangBeGeneralRate": 0.0, "slangBeCigaretteRate": 0.0, "slangBeHumanRate": 0.0, "slangBeVehicleRate": 0.0, "slangBeDrugRate": 0.0, "slangBvRate": 0.0, "speechactNum": 0, "quoteNum": 0, "dashNum": 0, "publicNum": 0, "privateNum": 0, "suasiveNum": 0, "discMarkerNum": 0, "smileyNum": 0, "dateNum": 0, "hesitationNum": 0, "restartNum": 0, "repeatNum": 0, "conjBeforeDiscNum": 0, "conjAfterDiscNum": 0, "wordBeforeHesitationNum": 0, "wordAfterHesitationNum": 0, "otherCollocationNum": 0, "speechactRate": 0.0, "quoteRate": 0.0, "dashRate": 0.0, "publicRate": 0.0, "privateRate": 0.0, "suasiveRate": 0.0, "discMarkerRate": 0.0, "smileyRate": 0.0, "dateRate": 0.0, "hesitationRate": 0.0, "restartRate": 0.0, "repeatRate": 0.0, "conjBeforeDiscRate": 0.0, "conjAfterDiscRate": 0.0, "wordBeforeHesitationRate": 0.0, "wordAfterHesitationRate": 0.0, "otherCollocationRate": 0.0, "easyWordNum": 263, "hardWordNum": 30, "easyWordRate": 0.8976109215017065, "hardWordRate": 0.10238907849829351, "fleschReadingEaseScore": 53.568239993794606, "gunningFogIndex": 5.368228358672045, "fleschKincaidGradeLevel": 9.096241079739375, "colemanLiauIndex": 14.39356313993174, "smogIndex": 8.841846274778883, "automatedReadabilityIndex": 9.373869066087497, "linsearWriteIndex": 1.6838349363946636, "author": "", "locationNameNum": 0, "locationNameRate": 0.0, "personNameNum": 0, "personNameRate": 0.0, "organizationNameNum": 0, "organizationNameRate": 0.0, "misspelledNum": 0, "misspelledRate": 0.0, "missingAccentNum": 0, "missingAccentRate": 0.0, "foreignAccentNum": 0, "foreignAccentRate": 0.0, "wordConcatNum": 0, "wordConcatRate": 0.0, "jLyMistakeNum": 0, "jLyMistakeRate": 0.0, "freqSuffixNum": 0, "partsNum": 104, "privateVNum": 0, "publicVNum": 0, "clauseWordNum": 38}