{"tokenNum": 361, "sentenceNum": 26, "lemmaNum": 167, "lemmaRate": 0.4626038781163435, "sentenceLength": 13.884615384615385, "allUpperNum": 12, "firstUpperNum": 39, "allUpperRate": 0.0332409972299169, "firstUpperRate": 0.10803324099722991, "declarSentNum": 25, "imperSentNum": 0, "questionNum": 1, "declarSentRate": 0.9615384615384616, "imperSentRate": 0.0, "questionRate": 0.038461538461538464, "accent": true, "saturation": 3.150943396226415, "paragraphNum": 8, "nounNum": 67, "verbNum": 51, "adjNum": 40, "infNum": 12, "partPastNum": 0, "partPresNum": 2, "partFutNum": 0, "transNum": 0, "xNum": 9, "advNum": 22, "properNounNum": 11, "numNum": 1, "conjNum": 35, "punctNum": 59, "pronNum": 27, "relPronNum": 7, "demPronNum": 12, "adposNum": 2, "multiplePunctNum": 0, "phraseNum": 0, "nounRate": 0.18559556786703602, "verbRate": 0.14127423822714683, "adjRate": 0.11080332409972299, "infRate": 0.0332409972299169, "partPastRate": 0.0, "partPresRate": 0.00554016620498615, "partFutRate": 0.0, "transRate": 0.0, "xRate": 0.024930747922437674, "advRate": 0.060941828254847646, "properNounRate": 0.030470914127423823, "numRate": 0.002770083102493075, "conjRate": 0.09695290858725762, "punctRate": 0.1634349030470914, "pronRate": 0.07479224376731301, "relPronRate": 0.019390581717451522, "demPronRate": 0.0332409972299169, "adposRate": 0.00554016620498615, "multiplePunctRate": 0.0, "partsDensityRate": 3.3962264150943398, "contentfulness": 6.923076923076923, "phraseRate": 0.0, "pastTenseNum": 0, "presentTenseNum": 39, "condNum": 0, "impNum": 5, "freqNum": 0, "causNum": 0, "modalNum": 8, "sg1VerbNum": 3, "sg2VerbNum": 0, "sg3VerbNum": 45, "pl1VerbNum": 24, "pl2VerbNum": 0, "pl3VerbNum": 3, "superlatNum": 0, "comparatNum": 3, "specDerivSuffixNum": 0, "pluralNounNum": 16, "pastTenseRate": 0.0, "presentTenseRate": 0.7647058823529411, "condRate": 0.0, "impRate": 0.09803921568627451, "freqRate": 0.0, "causRate": 0.0, "modalRate": 0.1568627450980392, "sg1VerbRate": 0.058823529411764705, "sg2VerbRate": 0.0, "sg3VerbRate": 0.8823529411764706, "pl1VerbRate": 0.47058823529411764, "pl2VerbRate": 0.0, "pl3VerbRate": 0.058823529411764705, "superlatRate": 0.0, "comparatRate": 0.075, "specDerivSuffixRate": 0.0, "pluralNounRate": 0.23880597014925373, "subjNum": 22, "objNum": 22, "attNum": 25, "subordNum": 22, "adverbNum": 30, "coordNum": 15, "clauseNum": 53, "simpleNum": 7, "complexNum": 19, "complexity1Num": 12, "complexity2Num": 6, "complexity3Num": 1, "compoundNum": 0, "subjRate": 0.060941828254847646, "objRate": 0.060941828254847646, "attRate": 0.06925207756232687, "subordRate": 0.060941828254847646, "adverbRate": 0.08310249307479224, "coordRate": 0.04155124653739612, "partsRate": 2.150943396226415, "clauseRate": 2.0384615384615383, "simpleRate": 0.2692307692307692, "complexRate": 0.7307692307692307, "complexity1Rate": 0.46153846153846156, "complexity2Rate": 0.23076923076923078, "complexity3Rate": 0.038461538461538464, "complexClauseRate": 2.4210526315789473, "sentencesPerParagraph": 3.25, "wordsLengthRate": 5.854304635761589, "compoundRate": 0.0, "positiveNum": 0, "negativeNum": 0, "precoPositiveNum": 0, "precoNegativeNum": 0, "negemoNum": 0, "negationNum": 4, "functionNum": 181, "contentNum": 180, "vulgarNum": 0, "racistNum": 0, "specStyleNum": 0, "addressingNum": 0, "closingNum": 0, "postscriptNum": 0, "brutalNum": 0, "positiveRate": 0.0, "negativeRate": 0.0, "precoPositiveRate": 0.0, "precoNegativeRate": 0.0, "negemoRate": 0.0, "negationRate": 0.0110803324099723, "functionRate": 0.5013850415512465, "contentRate": 0.4986149584487535, "vulgarRate": 0.0, "racistRate": 0.0, "specStyleRate": 0.0, "addressingRate": 0.0, "closingRate": 0.0, "postscriptRate": 0.0, "brutalRate": 0.0, "epistemicNum": 0, "investNum": 0, "conditionNum": 0, "weaselNum": 0, "peacockNum": 0, "hedgeNum": 0, "doxasticNum": 0, "epistemicRate": 0.0, "investRate": 0.0, "conditionRate": 0.0, "weaselRate": 0.0, "peacockRate": 0.0, "hedgeRate": 0.0, "doxasticRate": 0.0, "loveNum": 0, "anxietyNum": 0, "sorrowNum": 0, "joyNum": 0, "disgustNum": 0, "fearNum": 0, "surpriseNum": 0, "angerNum": 0, "loveRate": 0.0, "anxietyRate": 0.0, "sorrowRate": 0.0, "joyRate": 0.0, "disgustRate": 0.0, "fearRate": 0.0, "surpriseRate": 0.0, "angerRate": 0.0, "slangBeGeneralNum": 0, "slangBeCigaretteNum": 0, "slangBeHumanNum": 0, "slangBeVehicleNum": 0, "slangBeDrugNum": 0, "slangBvNum": 0, "slangBeGeneralRate": 0.0, "slangBeCigaretteRate": 0.0, "slangBeHumanRate": 0.0, "slangBeVehicleRate": 0.0, "slangBeDrugRate": 0.0, "slangBvRate": 0.0, "speechactNum": 0, "quoteNum": 0, "dashNum": 0, "publicNum": 0, "privateNum": 0, "suasiveNum": 0, "discMarkerNum": 0, "smileyNum": 0, "dateNum": 0, "hesitationNum": 0, "restartNum": 0, "repeatNum": 0, "conjBeforeDiscNum": 0, "conjAfterDiscNum": 0, "wordBeforeHesitationNum": 0, "wordAfterHesitationNum": 0, "otherCollocationNum": 0, "speechactRate": 0.0, "quoteRate": 0.0, "dashRate": 0.0, "publicRate": 0.0, "privateRate": 0.0, "suasiveRate": 0.0, "discMarkerRate": 0.0, "smileyRate": 0.0, "dateRate": 0.0, "hesitationRate": 0.0, "restartRate": 0.0, "repeatRate": 0.0, "conjBeforeDiscRate": 0.0, "conjAfterDiscRate": 0.0, "wordBeforeHesitationRate": 0.0, "wordAfterHesitationRate": 0.0, "otherCollocationRate": 0.0, "easyWordNum": 329, "hardWordNum": 32, "easyWordRate": 0.9113573407202216, "hardWordRate": 0.0886426592797784, "fleschReadingEaseScore": 57.522724802897955, "gunningFogIndex": 5.589303217558065, "fleschKincaidGradeLevel": 8.68538781163435, "colemanLiauIndex": 13.747678670360113, "smogIndex": 9.029198982220553, "automatedReadabilityIndex": 9.14059024078415, "linsearWriteIndex": 1.2213935648838694, "author": "", "locationNameNum": 0, "locationNameRate": 0.0, "personNameNum": 0, "personNameRate": 0.0, "organizationNameNum": 0, "organizationNameRate": 0.0, "misspelledNum": 1, "misspelledRate": 0.002770083102493075, "missingAccentNum": 0, "missingAccentRate": 0.0, "foreignAccentNum": 0, "foreignAccentRate": 0.0, "wordConcatNum": 0, "wordConcatRate": 0.0, "jLyMistakeNum": 0, "jLyMistakeRate": 0.0, "freqSuffixNum": 0, "partsNum": 114, "privateVNum": 0, "publicVNum": 0, "clauseWordNum": 53}