{"tokenNum": 371, "sentenceNum": 26, "lemmaNum": 179, "lemmaRate": 0.48247978436657685, "sentenceLength": 14.26923076923077, "allUpperNum": 0, "firstUpperNum": 27, "allUpperRate": 0.0, "firstUpperRate": 0.07277628032345014, "declarSentNum": 26, "imperSentNum": 0, "questionNum": 0, "declarSentRate": 1.0, "imperSentRate": 0.0, "questionRate": 0.0, "accent": true, "saturation": 3.4423076923076925, "paragraphNum": 6, "nounNum": 80, "verbNum": 51, "adjNum": 23, "infNum": 2, "partPastNum": 0, "partPresNum": 5, "partFutNum": 0, "transNum": 0, "xNum": 6, "advNum": 35, "properNounNum": 1, "numNum": 1, "conjNum": 23, "punctNum": 75, "pronNum": 14, "relPronNum": 7, "demPronNum": 11, "adposNum": 0, "multiplePunctNum": 0, "phraseNum": 0, "nounRate": 0.215633423180593, "verbRate": 0.13746630727762804, "adjRate": 0.06199460916442048, "infRate": 0.005390835579514825, "partPastRate": 0.0, "partPresRate": 0.013477088948787063, "partFutRate": 0.0, "transRate": 0.0, "xRate": 0.016172506738544475, "advRate": 0.09433962264150944, "properNounRate": 0.0026954177897574125, "numRate": 0.0026954177897574125, "conjRate": 0.06199460916442048, "punctRate": 0.20215633423180593, "pronRate": 0.03773584905660377, "relPronRate": 0.018867924528301886, "demPronRate": 0.029649595687331536, "adposRate": 0.0, "multiplePunctRate": 0.0, "partsDensityRate": 3.6346153846153846, "contentfulness": 7.269230769230769, "phraseRate": 0.0, "pastTenseNum": 14, "presentTenseNum": 35, "condNum": 1, "impNum": 1, "freqNum": 0, "causNum": 0, "modalNum": 3, "sg1VerbNum": 20, "sg2VerbNum": 0, "sg3VerbNum": 27, "pl1VerbNum": 8, "pl2VerbNum": 0, "pl3VerbNum": 11, "superlatNum": 0, "comparatNum": 1, "specDerivSuffixNum": 0, "pluralNounNum": 24, "pastTenseRate": 0.27450980392156865, "presentTenseRate": 0.6862745098039216, "condRate": 0.0196078431372549, "impRate": 0.0196078431372549, "freqRate": 0.0, "causRate": 0.0, "modalRate": 0.058823529411764705, "sg1VerbRate": 0.39215686274509803, "sg2VerbRate": 0.0, "sg3VerbRate": 0.5294117647058824, "pl1VerbRate": 0.1568627450980392, "pl2VerbRate": 0.0, "pl3VerbRate": 0.21568627450980393, "superlatRate": 0.0, "comparatRate": 0.043478260869565216, "specDerivSuffixRate": 0.0, "pluralNounRate": 0.3, "subjNum": 25, "objNum": 16, "attNum": 18, "subordNum": 14, "adverbNum": 41, "coordNum": 31, "clauseNum": 52, "simpleNum": 7, "complexNum": 19, "complexity1Num": 12, "complexity2Num": 7, "complexity3Num": 0, "compoundNum": 0, "subjRate": 0.0673854447439353, "objRate": 0.0431266846361186, "attRate": 0.04851752021563342, "subordRate": 0.03773584905660377, "adverbRate": 0.1105121293800539, "coordRate": 0.08355795148247978, "partsRate": 2.519230769230769, "clauseRate": 2.0, "simpleRate": 0.2692307692307692, "complexRate": 0.7307692307692307, "complexity1Rate": 0.46153846153846156, "complexity2Rate": 0.2692307692307692, "complexity3Rate": 0.0, "complexClauseRate": 2.3684210526315788, "sentencesPerParagraph": 4.333333333333333, "wordsLengthRate": 5.243243243243243, "compoundRate": 0.0, "positiveNum": 0, "negativeNum": 0, "precoPositiveNum": 0, "precoNegativeNum": 0, "negemoNum": 0, "negationNum": 5, "functionNum": 182, "contentNum": 189, "vulgarNum": 0, "racistNum": 0, "specStyleNum": 0, "addressingNum": 0, "closingNum": 0, "postscriptNum": 0, "brutalNum": 0, "positiveRate": 0.0, "negativeRate": 0.0, "precoPositiveRate": 0.0, "precoNegativeRate": 0.0, "negemoRate": 0.0, "negationRate": 0.013477088948787063, "functionRate": 0.49056603773584906, "contentRate": 0.5094339622641509, "vulgarRate": 0.0, "racistRate": 0.0, "specStyleRate": 0.0, "addressingRate": 0.0, "closingRate": 0.0, "postscriptRate": 0.0, "brutalRate": 0.0, "epistemicNum": 0, "investNum": 0, "conditionNum": 0, "weaselNum": 0, "peacockNum": 0, "hedgeNum": 0, "doxasticNum": 0, "epistemicRate": 0.0, "investRate": 0.0, "conditionRate": 0.0, "weaselRate": 0.0, "peacockRate": 0.0, "hedgeRate": 0.0, "doxasticRate": 0.0, "loveNum": 0, "anxietyNum": 0, "sorrowNum": 0, "joyNum": 0, "disgustNum": 0, "fearNum": 0, "surpriseNum": 0, "angerNum": 0, "loveRate": 0.0, "anxietyRate": 0.0, "sorrowRate": 0.0, "joyRate": 0.0, "disgustRate": 0.0, "fearRate": 0.0, "surpriseRate": 0.0, "angerRate": 0.0, "slangBeGeneralNum": 0, "slangBeCigaretteNum": 0, "slangBeHumanNum": 0, "slangBeVehicleNum": 0, "slangBeDrugNum": 0, "slangBvNum": 0, "slangBeGeneralRate": 0.0, "slangBeCigaretteRate": 0.0, "slangBeHumanRate": 0.0, "slangBeVehicleRate": 0.0, "slangBeDrugRate": 0.0, "slangBvRate": 0.0, "speechactNum": 0, "quoteNum": 0, "dashNum": 2, "publicNum": 0, "privateNum": 0, "suasiveNum": 0, "discMarkerNum": 0, "smileyNum": 0, "dateNum": 0, "hesitationNum": 0, "restartNum": 1, "repeatNum": 0, "conjBeforeDiscNum": 0, "conjAfterDiscNum": 0, "wordBeforeHesitationNum": 0, "wordAfterHesitationNum": 0, "otherCollocationNum": 0, "speechactRate": 0.0, "quoteRate": 0.0, "dashRate": 0.005390835579514825, "publicRate": 0.0, "privateRate": 0.0, "suasiveRate": 0.0, "discMarkerRate": 0.0, "smileyRate": 0.0, "dateRate": 0.0, "hesitationRate": 0.0, "restartRate": 0.0026954177897574125, "repeatRate": 0.0, "conjBeforeDiscRate": 0.0, "conjAfterDiscRate": 0.0, "wordBeforeHesitationRate": 0.0, "wordAfterHesitationRate": 0.0, "otherCollocationRate": 0.0, "easyWordNum": 352, "hardWordNum": 19, "easyWordRate": 0.9487870619946092, "hardWordRate": 0.05121293800539083, "fleschReadingEaseScore": 72.63474963715532, "gunningFogIndex": 5.7281774828944645, "fleschKincaidGradeLevel": 6.673113207547171, "colemanLiauIndex": 9.839547169811318, "smogIndex": 7.675431598112922, "automatedReadabilityIndex": 6.207715115073604, "linsearWriteIndex": 1.0889487870619945, "author": "", "locationNameNum": 1, "locationNameRate": 0.0026954177897574125, "personNameNum": 0, "personNameRate": 0.0, "organizationNameNum": 0, "organizationNameRate": 0.0, "misspelledNum": 0, "misspelledRate": 0.0, "missingAccentNum": 0, "missingAccentRate": 0.0, "foreignAccentNum": 0, "foreignAccentRate": 0.0, "wordConcatNum": 0, "wordConcatRate": 0.0, "jLyMistakeNum": 0, "jLyMistakeRate": 0.0, "freqSuffixNum": 0, "partsNum": 131, "privateVNum": 0, "publicVNum": 0, "clauseWordNum": 52}