{"tokenNum": 326, "sentenceNum": 20, "lemmaNum": 148, "lemmaRate": 0.4539877300613497, "sentenceLength": 16.3, "allUpperNum": 0, "firstUpperNum": 20, "allUpperRate": 0.0, "firstUpperRate": 0.06134969325153374, "declarSentNum": 18, "imperSentNum": 0, "questionNum": 2, "declarSentRate": 0.9, "imperSentRate": 0.0, "questionRate": 0.1, "accent": true, "saturation": 4.0, "paragraphNum": 6, "nounNum": 70, "verbNum": 40, "adjNum": 35, "infNum": 5, "partPastNum": 0, "partPresNum": 0, "partFutNum": 0, "transNum": 5, "xNum": 6, "advNum": 39, "properNounNum": 0, "numNum": 1, "conjNum": 24, "punctNum": 48, "pronNum": 10, "relPronNum": 1, "demPronNum": 10, "adposNum": 2, "multiplePunctNum": 0, "phraseNum": 0, "nounRate": 0.2147239263803681, "verbRate": 0.12269938650306748, "adjRate": 0.10736196319018405, "infRate": 0.015337423312883436, "partPastRate": 0.0, "partPresRate": 0.0, "partFutRate": 0.0, "transRate": 0.015337423312883436, "xRate": 0.018404907975460124, "advRate": 0.1196319018404908, "properNounRate": 0.0, "numRate": 0.003067484662576687, "conjRate": 0.0736196319018405, "punctRate": 0.147239263803681, "pronRate": 0.03067484662576687, "relPronRate": 0.003067484662576687, "demPronRate": 0.03067484662576687, "adposRate": 0.006134969325153374, "multiplePunctRate": 0.0, "partsDensityRate": 4.972972972972973, "contentfulness": 9.2, "phraseRate": 0.0, "pastTenseNum": 22, "presentTenseNum": 13, "condNum": 0, "impNum": 2, "freqNum": 0, "causNum": 0, "modalNum": 1, "sg1VerbNum": 14, "sg2VerbNum": 0, "sg3VerbNum": 26, "pl1VerbNum": 5, "pl2VerbNum": 0, "pl3VerbNum": 1, "superlatNum": 2, "comparatNum": 2, "specDerivSuffixNum": 0, "pluralNounNum": 11, "pastTenseRate": 0.55, "presentTenseRate": 0.325, "condRate": 0.0, "impRate": 0.05, "freqRate": 0.0, "causRate": 0.0, "modalRate": 0.025, "sg1VerbRate": 0.35, "sg2VerbRate": 0.0, "sg3VerbRate": 0.65, "pl1VerbRate": 0.125, "pl2VerbRate": 0.0, "pl3VerbRate": 0.025, "superlatRate": 0.05714285714285714, "comparatRate": 0.05714285714285714, "specDerivSuffixRate": 0.0, "pluralNounRate": 0.15714285714285714, "subjNum": 18, "objNum": 10, "attNum": 26, "subordNum": 7, "adverbNum": 36, "coordNum": 14, "clauseNum": 37, "simpleNum": 5, "complexNum": 15, "complexity1Num": 13, "complexity2Num": 2, "complexity3Num": 0, "compoundNum": 0, "subjRate": 0.05521472392638037, "objRate": 0.03067484662576687, "attRate": 0.07975460122699386, "subordRate": 0.02147239263803681, "adverbRate": 0.11042944785276074, "coordRate": 0.04294478527607362, "partsRate": 2.810810810810811, "clauseRate": 1.85, "simpleRate": 0.25, "complexRate": 0.75, "complexity1Rate": 0.65, "complexity2Rate": 0.1, "complexity3Rate": 0.0, "complexClauseRate": 2.1333333333333333, "sentencesPerParagraph": 3.3333333333333335, "wordsLengthRate": 5.543165467625899, "compoundRate": 0.0, "positiveNum": 0, "negativeNum": 0, "precoPositiveNum": 0, "precoNegativeNum": 0, "negemoNum": 0, "negationNum": 3, "functionNum": 142, "contentNum": 184, "vulgarNum": 0, "racistNum": 0, "specStyleNum": 0, "addressingNum": 0, "closingNum": 0, "postscriptNum": 0, "brutalNum": 0, "positiveRate": 0.0, "negativeRate": 0.0, "precoPositiveRate": 0.0, "precoNegativeRate": 0.0, "negemoRate": 0.0, "negationRate": 0.009202453987730062, "functionRate": 0.43558282208588955, "contentRate": 0.5644171779141104, "vulgarRate": 0.0, "racistRate": 0.0, "specStyleRate": 0.0, "addressingRate": 0.0, "closingRate": 0.0, "postscriptRate": 0.0, "brutalRate": 0.0, "epistemicNum": 0, "investNum": 0, "conditionNum": 0, "weaselNum": 0, "peacockNum": 0, "hedgeNum": 0, "doxasticNum": 0, "epistemicRate": 0.0, "investRate": 0.0, "conditionRate": 0.0, "weaselRate": 0.0, "peacockRate": 0.0, "hedgeRate": 0.0, "doxasticRate": 0.0, "loveNum": 0, "anxietyNum": 0, "sorrowNum": 0, "joyNum": 0, "disgustNum": 0, "fearNum": 0, "surpriseNum": 0, "angerNum": 0, "loveRate": 0.0, "anxietyRate": 0.0, "sorrowRate": 0.0, "joyRate": 0.0, "disgustRate": 0.0, "fearRate": 0.0, "surpriseRate": 0.0, "angerRate": 0.0, "slangBeGeneralNum": 0, "slangBeCigaretteNum": 0, "slangBeHumanNum": 0, "slangBeVehicleNum": 0, "slangBeDrugNum": 0, "slangBvNum": 0, "slangBeGeneralRate": 0.0, "slangBeCigaretteRate": 0.0, "slangBeHumanRate": 0.0, "slangBeVehicleRate": 0.0, "slangBeDrugRate": 0.0, "slangBvRate": 0.0, "speechactNum": 0, "quoteNum": 0, "dashNum": 0, "publicNum": 0, "privateNum": 0, "suasiveNum": 0, "discMarkerNum": 0, "smileyNum": 0, "dateNum": 0, "hesitationNum": 0, "restartNum": 0, "repeatNum": 0, "conjBeforeDiscNum": 0, "conjAfterDiscNum": 0, "wordBeforeHesitationNum": 0, "wordAfterHesitationNum": 0, "otherCollocationNum": 0, "speechactRate": 0.0, "quoteRate": 0.0, "dashRate": 0.0, "publicRate": 0.0, "privateRate": 0.0, "suasiveRate": 0.0, "discMarkerRate": 0.0, "smileyRate": 0.0, "dateRate": 0.0, "hesitationRate": 0.0, "restartRate": 0.0, "repeatRate": 0.0, "conjBeforeDiscRate": 0.0, "conjAfterDiscRate": 0.0, "wordBeforeHesitationRate": 0.0, "wordAfterHesitationRate": 0.0, "otherCollocationRate": 0.0, "easyWordNum": 311, "hardWordNum": 15, "easyWordRate": 0.9539877300613497, "hardWordRate": 0.046012269938650305, "fleschReadingEaseScore": 63.39050000000002, "gunningFogIndex": 6.538404907975461, "fleschKincaidGradeLevel": 8.467000000000002, "colemanLiauIndex": 12.692239263803678, "smogIndex": 7.168621630094336, "automatedReadabilityIndex": 9.504263803680985, "linsearWriteIndex": 1.6840490797546015, "author": "", "locationNameNum": 0, "locationNameRate": 0.0, "personNameNum": 0, "personNameRate": 0.0, "organizationNameNum": 0, "organizationNameRate": 0.0, "misspelledNum": 0, "misspelledRate": 0.0, "missingAccentNum": 0, "missingAccentRate": 0.0, "foreignAccentNum": 0, "foreignAccentRate": 0.0, "wordConcatNum": 0, "wordConcatRate": 0.0, "jLyMistakeNum": 0, "jLyMistakeRate": 0.0, "freqSuffixNum": 0, "partsNum": 104, "privateVNum": 0, "publicVNum": 0, "clauseWordNum": 37}