{"tokenNum": 502, "sentenceNum": 34, "lemmaNum": 211, "lemmaRate": 0.4203187250996016, "sentenceLength": 14.764705882352942, "allUpperNum": 0, "firstUpperNum": 37, "allUpperRate": 0.0, "firstUpperRate": 0.07370517928286853, "declarSentNum": 34, "imperSentNum": 0, "questionNum": 0, "declarSentRate": 1.0, "imperSentRate": 0.0, "questionRate": 0.0, "accent": true, "saturation": 2.5421686746987953, "paragraphNum": 11, "nounNum": 84, "verbNum": 78, "adjNum": 39, "infNum": 7, "partPastNum": 1, "partPresNum": 1, "partFutNum": 0, "transNum": 1, "xNum": 11, "advNum": 42, "properNounNum": 4, "numNum": 2, "conjNum": 65, "punctNum": 88, "pronNum": 29, "relPronNum": 7, "demPronNum": 16, "adposNum": 0, "multiplePunctNum": 0, "phraseNum": 0, "nounRate": 0.16733067729083664, "verbRate": 0.1553784860557769, "adjRate": 0.07768924302788845, "infRate": 0.013944223107569721, "partPastRate": 0.00199203187250996, "partPresRate": 0.00199203187250996, "partFutRate": 0.0, "transRate": 0.00199203187250996, "xRate": 0.021912350597609563, "advRate": 0.08366533864541832, "properNounRate": 0.00796812749003984, "numRate": 0.00398406374501992, "conjRate": 0.1294820717131474, "punctRate": 0.1752988047808765, "pronRate": 0.05776892430278884, "relPronRate": 0.013944223107569721, "demPronRate": 0.03187250996015936, "adposRate": 0.0, "multiplePunctRate": 0.0, "partsDensityRate": 2.927710843373494, "contentfulness": 7.147058823529412, "phraseRate": 0.0, "pastTenseNum": 1, "presentTenseNum": 70, "condNum": 1, "impNum": 6, "freqNum": 0, "causNum": 0, "modalNum": 1, "sg1VerbNum": 59, "sg2VerbNum": 0, "sg3VerbNum": 32, "pl1VerbNum": 0, "pl2VerbNum": 0, "pl3VerbNum": 9, "superlatNum": 1, "comparatNum": 2, "specDerivSuffixNum": 0, "pluralNounNum": 14, "pastTenseRate": 0.01282051282051282, "presentTenseRate": 0.8974358974358975, "condRate": 0.01282051282051282, "impRate": 0.07692307692307693, "freqRate": 0.0, "causRate": 0.0, "modalRate": 0.01282051282051282, "sg1VerbRate": 0.7564102564102564, "sg2VerbRate": 0.0, "sg3VerbRate": 0.41025641025641024, "pl1VerbRate": 0.0, "pl2VerbRate": 0.0, "pl3VerbRate": 0.11538461538461539, "superlatRate": 0.02564102564102564, "comparatRate": 0.05128205128205128, "specDerivSuffixRate": 0.0, "pluralNounRate": 0.16666666666666666, "subjNum": 18, "objNum": 26, "attNum": 13, "subordNum": 21, "adverbNum": 51, "coordNum": 38, "clauseNum": 83, "simpleNum": 5, "complexNum": 29, "complexity1Num": 15, "complexity2Num": 9, "complexity3Num": 4, "compoundNum": 0, "subjRate": 0.035856573705179286, "objRate": 0.05179282868525897, "attRate": 0.025896414342629483, "subordRate": 0.04183266932270916, "adverbRate": 0.10159362549800798, "coordRate": 0.07569721115537849, "partsRate": 1.7590361445783131, "clauseRate": 2.4411764705882355, "simpleRate": 0.14705882352941177, "complexRate": 0.8529411764705882, "complexity1Rate": 0.4411764705882353, "complexity2Rate": 0.2647058823529412, "complexity3Rate": 0.11764705882352941, "complexClauseRate": 2.689655172413793, "sentencesPerParagraph": 3.090909090909091, "wordsLengthRate": 5.241545893719807, "compoundRate": 0.0, "positiveNum": 0, "negativeNum": 0, "precoPositiveNum": 0, "precoNegativeNum": 0, "negemoNum": 0, "negationNum": 11, "functionNum": 259, "contentNum": 243, "vulgarNum": 0, "racistNum": 0, "specStyleNum": 0, "addressingNum": 0, "closingNum": 0, "postscriptNum": 0, "brutalNum": 0, "positiveRate": 0.0, "negativeRate": 0.0, "precoPositiveRate": 0.0, "precoNegativeRate": 0.0, "negemoRate": 0.0, "negationRate": 0.021912350597609563, "functionRate": 0.5159362549800797, "contentRate": 0.48406374501992033, "vulgarRate": 0.0, "racistRate": 0.0, "specStyleRate": 0.0, "addressingRate": 0.0, "closingRate": 0.0, "postscriptRate": 0.0, "brutalRate": 0.0, "epistemicNum": 0, "investNum": 0, "conditionNum": 0, "weaselNum": 0, "peacockNum": 0, "hedgeNum": 0, "doxasticNum": 0, "epistemicRate": 0.0, "investRate": 0.0, "conditionRate": 0.0, "weaselRate": 0.0, "peacockRate": 0.0, "hedgeRate": 0.0, "doxasticRate": 0.0, "loveNum": 0, "anxietyNum": 0, "sorrowNum": 0, "joyNum": 0, "disgustNum": 0, "fearNum": 0, "surpriseNum": 0, "angerNum": 0, "loveRate": 0.0, "anxietyRate": 0.0, "sorrowRate": 0.0, "joyRate": 0.0, "disgustRate": 0.0, "fearRate": 0.0, "surpriseRate": 0.0, "angerRate": 0.0, "slangBeGeneralNum": 0, "slangBeCigaretteNum": 0, "slangBeHumanNum": 0, "slangBeVehicleNum": 0, "slangBeDrugNum": 0, "slangBvNum": 0, "slangBeGeneralRate": 0.0, "slangBeCigaretteRate": 0.0, "slangBeHumanRate": 0.0, "slangBeVehicleRate": 0.0, "slangBeDrugRate": 0.0, "slangBvRate": 0.0, "speechactNum": 0, "quoteNum": 0, "dashNum": 0, "publicNum": 0, "privateNum": 0, "suasiveNum": 0, "discMarkerNum": 0, "smileyNum": 0, "dateNum": 0, "hesitationNum": 0, "restartNum": 0, "repeatNum": 0, "conjBeforeDiscNum": 0, "conjAfterDiscNum": 0, "wordBeforeHesitationNum": 0, "wordAfterHesitationNum": 0, "otherCollocationNum": 0, "speechactRate": 0.0, "quoteRate": 0.0, "dashRate": 0.0, "publicRate": 0.0, "privateRate": 0.0, "suasiveRate": 0.0, "discMarkerRate": 0.0, "smileyRate": 0.0, "dateRate": 0.0, "hesitationRate": 0.0, "restartRate": 0.0, "repeatRate": 0.0, "conjBeforeDiscRate": 0.0, "conjAfterDiscRate": 0.0, "wordBeforeHesitationRate": 0.0, "wordAfterHesitationRate": 0.0, "otherCollocationRate": 0.0, "easyWordNum": 480, "hardWordNum": 22, "easyWordRate": 0.9561752988047809, "hardWordRate": 0.043824701195219126, "fleschReadingEaseScore": 74.2177478322006, "gunningFogIndex": 5.922615420670261, "fleschKincaidGradeLevel": 6.575406608858685, "colemanLiauIndex": 10.434936254980077, "smogIndex": 7.724431198458867, "automatedReadabilityIndex": 6.9315561284274665, "linsearWriteIndex": 0.5672603702835717, "author": "", "locationNameNum": 0, "locationNameRate": 0.0, "personNameNum": 0, "personNameRate": 0.0, "organizationNameNum": 1, "organizationNameRate": 0.00199203187250996, "misspelledNum": 1, "misspelledRate": 0.00199203187250996, "missingAccentNum": 0, "missingAccentRate": 0.0, "foreignAccentNum": 0, "foreignAccentRate": 0.0, "wordConcatNum": 0, "wordConcatRate": 0.0, "jLyMistakeNum": 0, "jLyMistakeRate": 0.0, "freqSuffixNum": 0, "partsNum": 146, "privateVNum": 0, "publicVNum": 0, "clauseWordNum": 83}