{"tokenNum": 317, "sentenceNum": 22, "lemmaNum": 163, "lemmaRate": 0.5141955835962145, "sentenceLength": 14.409090909090908, "allUpperNum": 0, "firstUpperNum": 22, "allUpperRate": 0.0, "firstUpperRate": 0.0694006309148265, "declarSentNum": 22, "imperSentNum": 0, "questionNum": 0, "declarSentRate": 1.0, "imperSentRate": 0.0, "questionRate": 0.0, "accent": true, "saturation": 3.6222222222222222, "paragraphNum": 6, "nounNum": 74, "verbNum": 43, "adjNum": 33, "infNum": 9, "partPastNum": 1, "partPresNum": 2, "partFutNum": 0, "transNum": 2, "xNum": 7, "advNum": 14, "properNounNum": 0, "numNum": 4, "conjNum": 29, "punctNum": 48, "pronNum": 12, "relPronNum": 6, "demPronNum": 6, "adposNum": 3, "multiplePunctNum": 0, "phraseNum": 0, "nounRate": 0.2334384858044164, "verbRate": 0.13564668769716087, "adjRate": 0.10410094637223975, "infRate": 0.028391167192429023, "partPastRate": 0.0031545741324921135, "partPresRate": 0.006309148264984227, "partFutRate": 0.0, "transRate": 0.006309148264984227, "xRate": 0.022082018927444796, "advRate": 0.04416403785488959, "properNounRate": 0.0, "numRate": 0.012618296529968454, "conjRate": 0.0914826498422713, "punctRate": 0.15141955835962145, "pronRate": 0.03785488958990536, "relPronRate": 0.01892744479495268, "demPronRate": 0.01892744479495268, "adposRate": 0.00946372239747634, "multiplePunctRate": 0.0, "partsDensityRate": 3.6444444444444444, "contentfulness": 7.454545454545454, "phraseRate": 0.0, "pastTenseNum": 3, "presentTenseNum": 31, "condNum": 3, "impNum": 4, "freqNum": 0, "causNum": 1, "modalNum": 2, "sg1VerbNum": 6, "sg2VerbNum": 0, "sg3VerbNum": 30, "pl1VerbNum": 5, "pl2VerbNum": 0, "pl3VerbNum": 7, "superlatNum": 0, "comparatNum": 4, "specDerivSuffixNum": 0, "pluralNounNum": 17, "pastTenseRate": 0.06976744186046512, "presentTenseRate": 0.7209302325581395, "condRate": 0.06976744186046512, "impRate": 0.09302325581395349, "freqRate": 0.0, "causRate": 0.023255813953488372, "modalRate": 0.046511627906976744, "sg1VerbRate": 0.13953488372093023, "sg2VerbRate": 0.0, "sg3VerbRate": 0.6976744186046512, "pl1VerbRate": 0.11627906976744186, "pl2VerbRate": 0.0, "pl3VerbRate": 0.16279069767441862, "superlatRate": 0.0, "comparatRate": 0.12121212121212122, "specDerivSuffixRate": 0.0, "pluralNounRate": 0.22972972972972974, "subjNum": 26, "objNum": 15, "attNum": 25, "subordNum": 17, "adverbNum": 20, "coordNum": 14, "clauseNum": 45, "simpleNum": 8, "complexNum": 14, "complexity1Num": 7, "complexity2Num": 5, "complexity3Num": 2, "compoundNum": 0, "subjRate": 0.08201892744479496, "objRate": 0.0473186119873817, "attRate": 0.07886435331230283, "subordRate": 0.05362776025236593, "adverbRate": 0.06309148264984227, "coordRate": 0.04416403785488959, "partsRate": 2.2222222222222223, "clauseRate": 2.0454545454545454, "simpleRate": 0.36363636363636365, "complexRate": 0.6363636363636364, "complexity1Rate": 0.3181818181818182, "complexity2Rate": 0.22727272727272727, "complexity3Rate": 0.09090909090909091, "complexClauseRate": 2.642857142857143, "sentencesPerParagraph": 3.6666666666666665, "wordsLengthRate": 5.594795539033457, "compoundRate": 0.0, "positiveNum": 0, "negativeNum": 0, "precoPositiveNum": 0, "precoNegativeNum": 0, "negemoNum": 0, "negationNum": 1, "functionNum": 153, "contentNum": 164, "vulgarNum": 0, "racistNum": 0, "specStyleNum": 0, "addressingNum": 0, "closingNum": 0, "postscriptNum": 0, "brutalNum": 0, "positiveRate": 0.0, "negativeRate": 0.0, "precoPositiveRate": 0.0, "precoNegativeRate": 0.0, "negemoRate": 0.0, "negationRate": 0.0031545741324921135, "functionRate": 0.48264984227129337, "contentRate": 0.5173501577287066, "vulgarRate": 0.0, "racistRate": 0.0, "specStyleRate": 0.0, "addressingRate": 0.0, "closingRate": 0.0, "postscriptRate": 0.0, "brutalRate": 0.0, "epistemicNum": 0, "investNum": 0, "conditionNum": 0, "weaselNum": 0, "peacockNum": 0, "hedgeNum": 0, "doxasticNum": 0, "epistemicRate": 0.0, "investRate": 0.0, "conditionRate": 0.0, "weaselRate": 0.0, "peacockRate": 0.0, "hedgeRate": 0.0, "doxasticRate": 0.0, "loveNum": 0, "anxietyNum": 0, "sorrowNum": 0, "joyNum": 0, "disgustNum": 0, "fearNum": 0, "surpriseNum": 0, "angerNum": 0, "loveRate": 0.0, "anxietyRate": 0.0, "sorrowRate": 0.0, "joyRate": 0.0, "disgustRate": 0.0, "fearRate": 0.0, "surpriseRate": 0.0, "angerRate": 0.0, "slangBeGeneralNum": 0, "slangBeCigaretteNum": 0, "slangBeHumanNum": 0, "slangBeVehicleNum": 0, "slangBeDrugNum": 0, "slangBvNum": 0, "slangBeGeneralRate": 0.0, "slangBeCigaretteRate": 0.0, "slangBeHumanRate": 0.0, "slangBeVehicleRate": 0.0, "slangBeDrugRate": 0.0, "slangBvRate": 0.0, "speechactNum": 0, "quoteNum": 0, "dashNum": 0, "publicNum": 0, "privateNum": 0, "suasiveNum": 0, "discMarkerNum": 0, "smileyNum": 0, "dateNum": 0, "hesitationNum": 0, "restartNum": 1, "repeatNum": 0, "conjBeforeDiscNum": 0, "conjAfterDiscNum": 0, "wordBeforeHesitationNum": 0, "wordAfterHesitationNum": 0, "otherCollocationNum": 0, "speechactRate": 0.0, "quoteRate": 0.0, "dashRate": 0.0, "publicRate": 0.0, "privateRate": 0.0, "suasiveRate": 0.0, "discMarkerRate": 0.0, "smileyRate": 0.0, "dateRate": 0.0, "hesitationRate": 0.0, "restartRate": 0.0031545741324921135, "repeatRate": 0.0, "conjBeforeDiscRate": 0.0, "conjAfterDiscRate": 0.0, "wordBeforeHesitationRate": 0.0, "wordAfterHesitationRate": 0.0, "otherCollocationRate": 0.0, "easyWordNum": 295, "hardWordNum": 22, "easyWordRate": 0.9305993690851735, "hardWordRate": 0.0694006309148265, "fleschReadingEaseScore": 57.43690206481216, "gunningFogIndex": 5.791396616002294, "fleschKincaidGradeLevel": 8.827652710065959, "colemanLiauIndex": 12.813671924290219, "smogIndex": 8.021203637495837, "automatedReadabilityIndex": 8.655933467163749, "linsearWriteIndex": 1.5379982793232005, "author": "", "locationNameNum": 0, "locationNameRate": 0.0, "personNameNum": 0, "personNameRate": 0.0, "organizationNameNum": 0, "organizationNameRate": 0.0, "misspelledNum": 0, "misspelledRate": 0.0, "missingAccentNum": 0, "missingAccentRate": 0.0, "foreignAccentNum": 0, "foreignAccentRate": 0.0, "wordConcatNum": 0, "wordConcatRate": 0.0, "jLyMistakeNum": 0, "jLyMistakeRate": 0.0, "freqSuffixNum": 0, "partsNum": 100, "privateVNum": 0, "publicVNum": 0, "clauseWordNum": 45}