{"tokenNum": 383, "sentenceNum": 21, "lemmaNum": 166, "lemmaRate": 0.43342036553524804, "sentenceLength": 18.238095238095237, "allUpperNum": 0, "firstUpperNum": 21, "allUpperRate": 0.0, "firstUpperRate": 0.05483028720626632, "declarSentNum": 19, "imperSentNum": 2, "questionNum": 0, "declarSentRate": 0.9047619047619048, "imperSentRate": 0.09523809523809523, "questionRate": 0.0, "accent": true, "saturation": 2.7666666666666666, "paragraphNum": 6, "nounNum": 56, "verbNum": 63, "adjNum": 29, "infNum": 14, "partPastNum": 1, "partPresNum": 2, "partFutNum": 0, "transNum": 0, "xNum": 6, "advNum": 39, "properNounNum": 0, "numNum": 0, "conjNum": 42, "punctNum": 66, "pronNum": 35, "relPronNum": 4, "demPronNum": 12, "adposNum": 2, "multiplePunctNum": 0, "phraseNum": 0, "nounRate": 0.1462140992167102, "verbRate": 0.16449086161879894, "adjRate": 0.07571801566579635, "infRate": 0.03655352480417755, "partPastRate": 0.0026109660574412533, "partPresRate": 0.005221932114882507, "partFutRate": 0.0, "transRate": 0.0, "xRate": 0.015665796344647518, "advRate": 0.10182767624020887, "properNounRate": 0.0, "numRate": 0.0, "conjRate": 0.10966057441253264, "punctRate": 0.17232375979112272, "pronRate": 0.09138381201044386, "relPronRate": 0.010443864229765013, "demPronRate": 0.031331592689295036, "adposRate": 0.005221932114882507, "multiplePunctRate": 0.0, "partsDensityRate": 3.1166666666666667, "contentfulness": 8.904761904761905, "phraseRate": 0.0, "pastTenseNum": 6, "presentTenseNum": 43, "condNum": 0, "impNum": 14, "freqNum": 0, "causNum": 0, "modalNum": 2, "sg1VerbNum": 23, "sg2VerbNum": 1, "sg3VerbNum": 37, "pl1VerbNum": 15, "pl2VerbNum": 1, "pl3VerbNum": 14, "superlatNum": 0, "comparatNum": 0, "specDerivSuffixNum": 0, "pluralNounNum": 11, "pastTenseRate": 0.09523809523809523, "presentTenseRate": 0.6825396825396826, "condRate": 0.0, "impRate": 0.2222222222222222, "freqRate": 0.0, "causRate": 0.0, "modalRate": 0.031746031746031744, "sg1VerbRate": 0.36507936507936506, "sg2VerbRate": 0.015873015873015872, "sg3VerbRate": 0.5873015873015873, "pl1VerbRate": 0.23809523809523808, "pl2VerbRate": 0.015873015873015872, "pl3VerbRate": 0.2222222222222222, "superlatRate": 0.0, "comparatRate": 0.0, "specDerivSuffixRate": 0.0, "pluralNounRate": 0.19642857142857142, "subjNum": 17, "objNum": 22, "attNum": 15, "subordNum": 23, "adverbNum": 48, "coordNum": 23, "clauseNum": 60, "simpleNum": 0, "complexNum": 21, "complexity1Num": 8, "complexity2Num": 10, "complexity3Num": 2, "compoundNum": 0, "subjRate": 0.044386422976501305, "objRate": 0.057441253263707574, "attRate": 0.0391644908616188, "subordRate": 0.06005221932114883, "adverbRate": 0.12532637075718014, "coordRate": 0.06005221932114883, "partsRate": 2.0833333333333335, "clauseRate": 2.857142857142857, "simpleRate": 0.0, "complexRate": 1.0, "complexity1Rate": 0.38095238095238093, "complexity2Rate": 0.47619047619047616, "complexity3Rate": 0.09523809523809523, "complexClauseRate": 2.857142857142857, "sentencesPerParagraph": 3.5, "wordsLengthRate": 5.621451104100946, "compoundRate": 0.0, "positiveNum": 0, "negativeNum": 0, "precoPositiveNum": 0, "precoNegativeNum": 0, "negemoNum": 0, "negationNum": 8, "functionNum": 196, "contentNum": 187, "vulgarNum": 0, "racistNum": 0, "specStyleNum": 0, "addressingNum": 0, "closingNum": 0, "postscriptNum": 0, "brutalNum": 0, "positiveRate": 0.0, "negativeRate": 0.0, "precoPositiveRate": 0.0, "precoNegativeRate": 0.0, "negemoRate": 0.0, "negationRate": 0.020887728459530026, "functionRate": 0.5117493472584856, "contentRate": 0.48825065274151436, "vulgarRate": 0.0, "racistRate": 0.0, "specStyleRate": 0.0, "addressingRate": 0.0, "closingRate": 0.0, "postscriptRate": 0.0, "brutalRate": 0.0, "epistemicNum": 0, "investNum": 0, "conditionNum": 0, "weaselNum": 0, "peacockNum": 0, "hedgeNum": 0, "doxasticNum": 0, "epistemicRate": 0.0, "investRate": 0.0, "conditionRate": 0.0, "weaselRate": 0.0, "peacockRate": 0.0, "hedgeRate": 0.0, "doxasticRate": 0.0, "loveNum": 0, "anxietyNum": 0, "sorrowNum": 0, "joyNum": 0, "disgustNum": 0, "fearNum": 0, "surpriseNum": 0, "angerNum": 0, "loveRate": 0.0, "anxietyRate": 0.0, "sorrowRate": 0.0, "joyRate": 0.0, "disgustRate": 0.0, "fearRate": 0.0, "surpriseRate": 0.0, "angerRate": 0.0, "slangBeGeneralNum": 0, "slangBeCigaretteNum": 0, "slangBeHumanNum": 0, "slangBeVehicleNum": 0, "slangBeDrugNum": 0, "slangBvNum": 0, "slangBeGeneralRate": 0.0, "slangBeCigaretteRate": 0.0, "slangBeHumanRate": 0.0, "slangBeVehicleRate": 0.0, "slangBeDrugRate": 0.0, "slangBvRate": 0.0, "speechactNum": 0, "quoteNum": 0, "dashNum": 0, "publicNum": 0, "privateNum": 0, "suasiveNum": 0, "discMarkerNum": 0, "smileyNum": 0, "dateNum": 0, "hesitationNum": 0, "restartNum": 0, "repeatNum": 0, "conjBeforeDiscNum": 0, "conjAfterDiscNum": 0, "wordBeforeHesitationNum": 0, "wordAfterHesitationNum": 0, "otherCollocationNum": 0, "speechactRate": 0.0, "quoteRate": 0.0, "dashRate": 0.0, "publicRate": 0.0, "privateRate": 0.0, "suasiveRate": 0.0, "discMarkerRate": 0.0, "smileyRate": 0.0, "dateRate": 0.0, "hesitationRate": 0.0, "restartRate": 0.0, "repeatRate": 0.0, "conjBeforeDiscRate": 0.0, "conjAfterDiscRate": 0.0, "wordBeforeHesitationRate": 0.0, "wordAfterHesitationRate": 0.0, "otherCollocationRate": 0.0, "easyWordNum": 365, "hardWordNum": 18, "easyWordRate": 0.9530026109660574, "hardWordRate": 0.04699738903394256, "fleschReadingEaseScore": 67.49774586597044, "gunningFogIndex": 7.314037050851673, "fleschKincaidGradeLevel": 8.375598657217456, "colemanLiauIndex": 12.434926892950394, "smogIndex": 7.554174236665414, "automatedReadabilityIndex": 10.267533258734304, "linsearWriteIndex": 1.567449956483899, "author": "", "locationNameNum": 0, "locationNameRate": 0.0, "personNameNum": 0, "personNameRate": 0.0, "organizationNameNum": 0, "organizationNameRate": 0.0, "misspelledNum": 0, "misspelledRate": 0.0, "missingAccentNum": 0, "missingAccentRate": 0.0, "foreignAccentNum": 0, "foreignAccentRate": 0.0, "wordConcatNum": 0, "wordConcatRate": 0.0, "jLyMistakeNum": 0, "jLyMistakeRate": 0.0, "freqSuffixNum": 0, "partsNum": 125, "privateVNum": 0, "publicVNum": 0, "clauseWordNum": 60}