{"tokenNum": 396, "sentenceNum": 27, "lemmaNum": 160, "lemmaRate": 0.40404040404040403, "sentenceLength": 14.666666666666666, "allUpperNum": 0, "firstUpperNum": 27, "allUpperRate": 0.0, "firstUpperRate": 0.06818181818181818, "declarSentNum": 26, "imperSentNum": 0, "questionNum": 1, "declarSentRate": 0.9629629629629629, "imperSentRate": 0.0, "questionRate": 0.037037037037037035, "accent": true, "saturation": 2.6666666666666665, "paragraphNum": 9, "nounNum": 81, "verbNum": 46, "adjNum": 35, "infNum": 11, "partPastNum": 0, "partPresNum": 1, "partFutNum": 0, "transNum": 0, "xNum": 9, "advNum": 30, "properNounNum": 0, "numNum": 0, "conjNum": 43, "punctNum": 70, "pronNum": 18, "relPronNum": 4, "demPronNum": 10, "adposNum": 1, "multiplePunctNum": 1, "phraseNum": 0, "nounRate": 0.20454545454545456, "verbRate": 0.11616161616161616, "adjRate": 0.08838383838383838, "infRate": 0.027777777777777776, "partPastRate": 0.0, "partPresRate": 0.0025252525252525255, "partFutRate": 0.0, "transRate": 0.0, "xRate": 0.022727272727272728, "advRate": 0.07575757575757576, "properNounRate": 0.0, "numRate": 0.0, "conjRate": 0.10858585858585859, "punctRate": 0.17676767676767677, "pronRate": 0.045454545454545456, "relPronRate": 0.010101010101010102, "demPronRate": 0.025252525252525252, "adposRate": 0.0025252525252525255, "multiplePunctRate": 0.014285714285714285, "partsDensityRate": 3.2, "contentfulness": 7.111111111111111, "phraseRate": 0.0, "pastTenseNum": 0, "presentTenseNum": 35, "condNum": 0, "impNum": 13, "freqNum": 0, "causNum": 0, "modalNum": 0, "sg1VerbNum": 1, "sg2VerbNum": 0, "sg3VerbNum": 25, "pl1VerbNum": 23, "pl2VerbNum": 0, "pl3VerbNum": 8, "superlatNum": 0, "comparatNum": 0, "specDerivSuffixNum": 0, "pluralNounNum": 19, "pastTenseRate": 0.0, "presentTenseRate": 0.7608695652173914, "condRate": 0.0, "impRate": 0.2826086956521739, "freqRate": 0.0, "causRate": 0.0, "modalRate": 0.0, "sg1VerbRate": 0.021739130434782608, "sg2VerbRate": 0.0, "sg3VerbRate": 0.5434782608695652, "pl1VerbRate": 0.5, "pl2VerbRate": 0.0, "pl3VerbRate": 0.17391304347826086, "superlatRate": 0.0, "comparatRate": 0.0, "specDerivSuffixRate": 0.0, "pluralNounRate": 0.2345679012345679, "subjNum": 21, "objNum": 13, "attNum": 21, "subordNum": 13, "adverbNum": 31, "coordNum": 38, "clauseNum": 60, "simpleNum": 8, "complexNum": 19, "complexity1Num": 8, "complexity2Num": 9, "complexity3Num": 1, "compoundNum": 0, "subjRate": 0.05303030303030303, "objRate": 0.03282828282828283, "attRate": 0.05303030303030303, "subordRate": 0.03282828282828283, "adverbRate": 0.07828282828282829, "coordRate": 0.09595959595959595, "partsRate": 2.066666666666667, "clauseRate": 2.2222222222222223, "simpleRate": 0.2962962962962963, "complexRate": 0.7037037037037037, "complexity1Rate": 0.2962962962962963, "complexity2Rate": 0.3333333333333333, "complexity3Rate": 0.037037037037037035, "complexClauseRate": 2.736842105263158, "sentencesPerParagraph": 3.0, "wordsLengthRate": 5.54601226993865, "compoundRate": 0.0, "positiveNum": 0, "negativeNum": 0, "precoPositiveNum": 0, "precoNegativeNum": 0, "negemoNum": 0, "negationNum": 12, "functionNum": 204, "contentNum": 192, "vulgarNum": 0, "racistNum": 0, "specStyleNum": 0, "addressingNum": 0, "closingNum": 0, "postscriptNum": 0, "brutalNum": 0, "positiveRate": 0.0, "negativeRate": 0.0, "precoPositiveRate": 0.0, "precoNegativeRate": 0.0, "negemoRate": 0.0, "negationRate": 0.030303030303030304, "functionRate": 0.5151515151515151, "contentRate": 0.48484848484848486, "vulgarRate": 0.0, "racistRate": 0.0, "specStyleRate": 0.0, "addressingRate": 0.0, "closingRate": 0.0, "postscriptRate": 0.0, "brutalRate": 0.0, "epistemicNum": 0, "investNum": 0, "conditionNum": 0, "weaselNum": 0, "peacockNum": 0, "hedgeNum": 0, "doxasticNum": 0, "epistemicRate": 0.0, "investRate": 0.0, "conditionRate": 0.0, "weaselRate": 0.0, "peacockRate": 0.0, "hedgeRate": 0.0, "doxasticRate": 0.0, "loveNum": 0, "anxietyNum": 0, "sorrowNum": 0, "joyNum": 0, "disgustNum": 0, "fearNum": 0, "surpriseNum": 0, "angerNum": 0, "loveRate": 0.0, "anxietyRate": 0.0, "sorrowRate": 0.0, "joyRate": 0.0, "disgustRate": 0.0, "fearRate": 0.0, "surpriseRate": 0.0, "angerRate": 0.0, "slangBeGeneralNum": 0, "slangBeCigaretteNum": 0, "slangBeHumanNum": 0, "slangBeVehicleNum": 0, "slangBeDrugNum": 0, "slangBvNum": 0, "slangBeGeneralRate": 0.0, "slangBeCigaretteRate": 0.0, "slangBeHumanRate": 0.0, "slangBeVehicleRate": 0.0, "slangBeDrugRate": 0.0, "slangBvRate": 0.0, "speechactNum": 0, "quoteNum": 0, "dashNum": 0, "publicNum": 0, "privateNum": 0, "suasiveNum": 0, "discMarkerNum": 0, "smileyNum": 0, "dateNum": 0, "hesitationNum": 0, "restartNum": 0, "repeatNum": 0, "conjBeforeDiscNum": 0, "conjAfterDiscNum": 0, "wordBeforeHesitationNum": 0, "wordAfterHesitationNum": 0, "otherCollocationNum": 0, "speechactRate": 0.0, "quoteRate": 0.0, "dashRate": 0.0, "publicRate": 0.0, "privateRate": 0.0, "suasiveRate": 0.0, "discMarkerRate": 0.0, "smileyRate": 0.0, "dateRate": 0.0, "hesitationRate": 0.0, "restartRate": 0.0, "repeatRate": 0.0, "conjBeforeDiscRate": 0.0, "conjAfterDiscRate": 0.0, "wordBeforeHesitationRate": 0.0, "wordAfterHesitationRate": 0.0, "otherCollocationRate": 0.0, "easyWordNum": 371, "hardWordNum": 25, "easyWordRate": 0.9368686868686869, "hardWordRate": 0.06313131313131314, "fleschReadingEaseScore": 66.75742424242426, "gunningFogIndex": 5.891919191919192, "fleschKincaidGradeLevel": 7.591616161616162, "colemanLiauIndex": 11.894694444444447, "smogIndex": 8.344100000000001, "automatedReadabilityIndex": 8.049848484848486, "linsearWriteIndex": 1.0435839880284328, "author": "", "locationNameNum": 0, "locationNameRate": 0.0, "personNameNum": 0, "personNameRate": 0.0, "organizationNameNum": 0, "organizationNameRate": 0.0, "misspelledNum": 0, "misspelledRate": 0.0, "missingAccentNum": 0, "missingAccentRate": 0.0, "foreignAccentNum": 0, "foreignAccentRate": 0.0, "wordConcatNum": 0, "wordConcatRate": 0.0, "jLyMistakeNum": 0, "jLyMistakeRate": 0.0, "freqSuffixNum": 0, "partsNum": 124, "privateVNum": 0, "publicVNum": 0, "clauseWordNum": 60}