{"tokenNum": 444, "sentenceNum": 30, "lemmaNum": 234, "lemmaRate": 0.527027027027027, "sentenceLength": 14.8, "allUpperNum": 0, "firstUpperNum": 30, "allUpperRate": 0.0, "firstUpperRate": 0.06756756756756757, "declarSentNum": 28, "imperSentNum": 1, "questionNum": 1, "declarSentRate": 0.9333333333333333, "imperSentRate": 0.03333333333333333, "questionRate": 0.03333333333333333, "accent": true, "saturation": 3.391304347826087, "paragraphNum": 12, "nounNum": 79, "verbNum": 75, "adjNum": 42, "infNum": 19, "partPastNum": 1, "partPresNum": 0, "partFutNum": 0, "transNum": 0, "xNum": 12, "advNum": 44, "properNounNum": 0, "numNum": 1, "conjNum": 37, "punctNum": 71, "pronNum": 25, "relPronNum": 2, "demPronNum": 10, "adposNum": 2, "multiplePunctNum": 0, "phraseNum": 0, "nounRate": 0.17792792792792791, "verbRate": 0.16891891891891891, "adjRate": 0.0945945945945946, "infRate": 0.04279279279279279, "partPastRate": 0.0022522522522522522, "partPresRate": 0.0, "partFutRate": 0.0, "transRate": 0.0, "xRate": 0.02702702702702703, "advRate": 0.0990990990990991, "properNounRate": 0.0, "numRate": 0.0022522522522522522, "conjRate": 0.08333333333333333, "punctRate": 0.15990990990990991, "pronRate": 0.05630630630630631, "relPronRate": 0.0045045045045045045, "demPronRate": 0.02252252252252252, "adposRate": 0.0045045045045045045, "multiplePunctRate": 0.0, "partsDensityRate": 3.4782608695652173, "contentfulness": 8.0, "phraseRate": 0.0, "pastTenseNum": 3, "presentTenseNum": 53, "condNum": 0, "impNum": 4, "freqNum": 0, "causNum": 0, "modalNum": 0, "sg1VerbNum": 52, "sg2VerbNum": 0, "sg3VerbNum": 24, "pl1VerbNum": 1, "pl2VerbNum": 1, "pl3VerbNum": 5, "superlatNum": 1, "comparatNum": 1, "specDerivSuffixNum": 0, "pluralNounNum": 15, "pastTenseRate": 0.04, "presentTenseRate": 0.7066666666666667, "condRate": 0.0, "impRate": 0.05333333333333334, "freqRate": 0.0, "causRate": 0.0, "modalRate": 0.0, "sg1VerbRate": 0.6933333333333334, "sg2VerbRate": 0.0, "sg3VerbRate": 0.32, "pl1VerbRate": 0.013333333333333334, "pl2VerbRate": 0.013333333333333334, "pl3VerbRate": 0.06666666666666667, "superlatRate": 0.023809523809523808, "comparatRate": 0.023809523809523808, "specDerivSuffixRate": 0.0, "pluralNounRate": 0.189873417721519, "subjNum": 17, "objNum": 14, "attNum": 24, "subordNum": 11, "adverbNum": 61, "coordNum": 35, "clauseNum": 69, "simpleNum": 3, "complexNum": 27, "complexity1Num": 19, "complexity2Num": 4, "complexity3Num": 4, "compoundNum": 0, "subjRate": 0.038288288288288286, "objRate": 0.03153153153153153, "attRate": 0.05405405405405406, "subordRate": 0.024774774774774775, "adverbRate": 0.1373873873873874, "coordRate": 0.07882882882882883, "partsRate": 2.1884057971014492, "clauseRate": 2.3, "simpleRate": 0.1, "complexRate": 0.9, "complexity1Rate": 0.6333333333333333, "complexity2Rate": 0.13333333333333333, "complexity3Rate": 0.13333333333333333, "complexClauseRate": 2.4444444444444446, "sentencesPerParagraph": 2.5, "wordsLengthRate": 5.949061662198392, "compoundRate": 0.0, "positiveNum": 0, "negativeNum": 0, "precoPositiveNum": 0, "precoNegativeNum": 0, "negemoNum": 0, "negationNum": 9, "functionNum": 204, "contentNum": 240, "vulgarNum": 0, "racistNum": 0, "specStyleNum": 0, "addressingNum": 0, "closingNum": 0, "postscriptNum": 0, "brutalNum": 0, "positiveRate": 0.0, "negativeRate": 0.0, "precoPositiveRate": 0.0, "precoNegativeRate": 0.0, "negemoRate": 0.0, "negationRate": 0.02027027027027027, "functionRate": 0.4594594594594595, "contentRate": 0.5405405405405406, "vulgarRate": 0.0, "racistRate": 0.0, "specStyleRate": 0.0, "addressingRate": 0.0, "closingRate": 0.0, "postscriptRate": 0.0, "brutalRate": 0.0, "epistemicNum": 0, "investNum": 0, "conditionNum": 0, "weaselNum": 0, "peacockNum": 0, "hedgeNum": 0, "doxasticNum": 0, "epistemicRate": 0.0, "investRate": 0.0, "conditionRate": 0.0, "weaselRate": 0.0, "peacockRate": 0.0, "hedgeRate": 0.0, "doxasticRate": 0.0, "loveNum": 0, "anxietyNum": 0, "sorrowNum": 0, "joyNum": 0, "disgustNum": 0, "fearNum": 0, "surpriseNum": 0, "angerNum": 0, "loveRate": 0.0, "anxietyRate": 0.0, "sorrowRate": 0.0, "joyRate": 0.0, "disgustRate": 0.0, "fearRate": 0.0, "surpriseRate": 0.0, "angerRate": 0.0, "slangBeGeneralNum": 0, "slangBeCigaretteNum": 0, "slangBeHumanNum": 0, "slangBeVehicleNum": 0, "slangBeDrugNum": 0, "slangBvNum": 0, "slangBeGeneralRate": 0.0, "slangBeCigaretteRate": 0.0, "slangBeHumanRate": 0.0, "slangBeVehicleRate": 0.0, "slangBeDrugRate": 0.0, "slangBvRate": 0.0, "speechactNum": 0, "quoteNum": 0, "dashNum": 0, "publicNum": 0, "privateNum": 0, "suasiveNum": 0, "discMarkerNum": 0, "smileyNum": 0, "dateNum": 0, "hesitationNum": 0, "restartNum": 0, "repeatNum": 0, "conjBeforeDiscNum": 0, "conjAfterDiscNum": 0, "wordBeforeHesitationNum": 0, "wordAfterHesitationNum": 0, "otherCollocationNum": 0, "speechactRate": 0.0, "quoteRate": 0.0, "dashRate": 0.0, "publicRate": 0.0, "privateRate": 0.0, "suasiveRate": 0.0, "discMarkerRate": 0.0, "smileyRate": 0.0, "dateRate": 0.0, "hesitationRate": 0.0, "restartRate": 0.0, "repeatRate": 0.0, "conjBeforeDiscRate": 0.0, "conjAfterDiscRate": 0.0, "wordBeforeHesitationRate": 0.0, "wordAfterHesitationRate": 0.0, "otherCollocationRate": 0.0, "easyWordNum": 394, "hardWordNum": 50, "easyWordRate": 0.8873873873873874, "hardWordRate": 0.11261261261261261, "fleschReadingEaseScore": 51.5751621621622, "gunningFogIndex": 5.965045045045046, "fleschKincaidGradeLevel": 9.742360360360362, "colemanLiauIndex": 14.23349099099099, "smogIndex": 10.504223727775692, "automatedReadabilityIndex": 9.986756756756762, "linsearWriteIndex": 0.9969969969969972, "author": "", "locationNameNum": 0, "locationNameRate": 0.0, "personNameNum": 0, "personNameRate": 0.0, "organizationNameNum": 0, "organizationNameRate": 0.0, "misspelledNum": 1, "misspelledRate": 0.0022522522522522522, "missingAccentNum": 1, "missingAccentRate": 0.0022522522522522522, "foreignAccentNum": 0, "foreignAccentRate": 0.0, "wordConcatNum": 0, "wordConcatRate": 0.0, "jLyMistakeNum": 0, "jLyMistakeRate": 0.0, "freqSuffixNum": 0, "partsNum": 151, "privateVNum": 0, "publicVNum": 0, "clauseWordNum": 69}