{"tokenNum": 351, "sentenceNum": 24, "lemmaNum": 147, "lemmaRate": 0.4188034188034188, "sentenceLength": 14.625, "allUpperNum": 0, "firstUpperNum": 24, "allUpperRate": 0.0, "firstUpperRate": 0.06837606837606838, "declarSentNum": 24, "imperSentNum": 0, "questionNum": 0, "declarSentRate": 1.0, "imperSentRate": 0.0, "questionRate": 0.0, "accent": true, "saturation": 3.0, "paragraphNum": 7, "nounNum": 75, "verbNum": 49, "adjNum": 57, "infNum": 9, "partPastNum": 2, "partPresNum": 1, "partFutNum": 0, "transNum": 2, "xNum": 7, "advNum": 19, "properNounNum": 0, "numNum": 0, "conjNum": 31, "punctNum": 51, "pronNum": 9, "relPronNum": 5, "demPronNum": 11, "adposNum": 5, "multiplePunctNum": 0, "phraseNum": 0, "nounRate": 0.21367521367521367, "verbRate": 0.1396011396011396, "adjRate": 0.1623931623931624, "infRate": 0.02564102564102564, "partPastRate": 0.005698005698005698, "partPresRate": 0.002849002849002849, "partFutRate": 0.0, "transRate": 0.005698005698005698, "xRate": 0.019943019943019943, "advRate": 0.05413105413105413, "properNounRate": 0.0, "numRate": 0.0, "conjRate": 0.08831908831908832, "punctRate": 0.1452991452991453, "pronRate": 0.02564102564102564, "relPronRate": 0.014245014245014245, "demPronRate": 0.03133903133903134, "adposRate": 0.014245014245014245, "multiplePunctRate": 0.0, "partsDensityRate": 4.081632653061225, "contentfulness": 8.333333333333334, "phraseRate": 0.0, "pastTenseNum": 1, "presentTenseNum": 39, "condNum": 0, "impNum": 4, "freqNum": 0, "causNum": 0, "modalNum": 5, "sg1VerbNum": 7, "sg2VerbNum": 0, "sg3VerbNum": 31, "pl1VerbNum": 15, "pl2VerbNum": 0, "pl3VerbNum": 5, "superlatNum": 1, "comparatNum": 4, "specDerivSuffixNum": 0, "pluralNounNum": 21, "pastTenseRate": 0.02040816326530612, "presentTenseRate": 0.7959183673469388, "condRate": 0.0, "impRate": 0.08163265306122448, "freqRate": 0.0, "causRate": 0.0, "modalRate": 0.10204081632653061, "sg1VerbRate": 0.14285714285714285, "sg2VerbRate": 0.0, "sg3VerbRate": 0.6326530612244898, "pl1VerbRate": 0.30612244897959184, "pl2VerbRate": 0.0, "pl3VerbRate": 0.10204081632653061, "superlatRate": 0.017543859649122806, "comparatRate": 0.07017543859649122, "specDerivSuffixRate": 0.0, "pluralNounRate": 0.28, "subjNum": 15, "objNum": 18, "attNum": 39, "subordNum": 18, "adverbNum": 24, "coordNum": 13, "clauseNum": 49, "simpleNum": 5, "complexNum": 19, "complexity1Num": 14, "complexity2Num": 4, "complexity3Num": 1, "compoundNum": 0, "subjRate": 0.042735042735042736, "objRate": 0.05128205128205128, "attRate": 0.1111111111111111, "subordRate": 0.05128205128205128, "adverbRate": 0.06837606837606838, "coordRate": 0.037037037037037035, "partsRate": 2.2244897959183674, "clauseRate": 2.0416666666666665, "simpleRate": 0.20833333333333334, "complexRate": 0.7916666666666666, "complexity1Rate": 0.5833333333333334, "complexity2Rate": 0.16666666666666666, "complexity3Rate": 0.041666666666666664, "complexClauseRate": 2.3157894736842106, "sentencesPerParagraph": 3.4285714285714284, "wordsLengthRate": 6.776666666666666, "compoundRate": 0.0, "positiveNum": 0, "negativeNum": 0, "precoPositiveNum": 0, "precoNegativeNum": 0, "negemoNum": 0, "negationNum": 1, "functionNum": 151, "contentNum": 200, "vulgarNum": 0, "racistNum": 0, "specStyleNum": 0, "addressingNum": 0, "closingNum": 0, "postscriptNum": 0, "brutalNum": 0, "positiveRate": 0.0, "negativeRate": 0.0, "precoPositiveRate": 0.0, "precoNegativeRate": 0.0, "negemoRate": 0.0, "negationRate": 0.002849002849002849, "functionRate": 0.4301994301994302, "contentRate": 0.5698005698005698, "vulgarRate": 0.0, "racistRate": 0.0, "specStyleRate": 0.0, "addressingRate": 0.0, "closingRate": 0.0, "postscriptRate": 0.0, "brutalRate": 0.0, "epistemicNum": 0, "investNum": 0, "conditionNum": 0, "weaselNum": 0, "peacockNum": 0, "hedgeNum": 0, "doxasticNum": 0, "epistemicRate": 0.0, "investRate": 0.0, "conditionRate": 0.0, "weaselRate": 0.0, "peacockRate": 0.0, "hedgeRate": 0.0, "doxasticRate": 0.0, "loveNum": 0, "anxietyNum": 0, "sorrowNum": 0, "joyNum": 0, "disgustNum": 0, "fearNum": 0, "surpriseNum": 0, "angerNum": 0, "loveRate": 0.0, "anxietyRate": 0.0, "sorrowRate": 0.0, "joyRate": 0.0, "disgustRate": 0.0, "fearRate": 0.0, "surpriseRate": 0.0, "angerRate": 0.0, "slangBeGeneralNum": 0, "slangBeCigaretteNum": 0, "slangBeHumanNum": 0, "slangBeVehicleNum": 0, "slangBeDrugNum": 0, "slangBvNum": 0, "slangBeGeneralRate": 0.0, "slangBeCigaretteRate": 0.0, "slangBeHumanRate": 0.0, "slangBeVehicleRate": 0.0, "slangBeDrugRate": 0.0, "slangBvRate": 0.0, "speechactNum": 0, "quoteNum": 0, "dashNum": 0, "publicNum": 0, "privateNum": 0, "suasiveNum": 0, "discMarkerNum": 0, "smileyNum": 0, "dateNum": 0, "hesitationNum": 0, "restartNum": 0, "repeatNum": 0, "conjBeforeDiscNum": 0, "conjAfterDiscNum": 0, "wordBeforeHesitationNum": 0, "wordAfterHesitationNum": 0, "otherCollocationNum": 0, "speechactRate": 0.0, "quoteRate": 0.0, "dashRate": 0.0, "publicRate": 0.0, "privateRate": 0.0, "suasiveRate": 0.0, "discMarkerRate": 0.0, "smileyRate": 0.0, "dateRate": 0.0, "hesitationRate": 0.0, "restartRate": 0.0, "repeatRate": 0.0, "conjBeforeDiscRate": 0.0, "conjAfterDiscRate": 0.0, "wordBeforeHesitationRate": 0.0, "wordAfterHesitationRate": 0.0, "otherCollocationRate": 0.0, "easyWordNum": 285, "hardWordNum": 66, "easyWordRate": 0.811965811965812, "hardWordRate": 0.18803418803418803, "fleschReadingEaseScore": 26.647035256410277, "gunningFogIndex": 5.9252136752136755, "fleschKincaidGradeLevel": 13.175858262108264, "colemanLiauIndex": 18.935692307692303, "smogIndex": 11.602472056035307, "automatedReadabilityIndex": 13.659423076923083, "linsearWriteIndex": 1.825261158594492, "author": "", "locationNameNum": 0, "locationNameRate": 0.0, "personNameNum": 0, "personNameRate": 0.0, "organizationNameNum": 0, "organizationNameRate": 0.0, "misspelledNum": 0, "misspelledRate": 0.0, "missingAccentNum": 0, "missingAccentRate": 0.0, "foreignAccentNum": 0, "foreignAccentRate": 0.0, "wordConcatNum": 0, "wordConcatRate": 0.0, "jLyMistakeNum": 0, "jLyMistakeRate": 0.0, "freqSuffixNum": 0, "partsNum": 109, "privateVNum": 0, "publicVNum": 0, "clauseWordNum": 49}