{"tokenNum": 305, "sentenceNum": 27, "lemmaNum": 150, "lemmaRate": 0.4918032786885246, "sentenceLength": 11.296296296296296, "allUpperNum": 1, "firstUpperNum": 27, "allUpperRate": 0.003278688524590164, "firstUpperRate": 0.08852459016393442, "declarSentNum": 20, "imperSentNum": 3, "questionNum": 4, "declarSentRate": 0.7407407407407407, "imperSentRate": 0.1111111111111111, "questionRate": 0.14814814814814814, "accent": true, "saturation": 2.727272727272727, "paragraphNum": 7, "nounNum": 43, "verbNum": 44, "adjNum": 18, "infNum": 2, "partPastNum": 0, "partPresNum": 0, "partFutNum": 0, "transNum": 1, "xNum": 7, "advNum": 45, "properNounNum": 0, "numNum": 0, "conjNum": 20, "punctNum": 57, "pronNum": 25, "relPronNum": 3, "demPronNum": 6, "adposNum": 1, "multiplePunctNum": 0, "phraseNum": 0, "nounRate": 0.14098360655737704, "verbRate": 0.14426229508196722, "adjRate": 0.05901639344262295, "infRate": 0.006557377049180328, "partPastRate": 0.0, "partPresRate": 0.0, "partFutRate": 0.0, "transRate": 0.003278688524590164, "xRate": 0.022950819672131147, "advRate": 0.14754098360655737, "properNounRate": 0.0, "numRate": 0.0, "conjRate": 0.06557377049180328, "punctRate": 0.18688524590163935, "pronRate": 0.08196721311475409, "relPronRate": 0.009836065573770493, "demPronRate": 0.019672131147540985, "adposRate": 0.003278688524590164, "multiplePunctRate": 0.0, "partsDensityRate": 2.727272727272727, "contentfulness": 5.555555555555555, "phraseRate": 0.0, "pastTenseNum": 4, "presentTenseNum": 38, "condNum": 0, "impNum": 7, "freqNum": 0, "causNum": 0, "modalNum": 1, "sg1VerbNum": 27, "sg2VerbNum": 0, "sg3VerbNum": 28, "pl1VerbNum": 4, "pl2VerbNum": 3, "pl3VerbNum": 5, "superlatNum": 1, "comparatNum": 1, "specDerivSuffixNum": 0, "pluralNounNum": 4, "pastTenseRate": 0.09090909090909091, "presentTenseRate": 0.8636363636363636, "condRate": 0.0, "impRate": 0.1590909090909091, "freqRate": 0.0, "causRate": 0.0, "modalRate": 0.022727272727272728, "sg1VerbRate": 0.6136363636363636, "sg2VerbRate": 0.0, "sg3VerbRate": 0.6363636363636364, "pl1VerbRate": 0.09090909090909091, "pl2VerbRate": 0.06818181818181818, "pl3VerbRate": 0.11363636363636363, "superlatRate": 0.05555555555555555, "comparatRate": 0.05555555555555555, "specDerivSuffixRate": 0.0, "pluralNounRate": 0.09302325581395349, "subjNum": 27, "objNum": 14, "attNum": 8, "subordNum": 12, "adverbNum": 51, "coordNum": 15, "clauseNum": 55, "simpleNum": 9, "complexNum": 18, "complexity1Num": 10, "complexity2Num": 6, "complexity3Num": 2, "compoundNum": 0, "subjRate": 0.08852459016393442, "objRate": 0.04590163934426229, "attRate": 0.02622950819672131, "subordRate": 0.03934426229508197, "adverbRate": 0.16721311475409836, "coordRate": 0.04918032786885246, "partsRate": 2.090909090909091, "clauseRate": 2.037037037037037, "simpleRate": 0.3333333333333333, "complexRate": 0.6666666666666666, "complexity1Rate": 0.37037037037037035, "complexity2Rate": 0.2222222222222222, "complexity3Rate": 0.07407407407407407, "complexClauseRate": 2.5555555555555554, "sentencesPerParagraph": 3.857142857142857, "wordsLengthRate": 4.838709677419355, "compoundRate": 0.0, "positiveNum": 0, "negativeNum": 0, "precoPositiveNum": 0, "precoNegativeNum": 0, "negemoNum": 0, "negationNum": 9, "functionNum": 155, "contentNum": 150, "vulgarNum": 0, "racistNum": 0, "specStyleNum": 0, "addressingNum": 0, "closingNum": 0, "postscriptNum": 0, "brutalNum": 0, "positiveRate": 0.0, "negativeRate": 0.0, "precoPositiveRate": 0.0, "precoNegativeRate": 0.0, "negemoRate": 0.0, "negationRate": 0.029508196721311476, "functionRate": 0.5081967213114754, "contentRate": 0.4918032786885246, "vulgarRate": 0.0, "racistRate": 0.0, "specStyleRate": 0.0, "addressingRate": 0.0, "closingRate": 0.0, "postscriptRate": 0.0, "brutalRate": 0.0, "epistemicNum": 0, "investNum": 0, "conditionNum": 0, "weaselNum": 0, "peacockNum": 0, "hedgeNum": 0, "doxasticNum": 0, "epistemicRate": 0.0, "investRate": 0.0, "conditionRate": 0.0, "weaselRate": 0.0, "peacockRate": 0.0, "hedgeRate": 0.0, "doxasticRate": 0.0, "loveNum": 0, "anxietyNum": 0, "sorrowNum": 0, "joyNum": 0, "disgustNum": 0, "fearNum": 0, "surpriseNum": 0, "angerNum": 0, "loveRate": 0.0, "anxietyRate": 0.0, "sorrowRate": 0.0, "joyRate": 0.0, "disgustRate": 0.0, "fearRate": 0.0, "surpriseRate": 0.0, "angerRate": 0.0, "slangBeGeneralNum": 0, "slangBeCigaretteNum": 0, "slangBeHumanNum": 0, "slangBeVehicleNum": 0, "slangBeDrugNum": 0, "slangBvNum": 0, "slangBeGeneralRate": 0.0, "slangBeCigaretteRate": 0.0, "slangBeHumanRate": 0.0, "slangBeVehicleRate": 0.0, "slangBeDrugRate": 0.0, "slangBvRate": 0.0, "speechactNum": 0, "quoteNum": 0, "dashNum": 0, "publicNum": 0, "privateNum": 0, "suasiveNum": 0, "discMarkerNum": 0, "smileyNum": 0, "dateNum": 0, "hesitationNum": 0, "restartNum": 0, "repeatNum": 0, "conjBeforeDiscNum": 0, "conjAfterDiscNum": 0, "wordBeforeHesitationNum": 0, "wordAfterHesitationNum": 0, "otherCollocationNum": 0, "speechactRate": 0.0, "quoteRate": 0.0, "dashRate": 0.0, "publicRate": 0.0, "privateRate": 0.0, "suasiveRate": 0.0, "discMarkerRate": 0.0, "smileyRate": 0.0, "dateRate": 0.0, "hesitationRate": 0.0, "restartRate": 0.0, "repeatRate": 0.0, "conjBeforeDiscRate": 0.0, "conjAfterDiscRate": 0.0, "wordBeforeHesitationRate": 0.0, "wordAfterHesitationRate": 0.0, "otherCollocationRate": 0.0, "easyWordNum": 290, "hardWordNum": 15, "easyWordRate": 0.9508196721311475, "hardWordRate": 0.04918032786885246, "fleschReadingEaseScore": 82.19942319368552, "gunningFogIndex": 4.538190649666059, "fleschKincaidGradeLevel": 4.600473588342442, "colemanLiauIndex": 8.203898360655735, "smogIndex": 7.168621630094336, "automatedReadabilityIndex": 3.413328476017, "linsearWriteIndex": 0.9914996964177292, "author": "", "locationNameNum": 0, "locationNameRate": 0.0, "personNameNum": 0, "personNameRate": 0.0, "organizationNameNum": 0, "organizationNameRate": 0.0, "misspelledNum": 1, "misspelledRate": 0.003278688524590164, "missingAccentNum": 0, "missingAccentRate": 0.0, "foreignAccentNum": 0, "foreignAccentRate": 0.0, "wordConcatNum": 0, "wordConcatRate": 0.0, "jLyMistakeNum": 0, "jLyMistakeRate": 0.0, "freqSuffixNum": 0, "partsNum": 115, "privateVNum": 0, "publicVNum": 0, "clauseWordNum": 55}