{"tokenNum": 361, "sentenceNum": 22, "lemmaNum": 155, "lemmaRate": 0.4293628808864266, "sentenceLength": 16.40909090909091, "allUpperNum": 0, "firstUpperNum": 22, "allUpperRate": 0.0, "firstUpperRate": 0.060941828254847646, "declarSentNum": 22, "imperSentNum": 0, "questionNum": 0, "declarSentRate": 1.0, "imperSentRate": 0.0, "questionRate": 0.0, "accent": true, "saturation": 2.8181818181818183, "paragraphNum": 7, "nounNum": 59, "verbNum": 59, "adjNum": 29, "infNum": 14, "partPastNum": 0, "partPresNum": 0, "partFutNum": 0, "transNum": 0, "xNum": 7, "advNum": 41, "properNounNum": 0, "numNum": 0, "conjNum": 43, "punctNum": 56, "pronNum": 17, "relPronNum": 3, "demPronNum": 15, "adposNum": 3, "multiplePunctNum": 0, "phraseNum": 0, "nounRate": 0.1634349030470914, "verbRate": 0.1634349030470914, "adjRate": 0.08033240997229917, "infRate": 0.038781163434903045, "partPastRate": 0.0, "partPresRate": 0.0, "partFutRate": 0.0, "transRate": 0.0, "xRate": 0.019390581717451522, "advRate": 0.11357340720221606, "properNounRate": 0.0, "numRate": 0.0, "conjRate": 0.11911357340720222, "punctRate": 0.15512465373961218, "pronRate": 0.04709141274238227, "relPronRate": 0.008310249307479225, "demPronRate": 0.04155124653739612, "adposRate": 0.008310249307479225, "multiplePunctRate": 0.0, "partsDensityRate": 3.418181818181818, "contentfulness": 8.545454545454545, "phraseRate": 0.0, "pastTenseNum": 8, "presentTenseNum": 37, "condNum": 0, "impNum": 9, "freqNum": 0, "causNum": 0, "modalNum": 0, "sg1VerbNum": 34, "sg2VerbNum": 0, "sg3VerbNum": 18, "pl1VerbNum": 0, "pl2VerbNum": 0, "pl3VerbNum": 11, "superlatNum": 0, "comparatNum": 0, "specDerivSuffixNum": 0, "pluralNounNum": 15, "pastTenseRate": 0.13559322033898305, "presentTenseRate": 0.6271186440677966, "condRate": 0.0, "impRate": 0.15254237288135594, "freqRate": 0.0, "causRate": 0.0, "modalRate": 0.0, "sg1VerbRate": 0.576271186440678, "sg2VerbRate": 0.0, "sg3VerbRate": 0.3050847457627119, "pl1VerbRate": 0.0, "pl2VerbRate": 0.0, "pl3VerbRate": 0.1864406779661017, "superlatRate": 0.0, "comparatRate": 0.0, "specDerivSuffixRate": 0.0, "pluralNounRate": 0.2542372881355932, "subjNum": 18, "objNum": 15, "attNum": 11, "subordNum": 15, "adverbNum": 53, "coordNum": 29, "clauseNum": 55, "simpleNum": 3, "complexNum": 19, "complexity1Num": 8, "complexity2Num": 9, "complexity3Num": 1, "compoundNum": 0, "subjRate": 0.04986149584487535, "objRate": 0.04155124653739612, "attRate": 0.030470914127423823, "subordRate": 0.04155124653739612, "adverbRate": 0.14681440443213298, "coordRate": 0.08033240997229917, "partsRate": 2.290909090909091, "clauseRate": 2.5, "simpleRate": 0.13636363636363635, "complexRate": 0.8636363636363636, "complexity1Rate": 0.36363636363636365, "complexity2Rate": 0.4090909090909091, "complexity3Rate": 0.045454545454545456, "complexClauseRate": 2.736842105263158, "sentencesPerParagraph": 3.142857142857143, "wordsLengthRate": 5.99344262295082, "compoundRate": 0.0, "positiveNum": 0, "negativeNum": 0, "precoPositiveNum": 0, "precoNegativeNum": 0, "negemoNum": 0, "negationNum": 6, "functionNum": 173, "contentNum": 188, "vulgarNum": 0, "racistNum": 0, "specStyleNum": 0, "addressingNum": 0, "closingNum": 0, "postscriptNum": 0, "brutalNum": 0, "positiveRate": 0.0, "negativeRate": 0.0, "precoPositiveRate": 0.0, "precoNegativeRate": 0.0, "negemoRate": 0.0, "negationRate": 0.01662049861495845, "functionRate": 0.4792243767313019, "contentRate": 0.5207756232686981, "vulgarRate": 0.0, "racistRate": 0.0, "specStyleRate": 0.0, "addressingRate": 0.0, "closingRate": 0.0, "postscriptRate": 0.0, "brutalRate": 0.0, "epistemicNum": 0, "investNum": 0, "conditionNum": 0, "weaselNum": 0, "peacockNum": 0, "hedgeNum": 0, "doxasticNum": 0, "epistemicRate": 0.0, "investRate": 0.0, "conditionRate": 0.0, "weaselRate": 0.0, "peacockRate": 0.0, "hedgeRate": 0.0, "doxasticRate": 0.0, "loveNum": 0, "anxietyNum": 0, "sorrowNum": 0, "joyNum": 0, "disgustNum": 0, "fearNum": 0, "surpriseNum": 0, "angerNum": 0, "loveRate": 0.0, "anxietyRate": 0.0, "sorrowRate": 0.0, "joyRate": 0.0, "disgustRate": 0.0, "fearRate": 0.0, "surpriseRate": 0.0, "angerRate": 0.0, "slangBeGeneralNum": 0, "slangBeCigaretteNum": 0, "slangBeHumanNum": 0, "slangBeVehicleNum": 0, "slangBeDrugNum": 0, "slangBvNum": 0, "slangBeGeneralRate": 0.0, "slangBeCigaretteRate": 0.0, "slangBeHumanRate": 0.0, "slangBeVehicleRate": 0.0, "slangBeDrugRate": 0.0, "slangBvRate": 0.0, "speechactNum": 0, "quoteNum": 0, "dashNum": 0, "publicNum": 0, "privateNum": 0, "suasiveNum": 0, "discMarkerNum": 0, "smileyNum": 0, "dateNum": 0, "hesitationNum": 0, "restartNum": 0, "repeatNum": 0, "conjBeforeDiscNum": 0, "conjAfterDiscNum": 0, "wordBeforeHesitationNum": 0, "wordAfterHesitationNum": 0, "otherCollocationNum": 0, "speechactRate": 0.0, "quoteRate": 0.0, "dashRate": 0.0, "publicRate": 0.0, "privateRate": 0.0, "suasiveRate": 0.0, "discMarkerRate": 0.0, "smileyRate": 0.0, "dateRate": 0.0, "hesitationRate": 0.0, "restartRate": 0.0, "repeatRate": 0.0, "conjBeforeDiscRate": 0.0, "conjAfterDiscRate": 0.0, "wordBeforeHesitationRate": 0.0, "wordAfterHesitationRate": 0.0, "otherCollocationRate": 0.0, "easyWordNum": 332, "hardWordNum": 29, "easyWordRate": 0.9196675900277008, "hardWordRate": 0.08033240997229917, "fleschReadingEaseScore": 53.08558990178798, "gunningFogIndex": 6.595769327625284, "fleschKincaidGradeLevel": 9.931429111055156, "colemanLiauIndex": 14.710343490304705, "smogIndex": 8.745826893841286, "automatedReadabilityIndex": 11.172606396373709, "linsearWriteIndex": 1.5938050868798794, "author": "", "locationNameNum": 0, "locationNameRate": 0.0, "personNameNum": 0, "personNameRate": 0.0, "organizationNameNum": 0, "organizationNameRate": 0.0, "misspelledNum": 5, "misspelledRate": 0.013850415512465374, "missingAccentNum": 0, "missingAccentRate": 0.0, "foreignAccentNum": 0, "foreignAccentRate": 0.0, "wordConcatNum": 0, "wordConcatRate": 0.0, "jLyMistakeNum": 0, "jLyMistakeRate": 0.0, "freqSuffixNum": 0, "partsNum": 126, "privateVNum": 0, "publicVNum": 0, "clauseWordNum": 55}