{"tokenNum": 342, "sentenceNum": 25, "lemmaNum": 147, "lemmaRate": 0.4298245614035088, "sentenceLength": 13.68, "allUpperNum": 12, "firstUpperNum": 40, "allUpperRate": 0.03508771929824561, "firstUpperRate": 0.11695906432748537, "declarSentNum": 25, "imperSentNum": 0, "questionNum": 0, "declarSentRate": 1.0, "imperSentRate": 0.0, "questionRate": 0.0, "accent": true, "saturation": 2.94, "paragraphNum": 9, "nounNum": 64, "verbNum": 49, "adjNum": 35, "infNum": 6, "partPastNum": 0, "partPresNum": 1, "partFutNum": 0, "transNum": 0, "xNum": 9, "advNum": 20, "properNounNum": 11, "numNum": 0, "conjNum": 36, "punctNum": 54, "pronNum": 15, "relPronNum": 2, "demPronNum": 11, "adposNum": 4, "multiplePunctNum": 0, "phraseNum": 0, "nounRate": 0.1871345029239766, "verbRate": 0.14327485380116958, "adjRate": 0.1023391812865497, "infRate": 0.017543859649122806, "partPastRate": 0.0, "partPresRate": 0.0029239766081871343, "partFutRate": 0.0, "transRate": 0.0, "xRate": 0.02631578947368421, "advRate": 0.05847953216374269, "properNounRate": 0.03216374269005848, "numRate": 0.0, "conjRate": 0.10526315789473684, "punctRate": 0.15789473684210525, "pronRate": 0.043859649122807015, "relPronRate": 0.005847953216374269, "demPronRate": 0.03216374269005848, "adposRate": 0.011695906432748537, "multiplePunctRate": 0.0, "partsDensityRate": 3.36, "contentfulness": 6.72, "phraseRate": 0.0, "pastTenseNum": 0, "presentTenseNum": 43, "condNum": 0, "impNum": 7, "freqNum": 0, "causNum": 0, "modalNum": 6, "sg1VerbNum": 8, "sg2VerbNum": 0, "sg3VerbNum": 32, "pl1VerbNum": 21, "pl2VerbNum": 0, "pl3VerbNum": 5, "superlatNum": 1, "comparatNum": 4, "specDerivSuffixNum": 0, "pluralNounNum": 17, "pastTenseRate": 0.0, "presentTenseRate": 0.8775510204081632, "condRate": 0.0, "impRate": 0.14285714285714285, "freqRate": 0.0, "causRate": 0.0, "modalRate": 0.12244897959183673, "sg1VerbRate": 0.16326530612244897, "sg2VerbRate": 0.0, "sg3VerbRate": 0.6530612244897959, "pl1VerbRate": 0.42857142857142855, "pl2VerbRate": 0.0, "pl3VerbRate": 0.10204081632653061, "superlatRate": 0.02857142857142857, "comparatRate": 0.11428571428571428, "specDerivSuffixRate": 0.0, "pluralNounRate": 0.265625, "subjNum": 19, "objNum": 20, "attNum": 18, "subordNum": 16, "adverbNum": 29, "coordNum": 19, "clauseNum": 50, "simpleNum": 5, "complexNum": 20, "complexity1Num": 15, "complexity2Num": 5, "complexity3Num": 0, "compoundNum": 0, "subjRate": 0.05555555555555555, "objRate": 0.05847953216374269, "attRate": 0.05263157894736842, "subordRate": 0.04678362573099415, "adverbRate": 0.0847953216374269, "coordRate": 0.05555555555555555, "partsRate": 2.1, "clauseRate": 2.0, "simpleRate": 0.2, "complexRate": 0.8, "complexity1Rate": 0.6, "complexity2Rate": 0.2, "complexity3Rate": 0.0, "complexClauseRate": 2.25, "sentencesPerParagraph": 2.7777777777777777, "wordsLengthRate": 5.743055555555555, "compoundRate": 0.0, "positiveNum": 0, "negativeNum": 0, "precoPositiveNum": 0, "precoNegativeNum": 0, "negemoNum": 0, "negationNum": 3, "functionNum": 174, "contentNum": 168, "vulgarNum": 0, "racistNum": 0, "specStyleNum": 0, "addressingNum": 0, "closingNum": 0, "postscriptNum": 0, "brutalNum": 0, "positiveRate": 0.0, "negativeRate": 0.0, "precoPositiveRate": 0.0, "precoNegativeRate": 0.0, "negemoRate": 0.0, "negationRate": 0.008771929824561403, "functionRate": 0.5087719298245614, "contentRate": 0.49122807017543857, "vulgarRate": 0.0, "racistRate": 0.0, "specStyleRate": 0.0, "addressingRate": 0.0, "closingRate": 0.0, "postscriptRate": 0.0, "brutalRate": 0.0, "epistemicNum": 0, "investNum": 0, "conditionNum": 0, "weaselNum": 0, "peacockNum": 0, "hedgeNum": 0, "doxasticNum": 0, "epistemicRate": 0.0, "investRate": 0.0, "conditionRate": 0.0, "weaselRate": 0.0, "peacockRate": 0.0, "hedgeRate": 0.0, "doxasticRate": 0.0, "loveNum": 0, "anxietyNum": 0, "sorrowNum": 0, "joyNum": 0, "disgustNum": 0, "fearNum": 0, "surpriseNum": 0, "angerNum": 0, "loveRate": 0.0, "anxietyRate": 0.0, "sorrowRate": 0.0, "joyRate": 0.0, "disgustRate": 0.0, "fearRate": 0.0, "surpriseRate": 0.0, "angerRate": 0.0, "slangBeGeneralNum": 0, "slangBeCigaretteNum": 0, "slangBeHumanNum": 0, "slangBeVehicleNum": 0, "slangBeDrugNum": 0, "slangBvNum": 0, "slangBeGeneralRate": 0.0, "slangBeCigaretteRate": 0.0, "slangBeHumanRate": 0.0, "slangBeVehicleRate": 0.0, "slangBeDrugRate": 0.0, "slangBvRate": 0.0, "speechactNum": 0, "quoteNum": 0, "dashNum": 0, "publicNum": 0, "privateNum": 0, "suasiveNum": 0, "discMarkerNum": 0, "smileyNum": 0, "dateNum": 0, "hesitationNum": 0, "restartNum": 0, "repeatNum": 0, "conjBeforeDiscNum": 0, "conjAfterDiscNum": 0, "wordBeforeHesitationNum": 0, "wordAfterHesitationNum": 0, "otherCollocationNum": 0, "speechactRate": 0.0, "quoteRate": 0.0, "dashRate": 0.0, "publicRate": 0.0, "privateRate": 0.0, "suasiveRate": 0.0, "discMarkerRate": 0.0, "smileyRate": 0.0, "dateRate": 0.0, "hesitationRate": 0.0, "restartRate": 0.0, "repeatRate": 0.0, "conjBeforeDiscRate": 0.0, "conjAfterDiscRate": 0.0, "wordBeforeHesitationRate": 0.0, "wordAfterHesitationRate": 0.0, "otherCollocationRate": 0.0, "easyWordNum": 306, "hardWordNum": 36, "easyWordRate": 0.8947368421052632, "hardWordRate": 0.10526315789473684, "fleschReadingEaseScore": 58.628747368421074, "gunningFogIndex": 5.514105263157894, "fleschKincaidGradeLevel": 8.480287719298246, "colemanLiauIndex": 13.30533625730994, "smogIndex": 9.3871, "automatedReadabilityIndex": 8.684561403508773, "linsearWriteIndex": 1.3684210526315788, "author": "", "locationNameNum": 0, "locationNameRate": 0.0, "personNameNum": 0, "personNameRate": 0.0, "organizationNameNum": 0, "organizationNameRate": 0.0, "misspelledNum": 0, "misspelledRate": 0.0, "missingAccentNum": 0, "missingAccentRate": 0.0, "foreignAccentNum": 0, "foreignAccentRate": 0.0, "wordConcatNum": 0, "wordConcatRate": 0.0, "jLyMistakeNum": 0, "jLyMistakeRate": 0.0, "freqSuffixNum": 0, "partsNum": 105, "privateVNum": 0, "publicVNum": 0, "clauseWordNum": 50}