{"tokenNum": 319, "sentenceNum": 19, "lemmaNum": 155, "lemmaRate": 0.48589341692789967, "sentenceLength": 16.789473684210527, "allUpperNum": 7, "firstUpperNum": 31, "allUpperRate": 0.0219435736677116, "firstUpperRate": 0.09717868338557993, "declarSentNum": 19, "imperSentNum": 0, "questionNum": 0, "declarSentRate": 1.0, "imperSentRate": 0.0, "questionRate": 0.0, "accent": true, "saturation": 3.163265306122449, "paragraphNum": 6, "nounNum": 57, "verbNum": 53, "adjNum": 23, "infNum": 10, "partPastNum": 0, "partPresNum": 1, "partFutNum": 0, "transNum": 1, "xNum": 6, "advNum": 27, "properNounNum": 12, "numNum": 0, "conjNum": 33, "punctNum": 52, "pronNum": 16, "relPronNum": 2, "demPronNum": 16, "adposNum": 4, "multiplePunctNum": 0, "phraseNum": 0, "nounRate": 0.1786833855799373, "verbRate": 0.16614420062695925, "adjRate": 0.07210031347962383, "infRate": 0.03134796238244514, "partPastRate": 0.0, "partPresRate": 0.003134796238244514, "partFutRate": 0.0, "transRate": 0.003134796238244514, "xRate": 0.018808777429467086, "advRate": 0.08463949843260188, "properNounRate": 0.03761755485893417, "numRate": 0.0, "conjRate": 0.10344827586206896, "punctRate": 0.16300940438871472, "pronRate": 0.050156739811912224, "relPronRate": 0.006269592476489028, "demPronRate": 0.050156739811912224, "adposRate": 0.012539184952978056, "multiplePunctRate": 0.0, "partsDensityRate": 3.2653061224489797, "contentfulness": 8.421052631578947, "phraseRate": 0.0, "pastTenseNum": 7, "presentTenseNum": 36, "condNum": 1, "impNum": 7, "freqNum": 0, "causNum": 0, "modalNum": 8, "sg1VerbNum": 11, "sg2VerbNum": 1, "sg3VerbNum": 38, "pl1VerbNum": 7, "pl2VerbNum": 0, "pl3VerbNum": 6, "superlatNum": 1, "comparatNum": 2, "specDerivSuffixNum": 0, "pluralNounNum": 9, "pastTenseRate": 0.1320754716981132, "presentTenseRate": 0.6792452830188679, "condRate": 0.018867924528301886, "impRate": 0.1320754716981132, "freqRate": 0.0, "causRate": 0.0, "modalRate": 0.1509433962264151, "sg1VerbRate": 0.20754716981132076, "sg2VerbRate": 0.018867924528301886, "sg3VerbRate": 0.7169811320754716, "pl1VerbRate": 0.1320754716981132, "pl2VerbRate": 0.0, "pl3VerbRate": 0.11320754716981132, "superlatRate": 0.043478260869565216, "comparatRate": 0.08695652173913043, "specDerivSuffixRate": 0.0, "pluralNounRate": 0.15789473684210525, "subjNum": 15, "objNum": 24, "attNum": 12, "subordNum": 16, "adverbNum": 32, "coordNum": 13, "clauseNum": 49, "simpleNum": 2, "complexNum": 17, "complexity1Num": 7, "complexity2Num": 7, "complexity3Num": 3, "compoundNum": 0, "subjRate": 0.047021943573667714, "objRate": 0.07523510971786834, "attRate": 0.03761755485893417, "subordRate": 0.050156739811912224, "adverbRate": 0.10031347962382445, "coordRate": 0.04075235109717868, "partsRate": 1.9591836734693877, "clauseRate": 2.5789473684210527, "simpleRate": 0.10526315789473684, "complexRate": 0.8947368421052632, "complexity1Rate": 0.3684210526315789, "complexity2Rate": 0.3684210526315789, "complexity3Rate": 0.15789473684210525, "complexClauseRate": 2.764705882352941, "sentencesPerParagraph": 3.1666666666666665, "wordsLengthRate": 5.794007490636704, "compoundRate": 0.0, "positiveNum": 0, "negativeNum": 0, "precoPositiveNum": 0, "precoNegativeNum": 0, "negemoNum": 0, "negationNum": 4, "functionNum": 159, "contentNum": 160, "vulgarNum": 0, "racistNum": 0, "specStyleNum": 0, "addressingNum": 0, "closingNum": 0, "postscriptNum": 0, "brutalNum": 0, "positiveRate": 0.0, "negativeRate": 0.0, "precoPositiveRate": 0.0, "precoNegativeRate": 0.0, "negemoRate": 0.0, "negationRate": 0.012539184952978056, "functionRate": 0.49843260188087773, "contentRate": 0.5015673981191222, "vulgarRate": 0.0, "racistRate": 0.0, "specStyleRate": 0.0, "addressingRate": 0.0, "closingRate": 0.0, "postscriptRate": 0.0, "brutalRate": 0.0, "epistemicNum": 0, "investNum": 0, "conditionNum": 0, "weaselNum": 0, "peacockNum": 0, "hedgeNum": 0, "doxasticNum": 0, "epistemicRate": 0.0, "investRate": 0.0, "conditionRate": 0.0, "weaselRate": 0.0, "peacockRate": 0.0, "hedgeRate": 0.0, "doxasticRate": 0.0, "loveNum": 0, "anxietyNum": 0, "sorrowNum": 0, "joyNum": 0, "disgustNum": 0, "fearNum": 0, "surpriseNum": 0, "angerNum": 0, "loveRate": 0.0, "anxietyRate": 0.0, "sorrowRate": 0.0, "joyRate": 0.0, "disgustRate": 0.0, "fearRate": 0.0, "surpriseRate": 0.0, "angerRate": 0.0, "slangBeGeneralNum": 0, "slangBeCigaretteNum": 0, "slangBeHumanNum": 0, "slangBeVehicleNum": 0, "slangBeDrugNum": 0, "slangBvNum": 0, "slangBeGeneralRate": 0.0, "slangBeCigaretteRate": 0.0, "slangBeHumanRate": 0.0, "slangBeVehicleRate": 0.0, "slangBeDrugRate": 0.0, "slangBvRate": 0.0, "speechactNum": 0, "quoteNum": 0, "dashNum": 0, "publicNum": 0, "privateNum": 0, "suasiveNum": 0, "discMarkerNum": 0, "smileyNum": 0, "dateNum": 0, "hesitationNum": 0, "restartNum": 0, "repeatNum": 0, "conjBeforeDiscNum": 0, "conjAfterDiscNum": 0, "wordBeforeHesitationNum": 0, "wordAfterHesitationNum": 0, "otherCollocationNum": 0, "speechactRate": 0.0, "quoteRate": 0.0, "dashRate": 0.0, "publicRate": 0.0, "privateRate": 0.0, "suasiveRate": 0.0, "discMarkerRate": 0.0, "smileyRate": 0.0, "dateRate": 0.0, "hesitationRate": 0.0, "restartRate": 0.0, "repeatRate": 0.0, "conjBeforeDiscRate": 0.0, "conjAfterDiscRate": 0.0, "wordBeforeHesitationRate": 0.0, "wordAfterHesitationRate": 0.0, "otherCollocationRate": 0.0, "easyWordNum": 288, "hardWordNum": 31, "easyWordRate": 0.9028213166144201, "hardWordRate": 0.09717868338557993, "fleschReadingEaseScore": 58.51782214156083, "gunningFogIndex": 6.754660947038443, "fleschKincaidGradeLevel": 9.268239564428313, "colemanLiauIndex": 13.502109717868333, "smogIndex": 8.936278230431713, "automatedReadabilityIndex": 10.396617719848209, "linsearWriteIndex": 2.0935489193202446, "author": "", "locationNameNum": 1, "locationNameRate": 0.003134796238244514, "personNameNum": 0, "personNameRate": 0.0, "organizationNameNum": 0, "organizationNameRate": 0.0, "misspelledNum": 0, "misspelledRate": 0.0, "missingAccentNum": 0, "missingAccentRate": 0.0, "foreignAccentNum": 0, "foreignAccentRate": 0.0, "wordConcatNum": 0, "wordConcatRate": 0.0, "jLyMistakeNum": 0, "jLyMistakeRate": 0.0, "freqSuffixNum": 0, "partsNum": 96, "privateVNum": 0, "publicVNum": 0, "clauseWordNum": 49}