{"tokenNum": 350, "sentenceNum": 32, "lemmaNum": 141, "lemmaRate": 0.40285714285714286, "sentenceLength": 10.9375, "allUpperNum": 0, "firstUpperNum": 32, "allUpperRate": 0.0, "firstUpperRate": 0.09142857142857143, "declarSentNum": 32, "imperSentNum": 0, "questionNum": 0, "declarSentRate": 1.0, "imperSentRate": 0.0, "questionRate": 0.0, "accent": true, "saturation": 2.3114754098360657, "paragraphNum": 7, "nounNum": 43, "verbNum": 66, "adjNum": 33, "infNum": 20, "partPastNum": 0, "partPresNum": 1, "partFutNum": 0, "transNum": 0, "xNum": 7, "advNum": 41, "properNounNum": 0, "numNum": 1, "conjNum": 33, "punctNum": 62, "pronNum": 24, "relPronNum": 3, "demPronNum": 6, "adposNum": 0, "multiplePunctNum": 0, "phraseNum": 0, "nounRate": 0.12285714285714286, "verbRate": 0.18857142857142858, "adjRate": 0.09428571428571429, "infRate": 0.05714285714285714, "partPastRate": 0.0, "partPresRate": 0.002857142857142857, "partFutRate": 0.0, "transRate": 0.0, "xRate": 0.02, "advRate": 0.11714285714285715, "properNounRate": 0.0, "numRate": 0.002857142857142857, "conjRate": 0.09428571428571429, "punctRate": 0.17714285714285713, "pronRate": 0.06857142857142857, "relPronRate": 0.008571428571428572, "demPronRate": 0.017142857142857144, "adposRate": 0.0, "multiplePunctRate": 0.0, "partsDensityRate": 3.0, "contentfulness": 5.71875, "phraseRate": 0.0, "pastTenseNum": 4, "presentTenseNum": 42, "condNum": 0, "impNum": 2, "freqNum": 0, "causNum": 0, "modalNum": 0, "sg1VerbNum": 20, "sg2VerbNum": 0, "sg3VerbNum": 38, "pl1VerbNum": 6, "pl2VerbNum": 0, "pl3VerbNum": 10, "superlatNum": 0, "comparatNum": 4, "specDerivSuffixNum": 0, "pluralNounNum": 13, "pastTenseRate": 0.06060606060606061, "presentTenseRate": 0.6363636363636364, "condRate": 0.0, "impRate": 0.030303030303030304, "freqRate": 0.0, "causRate": 0.0, "modalRate": 0.0, "sg1VerbRate": 0.30303030303030304, "sg2VerbRate": 0.0, "sg3VerbRate": 0.5757575757575758, "pl1VerbRate": 0.09090909090909091, "pl2VerbRate": 0.0, "pl3VerbRate": 0.15151515151515152, "superlatRate": 0.0, "comparatRate": 0.12121212121212122, "specDerivSuffixRate": 0.0, "pluralNounRate": 0.3023255813953488, "subjNum": 27, "objNum": 13, "attNum": 10, "subordNum": 12, "adverbNum": 52, "coordNum": 20, "clauseNum": 61, "simpleNum": 11, "complexNum": 21, "complexity1Num": 16, "complexity2Num": 3, "complexity3Num": 1, "compoundNum": 0, "subjRate": 0.07714285714285714, "objRate": 0.037142857142857144, "attRate": 0.02857142857142857, "subordRate": 0.03428571428571429, "adverbRate": 0.14857142857142858, "coordRate": 0.05714285714285714, "partsRate": 2.0, "clauseRate": 1.90625, "simpleRate": 0.34375, "complexRate": 0.65625, "complexity1Rate": 0.5, "complexity2Rate": 0.09375, "complexity3Rate": 0.03125, "complexClauseRate": 2.380952380952381, "sentencesPerParagraph": 4.571428571428571, "wordsLengthRate": 4.888888888888889, "compoundRate": 0.0, "positiveNum": 0, "negativeNum": 0, "precoPositiveNum": 0, "precoNegativeNum": 0, "negemoNum": 0, "negationNum": 12, "functionNum": 167, "contentNum": 183, "vulgarNum": 0, "racistNum": 0, "specStyleNum": 0, "addressingNum": 0, "closingNum": 0, "postscriptNum": 0, "brutalNum": 0, "positiveRate": 0.0, "negativeRate": 0.0, "precoPositiveRate": 0.0, "precoNegativeRate": 0.0, "negemoRate": 0.0, "negationRate": 0.03428571428571429, "functionRate": 0.47714285714285715, "contentRate": 0.5228571428571429, "vulgarRate": 0.0, "racistRate": 0.0, "specStyleRate": 0.0, "addressingRate": 0.0, "closingRate": 0.0, "postscriptRate": 0.0, "brutalRate": 0.0, "epistemicNum": 0, "investNum": 0, "conditionNum": 0, "weaselNum": 0, "peacockNum": 0, "hedgeNum": 0, "doxasticNum": 0, "epistemicRate": 0.0, "investRate": 0.0, "conditionRate": 0.0, "weaselRate": 0.0, "peacockRate": 0.0, "hedgeRate": 0.0, "doxasticRate": 0.0, "loveNum": 0, "anxietyNum": 0, "sorrowNum": 0, "joyNum": 0, "disgustNum": 0, "fearNum": 0, "surpriseNum": 0, "angerNum": 0, "loveRate": 0.0, "anxietyRate": 0.0, "sorrowRate": 0.0, "joyRate": 0.0, "disgustRate": 0.0, "fearRate": 0.0, "surpriseRate": 0.0, "angerRate": 0.0, "slangBeGeneralNum": 0, "slangBeCigaretteNum": 0, "slangBeHumanNum": 0, "slangBeVehicleNum": 0, "slangBeDrugNum": 0, "slangBvNum": 0, "slangBeGeneralRate": 0.0, "slangBeCigaretteRate": 0.0, "slangBeHumanRate": 0.0, "slangBeVehicleRate": 0.0, "slangBeDrugRate": 0.0, "slangBvRate": 0.0, "speechactNum": 0, "quoteNum": 0, "dashNum": 0, "publicNum": 0, "privateNum": 0, "suasiveNum": 0, "discMarkerNum": 0, "smileyNum": 0, "dateNum": 0, "hesitationNum": 0, "restartNum": 0, "repeatNum": 0, "conjBeforeDiscNum": 0, "conjAfterDiscNum": 0, "wordBeforeHesitationNum": 0, "wordAfterHesitationNum": 0, "otherCollocationNum": 0, "speechactRate": 0.0, "quoteRate": 0.0, "dashRate": 0.0, "publicRate": 0.0, "privateRate": 0.0, "suasiveRate": 0.0, "discMarkerRate": 0.0, "smileyRate": 0.0, "dateRate": 0.0, "hesitationRate": 0.0, "restartRate": 0.0, "repeatRate": 0.0, "conjBeforeDiscRate": 0.0, "conjAfterDiscRate": 0.0, "wordBeforeHesitationRate": 0.0, "wordAfterHesitationRate": 0.0, "otherCollocationRate": 0.0, "easyWordNum": 342, "hardWordNum": 8, "easyWordRate": 0.9771428571428571, "hardWordRate": 0.022857142857142857, "fleschReadingEaseScore": 85.02829464285716, "gunningFogIndex": 4.384142857142858, "fleschKincaidGradeLevel": 4.116767857142857, "colemanLiauIndex": 8.70212571428571, "smogIndex": 5.985473137389441, "automatedReadabilityIndex": 3.6323500000000024, "linsearWriteIndex": 0.6026785714285714, "author": "", "locationNameNum": 0, "locationNameRate": 0.0, "personNameNum": 0, "personNameRate": 0.0, "organizationNameNum": 0, "organizationNameRate": 0.0, "misspelledNum": 0, "misspelledRate": 0.0, "missingAccentNum": 0, "missingAccentRate": 0.0, "foreignAccentNum": 0, "foreignAccentRate": 0.0, "wordConcatNum": 0, "wordConcatRate": 0.0, "jLyMistakeNum": 0, "jLyMistakeRate": 0.0, "freqSuffixNum": 0, "partsNum": 122, "privateVNum": 0, "publicVNum": 0, "clauseWordNum": 61}