{"tokenNum": 477, "sentenceNum": 31, "lemmaNum": 227, "lemmaRate": 0.4758909853249476, "sentenceLength": 15.387096774193548, "allUpperNum": 0, "firstUpperNum": 31, "allUpperRate": 0.0, "firstUpperRate": 0.0649895178197065, "declarSentNum": 31, "imperSentNum": 0, "questionNum": 0, "declarSentRate": 1.0, "imperSentRate": 0.0, "questionRate": 0.0, "accent": true, "saturation": 3.546875, "paragraphNum": 8, "nounNum": 131, "verbNum": 67, "adjNum": 50, "infNum": 13, "partPastNum": 2, "partPresNum": 3, "partFutNum": 0, "transNum": 3, "xNum": 8, "advNum": 24, "properNounNum": 0, "numNum": 0, "conjNum": 38, "punctNum": 66, "pronNum": 6, "relPronNum": 2, "demPronNum": 3, "adposNum": 3, "multiplePunctNum": 0, "phraseNum": 0, "nounRate": 0.2746331236897275, "verbRate": 0.14046121593291405, "adjRate": 0.10482180293501048, "infRate": 0.027253668763102725, "partPastRate": 0.0041928721174004195, "partPresRate": 0.006289308176100629, "partFutRate": 0.0, "transRate": 0.006289308176100629, "xRate": 0.016771488469601678, "advRate": 0.050314465408805034, "properNounRate": 0.0, "numRate": 0.0, "conjRate": 0.07966457023060797, "punctRate": 0.13836477987421383, "pronRate": 0.012578616352201259, "relPronRate": 0.0041928721174004195, "demPronRate": 0.006289308176100629, "adposRate": 0.006289308176100629, "multiplePunctRate": 0.0, "partsDensityRate": 4.25, "contentfulness": 8.774193548387096, "phraseRate": 0.0, "pastTenseNum": 3, "presentTenseNum": 51, "condNum": 0, "impNum": 1, "freqNum": 0, "causNum": 0, "modalNum": 1, "sg1VerbNum": 26, "sg2VerbNum": 0, "sg3VerbNum": 20, "pl1VerbNum": 0, "pl2VerbNum": 0, "pl3VerbNum": 14, "superlatNum": 0, "comparatNum": 0, "specDerivSuffixNum": 0, "pluralNounNum": 52, "pastTenseRate": 0.04477611940298507, "presentTenseRate": 0.7611940298507462, "condRate": 0.0, "impRate": 0.014925373134328358, "freqRate": 0.0, "causRate": 0.0, "modalRate": 0.014925373134328358, "sg1VerbRate": 0.3880597014925373, "sg2VerbRate": 0.0, "sg3VerbRate": 0.29850746268656714, "pl1VerbRate": 0.0, "pl2VerbRate": 0.0, "pl3VerbRate": 0.208955223880597, "superlatRate": 0.0, "comparatRate": 0.0, "specDerivSuffixRate": 0.0, "pluralNounRate": 0.3969465648854962, "subjNum": 29, "objNum": 27, "attNum": 37, "subordNum": 4, "adverbNum": 28, "coordNum": 49, "clauseNum": 64, "simpleNum": 9, "complexNum": 22, "complexity1Num": 12, "complexity2Num": 9, "complexity3Num": 1, "compoundNum": 0, "subjRate": 0.06079664570230608, "objRate": 0.05660377358490566, "attRate": 0.07756813417190776, "subordRate": 0.008385744234800839, "adverbRate": 0.05870020964360587, "coordRate": 0.10272536687631027, "partsRate": 2.65625, "clauseRate": 2.064516129032258, "simpleRate": 0.2903225806451613, "complexRate": 0.7096774193548387, "complexity1Rate": 0.3870967741935484, "complexity2Rate": 0.2903225806451613, "complexity3Rate": 0.03225806451612903, "complexClauseRate": 2.5, "sentencesPerParagraph": 3.875, "wordsLengthRate": 5.8369829683698295, "compoundRate": 0.0, "positiveNum": 0, "negativeNum": 0, "precoPositiveNum": 0, "precoNegativeNum": 0, "negemoNum": 0, "negationNum": 4, "functionNum": 205, "contentNum": 272, "vulgarNum": 0, "racistNum": 0, "specStyleNum": 0, "addressingNum": 0, "closingNum": 0, "postscriptNum": 0, "brutalNum": 0, "positiveRate": 0.0, "negativeRate": 0.0, "precoPositiveRate": 0.0, "precoNegativeRate": 0.0, "negemoRate": 0.0, "negationRate": 0.008385744234800839, "functionRate": 0.429769392033543, "contentRate": 0.570230607966457, "vulgarRate": 0.0, "racistRate": 0.0, "specStyleRate": 0.0, "addressingRate": 0.0, "closingRate": 0.0, "postscriptRate": 0.0, "brutalRate": 0.0, "epistemicNum": 0, "investNum": 0, "conditionNum": 0, "weaselNum": 0, "peacockNum": 0, "hedgeNum": 0, "doxasticNum": 0, "epistemicRate": 0.0, "investRate": 0.0, "conditionRate": 0.0, "weaselRate": 0.0, "peacockRate": 0.0, "hedgeRate": 0.0, "doxasticRate": 0.0, "loveNum": 0, "anxietyNum": 0, "sorrowNum": 0, "joyNum": 0, "disgustNum": 0, "fearNum": 0, "surpriseNum": 0, "angerNum": 0, "loveRate": 0.0, "anxietyRate": 0.0, "sorrowRate": 0.0, "joyRate": 0.0, "disgustRate": 0.0, "fearRate": 0.0, "surpriseRate": 0.0, "angerRate": 0.0, "slangBeGeneralNum": 0, "slangBeCigaretteNum": 0, "slangBeHumanNum": 0, "slangBeVehicleNum": 0, "slangBeDrugNum": 0, "slangBvNum": 0, "slangBeGeneralRate": 0.0, "slangBeCigaretteRate": 0.0, "slangBeHumanRate": 0.0, "slangBeVehicleRate": 0.0, "slangBeDrugRate": 0.0, "slangBvRate": 0.0, "speechactNum": 0, "quoteNum": 0, "dashNum": 0, "publicNum": 0, "privateNum": 0, "suasiveNum": 0, "discMarkerNum": 0, "smileyNum": 0, "dateNum": 0, "hesitationNum": 0, "restartNum": 0, "repeatNum": 0, "conjBeforeDiscNum": 0, "conjAfterDiscNum": 0, "wordBeforeHesitationNum": 0, "wordAfterHesitationNum": 0, "otherCollocationNum": 0, "speechactRate": 0.0, "quoteRate": 0.0, "dashRate": 0.0, "publicRate": 0.0, "privateRate": 0.0, "suasiveRate": 0.0, "discMarkerRate": 0.0, "smileyRate": 0.0, "dateRate": 0.0, "hesitationRate": 0.0, "restartRate": 0.0, "repeatRate": 0.0, "conjBeforeDiscRate": 0.0, "conjAfterDiscRate": 0.0, "wordBeforeHesitationRate": 0.0, "wordAfterHesitationRate": 0.0, "otherCollocationRate": 0.0, "easyWordNum": 445, "hardWordNum": 32, "easyWordRate": 0.9329140461215933, "hardWordRate": 0.06708595387840671, "fleschReadingEaseScore": 48.798228849665264, "gunningFogIndex": 6.181673091228782, "fleschKincaidGradeLevel": 10.27553797254345, "colemanLiauIndex": 14.440077568134168, "smogIndex": 8.933256019334266, "automatedReadabilityIndex": 10.445498072631366, "linsearWriteIndex": 0.8022587407858253, "author": "", "locationNameNum": 0, "locationNameRate": 0.0, "personNameNum": 0, "personNameRate": 0.0, "organizationNameNum": 0, "organizationNameRate": 0.0, "misspelledNum": 0, "misspelledRate": 0.0, "missingAccentNum": 0, "missingAccentRate": 0.0, "foreignAccentNum": 0, "foreignAccentRate": 0.0, "wordConcatNum": 0, "wordConcatRate": 0.0, "jLyMistakeNum": 0, "jLyMistakeRate": 0.0, "freqSuffixNum": 0, "partsNum": 170, "privateVNum": 0, "publicVNum": 0, "clauseWordNum": 64}