{"tokenNum": 255, "sentenceNum": 24, "lemmaNum": 111, "lemmaRate": 0.43529411764705883, "sentenceLength": 10.625, "allUpperNum": 0, "firstUpperNum": 24, "allUpperRate": 0.0, "firstUpperRate": 0.09411764705882353, "declarSentNum": 20, "imperSentNum": 0, "questionNum": 4, "declarSentRate": 0.8333333333333334, "imperSentRate": 0.0, "questionRate": 0.16666666666666666, "accent": true, "saturation": 2.707317073170732, "paragraphNum": 7, "nounNum": 59, "verbNum": 30, "adjNum": 17, "infNum": 3, "partPastNum": 0, "partPresNum": 2, "partFutNum": 0, "transNum": 0, "xNum": 7, "advNum": 12, "properNounNum": 0, "numNum": 1, "conjNum": 21, "punctNum": 41, "pronNum": 28, "relPronNum": 6, "demPronNum": 11, "adposNum": 1, "multiplePunctNum": 0, "phraseNum": 0, "nounRate": 0.23137254901960785, "verbRate": 0.11764705882352941, "adjRate": 0.06666666666666667, "infRate": 0.011764705882352941, "partPastRate": 0.0, "partPresRate": 0.00784313725490196, "partFutRate": 0.0, "transRate": 0.0, "xRate": 0.027450980392156862, "advRate": 0.047058823529411764, "properNounRate": 0.0, "numRate": 0.00392156862745098, "conjRate": 0.08235294117647059, "punctRate": 0.1607843137254902, "pronRate": 0.10980392156862745, "relPronRate": 0.023529411764705882, "demPronRate": 0.043137254901960784, "adposRate": 0.00392156862745098, "multiplePunctRate": 0.0, "partsDensityRate": 2.8780487804878048, "contentfulness": 4.916666666666667, "phraseRate": 0.0, "pastTenseNum": 1, "presentTenseNum": 26, "condNum": 2, "impNum": 7, "freqNum": 0, "causNum": 0, "modalNum": 0, "sg1VerbNum": 6, "sg2VerbNum": 0, "sg3VerbNum": 24, "pl1VerbNum": 9, "pl2VerbNum": 2, "pl3VerbNum": 16, "superlatNum": 0, "comparatNum": 3, "specDerivSuffixNum": 0, "pluralNounNum": 11, "pastTenseRate": 0.03333333333333333, "presentTenseRate": 0.8666666666666667, "condRate": 0.06666666666666667, "impRate": 0.23333333333333334, "freqRate": 0.0, "causRate": 0.0, "modalRate": 0.0, "sg1VerbRate": 0.2, "sg2VerbRate": 0.0, "sg3VerbRate": 0.8, "pl1VerbRate": 0.3, "pl2VerbRate": 0.06666666666666667, "pl3VerbRate": 0.5333333333333333, "superlatRate": 0.0, "comparatRate": 0.17647058823529413, "specDerivSuffixRate": 0.0, "pluralNounRate": 0.1864406779661017, "subjNum": 20, "objNum": 9, "attNum": 10, "subordNum": 13, "adverbNum": 15, "coordNum": 9, "clauseNum": 41, "simpleNum": 12, "complexNum": 12, "complexity1Num": 9, "complexity2Num": 2, "complexity3Num": 0, "compoundNum": 0, "subjRate": 0.0784313725490196, "objRate": 0.03529411764705882, "attRate": 0.0392156862745098, "subordRate": 0.050980392156862744, "adverbRate": 0.058823529411764705, "coordRate": 0.03529411764705882, "partsRate": 1.5365853658536586, "clauseRate": 1.7083333333333333, "simpleRate": 0.5, "complexRate": 0.5, "complexity1Rate": 0.375, "complexity2Rate": 0.08333333333333333, "complexity3Rate": 0.0, "complexClauseRate": 2.4166666666666665, "sentencesPerParagraph": 3.4285714285714284, "wordsLengthRate": 5.383177570093458, "compoundRate": 0.0, "positiveNum": 0, "negativeNum": 0, "precoPositiveNum": 0, "precoNegativeNum": 0, "negemoNum": 0, "negationNum": 2, "functionNum": 137, "contentNum": 118, "vulgarNum": 0, "racistNum": 0, "specStyleNum": 0, "addressingNum": 0, "closingNum": 0, "postscriptNum": 0, "brutalNum": 0, "positiveRate": 0.0, "negativeRate": 0.0, "precoPositiveRate": 0.0, "precoNegativeRate": 0.0, "negemoRate": 0.0, "negationRate": 0.00784313725490196, "functionRate": 0.5372549019607843, "contentRate": 0.4627450980392157, "vulgarRate": 0.0, "racistRate": 0.0, "specStyleRate": 0.0, "addressingRate": 0.0, "closingRate": 0.0, "postscriptRate": 0.0, "brutalRate": 0.0, "epistemicNum": 0, "investNum": 0, "conditionNum": 0, "weaselNum": 0, "peacockNum": 0, "hedgeNum": 0, "doxasticNum": 0, "epistemicRate": 0.0, "investRate": 0.0, "conditionRate": 0.0, "weaselRate": 0.0, "peacockRate": 0.0, "hedgeRate": 0.0, "doxasticRate": 0.0, "loveNum": 0, "anxietyNum": 0, "sorrowNum": 0, "joyNum": 0, "disgustNum": 0, "fearNum": 0, "surpriseNum": 0, "angerNum": 0, "loveRate": 0.0, "anxietyRate": 0.0, "sorrowRate": 0.0, "joyRate": 0.0, "disgustRate": 0.0, "fearRate": 0.0, "surpriseRate": 0.0, "angerRate": 0.0, "slangBeGeneralNum": 0, "slangBeCigaretteNum": 0, "slangBeHumanNum": 0, "slangBeVehicleNum": 0, "slangBeDrugNum": 0, "slangBvNum": 0, "slangBeGeneralRate": 0.0, "slangBeCigaretteRate": 0.0, "slangBeHumanRate": 0.0, "slangBeVehicleRate": 0.0, "slangBeDrugRate": 0.0, "slangBvRate": 0.0, "speechactNum": 0, "quoteNum": 0, "dashNum": 0, "publicNum": 0, "privateNum": 0, "suasiveNum": 0, "discMarkerNum": 0, "smileyNum": 0, "dateNum": 0, "hesitationNum": 0, "restartNum": 0, "repeatNum": 0, "conjBeforeDiscNum": 0, "conjAfterDiscNum": 0, "wordBeforeHesitationNum": 0, "wordAfterHesitationNum": 0, "otherCollocationNum": 0, "speechactRate": 0.0, "quoteRate": 0.0, "dashRate": 0.0, "publicRate": 0.0, "privateRate": 0.0, "suasiveRate": 0.0, "discMarkerRate": 0.0, "smileyRate": 0.0, "dateRate": 0.0, "hesitationRate": 0.0, "restartRate": 0.0, "repeatRate": 0.0, "conjBeforeDiscRate": 0.0, "conjAfterDiscRate": 0.0, "wordBeforeHesitationRate": 0.0, "wordAfterHesitationRate": 0.0, "otherCollocationRate": 0.0, "easyWordNum": 239, "hardWordNum": 16, "easyWordRate": 0.9372549019607843, "hardWordRate": 0.06274509803921569, "fleschReadingEaseScore": 70.97533088235294, "gunningFogIndex": 4.2750980392156865, "fleschKincaidGradeLevel": 5.999240196078436, "colemanLiauIndex": 11.432305882352935, "smogIndex": 7.3011, "automatedReadabilityIndex": 5.659323529411761, "linsearWriteIndex": 1.287581699346405, "author": "", "locationNameNum": 0, "locationNameRate": 0.0, "personNameNum": 0, "personNameRate": 0.0, "organizationNameNum": 0, "organizationNameRate": 0.0, "misspelledNum": 0, "misspelledRate": 0.0, "missingAccentNum": 0, "missingAccentRate": 0.0, "foreignAccentNum": 0, "foreignAccentRate": 0.0, "wordConcatNum": 0, "wordConcatRate": 0.0, "jLyMistakeNum": 0, "jLyMistakeRate": 0.0, "freqSuffixNum": 0, "partsNum": 63, "privateVNum": 0, "publicVNum": 0, "clauseWordNum": 41}