{"tokenNum": 387, "sentenceNum": 39, "lemmaNum": 171, "lemmaRate": 0.4418604651162791, "sentenceLength": 9.923076923076923, "allUpperNum": 0, "firstUpperNum": 41, "allUpperRate": 0.0, "firstUpperRate": 0.10594315245478036, "declarSentNum": 34, "imperSentNum": 2, "questionNum": 3, "declarSentRate": 0.8717948717948718, "imperSentRate": 0.05128205128205128, "questionRate": 0.07692307692307693, "accent": true, "saturation": 2.6307692307692307, "paragraphNum": 9, "nounNum": 62, "verbNum": 68, "adjNum": 33, "infNum": 16, "partPastNum": 0, "partPresNum": 0, "partFutNum": 0, "transNum": 1, "xNum": 10, "advNum": 35, "properNounNum": 2, "numNum": 2, "conjNum": 30, "punctNum": 66, "pronNum": 26, "relPronNum": 4, "demPronNum": 10, "adposNum": 3, "multiplePunctNum": 0, "phraseNum": 0, "nounRate": 0.16020671834625322, "verbRate": 0.17571059431524547, "adjRate": 0.08527131782945736, "infRate": 0.041343669250646, "partPastRate": 0.0, "partPresRate": 0.0, "partFutRate": 0.0, "transRate": 0.002583979328165375, "xRate": 0.025839793281653745, "advRate": 0.09043927648578812, "properNounRate": 0.00516795865633075, "numRate": 0.00516795865633075, "conjRate": 0.07751937984496124, "punctRate": 0.17054263565891473, "pronRate": 0.06718346253229975, "relPronRate": 0.0103359173126615, "demPronRate": 0.025839793281653745, "adposRate": 0.007751937984496124, "multiplePunctRate": 0.0, "partsDensityRate": 3.046153846153846, "contentfulness": 5.076923076923077, "phraseRate": 0.0, "pastTenseNum": 5, "presentTenseNum": 47, "condNum": 0, "impNum": 2, "freqNum": 0, "causNum": 0, "modalNum": 0, "sg1VerbNum": 18, "sg2VerbNum": 0, "sg3VerbNum": 39, "pl1VerbNum": 12, "pl2VerbNum": 0, "pl3VerbNum": 17, "superlatNum": 0, "comparatNum": 1, "specDerivSuffixNum": 0, "pluralNounNum": 6, "pastTenseRate": 0.07352941176470588, "presentTenseRate": 0.6911764705882353, "condRate": 0.0, "impRate": 0.029411764705882353, "freqRate": 0.0, "causRate": 0.0, "modalRate": 0.0, "sg1VerbRate": 0.2647058823529412, "sg2VerbRate": 0.0, "sg3VerbRate": 0.5735294117647058, "pl1VerbRate": 0.17647058823529413, "pl2VerbRate": 0.0, "pl3VerbRate": 0.25, "superlatRate": 0.0, "comparatRate": 0.030303030303030304, "specDerivSuffixRate": 0.0, "pluralNounRate": 0.0967741935483871, "subjNum": 32, "objNum": 19, "attNum": 16, "subordNum": 16, "adverbNum": 47, "coordNum": 11, "clauseNum": 65, "simpleNum": 22, "complexNum": 17, "complexity1Num": 10, "complexity2Num": 5, "complexity3Num": 2, "compoundNum": 0, "subjRate": 0.082687338501292, "objRate": 0.04909560723514212, "attRate": 0.041343669250646, "subordRate": 0.041343669250646, "adverbRate": 0.12144702842377261, "coordRate": 0.028423772609819122, "partsRate": 1.9230769230769231, "clauseRate": 1.6666666666666667, "simpleRate": 0.5641025641025641, "complexRate": 0.4358974358974359, "complexity1Rate": 0.2564102564102564, "complexity2Rate": 0.1282051282051282, "complexity3Rate": 0.05128205128205128, "complexClauseRate": 2.5294117647058822, "sentencesPerParagraph": 4.333333333333333, "wordsLengthRate": 5.423676012461059, "compoundRate": 0.0, "positiveNum": 0, "negativeNum": 0, "precoPositiveNum": 0, "precoNegativeNum": 0, "negemoNum": 0, "negationNum": 12, "functionNum": 189, "contentNum": 198, "vulgarNum": 0, "racistNum": 0, "specStyleNum": 0, "addressingNum": 0, "closingNum": 0, "postscriptNum": 0, "brutalNum": 0, "positiveRate": 0.0, "negativeRate": 0.0, "precoPositiveRate": 0.0, "precoNegativeRate": 0.0, "negemoRate": 0.0, "negationRate": 0.031007751937984496, "functionRate": 0.4883720930232558, "contentRate": 0.5116279069767442, "vulgarRate": 0.0, "racistRate": 0.0, "specStyleRate": 0.0, "addressingRate": 0.0, "closingRate": 0.0, "postscriptRate": 0.0, "brutalRate": 0.0, "epistemicNum": 0, "investNum": 0, "conditionNum": 0, "weaselNum": 0, "peacockNum": 0, "hedgeNum": 0, "doxasticNum": 0, "epistemicRate": 0.0, "investRate": 0.0, "conditionRate": 0.0, "weaselRate": 0.0, "peacockRate": 0.0, "hedgeRate": 0.0, "doxasticRate": 0.0, "loveNum": 0, "anxietyNum": 0, "sorrowNum": 0, "joyNum": 0, "disgustNum": 0, "fearNum": 0, "surpriseNum": 0, "angerNum": 0, "loveRate": 0.0, "anxietyRate": 0.0, "sorrowRate": 0.0, "joyRate": 0.0, "disgustRate": 0.0, "fearRate": 0.0, "surpriseRate": 0.0, "angerRate": 0.0, "slangBeGeneralNum": 0, "slangBeCigaretteNum": 0, "slangBeHumanNum": 0, "slangBeVehicleNum": 0, "slangBeDrugNum": 0, "slangBvNum": 0, "slangBeGeneralRate": 0.0, "slangBeCigaretteRate": 0.0, "slangBeHumanRate": 0.0, "slangBeVehicleRate": 0.0, "slangBeDrugRate": 0.0, "slangBvRate": 0.0, "speechactNum": 0, "quoteNum": 0, "dashNum": 0, "publicNum": 0, "privateNum": 0, "suasiveNum": 0, "discMarkerNum": 0, "smileyNum": 0, "dateNum": 0, "hesitationNum": 0, "restartNum": 0, "repeatNum": 0, "conjBeforeDiscNum": 0, "conjAfterDiscNum": 0, "wordBeforeHesitationNum": 0, "wordAfterHesitationNum": 0, "otherCollocationNum": 0, "speechactRate": 0.0, "quoteRate": 0.0, "dashRate": 0.0, "publicRate": 0.0, "privateRate": 0.0, "suasiveRate": 0.0, "discMarkerRate": 0.0, "smileyRate": 0.0, "dateRate": 0.0, "hesitationRate": 0.0, "restartRate": 0.0, "repeatRate": 0.0, "conjBeforeDiscRate": 0.0, "conjAfterDiscRate": 0.0, "wordBeforeHesitationRate": 0.0, "wordAfterHesitationRate": 0.0, "otherCollocationRate": 0.0, "easyWordNum": 365, "hardWordNum": 22, "easyWordRate": 0.9431524547803618, "hardWordRate": 0.056847545219638244, "fleschReadingEaseScore": 74.34447227191416, "gunningFogIndex": 3.9919697873186246, "fleschKincaidGradeLevel": 5.354935400516798, "colemanLiauIndex": 11.42763049095607, "smogIndex": 7.419758726546812, "automatedReadabilityIndex": 5.304639236732257, "linsearWriteIndex": 0.39799907241767696, "author": "", "locationNameNum": 2, "locationNameRate": 0.00516795865633075, "personNameNum": 0, "personNameRate": 0.0, "organizationNameNum": 0, "organizationNameRate": 0.0, "misspelledNum": 1, "misspelledRate": 0.002583979328165375, "missingAccentNum": 1, "missingAccentRate": 0.002583979328165375, "foreignAccentNum": 0, "foreignAccentRate": 0.0, "wordConcatNum": 0, "wordConcatRate": 0.0, "jLyMistakeNum": 0, "jLyMistakeRate": 0.0, "freqSuffixNum": 0, "partsNum": 125, "privateVNum": 0, "publicVNum": 0, "clauseWordNum": 65}