{"tokenNum": 497, "sentenceNum": 35, "lemmaNum": 193, "lemmaRate": 0.38832997987927564, "sentenceLength": 14.2, "allUpperNum": 0, "firstUpperNum": 37, "allUpperRate": 0.0, "firstUpperRate": 0.0744466800804829, "declarSentNum": 35, "imperSentNum": 0, "questionNum": 0, "declarSentRate": 1.0, "imperSentRate": 0.0, "questionRate": 0.0, "accent": true, "saturation": 2.757142857142857, "paragraphNum": 11, "nounNum": 115, "verbNum": 65, "adjNum": 63, "infNum": 8, "partPastNum": 0, "partPresNum": 2, "partFutNum": 0, "transNum": 0, "xNum": 15, "advNum": 16, "properNounNum": 0, "numNum": 1, "conjNum": 42, "punctNum": 73, "pronNum": 20, "relPronNum": 4, "demPronNum": 14, "adposNum": 7, "multiplePunctNum": 0, "phraseNum": 0, "nounRate": 0.23138832997987926, "verbRate": 0.13078470824949698, "adjRate": 0.1267605633802817, "infRate": 0.01609657947686117, "partPastRate": 0.0, "partPresRate": 0.004024144869215292, "partFutRate": 0.0, "transRate": 0.0, "xRate": 0.030181086519114688, "advRate": 0.03219315895372234, "properNounRate": 0.0, "numRate": 0.002012072434607646, "conjRate": 0.08450704225352113, "punctRate": 0.14688128772635814, "pronRate": 0.04024144869215292, "relPronRate": 0.008048289738430584, "demPronRate": 0.028169014084507043, "adposRate": 0.014084507042253521, "multiplePunctRate": 0.0, "partsDensityRate": 3.7, "contentfulness": 7.4, "phraseRate": 0.0, "pastTenseNum": 2, "presentTenseNum": 55, "condNum": 2, "impNum": 13, "freqNum": 0, "causNum": 0, "modalNum": 5, "sg1VerbNum": 7, "sg2VerbNum": 0, "sg3VerbNum": 34, "pl1VerbNum": 28, "pl2VerbNum": 0, "pl3VerbNum": 12, "superlatNum": 0, "comparatNum": 5, "specDerivSuffixNum": 0, "pluralNounNum": 30, "pastTenseRate": 0.03076923076923077, "presentTenseRate": 0.8461538461538461, "condRate": 0.03076923076923077, "impRate": 0.2, "freqRate": 0.0, "causRate": 0.0, "modalRate": 0.07692307692307693, "sg1VerbRate": 0.1076923076923077, "sg2VerbRate": 0.0, "sg3VerbRate": 0.5230769230769231, "pl1VerbRate": 0.4307692307692308, "pl2VerbRate": 0.0, "pl3VerbRate": 0.18461538461538463, "superlatRate": 0.0, "comparatRate": 0.07936507936507936, "specDerivSuffixRate": 0.0, "pluralNounRate": 0.2608695652173913, "subjNum": 22, "objNum": 35, "attNum": 46, "subordNum": 22, "adverbNum": 29, "coordNum": 24, "clauseNum": 70, "simpleNum": 11, "complexNum": 24, "complexity1Num": 14, "complexity2Num": 9, "complexity3Num": 1, "compoundNum": 0, "subjRate": 0.04426559356136821, "objRate": 0.07042253521126761, "attRate": 0.0925553319919517, "subordRate": 0.04426559356136821, "adverbRate": 0.05835010060362173, "coordRate": 0.0482897384305835, "partsRate": 2.2285714285714286, "clauseRate": 2.0, "simpleRate": 0.3142857142857143, "complexRate": 0.6857142857142857, "complexity1Rate": 0.4, "complexity2Rate": 0.2571428571428571, "complexity3Rate": 0.02857142857142857, "complexClauseRate": 2.4583333333333335, "sentencesPerParagraph": 3.1818181818181817, "wordsLengthRate": 6.577830188679245, "compoundRate": 0.0, "positiveNum": 0, "negativeNum": 0, "precoPositiveNum": 0, "precoNegativeNum": 0, "negemoNum": 0, "negationNum": 5, "functionNum": 238, "contentNum": 259, "vulgarNum": 0, "racistNum": 0, "specStyleNum": 0, "addressingNum": 0, "closingNum": 0, "postscriptNum": 0, "brutalNum": 0, "positiveRate": 0.0, "negativeRate": 0.0, "precoPositiveRate": 0.0, "precoNegativeRate": 0.0, "negemoRate": 0.0, "negationRate": 0.01006036217303823, "functionRate": 0.4788732394366197, "contentRate": 0.5211267605633803, "vulgarRate": 0.0, "racistRate": 0.0, "specStyleRate": 0.0, "addressingRate": 0.0, "closingRate": 0.0, "postscriptRate": 0.0, "brutalRate": 0.0, "epistemicNum": 0, "investNum": 0, "conditionNum": 0, "weaselNum": 0, "peacockNum": 0, "hedgeNum": 0, "doxasticNum": 0, "epistemicRate": 0.0, "investRate": 0.0, "conditionRate": 0.0, "weaselRate": 0.0, "peacockRate": 0.0, "hedgeRate": 0.0, "doxasticRate": 0.0, "loveNum": 0, "anxietyNum": 0, "sorrowNum": 0, "joyNum": 0, "disgustNum": 0, "fearNum": 0, "surpriseNum": 0, "angerNum": 0, "loveRate": 0.0, "anxietyRate": 0.0, "sorrowRate": 0.0, "joyRate": 0.0, "disgustRate": 0.0, "fearRate": 0.0, "surpriseRate": 0.0, "angerRate": 0.0, "slangBeGeneralNum": 0, "slangBeCigaretteNum": 0, "slangBeHumanNum": 0, "slangBeVehicleNum": 0, "slangBeDrugNum": 0, "slangBvNum": 0, "slangBeGeneralRate": 0.0, "slangBeCigaretteRate": 0.0, "slangBeHumanRate": 0.0, "slangBeVehicleRate": 0.0, "slangBeDrugRate": 0.0, "slangBvRate": 0.0, "speechactNum": 0, "quoteNum": 0, "dashNum": 0, "publicNum": 0, "privateNum": 0, "suasiveNum": 0, "discMarkerNum": 0, "smileyNum": 0, "dateNum": 0, "hesitationNum": 0, "restartNum": 0, "repeatNum": 0, "conjBeforeDiscNum": 0, "conjAfterDiscNum": 0, "wordBeforeHesitationNum": 0, "wordAfterHesitationNum": 0, "otherCollocationNum": 0, "speechactRate": 0.0, "quoteRate": 0.0, "dashRate": 0.0, "publicRate": 0.0, "privateRate": 0.0, "suasiveRate": 0.0, "discMarkerRate": 0.0, "smileyRate": 0.0, "dateRate": 0.0, "hesitationRate": 0.0, "restartRate": 0.0, "repeatRate": 0.0, "conjBeforeDiscRate": 0.0, "conjAfterDiscRate": 0.0, "wordBeforeHesitationRate": 0.0, "wordAfterHesitationRate": 0.0, "otherCollocationRate": 0.0, "easyWordNum": 421, "hardWordNum": 76, "easyWordRate": 0.8470824949698189, "hardWordRate": 0.1529175050301811, "fleschReadingEaseScore": 33.77572233400403, "gunningFogIndex": 5.740362173038229, "fleschKincaidGradeLevel": 12.07596780684105, "colemanLiauIndex": 17.80952716297786, "smogIndex": 11.54727034752802, "automatedReadabilityIndex": 12.546378269617705, "linsearWriteIndex": 0.822362747916068, "author": "", "locationNameNum": 0, "locationNameRate": 0.0, "personNameNum": 0, "personNameRate": 0.0, "organizationNameNum": 0, "organizationNameRate": 0.0, "misspelledNum": 0, "misspelledRate": 0.0, "missingAccentNum": 0, "missingAccentRate": 0.0, "foreignAccentNum": 0, "foreignAccentRate": 0.0, "wordConcatNum": 0, "wordConcatRate": 0.0, "jLyMistakeNum": 0, "jLyMistakeRate": 0.0, "freqSuffixNum": 0, "partsNum": 156, "privateVNum": 0, "publicVNum": 0, "clauseWordNum": 70}