{"tokenNum": 443, "sentenceNum": 45, "lemmaNum": 165, "lemmaRate": 0.3724604966139955, "sentenceLength": 9.844444444444445, "allUpperNum": 0, "firstUpperNum": 45, "allUpperRate": 0.0, "firstUpperRate": 0.10158013544018059, "declarSentNum": 43, "imperSentNum": 1, "questionNum": 1, "declarSentRate": 0.9555555555555556, "imperSentRate": 0.022222222222222223, "questionRate": 0.022222222222222223, "accent": true, "saturation": 2.142857142857143, "paragraphNum": 9, "nounNum": 61, "verbNum": 65, "adjNum": 28, "infNum": 15, "partPastNum": 0, "partPresNum": 0, "partFutNum": 0, "transNum": 0, "xNum": 9, "advNum": 50, "properNounNum": 0, "numNum": 2, "conjNum": 37, "punctNum": 91, "pronNum": 36, "relPronNum": 4, "demPronNum": 20, "adposNum": 1, "multiplePunctNum": 0, "phraseNum": 0, "nounRate": 0.13769751693002258, "verbRate": 0.14672686230248308, "adjRate": 0.06320541760722348, "infRate": 0.033860045146726865, "partPastRate": 0.0, "partPresRate": 0.0, "partFutRate": 0.0, "transRate": 0.0, "xRate": 0.020316027088036117, "advRate": 0.11286681715575621, "properNounRate": 0.0, "numRate": 0.004514672686230248, "conjRate": 0.0835214446952596, "punctRate": 0.2054176072234763, "pronRate": 0.08126410835214447, "relPronRate": 0.009029345372460496, "demPronRate": 0.045146726862302484, "adposRate": 0.002257336343115124, "multiplePunctRate": 0.0, "partsDensityRate": 2.6493506493506493, "contentfulness": 4.533333333333333, "phraseRate": 0.0, "pastTenseNum": 3, "presentTenseNum": 48, "condNum": 1, "impNum": 3, "freqNum": 0, "causNum": 0, "modalNum": 2, "sg1VerbNum": 13, "sg2VerbNum": 1, "sg3VerbNum": 45, "pl1VerbNum": 5, "pl2VerbNum": 0, "pl3VerbNum": 31, "superlatNum": 1, "comparatNum": 2, "specDerivSuffixNum": 0, "pluralNounNum": 19, "pastTenseRate": 0.046153846153846156, "presentTenseRate": 0.7384615384615385, "condRate": 0.015384615384615385, "impRate": 0.046153846153846156, "freqRate": 0.0, "causRate": 0.0, "modalRate": 0.03076923076923077, "sg1VerbRate": 0.2, "sg2VerbRate": 0.015384615384615385, "sg3VerbRate": 0.6923076923076923, "pl1VerbRate": 0.07692307692307693, "pl2VerbRate": 0.0, "pl3VerbRate": 0.47692307692307695, "superlatRate": 0.03571428571428571, "comparatRate": 0.07142857142857142, "specDerivSuffixRate": 0.0, "pluralNounRate": 0.3114754098360656, "subjNum": 34, "objNum": 20, "attNum": 8, "subordNum": 13, "adverbNum": 65, "coordNum": 22, "clauseNum": 77, "simpleNum": 21, "complexNum": 24, "complexity1Num": 18, "complexity2Num": 4, "complexity3Num": 2, "compoundNum": 0, "subjRate": 0.07674943566591422, "objRate": 0.045146726862302484, "attRate": 0.01805869074492099, "subordRate": 0.029345372460496615, "adverbRate": 0.14672686230248308, "coordRate": 0.04966139954853273, "partsRate": 1.9350649350649352, "clauseRate": 1.711111111111111, "simpleRate": 0.4666666666666667, "complexRate": 0.5333333333333333, "complexity1Rate": 0.4, "complexity2Rate": 0.08888888888888889, "complexity3Rate": 0.044444444444444446, "complexClauseRate": 2.3333333333333335, "sentencesPerParagraph": 5.0, "wordsLengthRate": 5.065340909090909, "compoundRate": 0.0, "positiveNum": 0, "negativeNum": 0, "precoPositiveNum": 0, "precoNegativeNum": 0, "negemoNum": 0, "negationNum": 17, "functionNum": 239, "contentNum": 204, "vulgarNum": 0, "racistNum": 0, "specStyleNum": 0, "addressingNum": 0, "closingNum": 0, "postscriptNum": 0, "brutalNum": 0, "positiveRate": 0.0, "negativeRate": 0.0, "precoPositiveRate": 0.0, "precoNegativeRate": 0.0, "negemoRate": 0.0, "negationRate": 0.03837471783295711, "functionRate": 0.5395033860045146, "contentRate": 0.4604966139954853, "vulgarRate": 0.0, "racistRate": 0.0, "specStyleRate": 0.0, "addressingRate": 0.0, "closingRate": 0.0, "postscriptRate": 0.0, "brutalRate": 0.0, "epistemicNum": 0, "investNum": 0, "conditionNum": 0, "weaselNum": 0, "peacockNum": 0, "hedgeNum": 0, "doxasticNum": 0, "epistemicRate": 0.0, "investRate": 0.0, "conditionRate": 0.0, "weaselRate": 0.0, "peacockRate": 0.0, "hedgeRate": 0.0, "doxasticRate": 0.0, "loveNum": 0, "anxietyNum": 0, "sorrowNum": 0, "joyNum": 0, "disgustNum": 0, "fearNum": 0, "surpriseNum": 0, "angerNum": 0, "loveRate": 0.0, "anxietyRate": 0.0, "sorrowRate": 0.0, "joyRate": 0.0, "disgustRate": 0.0, "fearRate": 0.0, "surpriseRate": 0.0, "angerRate": 0.0, "slangBeGeneralNum": 0, "slangBeCigaretteNum": 0, "slangBeHumanNum": 0, "slangBeVehicleNum": 0, "slangBeDrugNum": 0, "slangBvNum": 0, "slangBeGeneralRate": 0.0, "slangBeCigaretteRate": 0.0, "slangBeHumanRate": 0.0, "slangBeVehicleRate": 0.0, "slangBeDrugRate": 0.0, "slangBvRate": 0.0, "speechactNum": 0, "quoteNum": 0, "dashNum": 0, "publicNum": 0, "privateNum": 0, "suasiveNum": 0, "discMarkerNum": 0, "smileyNum": 0, "dateNum": 0, "hesitationNum": 0, "restartNum": 0, "repeatNum": 0, "conjBeforeDiscNum": 0, "conjAfterDiscNum": 0, "wordBeforeHesitationNum": 0, "wordAfterHesitationNum": 0, "otherCollocationNum": 0, "speechactRate": 0.0, "quoteRate": 0.0, "dashRate": 0.0, "publicRate": 0.0, "privateRate": 0.0, "suasiveRate": 0.0, "discMarkerRate": 0.0, "smileyRate": 0.0, "dateRate": 0.0, "hesitationRate": 0.0, "restartRate": 0.0, "repeatRate": 0.0, "conjBeforeDiscRate": 0.0, "conjAfterDiscRate": 0.0, "wordBeforeHesitationRate": 0.0, "wordAfterHesitationRate": 0.0, "otherCollocationRate": 0.0, "easyWordNum": 432, "hardWordNum": 11, "easyWordRate": 0.9751693002257337, "hardWordRate": 0.024830699774266364, "fleschReadingEaseScore": 88.562527715074, "gunningFogIndex": 3.947710057687485, "fleschKincaidGradeLevel": 3.352267870579386, "colemanLiauIndex": 8.876534988713313, "smogIndex": 5.953557352011769, "automatedReadabilityIndex": 3.225314773012286, "linsearWriteIndex": 0.14371708051166276, "author": "", "locationNameNum": 0, "locationNameRate": 0.0, "personNameNum": 0, "personNameRate": 0.0, "organizationNameNum": 0, "organizationNameRate": 0.0, "misspelledNum": 0, "misspelledRate": 0.0, "missingAccentNum": 0, "missingAccentRate": 0.0, "foreignAccentNum": 0, "foreignAccentRate": 0.0, "wordConcatNum": 0, "wordConcatRate": 0.0, "jLyMistakeNum": 0, "jLyMistakeRate": 0.0, "freqSuffixNum": 0, "partsNum": 149, "privateVNum": 0, "publicVNum": 0, "clauseWordNum": 77}