{"tokenNum": 445, "sentenceNum": 29, "lemmaNum": 197, "lemmaRate": 0.44269662921348313, "sentenceLength": 15.344827586206897, "allUpperNum": 0, "firstUpperNum": 27, "allUpperRate": 0.0, "firstUpperRate": 0.060674157303370786, "declarSentNum": 15, "imperSentNum": 10, "questionNum": 4, "declarSentRate": 0.5172413793103449, "imperSentRate": 0.3448275862068966, "questionRate": 0.13793103448275862, "accent": true, "saturation": 2.5584415584415585, "paragraphNum": 2, "nounNum": 62, "verbNum": 62, "adjNum": 36, "infNum": 11, "partPastNum": 0, "partPresNum": 2, "partFutNum": 0, "transNum": 0, "xNum": 2, "advNum": 59, "properNounNum": 0, "numNum": 0, "conjNum": 35, "punctNum": 81, "pronNum": 53, "relPronNum": 5, "demPronNum": 32, "adposNum": 3, "multiplePunctNum": 1, "phraseNum": 0, "nounRate": 0.1393258426966292, "verbRate": 0.1393258426966292, "adjRate": 0.08089887640449438, "infRate": 0.024719101123595506, "partPastRate": 0.0, "partPresRate": 0.0044943820224719105, "partFutRate": 0.0, "transRate": 0.0, "xRate": 0.0044943820224719105, "advRate": 0.13258426966292136, "properNounRate": 0.0, "numRate": 0.0, "conjRate": 0.07865168539325842, "punctRate": 0.18202247191011237, "pronRate": 0.11910112359550562, "relPronRate": 0.011235955056179775, "demPronRate": 0.07191011235955057, "adposRate": 0.006741573033707865, "multiplePunctRate": 0.012345679012345678, "partsDensityRate": 2.844155844155844, "contentfulness": 7.551724137931035, "phraseRate": 0.0, "pastTenseNum": 8, "presentTenseNum": 43, "condNum": 8, "impNum": 5, "freqNum": 0, "causNum": 0, "modalNum": 3, "sg1VerbNum": 12, "sg2VerbNum": 2, "sg3VerbNum": 76, "pl1VerbNum": 11, "pl2VerbNum": 0, "pl3VerbNum": 10, "superlatNum": 0, "comparatNum": 0, "specDerivSuffixNum": 0, "pluralNounNum": 8, "pastTenseRate": 0.12903225806451613, "presentTenseRate": 0.6935483870967742, "condRate": 0.12903225806451613, "impRate": 0.08064516129032258, "freqRate": 0.0, "causRate": 0.0, "modalRate": 0.04838709677419355, "sg1VerbRate": 0.1935483870967742, "sg2VerbRate": 0.03225806451612903, "sg3VerbRate": 1.2258064516129032, "pl1VerbRate": 0.1774193548387097, "pl2VerbRate": 0.0, "pl3VerbRate": 0.16129032258064516, "superlatRate": 0.0, "comparatRate": 0.0, "specDerivSuffixRate": 0.0, "pluralNounRate": 0.12903225806451613, "subjNum": 28, "objNum": 25, "attNum": 24, "subordNum": 22, "adverbNum": 70, "coordNum": 20, "clauseNum": 77, "simpleNum": 9, "complexNum": 20, "complexity1Num": 5, "complexity2Num": 6, "complexity3Num": 6, "compoundNum": 0, "subjRate": 0.06292134831460675, "objRate": 0.056179775280898875, "attRate": 0.05393258426966292, "subordRate": 0.04943820224719101, "adverbRate": 0.15730337078651685, "coordRate": 0.0449438202247191, "partsRate": 2.168831168831169, "clauseRate": 2.6551724137931036, "simpleRate": 0.3103448275862069, "complexRate": 0.6896551724137931, "complexity1Rate": 0.1724137931034483, "complexity2Rate": 0.20689655172413793, "complexity3Rate": 0.20689655172413793, "complexClauseRate": 3.4, "sentencesPerParagraph": 14.5, "wordsLengthRate": 5.1208791208791204, "compoundRate": 0.0, "positiveNum": 0, "negativeNum": 0, "precoPositiveNum": 0, "precoNegativeNum": 0, "negemoNum": 0, "negationNum": 14, "functionNum": 226, "contentNum": 219, "vulgarNum": 0, "racistNum": 0, "specStyleNum": 0, "addressingNum": 0, "closingNum": 0, "postscriptNum": 0, "brutalNum": 0, "positiveRate": 0.0, "negativeRate": 0.0, "precoPositiveRate": 0.0, "precoNegativeRate": 0.0, "negemoRate": 0.0, "negationRate": 0.03146067415730337, "functionRate": 0.5078651685393258, "contentRate": 0.49213483146067416, "vulgarRate": 0.0, "racistRate": 0.0, "specStyleRate": 0.0, "addressingRate": 0.0, "closingRate": 0.0, "postscriptRate": 0.0, "brutalRate": 0.0, "epistemicNum": 0, "investNum": 0, "conditionNum": 0, "weaselNum": 0, "peacockNum": 0, "hedgeNum": 0, "doxasticNum": 0, "epistemicRate": 0.0, "investRate": 0.0, "conditionRate": 0.0, "weaselRate": 0.0, "peacockRate": 0.0, "hedgeRate": 0.0, "doxasticRate": 0.0, "loveNum": 0, "anxietyNum": 0, "sorrowNum": 0, "joyNum": 0, "disgustNum": 0, "fearNum": 0, "surpriseNum": 0, "angerNum": 0, "loveRate": 0.0, "anxietyRate": 0.0, "sorrowRate": 0.0, "joyRate": 0.0, "disgustRate": 0.0, "fearRate": 0.0, "surpriseRate": 0.0, "angerRate": 0.0, "slangBeGeneralNum": 0, "slangBeCigaretteNum": 0, "slangBeHumanNum": 0, "slangBeVehicleNum": 0, "slangBeDrugNum": 0, "slangBvNum": 0, "slangBeGeneralRate": 0.0, "slangBeCigaretteRate": 0.0, "slangBeHumanRate": 0.0, "slangBeVehicleRate": 0.0, "slangBeDrugRate": 0.0, "slangBvRate": 0.0, "speechactNum": 0, "quoteNum": 0, "dashNum": 0, "publicNum": 0, "privateNum": 0, "suasiveNum": 0, "discMarkerNum": 0, "smileyNum": 0, "dateNum": 0, "hesitationNum": 0, "restartNum": 0, "repeatNum": 0, "conjBeforeDiscNum": 0, "conjAfterDiscNum": 0, "wordBeforeHesitationNum": 0, "wordAfterHesitationNum": 0, "otherCollocationNum": 0, "speechactRate": 0.0, "quoteRate": 0.0, "dashRate": 0.0, "publicRate": 0.0, "privateRate": 0.0, "suasiveRate": 0.0, "discMarkerRate": 0.0, "smileyRate": 0.0, "dateRate": 0.0, "hesitationRate": 0.0, "restartRate": 0.0, "repeatRate": 0.0, "conjBeforeDiscRate": 0.0, "conjAfterDiscRate": 0.0, "wordBeforeHesitationRate": 0.0, "wordAfterHesitationRate": 0.0, "otherCollocationRate": 0.0, "easyWordNum": 424, "hardWordNum": 21, "easyWordRate": 0.952808988764045, "hardWordRate": 0.04719101123595506, "fleschReadingEaseScore": 70.72876404494384, "gunningFogIndex": 6.1568074389771414, "fleschKincaidGradeLevel": 7.206168151879119, "colemanLiauIndex": 9.890793258426964, "smogIndex": 7.908726449838941, "automatedReadabilityIndex": 6.786481208833784, "linsearWriteIndex": 0.8791166214645487, "author": "", "locationNameNum": 0, "locationNameRate": 0.0, "personNameNum": 0, "personNameRate": 0.0, "organizationNameNum": 0, "organizationNameRate": 0.0, "misspelledNum": 6, "misspelledRate": 0.01348314606741573, "missingAccentNum": 2, "missingAccentRate": 0.0044943820224719105, "foreignAccentNum": 0, "foreignAccentRate": 0.0, "wordConcatNum": 1, "wordConcatRate": 0.0022471910112359553, "jLyMistakeNum": 0, "jLyMistakeRate": 0.0, "freqSuffixNum": 0, "partsNum": 167, "privateVNum": 0, "publicVNum": 0, "clauseWordNum": 77}