{"tokenNum": 405, "sentenceNum": 39, "lemmaNum": 212, "lemmaRate": 0.5234567901234568, "sentenceLength": 10.384615384615385, "allUpperNum": 0, "firstUpperNum": 38, "allUpperRate": 0.0, "firstUpperRate": 0.09382716049382717, "declarSentNum": 19, "imperSentNum": 15, "questionNum": 5, "declarSentRate": 0.48717948717948717, "imperSentRate": 0.38461538461538464, "questionRate": 0.1282051282051282, "accent": true, "saturation": 2.864864864864865, "paragraphNum": 5, "nounNum": 71, "verbNum": 65, "adjNum": 36, "infNum": 4, "partPastNum": 2, "partPresNum": 1, "partFutNum": 0, "transNum": 1, "xNum": 5, "advNum": 44, "properNounNum": 2, "numNum": 0, "conjNum": 29, "punctNum": 76, "pronNum": 28, "relPronNum": 2, "demPronNum": 18, "adposNum": 3, "multiplePunctNum": 0, "phraseNum": 0, "nounRate": 0.17530864197530865, "verbRate": 0.16049382716049382, "adjRate": 0.08888888888888889, "infRate": 0.009876543209876543, "partPastRate": 0.0049382716049382715, "partPresRate": 0.0024691358024691358, "partFutRate": 0.0, "transRate": 0.0024691358024691358, "xRate": 0.012345679012345678, "advRate": 0.10864197530864197, "properNounRate": 0.0049382716049382715, "numRate": 0.0, "conjRate": 0.07160493827160494, "punctRate": 0.18765432098765433, "pronRate": 0.0691358024691358, "relPronRate": 0.0049382716049382715, "demPronRate": 0.044444444444444446, "adposRate": 0.007407407407407408, "multiplePunctRate": 0.0, "partsDensityRate": 2.918918918918919, "contentfulness": 5.538461538461538, "phraseRate": 0.0, "pastTenseNum": 3, "presentTenseNum": 58, "condNum": 7, "impNum": 7, "freqNum": 0, "causNum": 0, "modalNum": 0, "sg1VerbNum": 19, "sg2VerbNum": 3, "sg3VerbNum": 42, "pl1VerbNum": 4, "pl2VerbNum": 0, "pl3VerbNum": 23, "superlatNum": 0, "comparatNum": 1, "specDerivSuffixNum": 0, "pluralNounNum": 7, "pastTenseRate": 0.046153846153846156, "presentTenseRate": 0.8923076923076924, "condRate": 0.1076923076923077, "impRate": 0.1076923076923077, "freqRate": 0.0, "causRate": 0.0, "modalRate": 0.0, "sg1VerbRate": 0.2923076923076923, "sg2VerbRate": 0.046153846153846156, "sg3VerbRate": 0.6461538461538462, "pl1VerbRate": 0.06153846153846154, "pl2VerbRate": 0.0, "pl3VerbRate": 0.35384615384615387, "superlatRate": 0.0, "comparatRate": 0.027777777777777776, "specDerivSuffixRate": 0.0, "pluralNounRate": 0.09859154929577464, "subjNum": 34, "objNum": 23, "attNum": 20, "subordNum": 17, "adverbNum": 54, "coordNum": 20, "clauseNum": 74, "simpleNum": 15, "complexNum": 24, "complexity1Num": 18, "complexity2Num": 3, "complexity3Num": 2, "compoundNum": 0, "subjRate": 0.08395061728395062, "objRate": 0.056790123456790124, "attRate": 0.04938271604938271, "subordRate": 0.04197530864197531, "adverbRate": 0.13333333333333333, "coordRate": 0.04938271604938271, "partsRate": 2.0405405405405403, "clauseRate": 1.8974358974358974, "simpleRate": 0.38461538461538464, "complexRate": 0.6153846153846154, "complexity1Rate": 0.46153846153846156, "complexity2Rate": 0.07692307692307693, "complexity3Rate": 0.05128205128205128, "complexClauseRate": 2.4583333333333335, "sentencesPerParagraph": 7.8, "wordsLengthRate": 4.8936170212765955, "compoundRate": 0.0, "positiveNum": 0, "negativeNum": 0, "precoPositiveNum": 0, "precoNegativeNum": 0, "negemoNum": 0, "negationNum": 10, "functionNum": 189, "contentNum": 216, "vulgarNum": 0, "racistNum": 0, "specStyleNum": 0, "addressingNum": 0, "closingNum": 0, "postscriptNum": 0, "brutalNum": 0, "positiveRate": 0.0, "negativeRate": 0.0, "precoPositiveRate": 0.0, "precoNegativeRate": 0.0, "negemoRate": 0.0, "negationRate": 0.024691358024691357, "functionRate": 0.4666666666666667, "contentRate": 0.5333333333333333, "vulgarRate": 0.0, "racistRate": 0.0, "specStyleRate": 0.0, "addressingRate": 0.0, "closingRate": 0.0, "postscriptRate": 0.0, "brutalRate": 0.0, "epistemicNum": 0, "investNum": 0, "conditionNum": 0, "weaselNum": 0, "peacockNum": 0, "hedgeNum": 0, "doxasticNum": 0, "epistemicRate": 0.0, "investRate": 0.0, "conditionRate": 0.0, "weaselRate": 0.0, "peacockRate": 0.0, "hedgeRate": 0.0, "doxasticRate": 0.0, "loveNum": 0, "anxietyNum": 0, "sorrowNum": 0, "joyNum": 0, "disgustNum": 0, "fearNum": 0, "surpriseNum": 0, "angerNum": 0, "loveRate": 0.0, "anxietyRate": 0.0, "sorrowRate": 0.0, "joyRate": 0.0, "disgustRate": 0.0, "fearRate": 0.0, "surpriseRate": 0.0, "angerRate": 0.0, "slangBeGeneralNum": 0, "slangBeCigaretteNum": 0, "slangBeHumanNum": 0, "slangBeVehicleNum": 0, "slangBeDrugNum": 0, "slangBvNum": 0, "slangBeGeneralRate": 0.0, "slangBeCigaretteRate": 0.0, "slangBeHumanRate": 0.0, "slangBeVehicleRate": 0.0, "slangBeDrugRate": 0.0, "slangBvRate": 0.0, "speechactNum": 0, "quoteNum": 0, "dashNum": 0, "publicNum": 0, "privateNum": 0, "suasiveNum": 0, "discMarkerNum": 0, "smileyNum": 0, "dateNum": 0, "hesitationNum": 0, "restartNum": 0, "repeatNum": 0, "conjBeforeDiscNum": 0, "conjAfterDiscNum": 0, "wordBeforeHesitationNum": 0, "wordAfterHesitationNum": 0, "otherCollocationNum": 0, "speechactRate": 0.0, "quoteRate": 0.0, "dashRate": 0.0, "publicRate": 0.0, "privateRate": 0.0, "suasiveRate": 0.0, "discMarkerRate": 0.0, "smileyRate": 0.0, "dateRate": 0.0, "hesitationRate": 0.0, "restartRate": 0.0, "repeatRate": 0.0, "conjBeforeDiscRate": 0.0, "conjAfterDiscRate": 0.0, "wordBeforeHesitationRate": 0.0, "wordAfterHesitationRate": 0.0, "otherCollocationRate": 0.0, "easyWordNum": 397, "hardWordNum": 8, "easyWordRate": 0.980246913580247, "hardWordRate": 0.019753086419753086, "fleschReadingEaseScore": 88.29905982905983, "gunningFogIndex": 4.161747388414056, "fleschKincaidGradeLevel": 3.5232098765432127, "colemanLiauIndex": 8.574130864197528, "smogIndex": 5.716464563530888, "automatedReadabilityIndex": 3.2535669515669525, "linsearWriteIndex": 0.3168724279835391, "author": "", "locationNameNum": 0, "locationNameRate": 0.0, "personNameNum": 0, "personNameRate": 0.0, "organizationNameNum": 1, "organizationNameRate": 0.0024691358024691358, "misspelledNum": 14, "misspelledRate": 0.0345679012345679, "missingAccentNum": 6, "missingAccentRate": 0.014814814814814815, "foreignAccentNum": 0, "foreignAccentRate": 0.0, "wordConcatNum": 3, "wordConcatRate": 0.007407407407407408, "jLyMistakeNum": 0, "jLyMistakeRate": 0.0, "freqSuffixNum": 0, "partsNum": 151, "privateVNum": 0, "publicVNum": 0, "clauseWordNum": 74}