{"tokenNum": 430, "sentenceNum": 26, "lemmaNum": 226, "lemmaRate": 0.5255813953488372, "sentenceLength": 16.53846153846154, "allUpperNum": 1, "firstUpperNum": 28, "allUpperRate": 0.002325581395348837, "firstUpperRate": 0.06511627906976744, "declarSentNum": 19, "imperSentNum": 3, "questionNum": 4, "declarSentRate": 0.7307692307692307, "imperSentRate": 0.11538461538461539, "questionRate": 0.15384615384615385, "accent": true, "saturation": 3.2285714285714286, "paragraphNum": 2, "nounNum": 73, "verbNum": 64, "adjNum": 51, "infNum": 9, "partPastNum": 2, "partPresNum": 3, "partFutNum": 0, "transNum": 2, "xNum": 2, "advNum": 44, "properNounNum": 4, "numNum": 2, "conjNum": 40, "punctNum": 78, "pronNum": 21, "relPronNum": 10, "demPronNum": 9, "adposNum": 0, "multiplePunctNum": 2, "phraseNum": 0, "nounRate": 0.1697674418604651, "verbRate": 0.14883720930232558, "adjRate": 0.1186046511627907, "infRate": 0.020930232558139535, "partPastRate": 0.004651162790697674, "partPresRate": 0.0069767441860465115, "partFutRate": 0.0, "transRate": 0.004651162790697674, "xRate": 0.004651162790697674, "advRate": 0.10232558139534884, "properNounRate": 0.009302325581395349, "numRate": 0.004651162790697674, "conjRate": 0.09302325581395349, "punctRate": 0.1813953488372093, "pronRate": 0.04883720930232558, "relPronRate": 0.023255813953488372, "demPronRate": 0.020930232558139535, "adposRate": 0.0, "multiplePunctRate": 0.02564102564102564, "partsDensityRate": 3.3142857142857145, "contentfulness": 8.923076923076923, "phraseRate": 0.0, "pastTenseNum": 1, "presentTenseNum": 55, "condNum": 0, "impNum": 3, "freqNum": 0, "causNum": 0, "modalNum": 5, "sg1VerbNum": 25, "sg2VerbNum": 6, "sg3VerbNum": 42, "pl1VerbNum": 1, "pl2VerbNum": 0, "pl3VerbNum": 7, "superlatNum": 1, "comparatNum": 0, "specDerivSuffixNum": 0, "pluralNounNum": 7, "pastTenseRate": 0.015625, "presentTenseRate": 0.859375, "condRate": 0.0, "impRate": 0.046875, "freqRate": 0.0, "causRate": 0.0, "modalRate": 0.078125, "sg1VerbRate": 0.390625, "sg2VerbRate": 0.09375, "sg3VerbRate": 0.65625, "pl1VerbRate": 0.015625, "pl2VerbRate": 0.0, "pl3VerbRate": 0.109375, "superlatRate": 0.0196078431372549, "comparatRate": 0.0, "specDerivSuffixRate": 0.0, "pluralNounRate": 0.0958904109589041, "subjNum": 25, "objNum": 24, "attNum": 32, "subordNum": 22, "adverbNum": 64, "coordNum": 26, "clauseNum": 70, "simpleNum": 6, "complexNum": 20, "complexity1Num": 6, "complexity2Num": 8, "complexity3Num": 3, "compoundNum": 0, "subjRate": 0.05813953488372093, "objRate": 0.05581395348837209, "attRate": 0.07441860465116279, "subordRate": 0.05116279069767442, "adverbRate": 0.14883720930232558, "coordRate": 0.06046511627906977, "partsRate": 2.442857142857143, "clauseRate": 2.6923076923076925, "simpleRate": 0.23076923076923078, "complexRate": 0.7692307692307693, "complexity1Rate": 0.23076923076923078, "complexity2Rate": 0.3076923076923077, "complexity3Rate": 0.11538461538461539, "complexClauseRate": 3.2, "sentencesPerParagraph": 13.0, "wordsLengthRate": 5.261363636363637, "compoundRate": 0.0, "positiveNum": 0, "negativeNum": 0, "precoPositiveNum": 0, "precoNegativeNum": 0, "negemoNum": 0, "negationNum": 9, "functionNum": 198, "contentNum": 232, "vulgarNum": 0, "racistNum": 0, "specStyleNum": 0, "addressingNum": 0, "closingNum": 0, "postscriptNum": 0, "brutalNum": 0, "positiveRate": 0.0, "negativeRate": 0.0, "precoPositiveRate": 0.0, "precoNegativeRate": 0.0, "negemoRate": 0.0, "negationRate": 0.020930232558139535, "functionRate": 0.4604651162790698, "contentRate": 0.5395348837209303, "vulgarRate": 0.0, "racistRate": 0.0, "specStyleRate": 0.0, "addressingRate": 0.0, "closingRate": 0.0, "postscriptRate": 0.0, "brutalRate": 0.0, "epistemicNum": 0, "investNum": 0, "conditionNum": 0, "weaselNum": 0, "peacockNum": 0, "hedgeNum": 0, "doxasticNum": 0, "epistemicRate": 0.0, "investRate": 0.0, "conditionRate": 0.0, "weaselRate": 0.0, "peacockRate": 0.0, "hedgeRate": 0.0, "doxasticRate": 0.0, "loveNum": 0, "anxietyNum": 0, "sorrowNum": 0, "joyNum": 0, "disgustNum": 0, "fearNum": 0, "surpriseNum": 0, "angerNum": 0, "loveRate": 0.0, "anxietyRate": 0.0, "sorrowRate": 0.0, "joyRate": 0.0, "disgustRate": 0.0, "fearRate": 0.0, "surpriseRate": 0.0, "angerRate": 0.0, "slangBeGeneralNum": 0, "slangBeCigaretteNum": 0, "slangBeHumanNum": 0, "slangBeVehicleNum": 0, "slangBeDrugNum": 0, "slangBvNum": 0, "slangBeGeneralRate": 0.0, "slangBeCigaretteRate": 0.0, "slangBeHumanRate": 0.0, "slangBeVehicleRate": 0.0, "slangBeDrugRate": 0.0, "slangBvRate": 0.0, "speechactNum": 0, "quoteNum": 0, "dashNum": 0, "publicNum": 0, "privateNum": 0, "suasiveNum": 0, "discMarkerNum": 0, "smileyNum": 0, "dateNum": 0, "hesitationNum": 0, "restartNum": 0, "repeatNum": 0, "conjBeforeDiscNum": 0, "conjAfterDiscNum": 0, "wordBeforeHesitationNum": 0, "wordAfterHesitationNum": 0, "otherCollocationNum": 0, "speechactRate": 0.0, "quoteRate": 0.0, "dashRate": 0.0, "publicRate": 0.0, "privateRate": 0.0, "suasiveRate": 0.0, "discMarkerRate": 0.0, "smileyRate": 0.0, "dateRate": 0.0, "hesitationRate": 0.0, "restartRate": 0.0, "repeatRate": 0.0, "conjBeforeDiscRate": 0.0, "conjAfterDiscRate": 0.0, "wordBeforeHesitationRate": 0.0, "wordAfterHesitationRate": 0.0, "otherCollocationRate": 0.0, "easyWordNum": 401, "hardWordNum": 29, "easyWordRate": 0.9325581395348838, "hardWordRate": 0.06744186046511629, "fleschReadingEaseScore": 66.29636851520574, "gunningFogIndex": 6.642361359570663, "fleschKincaidGradeLevel": 8.120930232558141, "colemanLiauIndex": 10.622632558139536, "smogIndex": 8.745826893841286, "automatedReadabilityIndex": 7.968509838998212, "linsearWriteIndex": 1.173524150268336, "author": "", "locationNameNum": 0, "locationNameRate": 0.0, "personNameNum": 0, "personNameRate": 0.0, "organizationNameNum": 1, "organizationNameRate": 0.002325581395348837, "misspelledNum": 5, "misspelledRate": 0.011627906976744186, "missingAccentNum": 1, "missingAccentRate": 0.002325581395348837, "foreignAccentNum": 1, "foreignAccentRate": 0.002325581395348837, "wordConcatNum": 2, "wordConcatRate": 0.004651162790697674, "jLyMistakeNum": 0, "jLyMistakeRate": 0.0, "freqSuffixNum": 0, "partsNum": 171, "privateVNum": 0, "publicVNum": 0, "clauseWordNum": 70}