{"tokenNum": 394, "sentenceNum": 34, "lemmaNum": 187, "lemmaRate": 0.4746192893401015, "sentenceLength": 11.588235294117647, "allUpperNum": 1, "firstUpperNum": 36, "allUpperRate": 0.0025380710659898475, "firstUpperRate": 0.09137055837563451, "declarSentNum": 21, "imperSentNum": 8, "questionNum": 5, "declarSentRate": 0.6176470588235294, "imperSentRate": 0.23529411764705882, "questionRate": 0.14705882352941177, "accent": true, "saturation": 2.6714285714285713, "paragraphNum": 0, "nounNum": 59, "verbNum": 50, "adjNum": 38, "infNum": 3, "partPastNum": 0, "partPresNum": 3, "partFutNum": 0, "transNum": 0, "xNum": 2, "advNum": 24, "properNounNum": 4, "numNum": 1, "conjNum": 36, "punctNum": 95, "pronNum": 34, "relPronNum": 8, "demPronNum": 15, "adposNum": 1, "multiplePunctNum": 6, "phraseNum": 0, "nounRate": 0.14974619289340102, "verbRate": 0.12690355329949238, "adjRate": 0.09644670050761421, "infRate": 0.007614213197969543, "partPastRate": 0.0, "partPresRate": 0.007614213197969543, "partFutRate": 0.0, "transRate": 0.0, "xRate": 0.005076142131979695, "advRate": 0.06091370558375635, "properNounRate": 0.01015228426395939, "numRate": 0.0025380710659898475, "conjRate": 0.09137055837563451, "punctRate": 0.24111675126903553, "pronRate": 0.08629441624365482, "relPronRate": 0.02030456852791878, "demPronRate": 0.03807106598984772, "adposRate": 0.0025380710659898475, "multiplePunctRate": 0.06315789473684211, "partsDensityRate": 2.442857142857143, "contentfulness": 5.029411764705882, "phraseRate": 0.0, "pastTenseNum": 4, "presentTenseNum": 43, "condNum": 1, "impNum": 4, "freqNum": 0, "causNum": 1, "modalNum": 0, "sg1VerbNum": 35, "sg2VerbNum": 0, "sg3VerbNum": 27, "pl1VerbNum": 2, "pl2VerbNum": 1, "pl3VerbNum": 19, "superlatNum": 1, "comparatNum": 0, "specDerivSuffixNum": 0, "pluralNounNum": 15, "pastTenseRate": 0.08, "presentTenseRate": 0.86, "condRate": 0.02, "impRate": 0.08, "freqRate": 0.0, "causRate": 0.02, "modalRate": 0.0, "sg1VerbRate": 0.7, "sg2VerbRate": 0.0, "sg3VerbRate": 0.54, "pl1VerbRate": 0.04, "pl2VerbRate": 0.02, "pl3VerbRate": 0.38, "superlatRate": 0.02631578947368421, "comparatRate": 0.0, "specDerivSuffixRate": 0.0, "pluralNounRate": 0.2542372881355932, "subjNum": 20, "objNum": 21, "attNum": 16, "subordNum": 25, "adverbNum": 44, "coordNum": 17, "clauseNum": 70, "simpleNum": 17, "complexNum": 17, "complexity1Num": 6, "complexity2Num": 7, "complexity3Num": 1, "compoundNum": 0, "subjRate": 0.050761421319796954, "objRate": 0.0532994923857868, "attRate": 0.04060913705583756, "subordRate": 0.06345177664974619, "adverbRate": 0.1116751269035533, "coordRate": 0.04314720812182741, "partsRate": 1.6857142857142857, "clauseRate": 2.0588235294117645, "simpleRate": 0.5, "complexRate": 0.5, "complexity1Rate": 0.17647058823529413, "complexity2Rate": 0.20588235294117646, "complexity3Rate": 0.029411764705882353, "complexClauseRate": 3.1176470588235294, "sentencesPerParagraph": 0.0, "wordsLengthRate": 5.491638795986622, "compoundRate": 0.0, "positiveNum": 0, "negativeNum": 0, "precoPositiveNum": 0, "precoNegativeNum": 0, "negemoNum": 0, "negationNum": 1, "functionNum": 223, "contentNum": 171, "vulgarNum": 0, "racistNum": 0, "specStyleNum": 0, "addressingNum": 0, "closingNum": 0, "postscriptNum": 0, "brutalNum": 0, "positiveRate": 0.0, "negativeRate": 0.0, "precoPositiveRate": 0.0, "precoNegativeRate": 0.0, "negemoRate": 0.0, "negationRate": 0.0025380710659898475, "functionRate": 0.565989847715736, "contentRate": 0.434010152284264, "vulgarRate": 0.0, "racistRate": 0.0, "specStyleRate": 0.0, "addressingRate": 0.0, "closingRate": 0.0, "postscriptRate": 0.0, "brutalRate": 0.0, "epistemicNum": 0, "investNum": 0, "conditionNum": 0, "weaselNum": 0, "peacockNum": 0, "hedgeNum": 0, "doxasticNum": 0, "epistemicRate": 0.0, "investRate": 0.0, "conditionRate": 0.0, "weaselRate": 0.0, "peacockRate": 0.0, "hedgeRate": 0.0, "doxasticRate": 0.0, "loveNum": 0, "anxietyNum": 0, "sorrowNum": 0, "joyNum": 0, "disgustNum": 0, "fearNum": 0, "surpriseNum": 0, "angerNum": 0, "loveRate": 0.0, "anxietyRate": 0.0, "sorrowRate": 0.0, "joyRate": 0.0, "disgustRate": 0.0, "fearRate": 0.0, "surpriseRate": 0.0, "angerRate": 0.0, "slangBeGeneralNum": 0, "slangBeCigaretteNum": 0, "slangBeHumanNum": 0, "slangBeVehicleNum": 0, "slangBeDrugNum": 0, "slangBvNum": 0, "slangBeGeneralRate": 0.0, "slangBeCigaretteRate": 0.0, "slangBeHumanRate": 0.0, "slangBeVehicleRate": 0.0, "slangBeDrugRate": 0.0, "slangBvRate": 0.0, "speechactNum": 0, "quoteNum": 1, "dashNum": 1, "publicNum": 0, "privateNum": 0, "suasiveNum": 0, "discMarkerNum": 0, "smileyNum": 0, "dateNum": 0, "hesitationNum": 0, "restartNum": 1, "repeatNum": 0, "conjBeforeDiscNum": 0, "conjAfterDiscNum": 0, "wordBeforeHesitationNum": 0, "wordAfterHesitationNum": 0, "otherCollocationNum": 0, "speechactRate": 0.0, "quoteRate": 0.0025380710659898475, "dashRate": 0.0025380710659898475, "publicRate": 0.0, "privateRate": 0.0, "suasiveRate": 0.0, "discMarkerRate": 0.0, "smileyRate": 0.0, "dateRate": 0.0, "hesitationRate": 0.0, "restartRate": 0.0025380710659898475, "repeatRate": 0.0, "conjBeforeDiscRate": 0.0, "conjAfterDiscRate": 0.0, "wordBeforeHesitationRate": 0.0, "wordAfterHesitationRate": 0.0, "otherCollocationRate": 0.0, "easyWordNum": 372, "hardWordNum": 22, "easyWordRate": 0.9441624365482234, "hardWordRate": 0.05583756345177665, "fleschReadingEaseScore": 79.12370259779043, "gunningFogIndex": 4.657629143027769, "fleschKincaidGradeLevel": 5.102000597193193, "colemanLiauIndex": 10.345959390862944, "smogIndex": 7.724431198458867, "automatedReadabilityIndex": 5.272214093759331, "linsearWriteIndex": 0.6348163630934607, "author": "", "locationNameNum": 0, "locationNameRate": 0.0, "personNameNum": 2, "personNameRate": 0.005076142131979695, "organizationNameNum": 0, "organizationNameRate": 0.0, "misspelledNum": 18, "misspelledRate": 0.04568527918781726, "missingAccentNum": 1, "missingAccentRate": 0.0025380710659898475, "foreignAccentNum": 0, "foreignAccentRate": 0.0, "wordConcatNum": 2, "wordConcatRate": 0.005076142131979695, "jLyMistakeNum": 0, "jLyMistakeRate": 0.0, "freqSuffixNum": 0, "partsNum": 118, "privateVNum": 0, "publicVNum": 0, "clauseWordNum": 70}