{"tokenNum": 327, "sentenceNum": 29, "lemmaNum": 165, "lemmaRate": 0.5045871559633027, "sentenceLength": 11.275862068965518, "allUpperNum": 1, "firstUpperNum": 31, "allUpperRate": 0.0030581039755351682, "firstUpperRate": 0.09480122324159021, "declarSentNum": 10, "imperSentNum": 15, "questionNum": 4, "declarSentRate": 0.3448275862068966, "imperSentRate": 0.5172413793103449, "questionRate": 0.13793103448275862, "accent": true, "saturation": 2.7049180327868854, "paragraphNum": 0, "nounNum": 61, "verbNum": 49, "adjNum": 26, "infNum": 6, "partPastNum": 0, "partPresNum": 1, "partFutNum": 0, "transNum": 0, "xNum": 0, "advNum": 35, "properNounNum": 2, "numNum": 0, "conjNum": 27, "punctNum": 67, "pronNum": 19, "relPronNum": 2, "demPronNum": 20, "adposNum": 1, "multiplePunctNum": 0, "phraseNum": 0, "nounRate": 0.18654434250764526, "verbRate": 0.14984709480122324, "adjRate": 0.07951070336391437, "infRate": 0.01834862385321101, "partPastRate": 0.0, "partPresRate": 0.0030581039755351682, "partFutRate": 0.0, "transRate": 0.0, "xRate": 0.0, "advRate": 0.10703363914373089, "properNounRate": 0.0061162079510703364, "numRate": 0.0, "conjRate": 0.08256880733944955, "punctRate": 0.20489296636085627, "pronRate": 0.0581039755351682, "relPronRate": 0.0061162079510703364, "demPronRate": 0.06116207951070336, "adposRate": 0.0030581039755351682, "multiplePunctRate": 0.0, "partsDensityRate": 2.80327868852459, "contentfulness": 5.896551724137931, "phraseRate": 0.0, "pastTenseNum": 4, "presentTenseNum": 39, "condNum": 2, "impNum": 5, "freqNum": 0, "causNum": 0, "modalNum": 1, "sg1VerbNum": 13, "sg2VerbNum": 4, "sg3VerbNum": 37, "pl1VerbNum": 1, "pl2VerbNum": 0, "pl3VerbNum": 14, "superlatNum": 0, "comparatNum": 0, "specDerivSuffixNum": 0, "pluralNounNum": 12, "pastTenseRate": 0.08163265306122448, "presentTenseRate": 0.7959183673469388, "condRate": 0.04081632653061224, "impRate": 0.10204081632653061, "freqRate": 0.0, "causRate": 0.0, "modalRate": 0.02040816326530612, "sg1VerbRate": 0.2653061224489796, "sg2VerbRate": 0.08163265306122448, "sg3VerbRate": 0.7551020408163265, "pl1VerbRate": 0.02040816326530612, "pl2VerbRate": 0.0, "pl3VerbRate": 0.2857142857142857, "superlatRate": 0.0, "comparatRate": 0.0, "specDerivSuffixRate": 0.0, "pluralNounRate": 0.19672131147540983, "subjNum": 29, "objNum": 12, "attNum": 15, "subordNum": 21, "adverbNum": 42, "coordNum": 10, "clauseNum": 61, "simpleNum": 10, "complexNum": 19, "complexity1Num": 9, "complexity2Num": 7, "complexity3Num": 3, "compoundNum": 0, "subjRate": 0.08868501529051988, "objRate": 0.03669724770642202, "attRate": 0.045871559633027525, "subordRate": 0.06422018348623854, "adverbRate": 0.12844036697247707, "coordRate": 0.03058103975535168, "partsRate": 1.7704918032786885, "clauseRate": 2.103448275862069, "simpleRate": 0.3448275862068966, "complexRate": 0.6551724137931034, "complexity1Rate": 0.3103448275862069, "complexity2Rate": 0.2413793103448276, "complexity3Rate": 0.10344827586206896, "complexClauseRate": 2.6842105263157894, "sentencesPerParagraph": 0.0, "wordsLengthRate": 5.311538461538461, "compoundRate": 0.0, "positiveNum": 0, "negativeNum": 0, "precoPositiveNum": 0, "precoNegativeNum": 0, "negemoNum": 0, "negationNum": 9, "functionNum": 156, "contentNum": 171, "vulgarNum": 0, "racistNum": 0, "specStyleNum": 0, "addressingNum": 0, "closingNum": 0, "postscriptNum": 0, "brutalNum": 0, "positiveRate": 0.0, "negativeRate": 0.0, "precoPositiveRate": 0.0, "precoNegativeRate": 0.0, "negemoRate": 0.0, "negationRate": 0.027522935779816515, "functionRate": 0.47706422018348627, "contentRate": 0.5229357798165137, "vulgarRate": 0.0, "racistRate": 0.0, "specStyleRate": 0.0, "addressingRate": 0.0, "closingRate": 0.0, "postscriptRate": 0.0, "brutalRate": 0.0, "epistemicNum": 0, "investNum": 0, "conditionNum": 0, "weaselNum": 0, "peacockNum": 0, "hedgeNum": 0, "doxasticNum": 0, "epistemicRate": 0.0, "investRate": 0.0, "conditionRate": 0.0, "weaselRate": 0.0, "peacockRate": 0.0, "hedgeRate": 0.0, "doxasticRate": 0.0, "loveNum": 0, "anxietyNum": 0, "sorrowNum": 0, "joyNum": 0, "disgustNum": 0, "fearNum": 0, "surpriseNum": 0, "angerNum": 0, "loveRate": 0.0, "anxietyRate": 0.0, "sorrowRate": 0.0, "joyRate": 0.0, "disgustRate": 0.0, "fearRate": 0.0, "surpriseRate": 0.0, "angerRate": 0.0, "slangBeGeneralNum": 0, "slangBeCigaretteNum": 0, "slangBeHumanNum": 0, "slangBeVehicleNum": 0, "slangBeDrugNum": 0, "slangBvNum": 0, "slangBeGeneralRate": 0.0, "slangBeCigaretteRate": 0.0, "slangBeHumanRate": 0.0, "slangBeVehicleRate": 0.0, "slangBeDrugRate": 0.0, "slangBvRate": 0.0, "speechactNum": 0, "quoteNum": 0, "dashNum": 0, "publicNum": 0, "privateNum": 0, "suasiveNum": 0, "discMarkerNum": 0, "smileyNum": 0, "dateNum": 0, "hesitationNum": 0, "restartNum": 0, "repeatNum": 0, "conjBeforeDiscNum": 0, "conjAfterDiscNum": 0, "wordBeforeHesitationNum": 0, "wordAfterHesitationNum": 0, "otherCollocationNum": 0, "speechactRate": 0.0, "quoteRate": 0.0, "dashRate": 0.0, "publicRate": 0.0, "privateRate": 0.0, "suasiveRate": 0.0, "discMarkerRate": 0.0, "smileyRate": 0.0, "dateRate": 0.0, "hesitationRate": 0.0, "restartRate": 0.0, "repeatRate": 0.0, "conjBeforeDiscRate": 0.0, "conjAfterDiscRate": 0.0, "wordBeforeHesitationRate": 0.0, "wordAfterHesitationRate": 0.0, "otherCollocationRate": 0.0, "easyWordNum": 312, "hardWordNum": 15, "easyWordRate": 0.9541284403669725, "hardWordRate": 0.045871559633027525, "fleschReadingEaseScore": 80.52027522935781, "gunningFogIndex": 4.528693451439419, "fleschKincaidGradeLevel": 4.829604555520408, "colemanLiauIndex": 10.281446483180432, "smogIndex": 7.168621630094336, "automatedReadabilityIndex": 5.064444795950649, "linsearWriteIndex": 0.8823157228725085, "author": "", "locationNameNum": 0, "locationNameRate": 0.0, "personNameNum": 1, "personNameRate": 0.0030581039755351682, "organizationNameNum": 0, "organizationNameRate": 0.0, "misspelledNum": 6, "misspelledRate": 0.01834862385321101, "missingAccentNum": 1, "missingAccentRate": 0.0030581039755351682, "foreignAccentNum": 0, "foreignAccentRate": 0.0, "wordConcatNum": 2, "wordConcatRate": 0.0061162079510703364, "jLyMistakeNum": 0, "jLyMistakeRate": 0.0, "freqSuffixNum": 0, "partsNum": 108, "privateVNum": 0, "publicVNum": 0, "clauseWordNum": 61}