{"tokenNum": 338, "sentenceNum": 29, "lemmaNum": 161, "lemmaRate": 0.47633136094674555, "sentenceLength": 11.655172413793103, "allUpperNum": 0, "firstUpperNum": 29, "allUpperRate": 0.0, "firstUpperRate": 0.08579881656804733, "declarSentNum": 4, "imperSentNum": 18, "questionNum": 7, "declarSentRate": 0.13793103448275862, "imperSentRate": 0.6206896551724138, "questionRate": 0.2413793103448276, "accent": true, "saturation": 2.875, "paragraphNum": 0, "nounNum": 64, "verbNum": 42, "adjNum": 34, "infNum": 4, "partPastNum": 1, "partPresNum": 0, "partFutNum": 0, "transNum": 0, "xNum": 3, "advNum": 40, "properNounNum": 1, "numNum": 2, "conjNum": 19, "punctNum": 67, "pronNum": 25, "relPronNum": 1, "demPronNum": 17, "adposNum": 1, "multiplePunctNum": 1, "phraseNum": 0, "nounRate": 0.1893491124260355, "verbRate": 0.1242603550295858, "adjRate": 0.10059171597633136, "infRate": 0.011834319526627219, "partPastRate": 0.0029585798816568047, "partPresRate": 0.0, "partFutRate": 0.0, "transRate": 0.0, "xRate": 0.008875739644970414, "advRate": 0.11834319526627218, "properNounRate": 0.0029585798816568047, "numRate": 0.005917159763313609, "conjRate": 0.05621301775147929, "punctRate": 0.19822485207100593, "pronRate": 0.07396449704142012, "relPronRate": 0.0029585798816568047, "demPronRate": 0.05029585798816568, "adposRate": 0.0029585798816568047, "multiplePunctRate": 0.014925373134328358, "partsDensityRate": 3.2142857142857144, "contentfulness": 6.206896551724138, "phraseRate": 0.0, "pastTenseNum": 1, "presentTenseNum": 37, "condNum": 3, "impNum": 8, "freqNum": 0, "causNum": 1, "modalNum": 1, "sg1VerbNum": 10, "sg2VerbNum": 7, "sg3VerbNum": 38, "pl1VerbNum": 5, "pl2VerbNum": 0, "pl3VerbNum": 5, "superlatNum": 1, "comparatNum": 0, "specDerivSuffixNum": 0, "pluralNounNum": 6, "pastTenseRate": 0.023809523809523808, "presentTenseRate": 0.8809523809523809, "condRate": 0.07142857142857142, "impRate": 0.19047619047619047, "freqRate": 0.0, "causRate": 0.023809523809523808, "modalRate": 0.023809523809523808, "sg1VerbRate": 0.23809523809523808, "sg2VerbRate": 0.16666666666666666, "sg3VerbRate": 0.9047619047619048, "pl1VerbRate": 0.11904761904761904, "pl2VerbRate": 0.0, "pl3VerbRate": 0.11904761904761904, "superlatRate": 0.029411764705882353, "comparatRate": 0.0, "specDerivSuffixRate": 0.0, "pluralNounRate": 0.09375, "subjNum": 30, "objNum": 13, "attNum": 20, "subordNum": 16, "adverbNum": 48, "coordNum": 11, "clauseNum": 56, "simpleNum": 14, "complexNum": 15, "complexity1Num": 6, "complexity2Num": 6, "complexity3Num": 3, "compoundNum": 0, "subjRate": 0.08875739644970414, "objRate": 0.038461538461538464, "attRate": 0.05917159763313609, "subordRate": 0.047337278106508875, "adverbRate": 0.14201183431952663, "coordRate": 0.03254437869822485, "partsRate": 2.1785714285714284, "clauseRate": 1.9310344827586208, "simpleRate": 0.4827586206896552, "complexRate": 0.5172413793103449, "complexity1Rate": 0.20689655172413793, "complexity2Rate": 0.20689655172413793, "complexity3Rate": 0.10344827586206896, "complexClauseRate": 2.8, "sentencesPerParagraph": 0.0, "wordsLengthRate": 4.96309963099631, "compoundRate": 0.0, "positiveNum": 0, "negativeNum": 0, "precoPositiveNum": 0, "precoNegativeNum": 0, "negemoNum": 0, "negationNum": 5, "functionNum": 158, "contentNum": 180, "vulgarNum": 0, "racistNum": 0, "specStyleNum": 0, "addressingNum": 0, "closingNum": 0, "postscriptNum": 0, "brutalNum": 0, "positiveRate": 0.0, "negativeRate": 0.0, "precoPositiveRate": 0.0, "precoNegativeRate": 0.0, "negemoRate": 0.0, "negationRate": 0.014792899408284023, "functionRate": 0.46745562130177515, "contentRate": 0.5325443786982249, "vulgarRate": 0.0, "racistRate": 0.0, "specStyleRate": 0.0, "addressingRate": 0.0, "closingRate": 0.0, "postscriptRate": 0.0, "brutalRate": 0.0, "epistemicNum": 0, "investNum": 0, "conditionNum": 0, "weaselNum": 0, "peacockNum": 0, "hedgeNum": 0, "doxasticNum": 0, "epistemicRate": 0.0, "investRate": 0.0, "conditionRate": 0.0, "weaselRate": 0.0, "peacockRate": 0.0, "hedgeRate": 0.0, "doxasticRate": 0.0, "loveNum": 0, "anxietyNum": 0, "sorrowNum": 0, "joyNum": 0, "disgustNum": 0, "fearNum": 0, "surpriseNum": 0, "angerNum": 0, "loveRate": 0.0, "anxietyRate": 0.0, "sorrowRate": 0.0, "joyRate": 0.0, "disgustRate": 0.0, "fearRate": 0.0, "surpriseRate": 0.0, "angerRate": 0.0, "slangBeGeneralNum": 0, "slangBeCigaretteNum": 0, "slangBeHumanNum": 0, "slangBeVehicleNum": 0, "slangBeDrugNum": 0, "slangBvNum": 0, "slangBeGeneralRate": 0.0, "slangBeCigaretteRate": 0.0, "slangBeHumanRate": 0.0, "slangBeVehicleRate": 0.0, "slangBeDrugRate": 0.0, "slangBvRate": 0.0, "speechactNum": 0, "quoteNum": 1, "dashNum": 0, "publicNum": 0, "privateNum": 0, "suasiveNum": 0, "discMarkerNum": 0, "smileyNum": 0, "dateNum": 0, "hesitationNum": 0, "restartNum": 0, "repeatNum": 0, "conjBeforeDiscNum": 0, "conjAfterDiscNum": 0, "wordBeforeHesitationNum": 0, "wordAfterHesitationNum": 0, "otherCollocationNum": 0, "speechactRate": 0.0, "quoteRate": 0.0029585798816568047, "dashRate": 0.0, "publicRate": 0.0, "privateRate": 0.0, "suasiveRate": 0.0, "discMarkerRate": 0.0, "smileyRate": 0.0, "dateRate": 0.0, "hesitationRate": 0.0, "restartRate": 0.0, "repeatRate": 0.0, "conjBeforeDiscRate": 0.0, "conjAfterDiscRate": 0.0, "wordBeforeHesitationRate": 0.0, "wordAfterHesitationRate": 0.0, "otherCollocationRate": 0.0, "easyWordNum": 330, "hardWordNum": 8, "easyWordRate": 0.9763313609467456, "hardWordRate": 0.023668639053254437, "fleschReadingEaseScore": 82.87245562130177, "gunningFogIndex": 4.671536421138543, "fleschKincaidGradeLevel": 4.595753927769845, "colemanLiauIndex": 8.805304733727805, "smogIndex": 6.079149491110277, "automatedReadabilityIndex": 4.073680881452763, "linsearWriteIndex": 0.800652927973883, "author": "", "locationNameNum": 0, "locationNameRate": 0.0, "personNameNum": 0, "personNameRate": 0.0, "organizationNameNum": 0, "organizationNameRate": 0.0, "misspelledNum": 22, "misspelledRate": 0.0650887573964497, "missingAccentNum": 3, "missingAccentRate": 0.008875739644970414, "foreignAccentNum": 1, "foreignAccentRate": 0.0029585798816568047, "wordConcatNum": 2, "wordConcatRate": 0.005917159763313609, "jLyMistakeNum": 0, "jLyMistakeRate": 0.0, "freqSuffixNum": 0, "partsNum": 122, "privateVNum": 0, "publicVNum": 0, "clauseWordNum": 56}