{"tokenNum": 382, "sentenceNum": 28, "lemmaNum": 170, "lemmaRate": 0.44502617801047123, "sentenceLength": 13.642857142857142, "allUpperNum": 0, "firstUpperNum": 30, "allUpperRate": 0.0, "firstUpperRate": 0.07853403141361257, "declarSentNum": 25, "imperSentNum": 1, "questionNum": 2, "declarSentRate": 0.8928571428571429, "imperSentRate": 0.03571428571428571, "questionRate": 0.07142857142857142, "accent": true, "saturation": 2.537313432835821, "paragraphNum": 3, "nounNum": 68, "verbNum": 62, "adjNum": 20, "infNum": 5, "partPastNum": 0, "partPresNum": 0, "partFutNum": 0, "transNum": 2, "xNum": 5, "advNum": 44, "properNounNum": 0, "numNum": 1, "conjNum": 38, "punctNum": 69, "pronNum": 25, "relPronNum": 4, "demPronNum": 25, "adposNum": 1, "multiplePunctNum": 0, "phraseNum": 0, "nounRate": 0.17801047120418848, "verbRate": 0.16230366492146597, "adjRate": 0.05235602094240838, "infRate": 0.013089005235602094, "partPastRate": 0.0, "partPresRate": 0.0, "partFutRate": 0.0, "transRate": 0.005235602094240838, "xRate": 0.013089005235602094, "advRate": 0.11518324607329843, "properNounRate": 0.0, "numRate": 0.002617801047120419, "conjRate": 0.09947643979057591, "punctRate": 0.1806282722513089, "pronRate": 0.06544502617801047, "relPronRate": 0.010471204188481676, "demPronRate": 0.06544502617801047, "adposRate": 0.002617801047120419, "multiplePunctRate": 0.0, "partsDensityRate": 2.8955223880597014, "contentfulness": 6.928571428571429, "phraseRate": 0.0, "pastTenseNum": 7, "presentTenseNum": 50, "condNum": 3, "impNum": 12, "freqNum": 0, "causNum": 0, "modalNum": 5, "sg1VerbNum": 8, "sg2VerbNum": 4, "sg3VerbNum": 43, "pl1VerbNum": 13, "pl2VerbNum": 0, "pl3VerbNum": 18, "superlatNum": 1, "comparatNum": 0, "specDerivSuffixNum": 0, "pluralNounNum": 17, "pastTenseRate": 0.11290322580645161, "presentTenseRate": 0.8064516129032258, "condRate": 0.04838709677419355, "impRate": 0.1935483870967742, "freqRate": 0.0, "causRate": 0.0, "modalRate": 0.08064516129032258, "sg1VerbRate": 0.12903225806451613, "sg2VerbRate": 0.06451612903225806, "sg3VerbRate": 0.6935483870967742, "pl1VerbRate": 0.20967741935483872, "pl2VerbRate": 0.0, "pl3VerbRate": 0.2903225806451613, "superlatRate": 0.05, "comparatRate": 0.0, "specDerivSuffixRate": 0.0, "pluralNounRate": 0.25, "subjNum": 32, "objNum": 10, "attNum": 9, "subordNum": 24, "adverbNum": 55, "coordNum": 16, "clauseNum": 67, "simpleNum": 9, "complexNum": 19, "complexity1Num": 7, "complexity2Num": 6, "complexity3Num": 4, "compoundNum": 0, "subjRate": 0.08376963350785341, "objRate": 0.02617801047120419, "attRate": 0.02356020942408377, "subordRate": 0.06282722513089005, "adverbRate": 0.14397905759162305, "coordRate": 0.041884816753926704, "partsRate": 1.8208955223880596, "clauseRate": 2.392857142857143, "simpleRate": 0.32142857142857145, "complexRate": 0.6785714285714286, "complexity1Rate": 0.25, "complexity2Rate": 0.21428571428571427, "complexity3Rate": 0.14285714285714285, "complexClauseRate": 3.0526315789473686, "sentencesPerParagraph": 9.333333333333334, "wordsLengthRate": 5.354632587859425, "compoundRate": 0.0, "positiveNum": 0, "negativeNum": 0, "precoPositiveNum": 0, "precoNegativeNum": 0, "negemoNum": 0, "negationNum": 10, "functionNum": 188, "contentNum": 194, "vulgarNum": 0, "racistNum": 0, "specStyleNum": 0, "addressingNum": 0, "closingNum": 0, "postscriptNum": 0, "brutalNum": 0, "positiveRate": 0.0, "negativeRate": 0.0, "precoPositiveRate": 0.0, "precoNegativeRate": 0.0, "negemoRate": 0.0, "negationRate": 0.02617801047120419, "functionRate": 0.49214659685863876, "contentRate": 0.5078534031413613, "vulgarRate": 0.0, "racistRate": 0.0, "specStyleRate": 0.0, "addressingRate": 0.0, "closingRate": 0.0, "postscriptRate": 0.0, "brutalRate": 0.0, "epistemicNum": 0, "investNum": 0, "conditionNum": 0, "weaselNum": 0, "peacockNum": 0, "hedgeNum": 0, "doxasticNum": 0, "epistemicRate": 0.0, "investRate": 0.0, "conditionRate": 0.0, "weaselRate": 0.0, "peacockRate": 0.0, "hedgeRate": 0.0, "doxasticRate": 0.0, "loveNum": 0, "anxietyNum": 0, "sorrowNum": 0, "joyNum": 0, "disgustNum": 0, "fearNum": 0, "surpriseNum": 0, "angerNum": 0, "loveRate": 0.0, "anxietyRate": 0.0, "sorrowRate": 0.0, "joyRate": 0.0, "disgustRate": 0.0, "fearRate": 0.0, "surpriseRate": 0.0, "angerRate": 0.0, "slangBeGeneralNum": 0, "slangBeCigaretteNum": 0, "slangBeHumanNum": 0, "slangBeVehicleNum": 0, "slangBeDrugNum": 0, "slangBvNum": 0, "slangBeGeneralRate": 0.0, "slangBeCigaretteRate": 0.0, "slangBeHumanRate": 0.0, "slangBeVehicleRate": 0.0, "slangBeDrugRate": 0.0, "slangBvRate": 0.0, "speechactNum": 0, "quoteNum": 0, "dashNum": 0, "publicNum": 0, "privateNum": 0, "suasiveNum": 0, "discMarkerNum": 0, "smileyNum": 0, "dateNum": 0, "hesitationNum": 0, "restartNum": 0, "repeatNum": 0, "conjBeforeDiscNum": 0, "conjAfterDiscNum": 0, "wordBeforeHesitationNum": 0, "wordAfterHesitationNum": 0, "otherCollocationNum": 0, "speechactRate": 0.0, "quoteRate": 0.0, "dashRate": 0.0, "publicRate": 0.0, "privateRate": 0.0, "suasiveRate": 0.0, "discMarkerRate": 0.0, "smileyRate": 0.0, "dateRate": 0.0, "hesitationRate": 0.0, "restartRate": 0.0, "repeatRate": 0.0, "conjBeforeDiscRate": 0.0, "conjAfterDiscRate": 0.0, "wordBeforeHesitationRate": 0.0, "wordAfterHesitationRate": 0.0, "otherCollocationRate": 0.0, "easyWordNum": 365, "hardWordNum": 17, "easyWordRate": 0.9554973821989529, "hardWordRate": 0.04450261780104712, "fleschReadingEaseScore": 79.15399214659688, "gunningFogIndex": 5.474943904263276, "fleschKincaidGradeLevel": 5.60820119670905, "colemanLiauIndex": 11.013157068062824, "smogIndex": 7.42949916751922, "automatedReadabilityIndex": 6.833025430067316, "linsearWriteIndex": 0.9306282722513088, "author": "", "locationNameNum": 0, "locationNameRate": 0.0, "personNameNum": 0, "personNameRate": 0.0, "organizationNameNum": 0, "organizationNameRate": 0.0, "misspelledNum": 6, "misspelledRate": 0.015706806282722512, "missingAccentNum": 2, "missingAccentRate": 0.005235602094240838, "foreignAccentNum": 0, "foreignAccentRate": 0.0, "wordConcatNum": 1, "wordConcatRate": 0.002617801047120419, "jLyMistakeNum": 0, "jLyMistakeRate": 0.0, "freqSuffixNum": 0, "partsNum": 122, "privateVNum": 0, "publicVNum": 0, "clauseWordNum": 67}