{"tokenNum": 324, "sentenceNum": 15, "lemmaNum": 166, "lemmaRate": 0.5123456790123457, "sentenceLength": 21.6, "allUpperNum": 1, "firstUpperNum": 17, "allUpperRate": 0.0030864197530864196, "firstUpperRate": 0.05246913580246913, "declarSentNum": 14, "imperSentNum": 1, "questionNum": 0, "declarSentRate": 0.9333333333333333, "imperSentRate": 0.06666666666666667, "questionRate": 0.0, "accent": true, "saturation": 3.1320754716981134, "paragraphNum": 7, "nounNum": 42, "verbNum": 47, "adjNum": 34, "infNum": 3, "partPastNum": 1, "partPresNum": 2, "partFutNum": 0, "transNum": 1, "xNum": 7, "advNum": 30, "properNounNum": 4, "numNum": 2, "conjNum": 37, "punctNum": 65, "pronNum": 30, "relPronNum": 4, "demPronNum": 17, "adposNum": 3, "multiplePunctNum": 0, "phraseNum": 0, "nounRate": 0.12962962962962962, "verbRate": 0.14506172839506173, "adjRate": 0.10493827160493827, "infRate": 0.009259259259259259, "partPastRate": 0.0030864197530864196, "partPresRate": 0.006172839506172839, "partFutRate": 0.0, "transRate": 0.0030864197530864196, "xRate": 0.021604938271604937, "advRate": 0.09259259259259259, "properNounRate": 0.012345679012345678, "numRate": 0.006172839506172839, "conjRate": 0.11419753086419752, "punctRate": 0.2006172839506173, "pronRate": 0.09259259259259259, "relPronRate": 0.012345679012345678, "demPronRate": 0.05246913580246913, "adposRate": 0.009259259259259259, "multiplePunctRate": 0.0, "partsDensityRate": 2.8867924528301887, "contentfulness": 10.2, "phraseRate": 0.0, "pastTenseNum": 5, "presentTenseNum": 39, "condNum": 2, "impNum": 6, "freqNum": 0, "causNum": 0, "modalNum": 1, "sg1VerbNum": 26, "sg2VerbNum": 4, "sg3VerbNum": 33, "pl1VerbNum": 5, "pl2VerbNum": 1, "pl3VerbNum": 7, "superlatNum": 1, "comparatNum": 1, "specDerivSuffixNum": 0, "pluralNounNum": 8, "pastTenseRate": 0.10638297872340426, "presentTenseRate": 0.8297872340425532, "condRate": 0.0425531914893617, "impRate": 0.1276595744680851, "freqRate": 0.0, "causRate": 0.0, "modalRate": 0.02127659574468085, "sg1VerbRate": 0.5531914893617021, "sg2VerbRate": 0.0851063829787234, "sg3VerbRate": 0.7021276595744681, "pl1VerbRate": 0.10638297872340426, "pl2VerbRate": 0.02127659574468085, "pl3VerbRate": 0.14893617021276595, "superlatRate": 0.029411764705882353, "comparatRate": 0.029411764705882353, "specDerivSuffixRate": 0.0, "pluralNounRate": 0.19047619047619047, "subjNum": 14, "objNum": 12, "attNum": 13, "subordNum": 22, "adverbNum": 45, "coordNum": 23, "clauseNum": 53, "simpleNum": 3, "complexNum": 12, "complexity1Num": 2, "complexity2Num": 3, "complexity3Num": 2, "compoundNum": 0, "subjRate": 0.043209876543209874, "objRate": 0.037037037037037035, "attRate": 0.040123456790123455, "subordRate": 0.06790123456790123, "adverbRate": 0.1388888888888889, "coordRate": 0.07098765432098765, "partsRate": 2.018867924528302, "clauseRate": 3.533333333333333, "simpleRate": 0.2, "complexRate": 0.8, "complexity1Rate": 0.13333333333333333, "complexity2Rate": 0.2, "complexity3Rate": 0.13333333333333333, "complexClauseRate": 4.166666666666667, "sentencesPerParagraph": 2.142857142857143, "wordsLengthRate": 5.629343629343629, "compoundRate": 0.0, "positiveNum": 0, "negativeNum": 0, "precoPositiveNum": 0, "precoNegativeNum": 0, "negemoNum": 0, "negationNum": 7, "functionNum": 171, "contentNum": 153, "vulgarNum": 0, "racistNum": 0, "specStyleNum": 0, "addressingNum": 0, "closingNum": 0, "postscriptNum": 0, "brutalNum": 0, "positiveRate": 0.0, "negativeRate": 0.0, "precoPositiveRate": 0.0, "precoNegativeRate": 0.0, "negemoRate": 0.0, "negationRate": 0.021604938271604937, "functionRate": 0.5277777777777778, "contentRate": 0.4722222222222222, "vulgarRate": 0.0, "racistRate": 0.0, "specStyleRate": 0.0, "addressingRate": 0.0, "closingRate": 0.0, "postscriptRate": 0.0, "brutalRate": 0.0, "epistemicNum": 0, "investNum": 0, "conditionNum": 0, "weaselNum": 0, "peacockNum": 0, "hedgeNum": 0, "doxasticNum": 0, "epistemicRate": 0.0, "investRate": 0.0, "conditionRate": 0.0, "weaselRate": 0.0, "peacockRate": 0.0, "hedgeRate": 0.0, "doxasticRate": 0.0, "loveNum": 0, "anxietyNum": 0, "sorrowNum": 0, "joyNum": 0, "disgustNum": 0, "fearNum": 0, "surpriseNum": 0, "angerNum": 0, "loveRate": 0.0, "anxietyRate": 0.0, "sorrowRate": 0.0, "joyRate": 0.0, "disgustRate": 0.0, "fearRate": 0.0, "surpriseRate": 0.0, "angerRate": 0.0, "slangBeGeneralNum": 0, "slangBeCigaretteNum": 0, "slangBeHumanNum": 0, "slangBeVehicleNum": 0, "slangBeDrugNum": 0, "slangBvNum": 0, "slangBeGeneralRate": 0.0, "slangBeCigaretteRate": 0.0, "slangBeHumanRate": 0.0, "slangBeVehicleRate": 0.0, "slangBeDrugRate": 0.0, "slangBvRate": 0.0, "speechactNum": 0, "quoteNum": 0, "dashNum": 0, "publicNum": 0, "privateNum": 0, "suasiveNum": 0, "discMarkerNum": 0, "smileyNum": 0, "dateNum": 0, "hesitationNum": 0, "restartNum": 0, "repeatNum": 0, "conjBeforeDiscNum": 0, "conjAfterDiscNum": 0, "wordBeforeHesitationNum": 0, "wordAfterHesitationNum": 0, "otherCollocationNum": 0, "speechactRate": 0.0, "quoteRate": 0.0, "dashRate": 0.0, "publicRate": 0.0, "privateRate": 0.0, "suasiveRate": 0.0, "discMarkerRate": 0.0, "smileyRate": 0.0, "dateRate": 0.0, "hesitationRate": 0.0, "restartRate": 0.0, "repeatRate": 0.0, "conjBeforeDiscRate": 0.0, "conjAfterDiscRate": 0.0, "wordBeforeHesitationRate": 0.0, "wordAfterHesitationRate": 0.0, "otherCollocationRate": 0.0, "easyWordNum": 296, "hardWordNum": 28, "easyWordRate": 0.9135802469135802, "hardWordRate": 0.08641975308641975, "fleschReadingEaseScore": 63.23322222222224, "gunningFogIndex": 8.67456790123457, "fleschKincaidGradeLevel": 9.805604938271603, "colemanLiauIndex": 11.63199074074074, "smogIndex": 8.648137234880735, "automatedReadabilityIndex": 11.30638888888889, "linsearWriteIndex": 2.837448559670782, "author": "", "locationNameNum": 2, "locationNameRate": 0.006172839506172839, "personNameNum": 0, "personNameRate": 0.0, "organizationNameNum": 0, "organizationNameRate": 0.0, "misspelledNum": 5, "misspelledRate": 0.015432098765432098, "missingAccentNum": 2, "missingAccentRate": 0.006172839506172839, "foreignAccentNum": 0, "foreignAccentRate": 0.0, "wordConcatNum": 0, "wordConcatRate": 0.0, "jLyMistakeNum": 0, "jLyMistakeRate": 0.0, "freqSuffixNum": 0, "partsNum": 107, "privateVNum": 0, "publicVNum": 0, "clauseWordNum": 53}