{"tokenNum": 477, "sentenceNum": 33, "lemmaNum": 232, "lemmaRate": 0.4863731656184486, "sentenceLength": 14.454545454545455, "allUpperNum": 0, "firstUpperNum": 37, "allUpperRate": 0.0, "firstUpperRate": 0.07756813417190776, "declarSentNum": 24, "imperSentNum": 7, "questionNum": 2, "declarSentRate": 0.7272727272727273, "imperSentRate": 0.21212121212121213, "questionRate": 0.06060606060606061, "accent": true, "saturation": 2.7951807228915664, "paragraphNum": 6, "nounNum": 89, "verbNum": 76, "adjNum": 37, "infNum": 11, "partPastNum": 0, "partPresNum": 2, "partFutNum": 0, "transNum": 0, "xNum": 6, "advNum": 31, "properNounNum": 4, "numNum": 0, "conjNum": 47, "punctNum": 93, "pronNum": 25, "relPronNum": 4, "demPronNum": 12, "adposNum": 4, "multiplePunctNum": 0, "phraseNum": 0, "nounRate": 0.18658280922431866, "verbRate": 0.15932914046121593, "adjRate": 0.07756813417190776, "infRate": 0.023060796645702306, "partPastRate": 0.0, "partPresRate": 0.0041928721174004195, "partFutRate": 0.0, "transRate": 0.0, "xRate": 0.012578616352201259, "advRate": 0.0649895178197065, "properNounRate": 0.008385744234800839, "numRate": 0.0, "conjRate": 0.09853249475890985, "punctRate": 0.1949685534591195, "pronRate": 0.05241090146750524, "relPronRate": 0.008385744234800839, "demPronRate": 0.025157232704402517, "adposRate": 0.008385744234800839, "multiplePunctRate": 0.0, "partsDensityRate": 2.8072289156626504, "contentfulness": 7.0606060606060606, "phraseRate": 0.0, "pastTenseNum": 12, "presentTenseNum": 53, "condNum": 3, "impNum": 13, "freqNum": 0, "causNum": 0, "modalNum": 1, "sg1VerbNum": 38, "sg2VerbNum": 0, "sg3VerbNum": 30, "pl1VerbNum": 1, "pl2VerbNum": 1, "pl3VerbNum": 23, "superlatNum": 1, "comparatNum": 1, "specDerivSuffixNum": 0, "pluralNounNum": 19, "pastTenseRate": 0.15789473684210525, "presentTenseRate": 0.6973684210526315, "condRate": 0.039473684210526314, "impRate": 0.17105263157894737, "freqRate": 0.0, "causRate": 0.0, "modalRate": 0.013157894736842105, "sg1VerbRate": 0.5, "sg2VerbRate": 0.0, "sg3VerbRate": 0.39473684210526316, "pl1VerbRate": 0.013157894736842105, "pl2VerbRate": 0.013157894736842105, "pl3VerbRate": 0.3026315789473684, "superlatRate": 0.02702702702702703, "comparatRate": 0.02702702702702703, "specDerivSuffixRate": 0.0, "pluralNounRate": 0.21348314606741572, "subjNum": 28, "objNum": 30, "attNum": 22, "subordNum": 21, "adverbNum": 44, "coordNum": 22, "clauseNum": 83, "simpleNum": 5, "complexNum": 28, "complexity1Num": 14, "complexity2Num": 7, "complexity3Num": 6, "compoundNum": 0, "subjRate": 0.05870020964360587, "objRate": 0.06289308176100629, "attRate": 0.04612159329140461, "subordRate": 0.0440251572327044, "adverbRate": 0.09224318658280922, "coordRate": 0.04612159329140461, "partsRate": 1.7590361445783131, "clauseRate": 2.515151515151515, "simpleRate": 0.15151515151515152, "complexRate": 0.8484848484848485, "complexity1Rate": 0.42424242424242425, "complexity2Rate": 0.21212121212121213, "complexity3Rate": 0.18181818181818182, "complexClauseRate": 2.7857142857142856, "sentencesPerParagraph": 5.5, "wordsLengthRate": 5.635416666666667, "compoundRate": 0.0, "positiveNum": 0, "negativeNum": 0, "precoPositiveNum": 0, "precoNegativeNum": 0, "negemoNum": 0, "negationNum": 6, "functionNum": 244, "contentNum": 233, "vulgarNum": 0, "racistNum": 0, "specStyleNum": 0, "addressingNum": 0, "closingNum": 0, "postscriptNum": 0, "brutalNum": 0, "positiveRate": 0.0, "negativeRate": 0.0, "precoPositiveRate": 0.0, "precoNegativeRate": 0.0, "negemoRate": 0.0, "negationRate": 0.012578616352201259, "functionRate": 0.5115303983228512, "contentRate": 0.48846960167714887, "vulgarRate": 0.0, "racistRate": 0.0, "specStyleRate": 0.0, "addressingRate": 0.0, "closingRate": 0.0, "postscriptRate": 0.0, "brutalRate": 0.0, "epistemicNum": 0, "investNum": 0, "conditionNum": 0, "weaselNum": 0, "peacockNum": 0, "hedgeNum": 0, "doxasticNum": 0, "epistemicRate": 0.0, "investRate": 0.0, "conditionRate": 0.0, "weaselRate": 0.0, "peacockRate": 0.0, "hedgeRate": 0.0, "doxasticRate": 0.0, "loveNum": 0, "anxietyNum": 0, "sorrowNum": 0, "joyNum": 0, "disgustNum": 0, "fearNum": 0, "surpriseNum": 0, "angerNum": 0, "loveRate": 0.0, "anxietyRate": 0.0, "sorrowRate": 0.0, "joyRate": 0.0, "disgustRate": 0.0, "fearRate": 0.0, "surpriseRate": 0.0, "angerRate": 0.0, "slangBeGeneralNum": 0, "slangBeCigaretteNum": 0, "slangBeHumanNum": 0, "slangBeVehicleNum": 0, "slangBeDrugNum": 0, "slangBvNum": 0, "slangBeGeneralRate": 0.0, "slangBeCigaretteRate": 0.0, "slangBeHumanRate": 0.0, "slangBeVehicleRate": 0.0, "slangBeDrugRate": 0.0, "slangBvRate": 0.0, "speechactNum": 0, "quoteNum": 0, "dashNum": 0, "publicNum": 0, "privateNum": 0, "suasiveNum": 0, "discMarkerNum": 0, "smileyNum": 0, "dateNum": 0, "hesitationNum": 0, "restartNum": 0, "repeatNum": 1, "conjBeforeDiscNum": 0, "conjAfterDiscNum": 0, "wordBeforeHesitationNum": 0, "wordAfterHesitationNum": 0, "otherCollocationNum": 0, "speechactRate": 0.0, "quoteRate": 0.0, "dashRate": 0.0, "publicRate": 0.0, "privateRate": 0.0, "suasiveRate": 0.0, "discMarkerRate": 0.0, "smileyRate": 0.0, "dateRate": 0.0, "hesitationRate": 0.0, "restartRate": 0.0, "repeatRate": 0.0020964360587002098, "conjBeforeDiscRate": 0.0, "conjAfterDiscRate": 0.0, "wordBeforeHesitationRate": 0.0, "wordAfterHesitationRate": 0.0, "otherCollocationRate": 0.0, "easyWordNum": 447, "hardWordNum": 30, "easyWordRate": 0.9371069182389937, "hardWordRate": 0.06289308176100629, "fleschReadingEaseScore": 72.97873070325905, "gunningFogIndex": 5.806975414522585, "fleschKincaidGradeLevel": 6.671172098341909, "colemanLiauIndex": 11.921071278825991, "smogIndex": 8.575989854853784, "automatedReadabilityIndex": 7.964882790165806, "linsearWriteIndex": 0.6866781017724413, "author": "", "locationNameNum": 0, "locationNameRate": 0.0, "personNameNum": 1, "personNameRate": 0.0020964360587002098, "organizationNameNum": 2, "organizationNameRate": 0.0041928721174004195, "misspelledNum": 34, "misspelledRate": 0.07127882599580712, "missingAccentNum": 4, "missingAccentRate": 0.008385744234800839, "foreignAccentNum": 20, "foreignAccentRate": 0.041928721174004195, "wordConcatNum": 1, "wordConcatRate": 0.0020964360587002098, "jLyMistakeNum": 0, "jLyMistakeRate": 0.0, "freqSuffixNum": 0, "partsNum": 146, "privateVNum": 0, "publicVNum": 0, "clauseWordNum": 83}