{"tokenNum": 529, "sentenceNum": 37, "lemmaNum": 271, "lemmaRate": 0.5122873345935728, "sentenceLength": 14.297297297297296, "allUpperNum": 1, "firstUpperNum": 37, "allUpperRate": 0.001890359168241966, "firstUpperRate": 0.06994328922495274, "declarSentNum": 29, "imperSentNum": 3, "questionNum": 5, "declarSentRate": 0.7837837837837838, "imperSentRate": 0.08108108108108109, "questionRate": 0.13513513513513514, "accent": true, "saturation": 3.4743589743589745, "paragraphNum": 5, "nounNum": 103, "verbNum": 64, "adjNum": 57, "infNum": 7, "partPastNum": 3, "partPresNum": 2, "partFutNum": 0, "transNum": 3, "xNum": 6, "advNum": 62, "properNounNum": 2, "numNum": 4, "conjNum": 52, "punctNum": 91, "pronNum": 27, "relPronNum": 4, "demPronNum": 20, "adposNum": 1, "multiplePunctNum": 3, "phraseNum": 0, "nounRate": 0.1947069943289225, "verbRate": 0.12098298676748583, "adjRate": 0.10775047258979206, "infRate": 0.013232514177693762, "partPastRate": 0.005671077504725898, "partPresRate": 0.003780718336483932, "partFutRate": 0.0, "transRate": 0.005671077504725898, "xRate": 0.011342155009451797, "advRate": 0.11720226843100189, "properNounRate": 0.003780718336483932, "numRate": 0.007561436672967864, "conjRate": 0.09829867674858223, "punctRate": 0.1720226843100189, "pronRate": 0.05103969754253308, "relPronRate": 0.007561436672967864, "demPronRate": 0.03780718336483932, "adposRate": 0.001890359168241966, "multiplePunctRate": 0.03296703296703297, "partsDensityRate": 3.6666666666666665, "contentfulness": 7.72972972972973, "phraseRate": 0.0, "pastTenseNum": 6, "presentTenseNum": 51, "condNum": 9, "impNum": 6, "freqNum": 0, "causNum": 0, "modalNum": 2, "sg1VerbNum": 8, "sg2VerbNum": 1, "sg3VerbNum": 44, "pl1VerbNum": 2, "pl2VerbNum": 0, "pl3VerbNum": 31, "superlatNum": 0, "comparatNum": 1, "specDerivSuffixNum": 0, "pluralNounNum": 17, "pastTenseRate": 0.09375, "presentTenseRate": 0.796875, "condRate": 0.140625, "impRate": 0.09375, "freqRate": 0.0, "causRate": 0.0, "modalRate": 0.03125, "sg1VerbRate": 0.125, "sg2VerbRate": 0.015625, "sg3VerbRate": 0.6875, "pl1VerbRate": 0.03125, "pl2VerbRate": 0.0, "pl3VerbRate": 0.484375, "superlatRate": 0.0, "comparatRate": 0.017543859649122806, "specDerivSuffixRate": 0.0, "pluralNounRate": 0.1650485436893204, "subjNum": 30, "objNum": 20, "attNum": 40, "subordNum": 24, "adverbNum": 75, "coordNum": 24, "clauseNum": 78, "simpleNum": 15, "complexNum": 22, "complexity1Num": 8, "complexity2Num": 9, "complexity3Num": 5, "compoundNum": 0, "subjRate": 0.05671077504725898, "objRate": 0.03780718336483932, "attRate": 0.07561436672967864, "subordRate": 0.045368620037807186, "adverbRate": 0.14177693761814744, "coordRate": 0.045368620037807186, "partsRate": 2.423076923076923, "clauseRate": 2.108108108108108, "simpleRate": 0.40540540540540543, "complexRate": 0.5945945945945946, "complexity1Rate": 0.21621621621621623, "complexity2Rate": 0.24324324324324326, "complexity3Rate": 0.13513513513513514, "complexClauseRate": 2.8636363636363638, "sentencesPerParagraph": 7.4, "wordsLengthRate": 5.210045662100456, "compoundRate": 0.0, "positiveNum": 0, "negativeNum": 0, "precoPositiveNum": 0, "precoNegativeNum": 0, "negemoNum": 0, "negationNum": 13, "functionNum": 243, "contentNum": 286, "vulgarNum": 0, "racistNum": 0, "specStyleNum": 0, "addressingNum": 0, "closingNum": 0, "postscriptNum": 0, "brutalNum": 0, "positiveRate": 0.0, "negativeRate": 0.0, "precoPositiveRate": 0.0, "precoNegativeRate": 0.0, "negemoRate": 0.0, "negationRate": 0.024574669187145556, "functionRate": 0.45935727788279773, "contentRate": 0.5406427221172023, "vulgarRate": 0.0, "racistRate": 0.0, "specStyleRate": 0.0, "addressingRate": 0.0, "closingRate": 0.0, "postscriptRate": 0.0, "brutalRate": 0.0, "epistemicNum": 0, "investNum": 0, "conditionNum": 0, "weaselNum": 0, "peacockNum": 0, "hedgeNum": 0, "doxasticNum": 0, "epistemicRate": 0.0, "investRate": 0.0, "conditionRate": 0.0, "weaselRate": 0.0, "peacockRate": 0.0, "hedgeRate": 0.0, "doxasticRate": 0.0, "loveNum": 0, "anxietyNum": 0, "sorrowNum": 0, "joyNum": 0, "disgustNum": 0, "fearNum": 0, "surpriseNum": 0, "angerNum": 0, "loveRate": 0.0, "anxietyRate": 0.0, "sorrowRate": 0.0, "joyRate": 0.0, "disgustRate": 0.0, "fearRate": 0.0, "surpriseRate": 0.0, "angerRate": 0.0, "slangBeGeneralNum": 0, "slangBeCigaretteNum": 0, "slangBeHumanNum": 0, "slangBeVehicleNum": 0, "slangBeDrugNum": 0, "slangBvNum": 0, "slangBeGeneralRate": 0.0, "slangBeCigaretteRate": 0.0, "slangBeHumanRate": 0.0, "slangBeVehicleRate": 0.0, "slangBeDrugRate": 0.0, "slangBvRate": 0.0, "speechactNum": 0, "quoteNum": 0, "dashNum": 0, "publicNum": 0, "privateNum": 0, "suasiveNum": 0, "discMarkerNum": 0, "smileyNum": 0, "dateNum": 0, "hesitationNum": 0, "restartNum": 0, "repeatNum": 1, "conjBeforeDiscNum": 0, "conjAfterDiscNum": 0, "wordBeforeHesitationNum": 0, "wordAfterHesitationNum": 0, "otherCollocationNum": 0, "speechactRate": 0.0, "quoteRate": 0.0, "dashRate": 0.0, "publicRate": 0.0, "privateRate": 0.0, "suasiveRate": 0.0, "discMarkerRate": 0.0, "smileyRate": 0.0, "dateRate": 0.0, "hesitationRate": 0.0, "restartRate": 0.0, "repeatRate": 0.001890359168241966, "conjBeforeDiscRate": 0.0, "conjAfterDiscRate": 0.0, "wordBeforeHesitationRate": 0.0, "wordAfterHesitationRate": 0.0, "otherCollocationRate": 0.0, "easyWordNum": 495, "hardWordNum": 34, "easyWordRate": 0.9357277882797732, "hardWordRate": 0.06427221172022685, "fleschReadingEaseScore": 70.62078577632454, "gunningFogIndex": 5.74462780360701, "fleschKincaidGradeLevel": 6.960993204925153, "colemanLiauIndex": 10.621283553875237, "smogIndex": 8.605353355243054, "automatedReadabilityIndex": 6.846871711030502, "linsearWriteIndex": 0.5097327951770296, "author": "", "locationNameNum": 0, "locationNameRate": 0.0, "personNameNum": 3, "personNameRate": 0.005671077504725898, "organizationNameNum": 0, "organizationNameRate": 0.0, "misspelledNum": 31, "misspelledRate": 0.05860113421550094, "missingAccentNum": 6, "missingAccentRate": 0.011342155009451797, "foreignAccentNum": 0, "foreignAccentRate": 0.0, "wordConcatNum": 1, "wordConcatRate": 0.001890359168241966, "jLyMistakeNum": 0, "jLyMistakeRate": 0.0, "freqSuffixNum": 0, "partsNum": 189, "privateVNum": 0, "publicVNum": 0, "clauseWordNum": 78}