{"tokenNum": 401, "sentenceNum": 22, "lemmaNum": 216, "lemmaRate": 0.5386533665835411, "sentenceLength": 18.227272727272727, "allUpperNum": 0, "firstUpperNum": 22, "allUpperRate": 0.0, "firstUpperRate": 0.05486284289276808, "declarSentNum": 4, "imperSentNum": 13, "questionNum": 5, "declarSentRate": 0.18181818181818182, "imperSentRate": 0.5909090909090909, "questionRate": 0.22727272727272727, "accent": true, "saturation": 3.2238805970149254, "paragraphNum": 0, "nounNum": 75, "verbNum": 67, "adjNum": 35, "infNum": 7, "partPastNum": 4, "partPresNum": 3, "partFutNum": 0, "transNum": 0, "xNum": 0, "advNum": 43, "properNounNum": 2, "numNum": 0, "conjNum": 28, "punctNum": 68, "pronNum": 21, "relPronNum": 8, "demPronNum": 16, "adposNum": 1, "multiplePunctNum": 0, "phraseNum": 0, "nounRate": 0.18703241895261846, "verbRate": 0.16708229426433915, "adjRate": 0.08728179551122195, "infRate": 0.017456359102244388, "partPastRate": 0.00997506234413965, "partPresRate": 0.007481296758104738, "partFutRate": 0.0, "transRate": 0.0, "xRate": 0.0, "advRate": 0.10723192019950124, "properNounRate": 0.004987531172069825, "numRate": 0.0, "conjRate": 0.06982543640897755, "punctRate": 0.16957605985037408, "pronRate": 0.05236907730673317, "relPronRate": 0.0199501246882793, "demPronRate": 0.0399002493765586, "adposRate": 0.0024937655860349127, "multiplePunctRate": 0.0, "partsDensityRate": 3.283582089552239, "contentfulness": 10.0, "phraseRate": 0.0, "pastTenseNum": 6, "presentTenseNum": 54, "condNum": 6, "impNum": 4, "freqNum": 0, "causNum": 1, "modalNum": 1, "sg1VerbNum": 14, "sg2VerbNum": 0, "sg3VerbNum": 46, "pl1VerbNum": 15, "pl2VerbNum": 0, "pl3VerbNum": 9, "superlatNum": 1, "comparatNum": 0, "specDerivSuffixNum": 0, "pluralNounNum": 11, "pastTenseRate": 0.08955223880597014, "presentTenseRate": 0.8059701492537313, "condRate": 0.08955223880597014, "impRate": 0.05970149253731343, "freqRate": 0.0, "causRate": 0.014925373134328358, "modalRate": 0.014925373134328358, "sg1VerbRate": 0.208955223880597, "sg2VerbRate": 0.0, "sg3VerbRate": 0.6865671641791045, "pl1VerbRate": 0.22388059701492538, "pl2VerbRate": 0.0, "pl3VerbRate": 0.13432835820895522, "superlatRate": 0.02857142857142857, "comparatRate": 0.0, "specDerivSuffixRate": 0.0, "pluralNounRate": 0.14666666666666667, "subjNum": 32, "objNum": 16, "attNum": 26, "subordNum": 19, "adverbNum": 54, "coordNum": 26, "clauseNum": 67, "simpleNum": 3, "complexNum": 19, "complexity1Num": 6, "complexity2Num": 4, "complexity3Num": 6, "compoundNum": 0, "subjRate": 0.0798004987531172, "objRate": 0.0399002493765586, "attRate": 0.06483790523690773, "subordRate": 0.04738154613466334, "adverbRate": 0.13466334164588528, "coordRate": 0.06483790523690773, "partsRate": 2.298507462686567, "clauseRate": 3.0454545454545454, "simpleRate": 0.13636363636363635, "complexRate": 0.8636363636363636, "complexity1Rate": 0.2727272727272727, "complexity2Rate": 0.18181818181818182, "complexity3Rate": 0.2727272727272727, "complexClauseRate": 3.3684210526315788, "sentencesPerParagraph": 0.0, "wordsLengthRate": 5.192192192192192, "compoundRate": 0.0, "positiveNum": 0, "negativeNum": 0, "precoPositiveNum": 0, "precoNegativeNum": 0, "negemoNum": 0, "negationNum": 8, "functionNum": 181, "contentNum": 220, "vulgarNum": 0, "racistNum": 0, "specStyleNum": 0, "addressingNum": 0, "closingNum": 0, "postscriptNum": 0, "brutalNum": 0, "positiveRate": 0.0, "negativeRate": 0.0, "precoPositiveRate": 0.0, "precoNegativeRate": 0.0, "negemoRate": 0.0, "negationRate": 0.0199501246882793, "functionRate": 0.4513715710723192, "contentRate": 0.5486284289276808, "vulgarRate": 0.0, "racistRate": 0.0, "specStyleRate": 0.0, "addressingRate": 0.0, "closingRate": 0.0, "postscriptRate": 0.0, "brutalRate": 0.0, "epistemicNum": 0, "investNum": 0, "conditionNum": 0, "weaselNum": 0, "peacockNum": 0, "hedgeNum": 0, "doxasticNum": 0, "epistemicRate": 0.0, "investRate": 0.0, "conditionRate": 0.0, "weaselRate": 0.0, "peacockRate": 0.0, "hedgeRate": 0.0, "doxasticRate": 0.0, "loveNum": 0, "anxietyNum": 0, "sorrowNum": 0, "joyNum": 0, "disgustNum": 0, "fearNum": 0, "surpriseNum": 0, "angerNum": 0, "loveRate": 0.0, "anxietyRate": 0.0, "sorrowRate": 0.0, "joyRate": 0.0, "disgustRate": 0.0, "fearRate": 0.0, "surpriseRate": 0.0, "angerRate": 0.0, "slangBeGeneralNum": 0, "slangBeCigaretteNum": 0, "slangBeHumanNum": 0, "slangBeVehicleNum": 0, "slangBeDrugNum": 0, "slangBvNum": 0, "slangBeGeneralRate": 0.0, "slangBeCigaretteRate": 0.0, "slangBeHumanRate": 0.0, "slangBeVehicleRate": 0.0, "slangBeDrugRate": 0.0, "slangBvRate": 0.0, "speechactNum": 0, "quoteNum": 0, "dashNum": 0, "publicNum": 0, "privateNum": 0, "suasiveNum": 0, "discMarkerNum": 0, "smileyNum": 0, "dateNum": 0, "hesitationNum": 0, "restartNum": 0, "repeatNum": 0, "conjBeforeDiscNum": 0, "conjAfterDiscNum": 0, "wordBeforeHesitationNum": 0, "wordAfterHesitationNum": 0, "otherCollocationNum": 0, "speechactRate": 0.0, "quoteRate": 0.0, "dashRate": 0.0, "publicRate": 0.0, "privateRate": 0.0, "suasiveRate": 0.0, "discMarkerRate": 0.0, "smileyRate": 0.0, "dateRate": 0.0, "hesitationRate": 0.0, "restartRate": 0.0, "repeatRate": 0.0, "conjBeforeDiscRate": 0.0, "conjAfterDiscRate": 0.0, "wordBeforeHesitationRate": 0.0, "wordAfterHesitationRate": 0.0, "otherCollocationRate": 0.0, "easyWordNum": 382, "hardWordNum": 19, "easyWordRate": 0.9526184538653366, "hardWordRate": 0.04738154613466334, "fleschReadingEaseScore": 65.5482832691, "gunningFogIndex": 7.309861709362956, "fleschKincaidGradeLevel": 8.64482090228973, "colemanLiauIndex": 10.594673316708228, "smogIndex": 7.675431598112922, "automatedReadabilityIndex": 8.79054409430968, "linsearWriteIndex": 1.4880979369757426, "author": "", "locationNameNum": 1, "locationNameRate": 0.0024937655860349127, "personNameNum": 0, "personNameRate": 0.0, "organizationNameNum": 0, "organizationNameRate": 0.0, "misspelledNum": 4, "misspelledRate": 0.00997506234413965, "missingAccentNum": 0, "missingAccentRate": 0.0, "foreignAccentNum": 0, "foreignAccentRate": 0.0, "wordConcatNum": 1, "wordConcatRate": 0.0024937655860349127, "jLyMistakeNum": 1, "jLyMistakeRate": 0.0024937655860349127, "freqSuffixNum": 0, "partsNum": 154, "privateVNum": 0, "publicVNum": 0, "clauseWordNum": 67}