{"tokenNum": 691, "sentenceNum": 44, "lemmaNum": 276, "lemmaRate": 0.3994211287988423, "sentenceLength": 15.704545454545455, "allUpperNum": 0, "firstUpperNum": 48, "allUpperRate": 0.0, "firstUpperRate": 0.0694645441389291, "declarSentNum": 18, "imperSentNum": 21, "questionNum": 5, "declarSentRate": 0.4090909090909091, "imperSentRate": 0.4772727272727273, "questionRate": 0.11363636363636363, "accent": true, "saturation": 2.5090909090909093, "paragraphNum": 7, "nounNum": 109, "verbNum": 99, "adjNum": 63, "infNum": 11, "partPastNum": 0, "partPresNum": 2, "partFutNum": 0, "transNum": 2, "xNum": 9, "advNum": 66, "properNounNum": 5, "numNum": 1, "conjNum": 67, "punctNum": 121, "pronNum": 66, "relPronNum": 11, "demPronNum": 50, "adposNum": 2, "multiplePunctNum": 1, "phraseNum": 0, "nounRate": 0.1577424023154848, "verbRate": 0.14327062228654125, "adjRate": 0.09117221418234443, "infRate": 0.015918958031837915, "partPastRate": 0.0, "partPresRate": 0.002894356005788712, "partFutRate": 0.0, "transRate": 0.002894356005788712, "xRate": 0.013024602026049204, "advRate": 0.0955137481910275, "properNounRate": 0.00723589001447178, "numRate": 0.001447178002894356, "conjRate": 0.09696092619392185, "punctRate": 0.17510853835021709, "pronRate": 0.0955137481910275, "relPronRate": 0.015918958031837915, "demPronRate": 0.0723589001447178, "adposRate": 0.002894356005788712, "multiplePunctRate": 0.008264462809917356, "partsDensityRate": 3.0636363636363635, "contentfulness": 7.659090909090909, "phraseRate": 0.0, "pastTenseNum": 14, "presentTenseNum": 74, "condNum": 8, "impNum": 9, "freqNum": 0, "causNum": 0, "modalNum": 2, "sg1VerbNum": 43, "sg2VerbNum": 1, "sg3VerbNum": 104, "pl1VerbNum": 10, "pl2VerbNum": 0, "pl3VerbNum": 11, "superlatNum": 0, "comparatNum": 1, "specDerivSuffixNum": 0, "pluralNounNum": 15, "pastTenseRate": 0.1414141414141414, "presentTenseRate": 0.7474747474747475, "condRate": 0.08080808080808081, "impRate": 0.09090909090909091, "freqRate": 0.0, "causRate": 0.0, "modalRate": 0.020202020202020204, "sg1VerbRate": 0.43434343434343436, "sg2VerbRate": 0.010101010101010102, "sg3VerbRate": 1.0505050505050506, "pl1VerbRate": 0.10101010101010101, "pl2VerbRate": 0.0, "pl3VerbRate": 0.1111111111111111, "superlatRate": 0.0, "comparatRate": 0.015873015873015872, "specDerivSuffixRate": 0.0, "pluralNounRate": 0.13761467889908258, "subjNum": 51, "objNum": 34, "attNum": 45, "subordNum": 39, "adverbNum": 82, "coordNum": 20, "clauseNum": 110, "simpleNum": 11, "complexNum": 33, "complexity1Num": 14, "complexity2Num": 9, "complexity3Num": 7, "compoundNum": 0, "subjRate": 0.07380607814761216, "objRate": 0.049204052098408106, "attRate": 0.06512301013024602, "subordRate": 0.056439942112879886, "adverbRate": 0.11866859623733719, "coordRate": 0.02894356005788712, "partsRate": 2.109090909090909, "clauseRate": 2.5, "simpleRate": 0.25, "complexRate": 0.75, "complexity1Rate": 0.3181818181818182, "complexity2Rate": 0.20454545454545456, "complexity3Rate": 0.1590909090909091, "complexClauseRate": 3.0, "sentencesPerParagraph": 6.285714285714286, "wordsLengthRate": 5.485964912280702, "compoundRate": 0.0, "positiveNum": 0, "negativeNum": 0, "precoPositiveNum": 0, "precoNegativeNum": 0, "negemoNum": 0, "negationNum": 10, "functionNum": 354, "contentNum": 337, "vulgarNum": 0, "racistNum": 0, "specStyleNum": 0, "addressingNum": 0, "closingNum": 0, "postscriptNum": 0, "brutalNum": 0, "positiveRate": 0.0, "negativeRate": 0.0, "precoPositiveRate": 0.0, "precoNegativeRate": 0.0, "negemoRate": 0.0, "negationRate": 0.01447178002894356, "functionRate": 0.5123010130246021, "contentRate": 0.487698986975398, "vulgarRate": 0.0, "racistRate": 0.0, "specStyleRate": 0.0, "addressingRate": 0.0, "closingRate": 0.0, "postscriptRate": 0.0, "brutalRate": 0.0, "epistemicNum": 0, "investNum": 0, "conditionNum": 0, "weaselNum": 0, "peacockNum": 0, "hedgeNum": 0, "doxasticNum": 0, "epistemicRate": 0.0, "investRate": 0.0, "conditionRate": 0.0, "weaselRate": 0.0, "peacockRate": 0.0, "hedgeRate": 0.0, "doxasticRate": 0.0, "loveNum": 0, "anxietyNum": 0, "sorrowNum": 0, "joyNum": 0, "disgustNum": 0, "fearNum": 0, "surpriseNum": 0, "angerNum": 0, "loveRate": 0.0, "anxietyRate": 0.0, "sorrowRate": 0.0, "joyRate": 0.0, "disgustRate": 0.0, "fearRate": 0.0, "surpriseRate": 0.0, "angerRate": 0.0, "slangBeGeneralNum": 0, "slangBeCigaretteNum": 0, "slangBeHumanNum": 0, "slangBeVehicleNum": 0, "slangBeDrugNum": 0, "slangBvNum": 0, "slangBeGeneralRate": 0.0, "slangBeCigaretteRate": 0.0, "slangBeHumanRate": 0.0, "slangBeVehicleRate": 0.0, "slangBeDrugRate": 0.0, "slangBvRate": 0.0, "speechactNum": 0, "quoteNum": 0, "dashNum": 0, "publicNum": 0, "privateNum": 0, "suasiveNum": 0, "discMarkerNum": 0, "smileyNum": 0, "dateNum": 0, "hesitationNum": 0, "restartNum": 0, "repeatNum": 0, "conjBeforeDiscNum": 0, "conjAfterDiscNum": 0, "wordBeforeHesitationNum": 0, "wordAfterHesitationNum": 0, "otherCollocationNum": 0, "speechactRate": 0.0, "quoteRate": 0.0, "dashRate": 0.0, "publicRate": 0.0, "privateRate": 0.0, "suasiveRate": 0.0, "discMarkerRate": 0.0, "smileyRate": 0.0, "dateRate": 0.0, "hesitationRate": 0.0, "restartRate": 0.0, "repeatRate": 0.0, "conjBeforeDiscRate": 0.0, "conjAfterDiscRate": 0.0, "wordBeforeHesitationRate": 0.0, "wordAfterHesitationRate": 0.0, "otherCollocationRate": 0.0, "easyWordNum": 624, "hardWordNum": 67, "easyWordRate": 0.9030390738060782, "hardWordRate": 0.09696092619392185, "fleschReadingEaseScore": 58.05697029996057, "gunningFogIndex": 6.320602552295751, "fleschKincaidGradeLevel": 9.062992698329168, "colemanLiauIndex": 11.77455571635311, "smogIndex": 10.178562406969252, "automatedReadabilityIndex": 8.472706880673595, "linsearWriteIndex": 0.3435732140507828, "author": "", "locationNameNum": 0, "locationNameRate": 0.0, "personNameNum": 0, "personNameRate": 0.0, "organizationNameNum": 0, "organizationNameRate": 0.0, "misspelledNum": 15, "misspelledRate": 0.02170767004341534, "missingAccentNum": 4, "missingAccentRate": 0.005788712011577424, "foreignAccentNum": 0, "foreignAccentRate": 0.0, "wordConcatNum": 1, "wordConcatRate": 0.001447178002894356, "jLyMistakeNum": 0, "jLyMistakeRate": 0.0, "freqSuffixNum": 0, "partsNum": 232, "privateVNum": 0, "publicVNum": 0, "clauseWordNum": 110}