{"tokenNum": 435, "sentenceNum": 23, "lemmaNum": 240, "lemmaRate": 0.5517241379310345, "sentenceLength": 18.91304347826087, "allUpperNum": 0, "firstUpperNum": 24, "allUpperRate": 0.0, "firstUpperRate": 0.05517241379310345, "declarSentNum": 10, "imperSentNum": 11, "questionNum": 2, "declarSentRate": 0.43478260869565216, "imperSentRate": 0.4782608695652174, "questionRate": 0.08695652173913043, "accent": true, "saturation": 4.137931034482759, "paragraphNum": 4, "nounNum": 96, "verbNum": 54, "adjNum": 57, "infNum": 2, "partPastNum": 5, "partPresNum": 6, "partFutNum": 0, "transNum": 5, "xNum": 4, "advNum": 34, "properNounNum": 2, "numNum": 1, "conjNum": 33, "punctNum": 68, "pronNum": 22, "relPronNum": 5, "demPronNum": 14, "adposNum": 4, "multiplePunctNum": 0, "phraseNum": 0, "nounRate": 0.2206896551724138, "verbRate": 0.12413793103448276, "adjRate": 0.1310344827586207, "infRate": 0.004597701149425287, "partPastRate": 0.011494252873563218, "partPresRate": 0.013793103448275862, "partFutRate": 0.0, "transRate": 0.011494252873563218, "xRate": 0.009195402298850575, "advRate": 0.07816091954022988, "properNounRate": 0.004597701149425287, "numRate": 0.0022988505747126436, "conjRate": 0.07586206896551724, "punctRate": 0.15632183908045977, "pronRate": 0.05057471264367816, "relPronRate": 0.011494252873563218, "demPronRate": 0.03218390804597701, "adposRate": 0.009195402298850575, "multiplePunctRate": 0.0, "partsDensityRate": 4.155172413793103, "contentfulness": 10.478260869565217, "phraseRate": 0.0, "pastTenseNum": 6, "presentTenseNum": 46, "condNum": 3, "impNum": 8, "freqNum": 0, "causNum": 0, "modalNum": 1, "sg1VerbNum": 11, "sg2VerbNum": 1, "sg3VerbNum": 38, "pl1VerbNum": 14, "pl2VerbNum": 0, "pl3VerbNum": 15, "superlatNum": 1, "comparatNum": 0, "specDerivSuffixNum": 0, "pluralNounNum": 12, "pastTenseRate": 0.1111111111111111, "presentTenseRate": 0.8518518518518519, "condRate": 0.05555555555555555, "impRate": 0.14814814814814814, "freqRate": 0.0, "causRate": 0.0, "modalRate": 0.018518518518518517, "sg1VerbRate": 0.2037037037037037, "sg2VerbRate": 0.018518518518518517, "sg3VerbRate": 0.7037037037037037, "pl1VerbRate": 0.25925925925925924, "pl2VerbRate": 0.0, "pl3VerbRate": 0.2777777777777778, "superlatRate": 0.017543859649122806, "comparatRate": 0.0, "specDerivSuffixRate": 0.0, "pluralNounRate": 0.125, "subjNum": 27, "objNum": 21, "attNum": 41, "subordNum": 23, "adverbNum": 47, "coordNum": 16, "clauseNum": 58, "simpleNum": 4, "complexNum": 19, "complexity1Num": 9, "complexity2Num": 5, "complexity3Num": 4, "compoundNum": 0, "subjRate": 0.06206896551724138, "objRate": 0.04827586206896552, "attRate": 0.09425287356321839, "subordRate": 0.052873563218390804, "adverbRate": 0.10804597701149425, "coordRate": 0.0367816091954023, "partsRate": 2.6206896551724137, "clauseRate": 2.5217391304347827, "simpleRate": 0.17391304347826086, "complexRate": 0.8260869565217391, "complexity1Rate": 0.391304347826087, "complexity2Rate": 0.21739130434782608, "complexity3Rate": 0.17391304347826086, "complexClauseRate": 2.8421052631578947, "sentencesPerParagraph": 5.75, "wordsLengthRate": 6.177111716621253, "compoundRate": 0.0, "positiveNum": 0, "negativeNum": 0, "precoPositiveNum": 0, "precoNegativeNum": 0, "negemoNum": 0, "negationNum": 4, "functionNum": 194, "contentNum": 241, "vulgarNum": 0, "racistNum": 0, "specStyleNum": 0, "addressingNum": 0, "closingNum": 0, "postscriptNum": 0, "brutalNum": 0, "positiveRate": 0.0, "negativeRate": 0.0, "precoPositiveRate": 0.0, "precoNegativeRate": 0.0, "negemoRate": 0.0, "negationRate": 0.009195402298850575, "functionRate": 0.4459770114942529, "contentRate": 0.5540229885057472, "vulgarRate": 0.0, "racistRate": 0.0, "specStyleRate": 0.0, "addressingRate": 0.0, "closingRate": 0.0, "postscriptRate": 0.0, "brutalRate": 0.0, "epistemicNum": 0, "investNum": 0, "conditionNum": 0, "weaselNum": 0, "peacockNum": 0, "hedgeNum": 0, "doxasticNum": 0, "epistemicRate": 0.0, "investRate": 0.0, "conditionRate": 0.0, "weaselRate": 0.0, "peacockRate": 0.0, "hedgeRate": 0.0, "doxasticRate": 0.0, "loveNum": 0, "anxietyNum": 0, "sorrowNum": 0, "joyNum": 0, "disgustNum": 0, "fearNum": 0, "surpriseNum": 0, "angerNum": 0, "loveRate": 0.0, "anxietyRate": 0.0, "sorrowRate": 0.0, "joyRate": 0.0, "disgustRate": 0.0, "fearRate": 0.0, "surpriseRate": 0.0, "angerRate": 0.0, "slangBeGeneralNum": 0, "slangBeCigaretteNum": 0, "slangBeHumanNum": 0, "slangBeVehicleNum": 0, "slangBeDrugNum": 0, "slangBvNum": 0, "slangBeGeneralRate": 0.0, "slangBeCigaretteRate": 0.0, "slangBeHumanRate": 0.0, "slangBeVehicleRate": 0.0, "slangBeDrugRate": 0.0, "slangBvRate": 0.0, "speechactNum": 0, "quoteNum": 0, "dashNum": 0, "publicNum": 0, "privateNum": 0, "suasiveNum": 0, "discMarkerNum": 0, "smileyNum": 0, "dateNum": 0, "hesitationNum": 0, "restartNum": 0, "repeatNum": 0, "conjBeforeDiscNum": 0, "conjAfterDiscNum": 0, "wordBeforeHesitationNum": 0, "wordAfterHesitationNum": 0, "otherCollocationNum": 0, "speechactRate": 0.0, "quoteRate": 0.0, "dashRate": 0.0, "publicRate": 0.0, "privateRate": 0.0, "suasiveRate": 0.0, "discMarkerRate": 0.0, "smileyRate": 0.0, "dateRate": 0.0, "hesitationRate": 0.0, "restartRate": 0.0, "repeatRate": 0.0, "conjBeforeDiscRate": 0.0, "conjAfterDiscRate": 0.0, "wordBeforeHesitationRate": 0.0, "wordAfterHesitationRate": 0.0, "otherCollocationRate": 0.0, "easyWordNum": 384, "hardWordNum": 51, "easyWordRate": 0.8827586206896552, "hardWordRate": 0.11724137931034483, "fleschReadingEaseScore": 42.74860569715142, "gunningFogIndex": 7.611194402798602, "fleschKincaidGradeLevel": 11.995282358820592, "colemanLiauIndex": 15.707956321839077, "smogIndex": 10.577609850970193, "automatedReadabilityIndex": 13.222314842578712, "linsearWriteIndex": 1.6636681659170414, "author": "", "locationNameNum": 0, "locationNameRate": 0.0, "personNameNum": 1, "personNameRate": 0.0022988505747126436, "organizationNameNum": 0, "organizationNameRate": 0.0, "misspelledNum": 9, "misspelledRate": 0.020689655172413793, "missingAccentNum": 1, "missingAccentRate": 0.0022988505747126436, "foreignAccentNum": 0, "foreignAccentRate": 0.0, "wordConcatNum": 1, "wordConcatRate": 0.0022988505747126436, "jLyMistakeNum": 0, "jLyMistakeRate": 0.0, "freqSuffixNum": 0, "partsNum": 152, "privateVNum": 0, "publicVNum": 0, "clauseWordNum": 58}