{"tokenNum": 264, "sentenceNum": 15, "lemmaNum": 160, "lemmaRate": 0.6060606060606061, "sentenceLength": 17.6, "allUpperNum": 0, "firstUpperNum": 16, "allUpperRate": 0.0, "firstUpperRate": 0.06060606060606061, "declarSentNum": 2, "imperSentNum": 10, "questionNum": 3, "declarSentRate": 0.13333333333333333, "imperSentRate": 0.6666666666666666, "questionRate": 0.2, "accent": true, "saturation": 4.2105263157894735, "paragraphNum": 0, "nounNum": 54, "verbNum": 32, "adjNum": 34, "infNum": 2, "partPastNum": 4, "partPresNum": 4, "partFutNum": 0, "transNum": 1, "xNum": 7, "advNum": 19, "properNounNum": 1, "numNum": 1, "conjNum": 21, "punctNum": 41, "pronNum": 20, "relPronNum": 9, "demPronNum": 6, "adposNum": 2, "multiplePunctNum": 0, "phraseNum": 0, "nounRate": 0.20454545454545456, "verbRate": 0.12121212121212122, "adjRate": 0.12878787878787878, "infRate": 0.007575757575757576, "partPastRate": 0.015151515151515152, "partPresRate": 0.015151515151515152, "partFutRate": 0.0, "transRate": 0.003787878787878788, "xRate": 0.026515151515151516, "advRate": 0.07196969696969698, "properNounRate": 0.003787878787878788, "numRate": 0.003787878787878788, "conjRate": 0.07954545454545454, "punctRate": 0.1553030303030303, "pronRate": 0.07575757575757576, "relPronRate": 0.03409090909090909, "demPronRate": 0.022727272727272728, "adposRate": 0.007575757575757576, "multiplePunctRate": 0.0, "partsDensityRate": 3.6578947368421053, "contentfulness": 9.266666666666667, "phraseRate": 0.0, "pastTenseNum": 3, "presentTenseNum": 27, "condNum": 2, "impNum": 5, "freqNum": 0, "causNum": 0, "modalNum": 1, "sg1VerbNum": 6, "sg2VerbNum": 0, "sg3VerbNum": 23, "pl1VerbNum": 12, "pl2VerbNum": 0, "pl3VerbNum": 12, "superlatNum": 1, "comparatNum": 0, "specDerivSuffixNum": 0, "pluralNounNum": 12, "pastTenseRate": 0.09375, "presentTenseRate": 0.84375, "condRate": 0.0625, "impRate": 0.15625, "freqRate": 0.0, "causRate": 0.0, "modalRate": 0.03125, "sg1VerbRate": 0.1875, "sg2VerbRate": 0.0, "sg3VerbRate": 0.71875, "pl1VerbRate": 0.375, "pl2VerbRate": 0.0, "pl3VerbRate": 0.375, "superlatRate": 0.029411764705882353, "comparatRate": 0.0, "specDerivSuffixRate": 0.0, "pluralNounRate": 0.2222222222222222, "subjNum": 19, "objNum": 14, "attNum": 24, "subordNum": 11, "adverbNum": 25, "coordNum": 12, "clauseNum": 38, "simpleNum": 3, "complexNum": 12, "complexity1Num": 3, "complexity2Num": 7, "complexity3Num": 2, "compoundNum": 0, "subjRate": 0.07196969696969698, "objRate": 0.05303030303030303, "attRate": 0.09090909090909091, "subordRate": 0.041666666666666664, "adverbRate": 0.0946969696969697, "coordRate": 0.045454545454545456, "partsRate": 2.473684210526316, "clauseRate": 2.533333333333333, "simpleRate": 0.2, "complexRate": 0.8, "complexity1Rate": 0.2, "complexity2Rate": 0.4666666666666667, "complexity3Rate": 0.13333333333333333, "complexClauseRate": 2.9166666666666665, "sentencesPerParagraph": 0.0, "wordsLengthRate": 6.040358744394619, "compoundRate": 0.0, "positiveNum": 0, "negativeNum": 0, "precoPositiveNum": 0, "precoNegativeNum": 0, "negemoNum": 0, "negationNum": 5, "functionNum": 125, "contentNum": 139, "vulgarNum": 0, "racistNum": 0, "specStyleNum": 0, "addressingNum": 0, "closingNum": 0, "postscriptNum": 0, "brutalNum": 0, "positiveRate": 0.0, "negativeRate": 0.0, "precoPositiveRate": 0.0, "precoNegativeRate": 0.0, "negemoRate": 0.0, "negationRate": 0.01893939393939394, "functionRate": 0.4734848484848485, "contentRate": 0.5265151515151515, "vulgarRate": 0.0, "racistRate": 0.0, "specStyleRate": 0.0, "addressingRate": 0.0, "closingRate": 0.0, "postscriptRate": 0.0, "brutalRate": 0.0, "epistemicNum": 0, "investNum": 0, "conditionNum": 0, "weaselNum": 0, "peacockNum": 0, "hedgeNum": 0, "doxasticNum": 0, "epistemicRate": 0.0, "investRate": 0.0, "conditionRate": 0.0, "weaselRate": 0.0, "peacockRate": 0.0, "hedgeRate": 0.0, "doxasticRate": 0.0, "loveNum": 0, "anxietyNum": 0, "sorrowNum": 0, "joyNum": 0, "disgustNum": 0, "fearNum": 0, "surpriseNum": 0, "angerNum": 0, "loveRate": 0.0, "anxietyRate": 0.0, "sorrowRate": 0.0, "joyRate": 0.0, "disgustRate": 0.0, "fearRate": 0.0, "surpriseRate": 0.0, "angerRate": 0.0, "slangBeGeneralNum": 0, "slangBeCigaretteNum": 0, "slangBeHumanNum": 0, "slangBeVehicleNum": 0, "slangBeDrugNum": 0, "slangBvNum": 0, "slangBeGeneralRate": 0.0, "slangBeCigaretteRate": 0.0, "slangBeHumanRate": 0.0, "slangBeVehicleRate": 0.0, "slangBeDrugRate": 0.0, "slangBvRate": 0.0, "speechactNum": 0, "quoteNum": 0, "dashNum": 0, "publicNum": 0, "privateNum": 0, "suasiveNum": 0, "discMarkerNum": 0, "smileyNum": 0, "dateNum": 0, "hesitationNum": 0, "restartNum": 0, "repeatNum": 0, "conjBeforeDiscNum": 0, "conjAfterDiscNum": 0, "wordBeforeHesitationNum": 0, "wordAfterHesitationNum": 0, "otherCollocationNum": 0, "speechactRate": 0.0, "quoteRate": 0.0, "dashRate": 0.0, "publicRate": 0.0, "privateRate": 0.0, "suasiveRate": 0.0, "discMarkerRate": 0.0, "smileyRate": 0.0, "dateRate": 0.0, "hesitationRate": 0.0, "restartRate": 0.0, "repeatRate": 0.0, "conjBeforeDiscRate": 0.0, "conjAfterDiscRate": 0.0, "wordBeforeHesitationRate": 0.0, "wordAfterHesitationRate": 0.0, "otherCollocationRate": 0.0, "easyWordNum": 237, "hardWordNum": 27, "easyWordRate": 0.8977272727272727, "hardWordRate": 0.10227272727272728, "fleschReadingEaseScore": 42.52327272727274, "gunningFogIndex": 7.080909090909092, "fleschKincaidGradeLevel": 11.700515151515152, "colemanLiauIndex": 15.166950757575755, "smogIndex": 8.548686976883017, "automatedReadabilityIndex": 12.133181818181818, "linsearWriteIndex": 3.0151515151515147, "author": "", "locationNameNum": 0, "locationNameRate": 0.0, "personNameNum": 1, "personNameRate": 0.003787878787878788, "organizationNameNum": 0, "organizationNameRate": 0.0, "misspelledNum": 41, "misspelledRate": 0.1553030303030303, "missingAccentNum": 8, "missingAccentRate": 0.030303030303030304, "foreignAccentNum": 2, "foreignAccentRate": 0.007575757575757576, "wordConcatNum": 0, "wordConcatRate": 0.0, "jLyMistakeNum": 2, "jLyMistakeRate": 0.007575757575757576, "freqSuffixNum": 0, "partsNum": 94, "privateVNum": 0, "publicVNum": 0, "clauseWordNum": 38}