{"tokenNum": 449, "sentenceNum": 32, "lemmaNum": 190, "lemmaRate": 0.42316258351893093, "sentenceLength": 14.03125, "allUpperNum": 0, "firstUpperNum": 32, "allUpperRate": 0.0, "firstUpperRate": 0.07126948775055679, "declarSentNum": 5, "imperSentNum": 25, "questionNum": 2, "declarSentRate": 0.15625, "imperSentRate": 0.78125, "questionRate": 0.0625, "accent": true, "saturation": 2.4050632911392404, "paragraphNum": 0, "nounNum": 74, "verbNum": 76, "adjNum": 33, "infNum": 5, "partPastNum": 0, "partPresNum": 1, "partFutNum": 0, "transNum": 0, "xNum": 3, "advNum": 42, "properNounNum": 1, "numNum": 0, "conjNum": 51, "punctNum": 85, "pronNum": 33, "relPronNum": 3, "demPronNum": 16, "adposNum": 2, "multiplePunctNum": 0, "phraseNum": 0, "nounRate": 0.16481069042316257, "verbRate": 0.16926503340757237, "adjRate": 0.07349665924276169, "infRate": 0.011135857461024499, "partPastRate": 0.0, "partPresRate": 0.0022271714922048997, "partFutRate": 0.0, "transRate": 0.0, "xRate": 0.0066815144766146995, "advRate": 0.0935412026726058, "properNounRate": 0.0022271714922048997, "numRate": 0.0, "conjRate": 0.11358574610244988, "punctRate": 0.18930957683741648, "pronRate": 0.07349665924276169, "relPronRate": 0.0066815144766146995, "demPronRate": 0.035634743875278395, "adposRate": 0.004454342984409799, "multiplePunctRate": 0.0, "partsDensityRate": 2.848101265822785, "contentfulness": 7.03125, "phraseRate": 0.0, "pastTenseNum": 3, "presentTenseNum": 68, "condNum": 0, "impNum": 18, "freqNum": 0, "causNum": 0, "modalNum": 1, "sg1VerbNum": 16, "sg2VerbNum": 14, "sg3VerbNum": 35, "pl1VerbNum": 18, "pl2VerbNum": 2, "pl3VerbNum": 23, "superlatNum": 1, "comparatNum": 1, "specDerivSuffixNum": 0, "pluralNounNum": 29, "pastTenseRate": 0.039473684210526314, "presentTenseRate": 0.8947368421052632, "condRate": 0.0, "impRate": 0.23684210526315788, "freqRate": 0.0, "causRate": 0.0, "modalRate": 0.013157894736842105, "sg1VerbRate": 0.21052631578947367, "sg2VerbRate": 0.18421052631578946, "sg3VerbRate": 0.4605263157894737, "pl1VerbRate": 0.23684210526315788, "pl2VerbRate": 0.02631578947368421, "pl3VerbRate": 0.3026315789473684, "superlatRate": 0.030303030303030304, "comparatRate": 0.030303030303030304, "specDerivSuffixRate": 0.0, "pluralNounRate": 0.3918918918918919, "subjNum": 27, "objNum": 30, "attNum": 14, "subordNum": 30, "adverbNum": 62, "coordNum": 21, "clauseNum": 79, "simpleNum": 6, "complexNum": 26, "complexity1Num": 15, "complexity2Num": 4, "complexity3Num": 6, "compoundNum": 0, "subjRate": 0.060133630289532294, "objRate": 0.066815144766147, "attRate": 0.031180400890868598, "subordRate": 0.066815144766147, "adverbRate": 0.13808463251670378, "coordRate": 0.0467706013363029, "partsRate": 1.9493670886075949, "clauseRate": 2.46875, "simpleRate": 0.1875, "complexRate": 0.8125, "complexity1Rate": 0.46875, "complexity2Rate": 0.125, "complexity3Rate": 0.1875, "complexClauseRate": 2.8076923076923075, "sentencesPerParagraph": 0.0, "wordsLengthRate": 5.434065934065934, "compoundRate": 0.0, "positiveNum": 0, "negativeNum": 0, "precoPositiveNum": 0, "precoNegativeNum": 0, "negemoNum": 0, "negationNum": 10, "functionNum": 224, "contentNum": 225, "vulgarNum": 0, "racistNum": 0, "specStyleNum": 0, "addressingNum": 0, "closingNum": 0, "postscriptNum": 0, "brutalNum": 0, "positiveRate": 0.0, "negativeRate": 0.0, "precoPositiveRate": 0.0, "precoNegativeRate": 0.0, "negemoRate": 0.0, "negationRate": 0.022271714922048998, "functionRate": 0.49888641425389757, "contentRate": 0.5011135857461024, "vulgarRate": 0.0, "racistRate": 0.0, "specStyleRate": 0.0, "addressingRate": 0.0, "closingRate": 0.0, "postscriptRate": 0.0, "brutalRate": 0.0, "epistemicNum": 0, "investNum": 0, "conditionNum": 0, "weaselNum": 0, "peacockNum": 0, "hedgeNum": 0, "doxasticNum": 0, "epistemicRate": 0.0, "investRate": 0.0, "conditionRate": 0.0, "weaselRate": 0.0, "peacockRate": 0.0, "hedgeRate": 0.0, "doxasticRate": 0.0, "loveNum": 0, "anxietyNum": 0, "sorrowNum": 0, "joyNum": 0, "disgustNum": 0, "fearNum": 0, "surpriseNum": 0, "angerNum": 0, "loveRate": 0.0, "anxietyRate": 0.0, "sorrowRate": 0.0, "joyRate": 0.0, "disgustRate": 0.0, "fearRate": 0.0, "surpriseRate": 0.0, "angerRate": 0.0, "slangBeGeneralNum": 0, "slangBeCigaretteNum": 0, "slangBeHumanNum": 0, "slangBeVehicleNum": 0, "slangBeDrugNum": 0, "slangBvNum": 0, "slangBeGeneralRate": 0.0, "slangBeCigaretteRate": 0.0, "slangBeHumanRate": 0.0, "slangBeVehicleRate": 0.0, "slangBeDrugRate": 0.0, "slangBvRate": 0.0, "speechactNum": 0, "quoteNum": 0, "dashNum": 0, "publicNum": 0, "privateNum": 0, "suasiveNum": 0, "discMarkerNum": 0, "smileyNum": 0, "dateNum": 0, "hesitationNum": 0, "restartNum": 0, "repeatNum": 0, "conjBeforeDiscNum": 0, "conjAfterDiscNum": 0, "wordBeforeHesitationNum": 0, "wordAfterHesitationNum": 0, "otherCollocationNum": 0, "speechactRate": 0.0, "quoteRate": 0.0, "dashRate": 0.0, "publicRate": 0.0, "privateRate": 0.0, "suasiveRate": 0.0, "discMarkerRate": 0.0, "smileyRate": 0.0, "dateRate": 0.0, "hesitationRate": 0.0, "restartRate": 0.0, "repeatRate": 0.0, "conjBeforeDiscRate": 0.0, "conjAfterDiscRate": 0.0, "wordBeforeHesitationRate": 0.0, "wordAfterHesitationRate": 0.0, "otherCollocationRate": 0.0, "easyWordNum": 430, "hardWordNum": 19, "easyWordRate": 0.9576837416481069, "hardWordRate": 0.042316258351893093, "fleschReadingEaseScore": 76.90419439031184, "gunningFogIndex": 5.629426503340757, "fleschKincaidGradeLevel": 6.018490395322939, "colemanLiauIndex": 11.249184855233853, "smogIndex": 7.531066641456976, "automatedReadabilityIndex": 7.2159590757238306, "linsearWriteIndex": 0.6912583518930959, "author": "", "locationNameNum": 0, "locationNameRate": 0.0, "personNameNum": 0, "personNameRate": 0.0, "organizationNameNum": 0, "organizationNameRate": 0.0, "misspelledNum": 16, "misspelledRate": 0.035634743875278395, "missingAccentNum": 3, "missingAccentRate": 0.0066815144766146995, "foreignAccentNum": 0, "foreignAccentRate": 0.0, "wordConcatNum": 1, "wordConcatRate": 0.0022271714922048997, "jLyMistakeNum": 0, "jLyMistakeRate": 0.0, "freqSuffixNum": 0, "partsNum": 154, "privateVNum": 0, "publicVNum": 0, "clauseWordNum": 79}