{"tokenNum": 438, "sentenceNum": 18, "lemmaNum": 233, "lemmaRate": 0.5319634703196348, "sentenceLength": 24.333333333333332, "allUpperNum": 2, "firstUpperNum": 22, "allUpperRate": 0.0045662100456621, "firstUpperRate": 0.0502283105022831, "declarSentNum": 11, "imperSentNum": 6, "questionNum": 1, "declarSentRate": 0.6111111111111112, "imperSentRate": 0.3333333333333333, "questionRate": 0.05555555555555555, "accent": true, "saturation": 3.6984126984126986, "paragraphNum": 4, "nounNum": 80, "verbNum": 56, "adjNum": 39, "infNum": 8, "partPastNum": 1, "partPresNum": 4, "partFutNum": 0, "transNum": 5, "xNum": 5, "advNum": 57, "properNounNum": 0, "numNum": 1, "conjNum": 41, "punctNum": 69, "pronNum": 31, "relPronNum": 2, "demPronNum": 15, "adposNum": 4, "multiplePunctNum": 0, "phraseNum": 0, "nounRate": 0.182648401826484, "verbRate": 0.1278538812785388, "adjRate": 0.08904109589041095, "infRate": 0.0182648401826484, "partPastRate": 0.00228310502283105, "partPresRate": 0.0091324200913242, "partFutRate": 0.0, "transRate": 0.01141552511415525, "xRate": 0.01141552511415525, "advRate": 0.13013698630136986, "properNounRate": 0.0, "numRate": 0.00228310502283105, "conjRate": 0.09360730593607305, "punctRate": 0.15753424657534246, "pronRate": 0.07077625570776255, "relPronRate": 0.0045662100456621, "demPronRate": 0.03424657534246575, "adposRate": 0.0091324200913242, "multiplePunctRate": 0.0, "partsDensityRate": 3.6825396825396823, "contentfulness": 12.88888888888889, "phraseRate": 0.0, "pastTenseNum": 2, "presentTenseNum": 46, "condNum": 4, "impNum": 6, "freqNum": 0, "causNum": 0, "modalNum": 1, "sg1VerbNum": 11, "sg2VerbNum": 0, "sg3VerbNum": 48, "pl1VerbNum": 14, "pl2VerbNum": 1, "pl3VerbNum": 8, "superlatNum": 0, "comparatNum": 1, "specDerivSuffixNum": 0, "pluralNounNum": 17, "pastTenseRate": 0.03571428571428571, "presentTenseRate": 0.8214285714285714, "condRate": 0.07142857142857142, "impRate": 0.10714285714285714, "freqRate": 0.0, "causRate": 0.0, "modalRate": 0.017857142857142856, "sg1VerbRate": 0.19642857142857142, "sg2VerbRate": 0.0, "sg3VerbRate": 0.8571428571428571, "pl1VerbRate": 0.25, "pl2VerbRate": 0.017857142857142856, "pl3VerbRate": 0.14285714285714285, "superlatRate": 0.0, "comparatRate": 0.02564102564102564, "specDerivSuffixRate": 0.0, "pluralNounRate": 0.2125, "subjNum": 36, "objNum": 16, "attNum": 26, "subordNum": 26, "adverbNum": 69, "coordNum": 15, "clauseNum": 63, "simpleNum": 3, "complexNum": 15, "complexity1Num": 4, "complexity2Num": 2, "complexity3Num": 4, "compoundNum": 0, "subjRate": 0.0821917808219178, "objRate": 0.0365296803652968, "attRate": 0.0593607305936073, "subordRate": 0.0593607305936073, "adverbRate": 0.15753424657534246, "coordRate": 0.03424657534246575, "partsRate": 2.5714285714285716, "clauseRate": 3.5, "simpleRate": 0.16666666666666666, "complexRate": 0.8333333333333334, "complexity1Rate": 0.2222222222222222, "complexity2Rate": 0.1111111111111111, "complexity3Rate": 0.2222222222222222, "complexClauseRate": 4.0, "sentencesPerParagraph": 4.5, "wordsLengthRate": 5.6531165311653115, "compoundRate": 0.0, "positiveNum": 0, "negativeNum": 0, "precoPositiveNum": 0, "precoNegativeNum": 0, "negemoNum": 0, "negationNum": 9, "functionNum": 206, "contentNum": 232, "vulgarNum": 0, "racistNum": 0, "specStyleNum": 0, "addressingNum": 0, "closingNum": 0, "postscriptNum": 0, "brutalNum": 0, "positiveRate": 0.0, "negativeRate": 0.0, "precoPositiveRate": 0.0, "precoNegativeRate": 0.0, "negemoRate": 0.0, "negationRate": 0.02054794520547945, "functionRate": 0.4703196347031963, "contentRate": 0.5296803652968036, "vulgarRate": 0.0, "racistRate": 0.0, "specStyleRate": 0.0, "addressingRate": 0.0, "closingRate": 0.0, "postscriptRate": 0.0, "brutalRate": 0.0, "epistemicNum": 0, "investNum": 0, "conditionNum": 0, "weaselNum": 0, "peacockNum": 0, "hedgeNum": 0, "doxasticNum": 0, "epistemicRate": 0.0, "investRate": 0.0, "conditionRate": 0.0, "weaselRate": 0.0, "peacockRate": 0.0, "hedgeRate": 0.0, "doxasticRate": 0.0, "loveNum": 0, "anxietyNum": 0, "sorrowNum": 0, "joyNum": 0, "disgustNum": 0, "fearNum": 0, "surpriseNum": 0, "angerNum": 0, "loveRate": 0.0, "anxietyRate": 0.0, "sorrowRate": 0.0, "joyRate": 0.0, "disgustRate": 0.0, "fearRate": 0.0, "surpriseRate": 0.0, "angerRate": 0.0, "slangBeGeneralNum": 0, "slangBeCigaretteNum": 0, "slangBeHumanNum": 0, "slangBeVehicleNum": 0, "slangBeDrugNum": 0, "slangBvNum": 0, "slangBeGeneralRate": 0.0, "slangBeCigaretteRate": 0.0, "slangBeHumanRate": 0.0, "slangBeVehicleRate": 0.0, "slangBeDrugRate": 0.0, "slangBvRate": 0.0, "speechactNum": 0, "quoteNum": 0, "dashNum": 0, "publicNum": 0, "privateNum": 0, "suasiveNum": 0, "discMarkerNum": 0, "smileyNum": 0, "dateNum": 0, "hesitationNum": 0, "restartNum": 0, "repeatNum": 0, "conjBeforeDiscNum": 0, "conjAfterDiscNum": 0, "wordBeforeHesitationNum": 0, "wordAfterHesitationNum": 0, "otherCollocationNum": 0, "speechactRate": 0.0, "quoteRate": 0.0, "dashRate": 0.0, "publicRate": 0.0, "privateRate": 0.0, "suasiveRate": 0.0, "discMarkerRate": 0.0, "smileyRate": 0.0, "dateRate": 0.0, "hesitationRate": 0.0, "restartRate": 0.0, "repeatRate": 0.0, "conjBeforeDiscRate": 0.0, "conjAfterDiscRate": 0.0, "wordBeforeHesitationRate": 0.0, "wordAfterHesitationRate": 0.0, "otherCollocationRate": 0.0, "easyWordNum": 398, "hardWordNum": 40, "easyWordRate": 0.908675799086758, "hardWordRate": 0.091324200913242, "fleschReadingEaseScore": 46.158584474885885, "gunningFogIndex": 9.76986301369863, "fleschKincaidGradeLevel": 12.866210045662104, "colemanLiauIndex": 13.071634703196349, "smogIndex": 9.725611199111238, "automatedReadabilityIndex": 13.824269406392695, "linsearWriteIndex": 2.2597666159309995, "author": "", "locationNameNum": 0, "locationNameRate": 0.0, "personNameNum": 0, "personNameRate": 0.0, "organizationNameNum": 0, "organizationNameRate": 0.0, "misspelledNum": 11, "misspelledRate": 0.02511415525114155, "missingAccentNum": 0, "missingAccentRate": 0.0, "foreignAccentNum": 0, "foreignAccentRate": 0.0, "wordConcatNum": 2, "wordConcatRate": 0.0045662100456621, "jLyMistakeNum": 0, "jLyMistakeRate": 0.0, "freqSuffixNum": 0, "partsNum": 162, "privateVNum": 0, "publicVNum": 0, "clauseWordNum": 63}