{"tokenNum": 399, "sentenceNum": 29, "lemmaNum": 194, "lemmaRate": 0.48621553884711777, "sentenceLength": 13.758620689655173, "allUpperNum": 0, "firstUpperNum": 34, "allUpperRate": 0.0, "firstUpperRate": 0.08521303258145363, "declarSentNum": 15, "imperSentNum": 14, "questionNum": 0, "declarSentRate": 0.5172413793103449, "imperSentRate": 0.4827586206896552, "questionRate": 0.0, "accent": true, "saturation": 3.129032258064516, "paragraphNum": 2, "nounNum": 64, "verbNum": 55, "adjNum": 37, "infNum": 9, "partPastNum": 0, "partPresNum": 4, "partFutNum": 1, "transNum": 2, "xNum": 3, "advNum": 42, "properNounNum": 4, "numNum": 1, "conjNum": 39, "punctNum": 75, "pronNum": 30, "relPronNum": 7, "demPronNum": 22, "adposNum": 6, "multiplePunctNum": 0, "phraseNum": 0, "nounRate": 0.16040100250626566, "verbRate": 0.13784461152882205, "adjRate": 0.09273182957393483, "infRate": 0.022556390977443608, "partPastRate": 0.0, "partPresRate": 0.010025062656641603, "partFutRate": 0.002506265664160401, "transRate": 0.005012531328320802, "xRate": 0.007518796992481203, "advRate": 0.10526315789473684, "properNounRate": 0.010025062656641603, "numRate": 0.002506265664160401, "conjRate": 0.09774436090225563, "punctRate": 0.18796992481203006, "pronRate": 0.07518796992481203, "relPronRate": 0.017543859649122806, "demPronRate": 0.05513784461152882, "adposRate": 0.015037593984962405, "multiplePunctRate": 0.0, "partsDensityRate": 3.193548387096774, "contentfulness": 6.827586206896552, "phraseRate": 0.0, "pastTenseNum": 3, "presentTenseNum": 43, "condNum": 0, "impNum": 7, "freqNum": 0, "causNum": 0, "modalNum": 1, "sg1VerbNum": 13, "sg2VerbNum": 0, "sg3VerbNum": 40, "pl1VerbNum": 15, "pl2VerbNum": 1, "pl3VerbNum": 13, "superlatNum": 2, "comparatNum": 0, "specDerivSuffixNum": 0, "pluralNounNum": 16, "pastTenseRate": 0.05454545454545454, "presentTenseRate": 0.7818181818181819, "condRate": 0.0, "impRate": 0.12727272727272726, "freqRate": 0.0, "causRate": 0.0, "modalRate": 0.01818181818181818, "sg1VerbRate": 0.23636363636363636, "sg2VerbRate": 0.0, "sg3VerbRate": 0.7272727272727273, "pl1VerbRate": 0.2727272727272727, "pl2VerbRate": 0.01818181818181818, "pl3VerbRate": 0.23636363636363636, "superlatRate": 0.05405405405405406, "comparatRate": 0.0, "specDerivSuffixRate": 0.0, "pluralNounRate": 0.25, "subjNum": 23, "objNum": 18, "attNum": 23, "subordNum": 23, "adverbNum": 50, "coordNum": 18, "clauseNum": 62, "simpleNum": 11, "complexNum": 18, "complexity1Num": 11, "complexity2Num": 2, "complexity3Num": 2, "compoundNum": 0, "subjRate": 0.05764411027568922, "objRate": 0.045112781954887216, "attRate": 0.05764411027568922, "subordRate": 0.05764411027568922, "adverbRate": 0.12531328320802004, "coordRate": 0.045112781954887216, "partsRate": 2.129032258064516, "clauseRate": 2.1379310344827585, "simpleRate": 0.3793103448275862, "complexRate": 0.6206896551724138, "complexity1Rate": 0.3793103448275862, "complexity2Rate": 0.06896551724137931, "complexity3Rate": 0.06896551724137931, "complexClauseRate": 2.8333333333333335, "sentencesPerParagraph": 14.5, "wordsLengthRate": 5.296296296296297, "compoundRate": 0.0, "positiveNum": 0, "negativeNum": 0, "precoPositiveNum": 0, "precoNegativeNum": 0, "negemoNum": 0, "negationNum": 6, "functionNum": 201, "contentNum": 198, "vulgarNum": 0, "racistNum": 0, "specStyleNum": 0, "addressingNum": 0, "closingNum": 0, "postscriptNum": 0, "brutalNum": 0, "positiveRate": 0.0, "negativeRate": 0.0, "precoPositiveRate": 0.0, "precoNegativeRate": 0.0, "negemoRate": 0.0, "negationRate": 0.015037593984962405, "functionRate": 0.5037593984962406, "contentRate": 0.49624060150375937, "vulgarRate": 0.0, "racistRate": 0.0, "specStyleRate": 0.0, "addressingRate": 0.0, "closingRate": 0.0, "postscriptRate": 0.0, "brutalRate": 0.0, "epistemicNum": 0, "investNum": 0, "conditionNum": 0, "weaselNum": 0, "peacockNum": 0, "hedgeNum": 0, "doxasticNum": 0, "epistemicRate": 0.0, "investRate": 0.0, "conditionRate": 0.0, "weaselRate": 0.0, "peacockRate": 0.0, "hedgeRate": 0.0, "doxasticRate": 0.0, "loveNum": 0, "anxietyNum": 0, "sorrowNum": 0, "joyNum": 0, "disgustNum": 0, "fearNum": 0, "surpriseNum": 0, "angerNum": 0, "loveRate": 0.0, "anxietyRate": 0.0, "sorrowRate": 0.0, "joyRate": 0.0, "disgustRate": 0.0, "fearRate": 0.0, "surpriseRate": 0.0, "angerRate": 0.0, "slangBeGeneralNum": 0, "slangBeCigaretteNum": 0, "slangBeHumanNum": 0, "slangBeVehicleNum": 0, "slangBeDrugNum": 0, "slangBvNum": 0, "slangBeGeneralRate": 0.0, "slangBeCigaretteRate": 0.0, "slangBeHumanRate": 0.0, "slangBeVehicleRate": 0.0, "slangBeDrugRate": 0.0, "slangBvRate": 0.0, "speechactNum": 0, "quoteNum": 0, "dashNum": 0, "publicNum": 0, "privateNum": 0, "suasiveNum": 0, "discMarkerNum": 0, "smileyNum": 0, "dateNum": 0, "hesitationNum": 0, "restartNum": 0, "repeatNum": 0, "conjBeforeDiscNum": 0, "conjAfterDiscNum": 0, "wordBeforeHesitationNum": 0, "wordAfterHesitationNum": 0, "otherCollocationNum": 0, "speechactRate": 0.0, "quoteRate": 0.0, "dashRate": 0.0, "publicRate": 0.0, "privateRate": 0.0, "suasiveRate": 0.0, "discMarkerRate": 0.0, "smileyRate": 0.0, "dateRate": 0.0, "hesitationRate": 0.0, "restartRate": 0.0, "repeatRate": 0.0, "conjBeforeDiscRate": 0.0, "conjAfterDiscRate": 0.0, "wordBeforeHesitationRate": 0.0, "wordAfterHesitationRate": 0.0, "otherCollocationRate": 0.0, "easyWordNum": 379, "hardWordNum": 20, "easyWordRate": 0.949874686716792, "hardWordRate": 0.05012531328320802, "fleschReadingEaseScore": 75.82939849624061, "gunningFogIndex": 5.5234984011753525, "fleschKincaidGradeLevel": 6.100674099040706, "colemanLiauIndex": 10.579305764411025, "smogIndex": 7.793537801064561, "automatedReadabilityIndex": 6.5439719989629275, "linsearWriteIndex": 0.8883415435139572, "author": "", "locationNameNum": 1, "locationNameRate": 0.002506265664160401, "personNameNum": 1, "personNameRate": 0.002506265664160401, "organizationNameNum": 0, "organizationNameRate": 0.0, "misspelledNum": 6, "misspelledRate": 0.015037593984962405, "missingAccentNum": 1, "missingAccentRate": 0.002506265664160401, "foreignAccentNum": 0, "foreignAccentRate": 0.0, "wordConcatNum": 3, "wordConcatRate": 0.007518796992481203, "jLyMistakeNum": 0, "jLyMistakeRate": 0.0, "freqSuffixNum": 0, "partsNum": 132, "privateVNum": 0, "publicVNum": 0, "clauseWordNum": 62}