{"tokenNum": 400, "sentenceNum": 24, "lemmaNum": 207, "lemmaRate": 0.5175, "sentenceLength": 16.666666666666668, "allUpperNum": 0, "firstUpperNum": 25, "allUpperRate": 0.0, "firstUpperRate": 0.0625, "declarSentNum": 4, "imperSentNum": 15, "questionNum": 5, "declarSentRate": 0.16666666666666666, "imperSentRate": 0.625, "questionRate": 0.20833333333333334, "accent": true, "saturation": 3.08955223880597, "paragraphNum": 3, "nounNum": 67, "verbNum": 54, "adjNum": 35, "infNum": 3, "partPastNum": 4, "partPresNum": 1, "partFutNum": 0, "transNum": 0, "xNum": 3, "advNum": 32, "properNounNum": 0, "numNum": 1, "conjNum": 37, "punctNum": 75, "pronNum": 30, "relPronNum": 4, "demPronNum": 20, "adposNum": 4, "multiplePunctNum": 1, "phraseNum": 0, "nounRate": 0.1675, "verbRate": 0.135, "adjRate": 0.0875, "infRate": 0.0075, "partPastRate": 0.01, "partPresRate": 0.0025, "partFutRate": 0.0, "transRate": 0.0, "xRate": 0.0075, "advRate": 0.08, "properNounRate": 0.0, "numRate": 0.0025, "conjRate": 0.0925, "punctRate": 0.1875, "pronRate": 0.075, "relPronRate": 0.01, "demPronRate": 0.05, "adposRate": 0.01, "multiplePunctRate": 0.013333333333333334, "partsDensityRate": 2.8059701492537314, "contentfulness": 7.833333333333333, "phraseRate": 0.0, "pastTenseNum": 6, "presentTenseNum": 45, "condNum": 6, "impNum": 6, "freqNum": 0, "causNum": 1, "modalNum": 3, "sg1VerbNum": 14, "sg2VerbNum": 5, "sg3VerbNum": 40, "pl1VerbNum": 8, "pl2VerbNum": 1, "pl3VerbNum": 15, "superlatNum": 1, "comparatNum": 2, "specDerivSuffixNum": 0, "pluralNounNum": 18, "pastTenseRate": 0.1111111111111111, "presentTenseRate": 0.8333333333333334, "condRate": 0.1111111111111111, "impRate": 0.1111111111111111, "freqRate": 0.0, "causRate": 0.018518518518518517, "modalRate": 0.05555555555555555, "sg1VerbRate": 0.25925925925925924, "sg2VerbRate": 0.09259259259259259, "sg3VerbRate": 0.7407407407407407, "pl1VerbRate": 0.14814814814814814, "pl2VerbRate": 0.018518518518518517, "pl3VerbRate": 0.2777777777777778, "superlatRate": 0.02857142857142857, "comparatRate": 0.05714285714285714, "specDerivSuffixRate": 0.0, "pluralNounRate": 0.26865671641791045, "subjNum": 27, "objNum": 21, "attNum": 20, "subordNum": 19, "adverbNum": 44, "coordNum": 21, "clauseNum": 67, "simpleNum": 4, "complexNum": 20, "complexity1Num": 7, "complexity2Num": 5, "complexity3Num": 6, "compoundNum": 0, "subjRate": 0.0675, "objRate": 0.0525, "attRate": 0.05, "subordRate": 0.0475, "adverbRate": 0.11, "coordRate": 0.0525, "partsRate": 1.9850746268656716, "clauseRate": 2.7916666666666665, "simpleRate": 0.16666666666666666, "complexRate": 0.8333333333333334, "complexity1Rate": 0.2916666666666667, "complexity2Rate": 0.20833333333333334, "complexity3Rate": 0.25, "complexClauseRate": 3.15, "sentencesPerParagraph": 8.0, "wordsLengthRate": 5.396923076923077, "compoundRate": 0.0, "positiveNum": 0, "negativeNum": 0, "precoPositiveNum": 0, "precoNegativeNum": 0, "negemoNum": 0, "negationNum": 6, "functionNum": 212, "contentNum": 188, "vulgarNum": 0, "racistNum": 0, "specStyleNum": 0, "addressingNum": 0, "closingNum": 0, "postscriptNum": 0, "brutalNum": 0, "positiveRate": 0.0, "negativeRate": 0.0, "precoPositiveRate": 0.0, "precoNegativeRate": 0.0, "negemoRate": 0.0, "negationRate": 0.015, "functionRate": 0.53, "contentRate": 0.47, "vulgarRate": 0.0, "racistRate": 0.0, "specStyleRate": 0.0, "addressingRate": 0.0, "closingRate": 0.0, "postscriptRate": 0.0, "brutalRate": 0.0, "epistemicNum": 0, "investNum": 0, "conditionNum": 0, "weaselNum": 0, "peacockNum": 0, "hedgeNum": 0, "doxasticNum": 0, "epistemicRate": 0.0, "investRate": 0.0, "conditionRate": 0.0, "weaselRate": 0.0, "peacockRate": 0.0, "hedgeRate": 0.0, "doxasticRate": 0.0, "loveNum": 0, "anxietyNum": 0, "sorrowNum": 0, "joyNum": 0, "disgustNum": 0, "fearNum": 0, "surpriseNum": 0, "angerNum": 0, "loveRate": 0.0, "anxietyRate": 0.0, "sorrowRate": 0.0, "joyRate": 0.0, "disgustRate": 0.0, "fearRate": 0.0, "surpriseRate": 0.0, "angerRate": 0.0, "slangBeGeneralNum": 0, "slangBeCigaretteNum": 0, "slangBeHumanNum": 0, "slangBeVehicleNum": 0, "slangBeDrugNum": 0, "slangBvNum": 0, "slangBeGeneralRate": 0.0, "slangBeCigaretteRate": 0.0, "slangBeHumanRate": 0.0, "slangBeVehicleRate": 0.0, "slangBeDrugRate": 0.0, "slangBvRate": 0.0, "speechactNum": 0, "quoteNum": 0, "dashNum": 0, "publicNum": 0, "privateNum": 0, "suasiveNum": 0, "discMarkerNum": 0, "smileyNum": 0, "dateNum": 0, "hesitationNum": 0, "restartNum": 0, "repeatNum": 0, "conjBeforeDiscNum": 0, "conjAfterDiscNum": 0, "wordBeforeHesitationNum": 0, "wordAfterHesitationNum": 0, "otherCollocationNum": 0, "speechactRate": 0.0, "quoteRate": 0.0, "dashRate": 0.0, "publicRate": 0.0, "privateRate": 0.0, "suasiveRate": 0.0, "discMarkerRate": 0.0, "smileyRate": 0.0, "dateRate": 0.0, "hesitationRate": 0.0, "restartRate": 0.0, "repeatRate": 0.0, "conjBeforeDiscRate": 0.0, "conjAfterDiscRate": 0.0, "wordBeforeHesitationRate": 0.0, "wordAfterHesitationRate": 0.0, "otherCollocationRate": 0.0, "easyWordNum": 371, "hardWordNum": 29, "easyWordRate": 0.9275, "hardWordRate": 0.0725, "fleschReadingEaseScore": 68.51733333333335, "gunningFogIndex": 6.695666666666668, "fleschKincaidGradeLevel": 7.8430000000000035, "colemanLiauIndex": 11.072944999999997, "smogIndex": 8.745826893841286, "automatedReadabilityIndex": 8.392708333333331, "linsearWriteIndex": 1.3697916666666665, "author": "", "locationNameNum": 0, "locationNameRate": 0.0, "personNameNum": 0, "personNameRate": 0.0, "organizationNameNum": 0, "organizationNameRate": 0.0, "misspelledNum": 12, "misspelledRate": 0.03, "missingAccentNum": 2, "missingAccentRate": 0.005, "foreignAccentNum": 0, "foreignAccentRate": 0.0, "wordConcatNum": 1, "wordConcatRate": 0.0025, "jLyMistakeNum": 1, "jLyMistakeRate": 0.0025, "freqSuffixNum": 0, "partsNum": 133, "privateVNum": 0, "publicVNum": 0, "clauseWordNum": 67}