{"tokenNum": 510, "sentenceNum": 32, "lemmaNum": 248, "lemmaRate": 0.48627450980392156, "sentenceLength": 15.9375, "allUpperNum": 0, "firstUpperNum": 37, "allUpperRate": 0.0, "firstUpperRate": 0.07254901960784314, "declarSentNum": 26, "imperSentNum": 6, "questionNum": 0, "declarSentRate": 0.8125, "imperSentRate": 0.1875, "questionRate": 0.0, "accent": true, "saturation": 3.024390243902439, "paragraphNum": 7, "nounNum": 88, "verbNum": 76, "adjNum": 42, "infNum": 14, "partPastNum": 0, "partPresNum": 2, "partFutNum": 0, "transNum": 3, "xNum": 16, "advNum": 49, "properNounNum": 5, "numNum": 0, "conjNum": 40, "punctNum": 91, "pronNum": 47, "relPronNum": 7, "demPronNum": 23, "adposNum": 3, "multiplePunctNum": 0, "phraseNum": 0, "nounRate": 0.17254901960784313, "verbRate": 0.14901960784313725, "adjRate": 0.08235294117647059, "infRate": 0.027450980392156862, "partPastRate": 0.0, "partPresRate": 0.00392156862745098, "partFutRate": 0.0, "transRate": 0.0058823529411764705, "xRate": 0.03137254901960784, "advRate": 0.09607843137254903, "properNounRate": 0.00980392156862745, "numRate": 0.0, "conjRate": 0.0784313725490196, "punctRate": 0.1784313725490196, "pronRate": 0.09215686274509804, "relPronRate": 0.013725490196078431, "demPronRate": 0.045098039215686274, "adposRate": 0.0058823529411764705, "multiplePunctRate": 0.0, "partsDensityRate": 3.1097560975609757, "contentfulness": 7.96875, "phraseRate": 0.0, "pastTenseNum": 10, "presentTenseNum": 52, "condNum": 4, "impNum": 6, "freqNum": 0, "causNum": 0, "modalNum": 5, "sg1VerbNum": 32, "sg2VerbNum": 1, "sg3VerbNum": 59, "pl1VerbNum": 8, "pl2VerbNum": 4, "pl3VerbNum": 12, "superlatNum": 1, "comparatNum": 0, "specDerivSuffixNum": 0, "pluralNounNum": 8, "pastTenseRate": 0.13157894736842105, "presentTenseRate": 0.6842105263157895, "condRate": 0.05263157894736842, "impRate": 0.07894736842105263, "freqRate": 0.0, "causRate": 0.0, "modalRate": 0.06578947368421052, "sg1VerbRate": 0.42105263157894735, "sg2VerbRate": 0.013157894736842105, "sg3VerbRate": 0.7763157894736842, "pl1VerbRate": 0.10526315789473684, "pl2VerbRate": 0.05263157894736842, "pl3VerbRate": 0.15789473684210525, "superlatRate": 0.023809523809523808, "comparatRate": 0.0, "specDerivSuffixRate": 0.0, "pluralNounRate": 0.09090909090909091, "subjNum": 33, "objNum": 24, "attNum": 21, "subordNum": 29, "adverbNum": 68, "coordNum": 25, "clauseNum": 82, "simpleNum": 8, "complexNum": 24, "complexity1Num": 11, "complexity2Num": 4, "complexity3Num": 7, "compoundNum": 0, "subjRate": 0.06470588235294118, "objRate": 0.047058823529411764, "attRate": 0.041176470588235294, "subordRate": 0.056862745098039215, "adverbRate": 0.13333333333333333, "coordRate": 0.049019607843137254, "partsRate": 2.0853658536585367, "clauseRate": 2.5625, "simpleRate": 0.25, "complexRate": 0.75, "complexity1Rate": 0.34375, "complexity2Rate": 0.125, "complexity3Rate": 0.21875, "complexClauseRate": 3.0833333333333335, "sentencesPerParagraph": 4.571428571428571, "wordsLengthRate": 5.291169451073985, "compoundRate": 0.0, "positiveNum": 0, "negativeNum": 0, "precoPositiveNum": 0, "precoNegativeNum": 0, "negemoNum": 0, "negationNum": 14, "functionNum": 255, "contentNum": 255, "vulgarNum": 0, "racistNum": 0, "specStyleNum": 0, "addressingNum": 0, "closingNum": 0, "postscriptNum": 0, "brutalNum": 0, "positiveRate": 0.0, "negativeRate": 0.0, "precoPositiveRate": 0.0, "precoNegativeRate": 0.0, "negemoRate": 0.0, "negationRate": 0.027450980392156862, "functionRate": 0.5, "contentRate": 0.5, "vulgarRate": 0.0, "racistRate": 0.0, "specStyleRate": 0.0, "addressingRate": 0.0, "closingRate": 0.0, "postscriptRate": 0.0, "brutalRate": 0.0, "epistemicNum": 0, "investNum": 0, "conditionNum": 0, "weaselNum": 0, "peacockNum": 0, "hedgeNum": 0, "doxasticNum": 0, "epistemicRate": 0.0, "investRate": 0.0, "conditionRate": 0.0, "weaselRate": 0.0, "peacockRate": 0.0, "hedgeRate": 0.0, "doxasticRate": 0.0, "loveNum": 0, "anxietyNum": 0, "sorrowNum": 0, "joyNum": 0, "disgustNum": 0, "fearNum": 0, "surpriseNum": 0, "angerNum": 0, "loveRate": 0.0, "anxietyRate": 0.0, "sorrowRate": 0.0, "joyRate": 0.0, "disgustRate": 0.0, "fearRate": 0.0, "surpriseRate": 0.0, "angerRate": 0.0, "slangBeGeneralNum": 0, "slangBeCigaretteNum": 0, "slangBeHumanNum": 0, "slangBeVehicleNum": 0, "slangBeDrugNum": 0, "slangBvNum": 0, "slangBeGeneralRate": 0.0, "slangBeCigaretteRate": 0.0, "slangBeHumanRate": 0.0, "slangBeVehicleRate": 0.0, "slangBeDrugRate": 0.0, "slangBvRate": 0.0, "speechactNum": 0, "quoteNum": 0, "dashNum": 0, "publicNum": 0, "privateNum": 0, "suasiveNum": 0, "discMarkerNum": 0, "smileyNum": 0, "dateNum": 0, "hesitationNum": 0, "restartNum": 0, "repeatNum": 1, "conjBeforeDiscNum": 0, "conjAfterDiscNum": 0, "wordBeforeHesitationNum": 0, "wordAfterHesitationNum": 0, "otherCollocationNum": 0, "speechactRate": 0.0, "quoteRate": 0.0, "dashRate": 0.0, "publicRate": 0.0, "privateRate": 0.0, "suasiveRate": 0.0, "discMarkerRate": 0.0, "smileyRate": 0.0, "dateRate": 0.0, "hesitationRate": 0.0, "restartRate": 0.0, "repeatRate": 0.00196078431372549, "conjBeforeDiscRate": 0.0, "conjAfterDiscRate": 0.0, "wordBeforeHesitationRate": 0.0, "wordAfterHesitationRate": 0.0, "otherCollocationRate": 0.0, "easyWordNum": 481, "hardWordNum": 29, "easyWordRate": 0.9431372549019608, "hardWordRate": 0.056862745098039215, "fleschReadingEaseScore": 65.41726102941179, "gunningFogIndex": 6.397745098039216, "fleschKincaidGradeLevel": 8.094252450980392, "colemanLiauIndex": 10.693262745098036, "smogIndex": 8.567472430010655, "automatedReadabilityIndex": 7.724514705882353, "linsearWriteIndex": 0.71875, "author": "", "locationNameNum": 1, "locationNameRate": 0.00196078431372549, "personNameNum": 2, "personNameRate": 0.00392156862745098, "organizationNameNum": 0, "organizationNameRate": 0.0, "misspelledNum": 48, "misspelledRate": 0.09411764705882353, "missingAccentNum": 10, "missingAccentRate": 0.0196078431372549, "foreignAccentNum": 0, "foreignAccentRate": 0.0, "wordConcatNum": 3, "wordConcatRate": 0.0058823529411764705, "jLyMistakeNum": 0, "jLyMistakeRate": 0.0, "freqSuffixNum": 0, "partsNum": 171, "privateVNum": 0, "publicVNum": 0, "clauseWordNum": 82}