{"tokenNum": 376, "sentenceNum": 17, "lemmaNum": 173, "lemmaRate": 0.4601063829787234, "sentenceLength": 22.11764705882353, "allUpperNum": 0, "firstUpperNum": 17, "allUpperRate": 0.0, "firstUpperRate": 0.04521276595744681, "declarSentNum": 17, "imperSentNum": 0, "questionNum": 0, "declarSentRate": 1.0, "imperSentRate": 0.0, "questionRate": 0.0, "accent": true, "saturation": 2.8360655737704916, "paragraphNum": 0, "nounNum": 59, "verbNum": 61, "adjNum": 37, "infNum": 11, "partPastNum": 2, "partPresNum": 2, "partFutNum": 0, "transNum": 1, "xNum": 0, "advNum": 36, "properNounNum": 0, "numNum": 1, "conjNum": 38, "punctNum": 66, "pronNum": 28, "relPronNum": 2, "demPronNum": 13, "adposNum": 2, "multiplePunctNum": 0, "phraseNum": 0, "nounRate": 0.15691489361702127, "verbRate": 0.1622340425531915, "adjRate": 0.09840425531914894, "infRate": 0.02925531914893617, "partPastRate": 0.005319148936170213, "partPresRate": 0.005319148936170213, "partFutRate": 0.0, "transRate": 0.0026595744680851063, "xRate": 0.0, "advRate": 0.09574468085106383, "properNounRate": 0.0, "numRate": 0.0026595744680851063, "conjRate": 0.10106382978723404, "punctRate": 0.17553191489361702, "pronRate": 0.07446808510638298, "relPronRate": 0.005319148936170213, "demPronRate": 0.034574468085106384, "adposRate": 0.005319148936170213, "multiplePunctRate": 0.0, "partsDensityRate": 3.1639344262295084, "contentfulness": 11.352941176470589, "phraseRate": 0.0, "pastTenseNum": 7, "presentTenseNum": 44, "condNum": 1, "impNum": 10, "freqNum": 0, "causNum": 0, "modalNum": 3, "sg1VerbNum": 26, "sg2VerbNum": 5, "sg3VerbNum": 44, "pl1VerbNum": 3, "pl2VerbNum": 1, "pl3VerbNum": 4, "superlatNum": 0, "comparatNum": 0, "specDerivSuffixNum": 0, "pluralNounNum": 8, "pastTenseRate": 0.11475409836065574, "presentTenseRate": 0.7213114754098361, "condRate": 0.01639344262295082, "impRate": 0.16393442622950818, "freqRate": 0.0, "causRate": 0.0, "modalRate": 0.04918032786885246, "sg1VerbRate": 0.4262295081967213, "sg2VerbRate": 0.08196721311475409, "sg3VerbRate": 0.7213114754098361, "pl1VerbRate": 0.04918032786885246, "pl2VerbRate": 0.01639344262295082, "pl3VerbRate": 0.06557377049180328, "superlatRate": 0.0, "comparatRate": 0.0, "specDerivSuffixRate": 0.0, "pluralNounRate": 0.13559322033898305, "subjNum": 19, "objNum": 12, "attNum": 18, "subordNum": 16, "adverbNum": 49, "coordNum": 26, "clauseNum": 61, "simpleNum": 1, "complexNum": 16, "complexity1Num": 3, "complexity2Num": 6, "complexity3Num": 3, "compoundNum": 0, "subjRate": 0.05053191489361702, "objRate": 0.031914893617021274, "attRate": 0.047872340425531915, "subordRate": 0.0425531914893617, "adverbRate": 0.13031914893617022, "coordRate": 0.06914893617021277, "partsRate": 2.0327868852459017, "clauseRate": 3.588235294117647, "simpleRate": 0.058823529411764705, "complexRate": 0.9411764705882353, "complexity1Rate": 0.17647058823529413, "complexity2Rate": 0.35294117647058826, "complexity3Rate": 0.17647058823529413, "complexClauseRate": 3.75, "sentencesPerParagraph": 0.0, "wordsLengthRate": 5.303225806451613, "compoundRate": 0.0, "positiveNum": 0, "negativeNum": 0, "precoPositiveNum": 0, "precoNegativeNum": 0, "negemoNum": 0, "negationNum": 9, "functionNum": 183, "contentNum": 193, "vulgarNum": 0, "racistNum": 0, "specStyleNum": 0, "addressingNum": 0, "closingNum": 0, "postscriptNum": 0, "brutalNum": 0, "positiveRate": 0.0, "negativeRate": 0.0, "precoPositiveRate": 0.0, "precoNegativeRate": 0.0, "negemoRate": 0.0, "negationRate": 0.023936170212765957, "functionRate": 0.4867021276595745, "contentRate": 0.5132978723404256, "vulgarRate": 0.0, "racistRate": 0.0, "specStyleRate": 0.0, "addressingRate": 0.0, "closingRate": 0.0, "postscriptRate": 0.0, "brutalRate": 0.0, "epistemicNum": 0, "investNum": 0, "conditionNum": 0, "weaselNum": 0, "peacockNum": 0, "hedgeNum": 0, "doxasticNum": 0, "epistemicRate": 0.0, "investRate": 0.0, "conditionRate": 0.0, "weaselRate": 0.0, "peacockRate": 0.0, "hedgeRate": 0.0, "doxasticRate": 0.0, "loveNum": 0, "anxietyNum": 0, "sorrowNum": 0, "joyNum": 0, "disgustNum": 0, "fearNum": 0, "surpriseNum": 0, "angerNum": 0, "loveRate": 0.0, "anxietyRate": 0.0, "sorrowRate": 0.0, "joyRate": 0.0, "disgustRate": 0.0, "fearRate": 0.0, "surpriseRate": 0.0, "angerRate": 0.0, "slangBeGeneralNum": 0, "slangBeCigaretteNum": 0, "slangBeHumanNum": 0, "slangBeVehicleNum": 0, "slangBeDrugNum": 0, "slangBvNum": 0, "slangBeGeneralRate": 0.0, "slangBeCigaretteRate": 0.0, "slangBeHumanRate": 0.0, "slangBeVehicleRate": 0.0, "slangBeDrugRate": 0.0, "slangBvRate": 0.0, "speechactNum": 0, "quoteNum": 1, "dashNum": 0, "publicNum": 0, "privateNum": 0, "suasiveNum": 0, "discMarkerNum": 0, "smileyNum": 0, "dateNum": 0, "hesitationNum": 0, "restartNum": 0, "repeatNum": 0, "conjBeforeDiscNum": 0, "conjAfterDiscNum": 0, "wordBeforeHesitationNum": 0, "wordAfterHesitationNum": 0, "otherCollocationNum": 0, "speechactRate": 0.0, "quoteRate": 0.0026595744680851063, "dashRate": 0.0, "publicRate": 0.0, "privateRate": 0.0, "suasiveRate": 0.0, "discMarkerRate": 0.0, "smileyRate": 0.0, "dateRate": 0.0, "hesitationRate": 0.0, "restartRate": 0.0, "repeatRate": 0.0, "conjBeforeDiscRate": 0.0, "conjAfterDiscRate": 0.0, "wordBeforeHesitationRate": 0.0, "wordAfterHesitationRate": 0.0, "otherCollocationRate": 0.0, "easyWordNum": 358, "hardWordNum": 18, "easyWordRate": 0.9521276595744681, "hardWordRate": 0.047872340425531915, "fleschReadingEaseScore": 65.36058823529414, "gunningFogIndex": 8.866207759699625, "fleschKincaidGradeLevel": 9.637478097622033, "colemanLiauIndex": 10.98683244680851, "smogIndex": 7.554174236665414, "automatedReadabilityIndex": 11.04930225281602, "linsearWriteIndex": 2.222778473091364, "author": "", "locationNameNum": 0, "locationNameRate": 0.0, "personNameNum": 0, "personNameRate": 0.0, "organizationNameNum": 0, "organizationNameRate": 0.0, "misspelledNum": 11, "misspelledRate": 0.02925531914893617, "missingAccentNum": 4, "missingAccentRate": 0.010638297872340425, "foreignAccentNum": 1, "foreignAccentRate": 0.0026595744680851063, "wordConcatNum": 2, "wordConcatRate": 0.005319148936170213, "jLyMistakeNum": 0, "jLyMistakeRate": 0.0, "freqSuffixNum": 0, "partsNum": 124, "privateVNum": 0, "publicVNum": 0, "clauseWordNum": 61}