{"tokenNum": 259, "sentenceNum": 13, "lemmaNum": 150, "lemmaRate": 0.5791505791505791, "sentenceLength": 19.923076923076923, "allUpperNum": 0, "firstUpperNum": 14, "allUpperRate": 0.0, "firstUpperRate": 0.05405405405405406, "declarSentNum": 7, "imperSentNum": 4, "questionNum": 2, "declarSentRate": 0.5384615384615384, "imperSentRate": 0.3076923076923077, "questionRate": 0.15384615384615385, "accent": true, "saturation": 3.8461538461538463, "paragraphNum": 0, "nounNum": 45, "verbNum": 29, "adjNum": 26, "infNum": 3, "partPastNum": 0, "partPresNum": 3, "partFutNum": 0, "transNum": 3, "xNum": 2, "advNum": 33, "properNounNum": 0, "numNum": 0, "conjNum": 24, "punctNum": 49, "pronNum": 18, "relPronNum": 1, "demPronNum": 8, "adposNum": 3, "multiplePunctNum": 0, "phraseNum": 0, "nounRate": 0.17374517374517376, "verbRate": 0.11196911196911197, "adjRate": 0.10038610038610038, "infRate": 0.011583011583011582, "partPastRate": 0.0, "partPresRate": 0.011583011583011582, "partFutRate": 0.0, "transRate": 0.011583011583011582, "xRate": 0.007722007722007722, "advRate": 0.1274131274131274, "properNounRate": 0.0, "numRate": 0.0, "conjRate": 0.09266409266409266, "punctRate": 0.1891891891891892, "pronRate": 0.0694980694980695, "relPronRate": 0.003861003861003861, "demPronRate": 0.03088803088803089, "adposRate": 0.011583011583011582, "multiplePunctRate": 0.0, "partsDensityRate": 3.41025641025641, "contentfulness": 10.23076923076923, "phraseRate": 0.0, "pastTenseNum": 0, "presentTenseNum": 26, "condNum": 1, "impNum": 6, "freqNum": 0, "causNum": 0, "modalNum": 0, "sg1VerbNum": 6, "sg2VerbNum": 1, "sg3VerbNum": 19, "pl1VerbNum": 13, "pl2VerbNum": 0, "pl3VerbNum": 10, "superlatNum": 0, "comparatNum": 0, "specDerivSuffixNum": 0, "pluralNounNum": 17, "pastTenseRate": 0.0, "presentTenseRate": 0.896551724137931, "condRate": 0.034482758620689655, "impRate": 0.20689655172413793, "freqRate": 0.0, "causRate": 0.0, "modalRate": 0.0, "sg1VerbRate": 0.20689655172413793, "sg2VerbRate": 0.034482758620689655, "sg3VerbRate": 0.6551724137931034, "pl1VerbRate": 0.4482758620689655, "pl2VerbRate": 0.0, "pl3VerbRate": 0.3448275862068966, "superlatRate": 0.0, "comparatRate": 0.0, "specDerivSuffixRate": 0.0, "pluralNounRate": 0.37777777777777777, "subjNum": 19, "objNum": 16, "attNum": 16, "subordNum": 8, "adverbNum": 34, "coordNum": 14, "clauseNum": 39, "simpleNum": 3, "complexNum": 10, "complexity1Num": 2, "complexity2Num": 5, "complexity3Num": 0, "compoundNum": 0, "subjRate": 0.07335907335907337, "objRate": 0.06177606177606178, "attRate": 0.06177606177606178, "subordRate": 0.03088803088803089, "adverbRate": 0.13127413127413126, "coordRate": 0.05405405405405406, "partsRate": 2.5384615384615383, "clauseRate": 3.0, "simpleRate": 0.23076923076923078, "complexRate": 0.7692307692307693, "complexity1Rate": 0.15384615384615385, "complexity2Rate": 0.38461538461538464, "complexity3Rate": 0.0, "complexClauseRate": 3.6, "sentencesPerParagraph": 0.0, "wordsLengthRate": 5.876190476190477, "compoundRate": 0.0, "positiveNum": 0, "negativeNum": 0, "precoPositiveNum": 0, "precoNegativeNum": 0, "negemoNum": 0, "negationNum": 5, "functionNum": 126, "contentNum": 133, "vulgarNum": 0, "racistNum": 0, "specStyleNum": 0, "addressingNum": 0, "closingNum": 0, "postscriptNum": 0, "brutalNum": 0, "positiveRate": 0.0, "negativeRate": 0.0, "precoPositiveRate": 0.0, "precoNegativeRate": 0.0, "negemoRate": 0.0, "negationRate": 0.019305019305019305, "functionRate": 0.4864864864864865, "contentRate": 0.5135135135135135, "vulgarRate": 0.0, "racistRate": 0.0, "specStyleRate": 0.0, "addressingRate": 0.0, "closingRate": 0.0, "postscriptRate": 0.0, "brutalRate": 0.0, "epistemicNum": 0, "investNum": 0, "conditionNum": 0, "weaselNum": 0, "peacockNum": 0, "hedgeNum": 0, "doxasticNum": 0, "epistemicRate": 0.0, "investRate": 0.0, "conditionRate": 0.0, "weaselRate": 0.0, "peacockRate": 0.0, "hedgeRate": 0.0, "doxasticRate": 0.0, "loveNum": 0, "anxietyNum": 0, "sorrowNum": 0, "joyNum": 0, "disgustNum": 0, "fearNum": 0, "surpriseNum": 0, "angerNum": 0, "loveRate": 0.0, "anxietyRate": 0.0, "sorrowRate": 0.0, "joyRate": 0.0, "disgustRate": 0.0, "fearRate": 0.0, "surpriseRate": 0.0, "angerRate": 0.0, "slangBeGeneralNum": 0, "slangBeCigaretteNum": 0, "slangBeHumanNum": 0, "slangBeVehicleNum": 0, "slangBeDrugNum": 0, "slangBvNum": 0, "slangBeGeneralRate": 0.0, "slangBeCigaretteRate": 0.0, "slangBeHumanRate": 0.0, "slangBeVehicleRate": 0.0, "slangBeDrugRate": 0.0, "slangBvRate": 0.0, "speechactNum": 0, "quoteNum": 0, "dashNum": 0, "publicNum": 0, "privateNum": 0, "suasiveNum": 0, "discMarkerNum": 0, "smileyNum": 0, "dateNum": 0, "hesitationNum": 0, "restartNum": 0, "repeatNum": 0, "conjBeforeDiscNum": 0, "conjAfterDiscNum": 0, "wordBeforeHesitationNum": 0, "wordAfterHesitationNum": 0, "otherCollocationNum": 0, "speechactRate": 0.0, "quoteRate": 0.0, "dashRate": 0.0, "publicRate": 0.0, "privateRate": 0.0, "suasiveRate": 0.0, "discMarkerRate": 0.0, "smileyRate": 0.0, "dateRate": 0.0, "hesitationRate": 0.0, "restartRate": 0.0, "repeatRate": 0.0, "conjBeforeDiscRate": 0.0, "conjAfterDiscRate": 0.0, "wordBeforeHesitationRate": 0.0, "wordAfterHesitationRate": 0.0, "otherCollocationRate": 0.0, "easyWordNum": 229, "hardWordNum": 30, "easyWordRate": 0.8841698841698842, "hardWordRate": 0.11583011583011583, "fleschReadingEaseScore": 51.383733293733314, "gunningFogIndex": 8.015562815562815, "fleschKincaidGradeLevel": 11.041776061776062, "colemanLiauIndex": 13.376953667953668, "smogIndex": 8.841846274778883, "automatedReadabilityIndex": 11.863314523314521, "linsearWriteIndex": 3.7371547371547376, "author": "", "locationNameNum": 0, "locationNameRate": 0.0, "personNameNum": 0, "personNameRate": 0.0, "organizationNameNum": 0, "organizationNameRate": 0.0, "misspelledNum": 2, "misspelledRate": 0.007722007722007722, "missingAccentNum": 0, "missingAccentRate": 0.0, "foreignAccentNum": 0, "foreignAccentRate": 0.0, "wordConcatNum": 0, "wordConcatRate": 0.0, "jLyMistakeNum": 1, "jLyMistakeRate": 0.003861003861003861, "freqSuffixNum": 0, "partsNum": 99, "privateVNum": 0, "publicVNum": 0, "clauseWordNum": 39}