{"tokenNum": 452, "sentenceNum": 25, "lemmaNum": 237, "lemmaRate": 0.5243362831858407, "sentenceLength": 18.08, "allUpperNum": 0, "firstUpperNum": 24, "allUpperRate": 0.0, "firstUpperRate": 0.05309734513274336, "declarSentNum": 17, "imperSentNum": 8, "questionNum": 0, "declarSentRate": 0.68, "imperSentRate": 0.32, "questionRate": 0.0, "accent": true, "saturation": 3.703125, "paragraphNum": 0, "nounNum": 86, "verbNum": 54, "adjNum": 55, "infNum": 12, "partPastNum": 2, "partPresNum": 2, "partFutNum": 0, "transNum": 2, "xNum": 1, "advNum": 42, "properNounNum": 0, "numNum": 1, "conjNum": 38, "punctNum": 80, "pronNum": 29, "relPronNum": 9, "demPronNum": 21, "adposNum": 3, "multiplePunctNum": 4, "phraseNum": 0, "nounRate": 0.1902654867256637, "verbRate": 0.11946902654867257, "adjRate": 0.12168141592920353, "infRate": 0.02654867256637168, "partPastRate": 0.004424778761061947, "partPresRate": 0.004424778761061947, "partFutRate": 0.0, "transRate": 0.004424778761061947, "xRate": 0.0022123893805309734, "advRate": 0.09292035398230089, "properNounRate": 0.0, "numRate": 0.0022123893805309734, "conjRate": 0.084070796460177, "punctRate": 0.17699115044247787, "pronRate": 0.06415929203539823, "relPronRate": 0.01991150442477876, "demPronRate": 0.046460176991150445, "adposRate": 0.00663716814159292, "multiplePunctRate": 0.05, "partsDensityRate": 3.703125, "contentfulness": 9.48, "phraseRate": 0.0, "pastTenseNum": 5, "presentTenseNum": 38, "condNum": 0, "impNum": 11, "freqNum": 0, "causNum": 0, "modalNum": 1, "sg1VerbNum": 18, "sg2VerbNum": 1, "sg3VerbNum": 39, "pl1VerbNum": 2, "pl2VerbNum": 0, "pl3VerbNum": 17, "superlatNum": 1, "comparatNum": 1, "specDerivSuffixNum": 0, "pluralNounNum": 22, "pastTenseRate": 0.09259259259259259, "presentTenseRate": 0.7037037037037037, "condRate": 0.0, "impRate": 0.2037037037037037, "freqRate": 0.0, "causRate": 0.0, "modalRate": 0.018518518518518517, "sg1VerbRate": 0.3333333333333333, "sg2VerbRate": 0.018518518518518517, "sg3VerbRate": 0.7222222222222222, "pl1VerbRate": 0.037037037037037035, "pl2VerbRate": 0.0, "pl3VerbRate": 0.3148148148148148, "superlatRate": 0.01818181818181818, "comparatRate": 0.01818181818181818, "specDerivSuffixRate": 0.0, "pluralNounRate": 0.2558139534883721, "subjNum": 31, "objNum": 20, "attNum": 31, "subordNum": 25, "adverbNum": 59, "coordNum": 24, "clauseNum": 64, "simpleNum": 3, "complexNum": 22, "complexity1Num": 10, "complexity2Num": 8, "complexity3Num": 3, "compoundNum": 0, "subjRate": 0.06858407079646017, "objRate": 0.04424778761061947, "attRate": 0.06858407079646017, "subordRate": 0.05530973451327434, "adverbRate": 0.13053097345132744, "coordRate": 0.05309734513274336, "partsRate": 2.578125, "clauseRate": 2.56, "simpleRate": 0.12, "complexRate": 0.88, "complexity1Rate": 0.4, "complexity2Rate": 0.32, "complexity3Rate": 0.12, "complexClauseRate": 2.772727272727273, "sentencesPerParagraph": 0.0, "wordsLengthRate": 5.602150537634409, "compoundRate": 0.0, "positiveNum": 0, "negativeNum": 0, "precoPositiveNum": 0, "precoNegativeNum": 0, "negemoNum": 0, "negationNum": 6, "functionNum": 215, "contentNum": 237, "vulgarNum": 0, "racistNum": 0, "specStyleNum": 0, "addressingNum": 0, "closingNum": 0, "postscriptNum": 0, "brutalNum": 0, "positiveRate": 0.0, "negativeRate": 0.0, "precoPositiveRate": 0.0, "precoNegativeRate": 0.0, "negemoRate": 0.0, "negationRate": 0.01327433628318584, "functionRate": 0.4756637168141593, "contentRate": 0.5243362831858407, "vulgarRate": 0.0, "racistRate": 0.0, "specStyleRate": 0.0, "addressingRate": 0.0, "closingRate": 0.0, "postscriptRate": 0.0, "brutalRate": 0.0, "epistemicNum": 0, "investNum": 0, "conditionNum": 0, "weaselNum": 0, "peacockNum": 0, "hedgeNum": 0, "doxasticNum": 0, "epistemicRate": 0.0, "investRate": 0.0, "conditionRate": 0.0, "weaselRate": 0.0, "peacockRate": 0.0, "hedgeRate": 0.0, "doxasticRate": 0.0, "loveNum": 0, "anxietyNum": 0, "sorrowNum": 0, "joyNum": 0, "disgustNum": 0, "fearNum": 0, "surpriseNum": 0, "angerNum": 0, "loveRate": 0.0, "anxietyRate": 0.0, "sorrowRate": 0.0, "joyRate": 0.0, "disgustRate": 0.0, "fearRate": 0.0, "surpriseRate": 0.0, "angerRate": 0.0, "slangBeGeneralNum": 0, "slangBeCigaretteNum": 0, "slangBeHumanNum": 0, "slangBeVehicleNum": 0, "slangBeDrugNum": 0, "slangBvNum": 0, "slangBeGeneralRate": 0.0, "slangBeCigaretteRate": 0.0, "slangBeHumanRate": 0.0, "slangBeVehicleRate": 0.0, "slangBeDrugRate": 0.0, "slangBvRate": 0.0, "speechactNum": 0, "quoteNum": 0, "dashNum": 0, "publicNum": 0, "privateNum": 0, "suasiveNum": 0, "discMarkerNum": 0, "smileyNum": 0, "dateNum": 0, "hesitationNum": 0, "restartNum": 2, "repeatNum": 0, "conjBeforeDiscNum": 0, "conjAfterDiscNum": 0, "wordBeforeHesitationNum": 0, "wordAfterHesitationNum": 0, "otherCollocationNum": 0, "speechactRate": 0.0, "quoteRate": 0.0, "dashRate": 0.0, "publicRate": 0.0, "privateRate": 0.0, "suasiveRate": 0.0, "discMarkerRate": 0.0, "smileyRate": 0.0, "dateRate": 0.0, "hesitationRate": 0.0, "restartRate": 0.004424778761061947, "repeatRate": 0.0, "conjBeforeDiscRate": 0.0, "conjAfterDiscRate": 0.0, "wordBeforeHesitationRate": 0.0, "wordAfterHesitationRate": 0.0, "otherCollocationRate": 0.0, "easyWordNum": 422, "hardWordNum": 30, "easyWordRate": 0.9336283185840708, "hardWordRate": 0.06637168141592921, "fleschReadingEaseScore": 60.83512743362833, "gunningFogIndex": 7.258548672566372, "fleschKincaidGradeLevel": 9.265624778761062, "colemanLiauIndex": 12.503108407079644, "smogIndex": 8.841846274778883, "automatedReadabilityIndex": 10.243008849557523, "linsearWriteIndex": 1.2654867256637168, "author": "", "locationNameNum": 0, "locationNameRate": 0.0, "personNameNum": 0, "personNameRate": 0.0, "organizationNameNum": 0, "organizationNameRate": 0.0, "misspelledNum": 4, "misspelledRate": 0.008849557522123894, "missingAccentNum": 0, "missingAccentRate": 0.0, "foreignAccentNum": 0, "foreignAccentRate": 0.0, "wordConcatNum": 0, "wordConcatRate": 0.0, "jLyMistakeNum": 0, "jLyMistakeRate": 0.0, "freqSuffixNum": 0, "partsNum": 165, "privateVNum": 0, "publicVNum": 0, "clauseWordNum": 64}