{"tokenNum": 405, "sentenceNum": 33, "lemmaNum": 185, "lemmaRate": 0.4567901234567901, "sentenceLength": 12.272727272727273, "allUpperNum": 0, "firstUpperNum": 33, "allUpperRate": 0.0, "firstUpperRate": 0.08148148148148149, "declarSentNum": 23, "imperSentNum": 5, "questionNum": 5, "declarSentRate": 0.696969696969697, "imperSentRate": 0.15151515151515152, "questionRate": 0.15151515151515152, "accent": true, "saturation": 2.6056338028169015, "paragraphNum": 4, "nounNum": 69, "verbNum": 59, "adjNum": 30, "infNum": 5, "partPastNum": 2, "partPresNum": 1, "partFutNum": 0, "transNum": 4, "xNum": 4, "advNum": 34, "properNounNum": 1, "numNum": 0, "conjNum": 37, "punctNum": 72, "pronNum": 44, "relPronNum": 8, "demPronNum": 25, "adposNum": 1, "multiplePunctNum": 0, "phraseNum": 0, "nounRate": 0.17037037037037037, "verbRate": 0.145679012345679, "adjRate": 0.07407407407407407, "infRate": 0.012345679012345678, "partPastRate": 0.0049382716049382715, "partPresRate": 0.0024691358024691358, "partFutRate": 0.0, "transRate": 0.009876543209876543, "xRate": 0.009876543209876543, "advRate": 0.08395061728395062, "properNounRate": 0.0024691358024691358, "numRate": 0.0, "conjRate": 0.09135802469135802, "punctRate": 0.17777777777777778, "pronRate": 0.10864197530864197, "relPronRate": 0.019753086419753086, "demPronRate": 0.06172839506172839, "adposRate": 0.0024691358024691358, "multiplePunctRate": 0.0, "partsDensityRate": 2.704225352112676, "contentfulness": 5.818181818181818, "phraseRate": 0.0, "pastTenseNum": 5, "presentTenseNum": 49, "condNum": 2, "impNum": 17, "freqNum": 0, "causNum": 0, "modalNum": 0, "sg1VerbNum": 13, "sg2VerbNum": 10, "sg3VerbNum": 65, "pl1VerbNum": 7, "pl2VerbNum": 2, "pl3VerbNum": 9, "superlatNum": 0, "comparatNum": 0, "specDerivSuffixNum": 0, "pluralNounNum": 7, "pastTenseRate": 0.0847457627118644, "presentTenseRate": 0.8305084745762712, "condRate": 0.03389830508474576, "impRate": 0.288135593220339, "freqRate": 0.0, "causRate": 0.0, "modalRate": 0.0, "sg1VerbRate": 0.22033898305084745, "sg2VerbRate": 0.1694915254237288, "sg3VerbRate": 1.1016949152542372, "pl1VerbRate": 0.11864406779661017, "pl2VerbRate": 0.03389830508474576, "pl3VerbRate": 0.15254237288135594, "superlatRate": 0.0, "comparatRate": 0.0, "specDerivSuffixRate": 0.0, "pluralNounRate": 0.10144927536231885, "subjNum": 34, "objNum": 22, "attNum": 22, "subordNum": 27, "adverbNum": 44, "coordNum": 11, "clauseNum": 71, "simpleNum": 11, "complexNum": 22, "complexity1Num": 11, "complexity2Num": 7, "complexity3Num": 3, "compoundNum": 0, "subjRate": 0.08395061728395062, "objRate": 0.05432098765432099, "attRate": 0.05432098765432099, "subordRate": 0.06666666666666667, "adverbRate": 0.10864197530864197, "coordRate": 0.027160493827160494, "partsRate": 1.8732394366197183, "clauseRate": 2.1515151515151514, "simpleRate": 0.3333333333333333, "complexRate": 0.6666666666666666, "complexity1Rate": 0.3333333333333333, "complexity2Rate": 0.21212121212121213, "complexity3Rate": 0.09090909090909091, "complexClauseRate": 2.727272727272727, "sentencesPerParagraph": 8.25, "wordsLengthRate": 5.393393393393393, "compoundRate": 0.0, "positiveNum": 0, "negativeNum": 0, "precoPositiveNum": 0, "precoNegativeNum": 0, "negemoNum": 0, "negationNum": 6, "functionNum": 213, "contentNum": 192, "vulgarNum": 0, "racistNum": 0, "specStyleNum": 0, "addressingNum": 0, "closingNum": 0, "postscriptNum": 0, "brutalNum": 0, "positiveRate": 0.0, "negativeRate": 0.0, "precoPositiveRate": 0.0, "precoNegativeRate": 0.0, "negemoRate": 0.0, "negationRate": 0.014814814814814815, "functionRate": 0.5259259259259259, "contentRate": 0.4740740740740741, "vulgarRate": 0.0, "racistRate": 0.0, "specStyleRate": 0.0, "addressingRate": 0.0, "closingRate": 0.0, "postscriptRate": 0.0, "brutalRate": 0.0, "epistemicNum": 0, "investNum": 0, "conditionNum": 0, "weaselNum": 0, "peacockNum": 0, "hedgeNum": 0, "doxasticNum": 0, "epistemicRate": 0.0, "investRate": 0.0, "conditionRate": 0.0, "weaselRate": 0.0, "peacockRate": 0.0, "hedgeRate": 0.0, "doxasticRate": 0.0, "loveNum": 0, "anxietyNum": 0, "sorrowNum": 0, "joyNum": 0, "disgustNum": 0, "fearNum": 0, "surpriseNum": 0, "angerNum": 0, "loveRate": 0.0, "anxietyRate": 0.0, "sorrowRate": 0.0, "joyRate": 0.0, "disgustRate": 0.0, "fearRate": 0.0, "surpriseRate": 0.0, "angerRate": 0.0, "slangBeGeneralNum": 0, "slangBeCigaretteNum": 0, "slangBeHumanNum": 0, "slangBeVehicleNum": 0, "slangBeDrugNum": 0, "slangBvNum": 0, "slangBeGeneralRate": 0.0, "slangBeCigaretteRate": 0.0, "slangBeHumanRate": 0.0, "slangBeVehicleRate": 0.0, "slangBeDrugRate": 0.0, "slangBvRate": 0.0, "speechactNum": 0, "quoteNum": 1, "dashNum": 0, "publicNum": 0, "privateNum": 0, "suasiveNum": 0, "discMarkerNum": 0, "smileyNum": 0, "dateNum": 0, "hesitationNum": 0, "restartNum": 0, "repeatNum": 1, "conjBeforeDiscNum": 0, "conjAfterDiscNum": 0, "wordBeforeHesitationNum": 0, "wordAfterHesitationNum": 0, "otherCollocationNum": 0, "speechactRate": 0.0, "quoteRate": 0.0024691358024691358, "dashRate": 0.0, "publicRate": 0.0, "privateRate": 0.0, "suasiveRate": 0.0, "discMarkerRate": 0.0, "smileyRate": 0.0, "dateRate": 0.0, "hesitationRate": 0.0, "restartRate": 0.0, "repeatRate": 0.0024691358024691358, "conjBeforeDiscRate": 0.0, "conjAfterDiscRate": 0.0, "wordBeforeHesitationRate": 0.0, "wordAfterHesitationRate": 0.0, "otherCollocationRate": 0.0, "easyWordNum": 390, "hardWordNum": 15, "easyWordRate": 0.9629629629629629, "hardWordRate": 0.037037037037037035, "fleschReadingEaseScore": 73.43151515151516, "gunningFogIndex": 4.923905723905724, "fleschKincaidGradeLevel": 6.065993265993267, "colemanLiauIndex": 11.250125925925925, "smogIndex": 6.980632752743321, "automatedReadabilityIndex": 6.337474747474747, "linsearWriteIndex": 0.6124205013093902, "author": "", "locationNameNum": 0, "locationNameRate": 0.0, "personNameNum": 0, "personNameRate": 0.0, "organizationNameNum": 0, "organizationNameRate": 0.0, "misspelledNum": 4, "misspelledRate": 0.009876543209876543, "missingAccentNum": 0, "missingAccentRate": 0.0, "foreignAccentNum": 0, "foreignAccentRate": 0.0, "wordConcatNum": 2, "wordConcatRate": 0.0049382716049382715, "jLyMistakeNum": 0, "jLyMistakeRate": 0.0, "freqSuffixNum": 0, "partsNum": 133, "privateVNum": 0, "publicVNum": 0, "clauseWordNum": 71}