{"tokenNum": 610, "sentenceNum": 37, "lemmaNum": 264, "lemmaRate": 0.43278688524590164, "sentenceLength": 16.486486486486488, "allUpperNum": 1, "firstUpperNum": 46, "allUpperRate": 0.001639344262295082, "firstUpperRate": 0.07540983606557378, "declarSentNum": 31, "imperSentNum": 3, "questionNum": 3, "declarSentRate": 0.8378378378378378, "imperSentRate": 0.08108108108108109, "questionRate": 0.08108108108108109, "accent": true, "saturation": 2.613861386138614, "paragraphNum": 7, "nounNum": 93, "verbNum": 91, "adjNum": 49, "infNum": 11, "partPastNum": 2, "partPresNum": 6, "partFutNum": 0, "transNum": 1, "xNum": 9, "advNum": 66, "properNounNum": 10, "numNum": 1, "conjNum": 49, "punctNum": 117, "pronNum": 56, "relPronNum": 9, "demPronNum": 35, "adposNum": 5, "multiplePunctNum": 5, "phraseNum": 0, "nounRate": 0.15245901639344261, "verbRate": 0.14918032786885246, "adjRate": 0.08032786885245902, "infRate": 0.018032786885245903, "partPastRate": 0.003278688524590164, "partPresRate": 0.009836065573770493, "partFutRate": 0.0, "transRate": 0.001639344262295082, "xRate": 0.014754098360655738, "advRate": 0.10819672131147541, "properNounRate": 0.01639344262295082, "numRate": 0.001639344262295082, "conjRate": 0.08032786885245902, "punctRate": 0.1918032786885246, "pronRate": 0.09180327868852459, "relPronRate": 0.014754098360655738, "demPronRate": 0.05737704918032787, "adposRate": 0.00819672131147541, "multiplePunctRate": 0.042735042735042736, "partsDensityRate": 2.9603960396039604, "contentfulness": 8.08108108108108, "phraseRate": 0.0, "pastTenseNum": 14, "presentTenseNum": 66, "condNum": 6, "impNum": 12, "freqNum": 0, "causNum": 0, "modalNum": 4, "sg1VerbNum": 36, "sg2VerbNum": 1, "sg3VerbNum": 79, "pl1VerbNum": 7, "pl2VerbNum": 3, "pl3VerbNum": 16, "superlatNum": 1, "comparatNum": 0, "specDerivSuffixNum": 0, "pluralNounNum": 13, "pastTenseRate": 0.15384615384615385, "presentTenseRate": 0.7252747252747253, "condRate": 0.06593406593406594, "impRate": 0.13186813186813187, "freqRate": 0.0, "causRate": 0.0, "modalRate": 0.04395604395604396, "sg1VerbRate": 0.3956043956043956, "sg2VerbRate": 0.01098901098901099, "sg3VerbRate": 0.8681318681318682, "pl1VerbRate": 0.07692307692307693, "pl2VerbRate": 0.03296703296703297, "pl3VerbRate": 0.17582417582417584, "superlatRate": 0.02040816326530612, "comparatRate": 0.0, "specDerivSuffixRate": 0.0, "pluralNounRate": 0.13978494623655913, "subjNum": 45, "objNum": 25, "attNum": 27, "subordNum": 28, "adverbNum": 87, "coordNum": 27, "clauseNum": 101, "simpleNum": 6, "complexNum": 31, "complexity1Num": 13, "complexity2Num": 10, "complexity3Num": 4, "compoundNum": 0, "subjRate": 0.07377049180327869, "objRate": 0.040983606557377046, "attRate": 0.04426229508196721, "subordRate": 0.04590163934426229, "adverbRate": 0.14262295081967213, "coordRate": 0.04426229508196721, "partsRate": 2.089108910891089, "clauseRate": 2.72972972972973, "simpleRate": 0.16216216216216217, "complexRate": 0.8378378378378378, "complexity1Rate": 0.35135135135135137, "complexity2Rate": 0.2702702702702703, "complexity3Rate": 0.10810810810810811, "complexClauseRate": 3.064516129032258, "sentencesPerParagraph": 5.285714285714286, "wordsLengthRate": 5.298174442190669, "compoundRate": 0.0, "positiveNum": 0, "negativeNum": 0, "precoPositiveNum": 0, "precoNegativeNum": 0, "negemoNum": 0, "negationNum": 14, "functionNum": 311, "contentNum": 299, "vulgarNum": 0, "racistNum": 0, "specStyleNum": 0, "addressingNum": 0, "closingNum": 0, "postscriptNum": 0, "brutalNum": 0, "positiveRate": 0.0, "negativeRate": 0.0, "precoPositiveRate": 0.0, "precoNegativeRate": 0.0, "negemoRate": 0.0, "negationRate": 0.022950819672131147, "functionRate": 0.5098360655737705, "contentRate": 0.4901639344262295, "vulgarRate": 0.0, "racistRate": 0.0, "specStyleRate": 0.0, "addressingRate": 0.0, "closingRate": 0.0, "postscriptRate": 0.0, "brutalRate": 0.0, "epistemicNum": 0, "investNum": 0, "conditionNum": 0, "weaselNum": 0, "peacockNum": 0, "hedgeNum": 0, "doxasticNum": 0, "epistemicRate": 0.0, "investRate": 0.0, "conditionRate": 0.0, "weaselRate": 0.0, "peacockRate": 0.0, "hedgeRate": 0.0, "doxasticRate": 0.0, "loveNum": 0, "anxietyNum": 0, "sorrowNum": 0, "joyNum": 0, "disgustNum": 0, "fearNum": 0, "surpriseNum": 0, "angerNum": 0, "loveRate": 0.0, "anxietyRate": 0.0, "sorrowRate": 0.0, "joyRate": 0.0, "disgustRate": 0.0, "fearRate": 0.0, "surpriseRate": 0.0, "angerRate": 0.0, "slangBeGeneralNum": 0, "slangBeCigaretteNum": 0, "slangBeHumanNum": 0, "slangBeVehicleNum": 0, "slangBeDrugNum": 0, "slangBvNum": 0, "slangBeGeneralRate": 0.0, "slangBeCigaretteRate": 0.0, "slangBeHumanRate": 0.0, "slangBeVehicleRate": 0.0, "slangBeDrugRate": 0.0, "slangBvRate": 0.0, "speechactNum": 0, "quoteNum": 2, "dashNum": 0, "publicNum": 0, "privateNum": 0, "suasiveNum": 0, "discMarkerNum": 0, "smileyNum": 0, "dateNum": 0, "hesitationNum": 0, "restartNum": 0, "repeatNum": 0, "conjBeforeDiscNum": 0, "conjAfterDiscNum": 0, "wordBeforeHesitationNum": 0, "wordAfterHesitationNum": 0, "otherCollocationNum": 0, "speechactRate": 0.0, "quoteRate": 0.003278688524590164, "dashRate": 0.0, "publicRate": 0.0, "privateRate": 0.0, "suasiveRate": 0.0, "discMarkerRate": 0.0, "smileyRate": 0.0, "dateRate": 0.0, "hesitationRate": 0.0, "restartRate": 0.0, "repeatRate": 0.0, "conjBeforeDiscRate": 0.0, "conjAfterDiscRate": 0.0, "wordBeforeHesitationRate": 0.0, "wordAfterHesitationRate": 0.0, "otherCollocationRate": 0.0, "easyWordNum": 575, "hardWordNum": 35, "easyWordRate": 0.9426229508196722, "hardWordRate": 0.05737704918032787, "fleschReadingEaseScore": 68.61006867523263, "gunningFogIndex": 6.616889676561809, "fleschKincaidGradeLevel": 7.785303500221531, "colemanLiauIndex": 10.511703278688522, "smogIndex": 8.685302888712807, "automatedReadabilityIndex": 7.853817013735046, "linsearWriteIndex": 0.4909171466548514, "author": "", "locationNameNum": 0, "locationNameRate": 0.0, "personNameNum": 5, "personNameRate": 0.00819672131147541, "organizationNameNum": 0, "organizationNameRate": 0.0, "misspelledNum": 4, "misspelledRate": 0.006557377049180328, "missingAccentNum": 2, "missingAccentRate": 0.003278688524590164, "foreignAccentNum": 0, "foreignAccentRate": 0.0, "wordConcatNum": 0, "wordConcatRate": 0.0, "jLyMistakeNum": 0, "jLyMistakeRate": 0.0, "freqSuffixNum": 0, "partsNum": 211, "privateVNum": 0, "publicVNum": 0, "clauseWordNum": 101}