{"tokenNum": 448, "sentenceNum": 29, "lemmaNum": 189, "lemmaRate": 0.421875, "sentenceLength": 15.448275862068966, "allUpperNum": 1, "firstUpperNum": 32, "allUpperRate": 0.002232142857142857, "firstUpperRate": 0.07142857142857142, "declarSentNum": 19, "imperSentNum": 8, "questionNum": 2, "declarSentRate": 0.6551724137931034, "imperSentRate": 0.27586206896551724, "questionRate": 0.06896551724137931, "accent": true, "saturation": 2.3625, "paragraphNum": 5, "nounNum": 57, "verbNum": 67, "adjNum": 28, "infNum": 8, "partPastNum": 1, "partPresNum": 1, "partFutNum": 0, "transNum": 0, "xNum": 5, "advNum": 60, "properNounNum": 3, "numNum": 3, "conjNum": 50, "punctNum": 88, "pronNum": 46, "relPronNum": 9, "demPronNum": 29, "adposNum": 1, "multiplePunctNum": 2, "phraseNum": 0, "nounRate": 0.12723214285714285, "verbRate": 0.14955357142857142, "adjRate": 0.0625, "infRate": 0.017857142857142856, "partPastRate": 0.002232142857142857, "partPresRate": 0.002232142857142857, "partFutRate": 0.0, "transRate": 0.0, "xRate": 0.011160714285714286, "advRate": 0.13392857142857142, "properNounRate": 0.006696428571428571, "numRate": 0.006696428571428571, "conjRate": 0.11160714285714286, "punctRate": 0.19642857142857142, "pronRate": 0.10267857142857142, "relPronRate": 0.020089285714285716, "demPronRate": 0.06473214285714286, "adposRate": 0.002232142857142857, "multiplePunctRate": 0.022727272727272728, "partsDensityRate": 2.65, "contentfulness": 7.310344827586207, "phraseRate": 0.0, "pastTenseNum": 3, "presentTenseNum": 56, "condNum": 1, "impNum": 6, "freqNum": 0, "causNum": 0, "modalNum": 1, "sg1VerbNum": 25, "sg2VerbNum": 0, "sg3VerbNum": 55, "pl1VerbNum": 3, "pl2VerbNum": 1, "pl3VerbNum": 26, "superlatNum": 0, "comparatNum": 0, "specDerivSuffixNum": 0, "pluralNounNum": 16, "pastTenseRate": 0.04477611940298507, "presentTenseRate": 0.835820895522388, "condRate": 0.014925373134328358, "impRate": 0.08955223880597014, "freqRate": 0.0, "causRate": 0.0, "modalRate": 0.014925373134328358, "sg1VerbRate": 0.373134328358209, "sg2VerbRate": 0.0, "sg3VerbRate": 0.8208955223880597, "pl1VerbRate": 0.04477611940298507, "pl2VerbRate": 0.014925373134328358, "pl3VerbRate": 0.3880597014925373, "superlatRate": 0.0, "comparatRate": 0.0, "specDerivSuffixRate": 0.0, "pluralNounRate": 0.2807017543859649, "subjNum": 40, "objNum": 28, "attNum": 14, "subordNum": 28, "adverbNum": 75, "coordNum": 22, "clauseNum": 80, "simpleNum": 7, "complexNum": 22, "complexity1Num": 10, "complexity2Num": 5, "complexity3Num": 3, "compoundNum": 0, "subjRate": 0.08928571428571429, "objRate": 0.0625, "attRate": 0.03125, "subordRate": 0.0625, "adverbRate": 0.16741071428571427, "coordRate": 0.049107142857142856, "partsRate": 2.2375, "clauseRate": 2.7586206896551726, "simpleRate": 0.2413793103448276, "complexRate": 0.7586206896551724, "complexity1Rate": 0.3448275862068966, "complexity2Rate": 0.1724137931034483, "complexity3Rate": 0.10344827586206896, "complexClauseRate": 3.3181818181818183, "sentencesPerParagraph": 5.8, "wordsLengthRate": 5.1305555555555555, "compoundRate": 0.0, "positiveNum": 0, "negativeNum": 0, "precoPositiveNum": 0, "precoNegativeNum": 0, "negemoNum": 0, "negationNum": 12, "functionNum": 236, "contentNum": 212, "vulgarNum": 0, "racistNum": 0, "specStyleNum": 0, "addressingNum": 0, "closingNum": 0, "postscriptNum": 0, "brutalNum": 0, "positiveRate": 0.0, "negativeRate": 0.0, "precoPositiveRate": 0.0, "precoNegativeRate": 0.0, "negemoRate": 0.0, "negationRate": 0.026785714285714284, "functionRate": 0.5267857142857143, "contentRate": 0.4732142857142857, "vulgarRate": 0.0, "racistRate": 0.0, "specStyleRate": 0.0, "addressingRate": 0.0, "closingRate": 0.0, "postscriptRate": 0.0, "brutalRate": 0.0, "epistemicNum": 0, "investNum": 0, "conditionNum": 0, "weaselNum": 0, "peacockNum": 0, "hedgeNum": 0, "doxasticNum": 0, "epistemicRate": 0.0, "investRate": 0.0, "conditionRate": 0.0, "weaselRate": 0.0, "peacockRate": 0.0, "hedgeRate": 0.0, "doxasticRate": 0.0, "loveNum": 0, "anxietyNum": 0, "sorrowNum": 0, "joyNum": 0, "disgustNum": 0, "fearNum": 0, "surpriseNum": 0, "angerNum": 0, "loveRate": 0.0, "anxietyRate": 0.0, "sorrowRate": 0.0, "joyRate": 0.0, "disgustRate": 0.0, "fearRate": 0.0, "surpriseRate": 0.0, "angerRate": 0.0, "slangBeGeneralNum": 0, "slangBeCigaretteNum": 0, "slangBeHumanNum": 0, "slangBeVehicleNum": 0, "slangBeDrugNum": 0, "slangBvNum": 0, "slangBeGeneralRate": 0.0, "slangBeCigaretteRate": 0.0, "slangBeHumanRate": 0.0, "slangBeVehicleRate": 0.0, "slangBeDrugRate": 0.0, "slangBvRate": 0.0, "speechactNum": 0, "quoteNum": 0, "dashNum": 1, "publicNum": 0, "privateNum": 0, "suasiveNum": 0, "discMarkerNum": 0, "smileyNum": 0, "dateNum": 0, "hesitationNum": 0, "restartNum": 0, "repeatNum": 0, "conjBeforeDiscNum": 0, "conjAfterDiscNum": 0, "wordBeforeHesitationNum": 0, "wordAfterHesitationNum": 0, "otherCollocationNum": 0, "speechactRate": 0.0, "quoteRate": 0.0, "dashRate": 0.002232142857142857, "publicRate": 0.0, "privateRate": 0.0, "suasiveRate": 0.0, "discMarkerRate": 0.0, "smileyRate": 0.0, "dateRate": 0.0, "hesitationRate": 0.0, "restartRate": 0.0, "repeatRate": 0.0, "conjBeforeDiscRate": 0.0, "conjAfterDiscRate": 0.0, "wordBeforeHesitationRate": 0.0, "wordAfterHesitationRate": 0.0, "otherCollocationRate": 0.0, "easyWordNum": 432, "hardWordNum": 16, "easyWordRate": 0.9642857142857143, "hardWordRate": 0.03571428571428571, "fleschReadingEaseScore": 79.17330357142859, "gunningFogIndex": 6.193596059113301, "fleschKincaidGradeLevel": 6.054024014778324, "colemanLiauIndex": 9.560988839285713, "smogIndex": 7.3011, "automatedReadabilityIndex": 6.5744727524630555, "linsearWriteIndex": 0.8280480295566504, "author": "", "locationNameNum": 0, "locationNameRate": 0.0, "personNameNum": 0, "personNameRate": 0.0, "organizationNameNum": 1, "organizationNameRate": 0.002232142857142857, "misspelledNum": 2, "misspelledRate": 0.004464285714285714, "missingAccentNum": 0, "missingAccentRate": 0.0, "foreignAccentNum": 0, "foreignAccentRate": 0.0, "wordConcatNum": 0, "wordConcatRate": 0.0, "jLyMistakeNum": 0, "jLyMistakeRate": 0.0, "freqSuffixNum": 0, "partsNum": 179, "privateVNum": 0, "publicVNum": 0, "clauseWordNum": 80}