{"tokenNum": 355, "sentenceNum": 27, "lemmaNum": 196, "lemmaRate": 0.5521126760563381, "sentenceLength": 13.148148148148149, "allUpperNum": 0, "firstUpperNum": 28, "allUpperRate": 0.0, "firstUpperRate": 0.07887323943661972, "declarSentNum": 22, "imperSentNum": 3, "questionNum": 2, "declarSentRate": 0.8148148148148148, "imperSentRate": 0.1111111111111111, "questionRate": 0.07407407407407407, "accent": true, "saturation": 3.111111111111111, "paragraphNum": 0, "nounNum": 65, "verbNum": 56, "adjNum": 31, "infNum": 5, "partPastNum": 3, "partPresNum": 3, "partFutNum": 0, "transNum": 0, "xNum": 19, "advNum": 23, "properNounNum": 1, "numNum": 2, "conjNum": 26, "punctNum": 67, "pronNum": 24, "relPronNum": 8, "demPronNum": 12, "adposNum": 2, "multiplePunctNum": 0, "phraseNum": 0, "nounRate": 0.18309859154929578, "verbRate": 0.15774647887323945, "adjRate": 0.08732394366197183, "infRate": 0.014084507042253521, "partPastRate": 0.008450704225352112, "partPresRate": 0.008450704225352112, "partFutRate": 0.0, "transRate": 0.0, "xRate": 0.05352112676056338, "advRate": 0.0647887323943662, "properNounRate": 0.0028169014084507044, "numRate": 0.005633802816901409, "conjRate": 0.07323943661971831, "punctRate": 0.18873239436619718, "pronRate": 0.0676056338028169, "relPronRate": 0.022535211267605635, "demPronRate": 0.03380281690140845, "adposRate": 0.005633802816901409, "multiplePunctRate": 0.0, "partsDensityRate": 2.7777777777777777, "contentfulness": 6.481481481481482, "phraseRate": 0.0, "pastTenseNum": 8, "presentTenseNum": 43, "condNum": 3, "impNum": 7, "freqNum": 0, "causNum": 0, "modalNum": 2, "sg1VerbNum": 20, "sg2VerbNum": 4, "sg3VerbNum": 38, "pl1VerbNum": 7, "pl2VerbNum": 3, "pl3VerbNum": 6, "superlatNum": 0, "comparatNum": 0, "specDerivSuffixNum": 0, "pluralNounNum": 7, "pastTenseRate": 0.14285714285714285, "presentTenseRate": 0.7678571428571429, "condRate": 0.05357142857142857, "impRate": 0.125, "freqRate": 0.0, "causRate": 0.0, "modalRate": 0.03571428571428571, "sg1VerbRate": 0.35714285714285715, "sg2VerbRate": 0.07142857142857142, "sg3VerbRate": 0.6785714285714286, "pl1VerbRate": 0.125, "pl2VerbRate": 0.05357142857142857, "pl3VerbRate": 0.10714285714285714, "superlatRate": 0.0, "comparatRate": 0.0, "specDerivSuffixRate": 0.0, "pluralNounRate": 0.1076923076923077, "subjNum": 21, "objNum": 21, "attNum": 15, "subordNum": 21, "adverbNum": 37, "coordNum": 19, "clauseNum": 63, "simpleNum": 8, "complexNum": 19, "complexity1Num": 9, "complexity2Num": 6, "complexity3Num": 2, "compoundNum": 0, "subjRate": 0.059154929577464786, "objRate": 0.059154929577464786, "attRate": 0.04225352112676056, "subordRate": 0.059154929577464786, "adverbRate": 0.10422535211267606, "coordRate": 0.05352112676056338, "partsRate": 1.7936507936507937, "clauseRate": 2.3333333333333335, "simpleRate": 0.2962962962962963, "complexRate": 0.7037037037037037, "complexity1Rate": 0.3333333333333333, "complexity2Rate": 0.2222222222222222, "complexity3Rate": 0.07407407407407407, "complexClauseRate": 2.8947368421052633, "sentencesPerParagraph": 0.0, "wordsLengthRate": 5.493055555555555, "compoundRate": 0.0, "positiveNum": 0, "negativeNum": 0, "precoPositiveNum": 0, "precoNegativeNum": 0, "negemoNum": 0, "negationNum": 7, "functionNum": 180, "contentNum": 175, "vulgarNum": 0, "racistNum": 0, "specStyleNum": 0, "addressingNum": 0, "closingNum": 0, "postscriptNum": 0, "brutalNum": 0, "positiveRate": 0.0, "negativeRate": 0.0, "precoPositiveRate": 0.0, "precoNegativeRate": 0.0, "negemoRate": 0.0, "negationRate": 0.01971830985915493, "functionRate": 0.5070422535211268, "contentRate": 0.49295774647887325, "vulgarRate": 0.0, "racistRate": 0.0, "specStyleRate": 0.0, "addressingRate": 0.0, "closingRate": 0.0, "postscriptRate": 0.0, "brutalRate": 0.0, "epistemicNum": 0, "investNum": 0, "conditionNum": 0, "weaselNum": 0, "peacockNum": 0, "hedgeNum": 0, "doxasticNum": 0, "epistemicRate": 0.0, "investRate": 0.0, "conditionRate": 0.0, "weaselRate": 0.0, "peacockRate": 0.0, "hedgeRate": 0.0, "doxasticRate": 0.0, "loveNum": 0, "anxietyNum": 0, "sorrowNum": 0, "joyNum": 0, "disgustNum": 0, "fearNum": 0, "surpriseNum": 0, "angerNum": 0, "loveRate": 0.0, "anxietyRate": 0.0, "sorrowRate": 0.0, "joyRate": 0.0, "disgustRate": 0.0, "fearRate": 0.0, "surpriseRate": 0.0, "angerRate": 0.0, "slangBeGeneralNum": 0, "slangBeCigaretteNum": 0, "slangBeHumanNum": 0, "slangBeVehicleNum": 0, "slangBeDrugNum": 0, "slangBvNum": 0, "slangBeGeneralRate": 0.0, "slangBeCigaretteRate": 0.0, "slangBeHumanRate": 0.0, "slangBeVehicleRate": 0.0, "slangBeDrugRate": 0.0, "slangBvRate": 0.0, "speechactNum": 0, "quoteNum": 1, "dashNum": 0, "publicNum": 0, "privateNum": 0, "suasiveNum": 0, "discMarkerNum": 0, "smileyNum": 0, "dateNum": 0, "hesitationNum": 0, "restartNum": 0, "repeatNum": 0, "conjBeforeDiscNum": 0, "conjAfterDiscNum": 0, "wordBeforeHesitationNum": 0, "wordAfterHesitationNum": 0, "otherCollocationNum": 0, "speechactRate": 0.0, "quoteRate": 0.0028169014084507044, "dashRate": 0.0, "publicRate": 0.0, "privateRate": 0.0, "suasiveRate": 0.0, "discMarkerRate": 0.0, "smileyRate": 0.0, "dateRate": 0.0, "hesitationRate": 0.0, "restartRate": 0.0, "repeatRate": 0.0, "conjBeforeDiscRate": 0.0, "conjAfterDiscRate": 0.0, "wordBeforeHesitationRate": 0.0, "wordAfterHesitationRate": 0.0, "otherCollocationRate": 0.0, "easyWordNum": 333, "hardWordNum": 22, "easyWordRate": 0.9380281690140845, "hardWordRate": 0.061971830985915494, "fleschReadingEaseScore": 65.27892540427754, "gunningFogIndex": 5.284047991653626, "fleschKincaidGradeLevel": 7.420594679186227, "colemanLiauIndex": 11.54264507042253, "smogIndex": 8.021203637495837, "automatedReadabilityIndex": 7.009088158581115, "linsearWriteIndex": 1.0761606677099635, "author": "", "locationNameNum": 0, "locationNameRate": 0.0, "personNameNum": 1, "personNameRate": 0.0028169014084507044, "organizationNameNum": 0, "organizationNameRate": 0.0, "misspelledNum": 74, "misspelledRate": 0.2084507042253521, "missingAccentNum": 18, "missingAccentRate": 0.05070422535211268, "foreignAccentNum": 1, "foreignAccentRate": 0.0028169014084507044, "wordConcatNum": 6, "wordConcatRate": 0.016901408450704224, "jLyMistakeNum": 1, "jLyMistakeRate": 0.0028169014084507044, "freqSuffixNum": 0, "partsNum": 113, "privateVNum": 0, "publicVNum": 0, "clauseWordNum": 63}