{"tokenNum": 432, "sentenceNum": 27, "lemmaNum": 177, "lemmaRate": 0.4097222222222222, "sentenceLength": 16.0, "allUpperNum": 0, "firstUpperNum": 33, "allUpperRate": 0.0, "firstUpperRate": 0.0763888888888889, "declarSentNum": 20, "imperSentNum": 5, "questionNum": 2, "declarSentRate": 0.7407407407407407, "imperSentRate": 0.18518518518518517, "questionRate": 0.07407407407407407, "accent": true, "saturation": 2.8095238095238093, "paragraphNum": 7, "nounNum": 82, "verbNum": 59, "adjNum": 41, "infNum": 8, "partPastNum": 0, "partPresNum": 0, "partFutNum": 0, "transNum": 0, "xNum": 7, "advNum": 43, "properNounNum": 7, "numNum": 4, "conjNum": 38, "punctNum": 71, "pronNum": 31, "relPronNum": 4, "demPronNum": 15, "adposNum": 0, "multiplePunctNum": 0, "phraseNum": 0, "nounRate": 0.18981481481481483, "verbRate": 0.13657407407407407, "adjRate": 0.09490740740740741, "infRate": 0.018518518518518517, "partPastRate": 0.0, "partPresRate": 0.0, "partFutRate": 0.0, "transRate": 0.0, "xRate": 0.016203703703703703, "advRate": 0.09953703703703703, "properNounRate": 0.016203703703703703, "numRate": 0.009259259259259259, "conjRate": 0.08796296296296297, "punctRate": 0.16435185185185186, "pronRate": 0.07175925925925926, "relPronRate": 0.009259259259259259, "demPronRate": 0.034722222222222224, "adposRate": 0.0, "multiplePunctRate": 0.0, "partsDensityRate": 3.5714285714285716, "contentfulness": 8.333333333333334, "phraseRate": 0.0, "pastTenseNum": 7, "presentTenseNum": 44, "condNum": 5, "impNum": 3, "freqNum": 0, "causNum": 0, "modalNum": 2, "sg1VerbNum": 25, "sg2VerbNum": 2, "sg3VerbNum": 36, "pl1VerbNum": 3, "pl2VerbNum": 0, "pl3VerbNum": 18, "superlatNum": 1, "comparatNum": 0, "specDerivSuffixNum": 0, "pluralNounNum": 26, "pastTenseRate": 0.11864406779661017, "presentTenseRate": 0.7457627118644068, "condRate": 0.0847457627118644, "impRate": 0.05084745762711865, "freqRate": 0.0, "causRate": 0.0, "modalRate": 0.03389830508474576, "sg1VerbRate": 0.423728813559322, "sg2VerbRate": 0.03389830508474576, "sg3VerbRate": 0.6101694915254238, "pl1VerbRate": 0.05084745762711865, "pl2VerbRate": 0.0, "pl3VerbRate": 0.3050847457627119, "superlatRate": 0.024390243902439025, "comparatRate": 0.0, "specDerivSuffixRate": 0.0, "pluralNounRate": 0.3170731707317073, "subjNum": 27, "objNum": 19, "attNum": 28, "subordNum": 27, "adverbNum": 61, "coordNum": 15, "clauseNum": 63, "simpleNum": 8, "complexNum": 19, "complexity1Num": 8, "complexity2Num": 7, "complexity3Num": 2, "compoundNum": 0, "subjRate": 0.0625, "objRate": 0.04398148148148148, "attRate": 0.06481481481481481, "subordRate": 0.0625, "adverbRate": 0.1412037037037037, "coordRate": 0.034722222222222224, "partsRate": 2.380952380952381, "clauseRate": 2.3333333333333335, "simpleRate": 0.2962962962962963, "complexRate": 0.7037037037037037, "complexity1Rate": 0.2962962962962963, "complexity2Rate": 0.25925925925925924, "complexity3Rate": 0.07407407407407407, "complexClauseRate": 2.8947368421052633, "sentencesPerParagraph": 3.857142857142857, "wordsLengthRate": 5.177285318559557, "compoundRate": 0.0, "positiveNum": 0, "negativeNum": 0, "precoPositiveNum": 0, "precoNegativeNum": 0, "negemoNum": 0, "negationNum": 11, "functionNum": 207, "contentNum": 225, "vulgarNum": 0, "racistNum": 0, "specStyleNum": 0, "addressingNum": 0, "closingNum": 0, "postscriptNum": 0, "brutalNum": 0, "positiveRate": 0.0, "negativeRate": 0.0, "precoPositiveRate": 0.0, "precoNegativeRate": 0.0, "negemoRate": 0.0, "negationRate": 0.02546296296296296, "functionRate": 0.4791666666666667, "contentRate": 0.5208333333333334, "vulgarRate": 0.0, "racistRate": 0.0, "specStyleRate": 0.0, "addressingRate": 0.0, "closingRate": 0.0, "postscriptRate": 0.0, "brutalRate": 0.0, "epistemicNum": 0, "investNum": 0, "conditionNum": 0, "weaselNum": 0, "peacockNum": 0, "hedgeNum": 0, "doxasticNum": 0, "epistemicRate": 0.0, "investRate": 0.0, "conditionRate": 0.0, "weaselRate": 0.0, "peacockRate": 0.0, "hedgeRate": 0.0, "doxasticRate": 0.0, "loveNum": 0, "anxietyNum": 0, "sorrowNum": 0, "joyNum": 0, "disgustNum": 0, "fearNum": 0, "surpriseNum": 0, "angerNum": 0, "loveRate": 0.0, "anxietyRate": 0.0, "sorrowRate": 0.0, "joyRate": 0.0, "disgustRate": 0.0, "fearRate": 0.0, "surpriseRate": 0.0, "angerRate": 0.0, "slangBeGeneralNum": 0, "slangBeCigaretteNum": 0, "slangBeHumanNum": 0, "slangBeVehicleNum": 0, "slangBeDrugNum": 0, "slangBvNum": 0, "slangBeGeneralRate": 0.0, "slangBeCigaretteRate": 0.0, "slangBeHumanRate": 0.0, "slangBeVehicleRate": 0.0, "slangBeDrugRate": 0.0, "slangBvRate": 0.0, "speechactNum": 0, "quoteNum": 0, "dashNum": 0, "publicNum": 0, "privateNum": 0, "suasiveNum": 0, "discMarkerNum": 0, "smileyNum": 0, "dateNum": 0, "hesitationNum": 0, "restartNum": 0, "repeatNum": 0, "conjBeforeDiscNum": 0, "conjAfterDiscNum": 0, "wordBeforeHesitationNum": 0, "wordAfterHesitationNum": 0, "otherCollocationNum": 0, "speechactRate": 0.0, "quoteRate": 0.0, "dashRate": 0.0, "publicRate": 0.0, "privateRate": 0.0, "suasiveRate": 0.0, "discMarkerRate": 0.0, "smileyRate": 0.0, "dateRate": 0.0, "hesitationRate": 0.0, "restartRate": 0.0, "repeatRate": 0.0, "conjBeforeDiscRate": 0.0, "conjAfterDiscRate": 0.0, "wordBeforeHesitationRate": 0.0, "wordAfterHesitationRate": 0.0, "otherCollocationRate": 0.0, "easyWordNum": 420, "hardWordNum": 12, "easyWordRate": 0.9722222222222222, "hardWordRate": 0.027777777777777776, "fleschReadingEaseScore": 76.0325, "gunningFogIndex": 6.411111111111111, "fleschKincaidGradeLevel": 6.629166666666666, "colemanLiauIndex": 10.459395833333332, "smogIndex": 6.742157984588678, "automatedReadabilityIndex": 7.568749999999998, "linsearWriteIndex": 0.9247256515775035, "author": "", "locationNameNum": 0, "locationNameRate": 0.0, "personNameNum": 2, "personNameRate": 0.004629629629629629, "organizationNameNum": 1, "organizationNameRate": 0.0023148148148148147, "misspelledNum": 5, "misspelledRate": 0.011574074074074073, "missingAccentNum": 2, "missingAccentRate": 0.004629629629629629, "foreignAccentNum": 0, "foreignAccentRate": 0.0, "wordConcatNum": 0, "wordConcatRate": 0.0, "jLyMistakeNum": 1, "jLyMistakeRate": 0.0023148148148148147, "freqSuffixNum": 0, "partsNum": 150, "privateVNum": 0, "publicVNum": 0, "clauseWordNum": 63}