{"tokenNum": 416, "sentenceNum": 28, "lemmaNum": 187, "lemmaRate": 0.4495192307692308, "sentenceLength": 14.857142857142858, "allUpperNum": 1, "firstUpperNum": 33, "allUpperRate": 0.002403846153846154, "firstUpperRate": 0.07932692307692307, "declarSentNum": 22, "imperSentNum": 3, "questionNum": 3, "declarSentRate": 0.7857142857142857, "imperSentRate": 0.10714285714285714, "questionRate": 0.10714285714285714, "accent": true, "saturation": 2.527027027027027, "paragraphNum": 0, "nounNum": 67, "verbNum": 58, "adjNum": 41, "infNum": 5, "partPastNum": 0, "partPresNum": 1, "partFutNum": 0, "transNum": 1, "xNum": 1, "advNum": 41, "properNounNum": 6, "numNum": 6, "conjNum": 35, "punctNum": 81, "pronNum": 24, "relPronNum": 3, "demPronNum": 26, "adposNum": 2, "multiplePunctNum": 0, "phraseNum": 0, "nounRate": 0.16105769230769232, "verbRate": 0.13942307692307693, "adjRate": 0.0985576923076923, "infRate": 0.01201923076923077, "partPastRate": 0.0, "partPresRate": 0.002403846153846154, "partFutRate": 0.0, "transRate": 0.002403846153846154, "xRate": 0.002403846153846154, "advRate": 0.0985576923076923, "properNounRate": 0.014423076923076924, "numRate": 0.014423076923076924, "conjRate": 0.08413461538461539, "punctRate": 0.19471153846153846, "pronRate": 0.057692307692307696, "relPronRate": 0.007211538461538462, "demPronRate": 0.0625, "adposRate": 0.004807692307692308, "multiplePunctRate": 0.0, "partsDensityRate": 2.7972972972972974, "contentfulness": 7.392857142857143, "phraseRate": 0.0, "pastTenseNum": 5, "presentTenseNum": 49, "condNum": 4, "impNum": 9, "freqNum": 0, "causNum": 0, "modalNum": 1, "sg1VerbNum": 18, "sg2VerbNum": 12, "sg3VerbNum": 44, "pl1VerbNum": 2, "pl2VerbNum": 0, "pl3VerbNum": 5, "superlatNum": 0, "comparatNum": 0, "specDerivSuffixNum": 0, "pluralNounNum": 9, "pastTenseRate": 0.08620689655172414, "presentTenseRate": 0.8448275862068966, "condRate": 0.06896551724137931, "impRate": 0.15517241379310345, "freqRate": 0.0, "causRate": 0.0, "modalRate": 0.017241379310344827, "sg1VerbRate": 0.3103448275862069, "sg2VerbRate": 0.20689655172413793, "sg3VerbRate": 0.7586206896551724, "pl1VerbRate": 0.034482758620689655, "pl2VerbRate": 0.0, "pl3VerbRate": 0.08620689655172414, "superlatRate": 0.0, "comparatRate": 0.0, "specDerivSuffixRate": 0.0, "pluralNounRate": 0.13432835820895522, "subjNum": 27, "objNum": 15, "attNum": 19, "subordNum": 30, "adverbNum": 64, "coordNum": 17, "clauseNum": 74, "simpleNum": 7, "complexNum": 21, "complexity1Num": 8, "complexity2Num": 6, "complexity3Num": 5, "compoundNum": 0, "subjRate": 0.06490384615384616, "objRate": 0.036057692307692304, "attRate": 0.04567307692307692, "subordRate": 0.07211538461538461, "adverbRate": 0.15384615384615385, "coordRate": 0.040865384615384616, "partsRate": 1.9189189189189189, "clauseRate": 2.642857142857143, "simpleRate": 0.25, "complexRate": 0.75, "complexity1Rate": 0.2857142857142857, "complexity2Rate": 0.21428571428571427, "complexity3Rate": 0.17857142857142858, "complexClauseRate": 3.1904761904761907, "sentencesPerParagraph": 0.0, "wordsLengthRate": 4.829850746268657, "compoundRate": 0.0, "positiveNum": 0, "negativeNum": 0, "precoPositiveNum": 0, "precoNegativeNum": 0, "negemoNum": 0, "negationNum": 9, "functionNum": 209, "contentNum": 207, "vulgarNum": 0, "racistNum": 0, "specStyleNum": 0, "addressingNum": 0, "closingNum": 0, "postscriptNum": 0, "brutalNum": 0, "positiveRate": 0.0, "negativeRate": 0.0, "precoPositiveRate": 0.0, "precoNegativeRate": 0.0, "negemoRate": 0.0, "negationRate": 0.021634615384615384, "functionRate": 0.5024038461538461, "contentRate": 0.49759615384615385, "vulgarRate": 0.0, "racistRate": 0.0, "specStyleRate": 0.0, "addressingRate": 0.0, "closingRate": 0.0, "postscriptRate": 0.0, "brutalRate": 0.0, "epistemicNum": 0, "investNum": 0, "conditionNum": 0, "weaselNum": 0, "peacockNum": 0, "hedgeNum": 0, "doxasticNum": 0, "epistemicRate": 0.0, "investRate": 0.0, "conditionRate": 0.0, "weaselRate": 0.0, "peacockRate": 0.0, "hedgeRate": 0.0, "doxasticRate": 0.0, "loveNum": 0, "anxietyNum": 0, "sorrowNum": 0, "joyNum": 0, "disgustNum": 0, "fearNum": 0, "surpriseNum": 0, "angerNum": 0, "loveRate": 0.0, "anxietyRate": 0.0, "sorrowRate": 0.0, "joyRate": 0.0, "disgustRate": 0.0, "fearRate": 0.0, "surpriseRate": 0.0, "angerRate": 0.0, "slangBeGeneralNum": 0, "slangBeCigaretteNum": 0, "slangBeHumanNum": 0, "slangBeVehicleNum": 0, "slangBeDrugNum": 0, "slangBvNum": 0, "slangBeGeneralRate": 0.0, "slangBeCigaretteRate": 0.0, "slangBeHumanRate": 0.0, "slangBeVehicleRate": 0.0, "slangBeDrugRate": 0.0, "slangBvRate": 0.0, "speechactNum": 0, "quoteNum": 0, "dashNum": 0, "publicNum": 0, "privateNum": 0, "suasiveNum": 0, "discMarkerNum": 0, "smileyNum": 0, "dateNum": 0, "hesitationNum": 0, "restartNum": 0, "repeatNum": 1, "conjBeforeDiscNum": 0, "conjAfterDiscNum": 0, "wordBeforeHesitationNum": 0, "wordAfterHesitationNum": 0, "otherCollocationNum": 0, "speechactRate": 0.0, "quoteRate": 0.0, "dashRate": 0.0, "publicRate": 0.0, "privateRate": 0.0, "suasiveRate": 0.0, "discMarkerRate": 0.0, "smileyRate": 0.0, "dateRate": 0.0, "hesitationRate": 0.0, "restartRate": 0.0, "repeatRate": 0.002403846153846154, "conjBeforeDiscRate": 0.0, "conjAfterDiscRate": 0.0, "wordBeforeHesitationRate": 0.0, "wordAfterHesitationRate": 0.0, "otherCollocationRate": 0.0, "easyWordNum": 394, "hardWordNum": 22, "easyWordRate": 0.9471153846153846, "hardWordRate": 0.052884615384615384, "fleschReadingEaseScore": 78.48048076923077, "gunningFogIndex": 5.96401098901099, "fleschKincaidGradeLevel": 6.003804945054945, "colemanLiauIndex": 8.255350961538458, "smogIndex": 8.021203637495837, "automatedReadabilityIndex": 5.234845467032969, "linsearWriteIndex": 0.9745879120879122, "author": "", "locationNameNum": 0, "locationNameRate": 0.0, "personNameNum": 0, "personNameRate": 0.0, "organizationNameNum": 1, "organizationNameRate": 0.002403846153846154, "misspelledNum": 17, "misspelledRate": 0.040865384615384616, "missingAccentNum": 5, "missingAccentRate": 0.01201923076923077, "foreignAccentNum": 0, "foreignAccentRate": 0.0, "wordConcatNum": 1, "wordConcatRate": 0.002403846153846154, "jLyMistakeNum": 0, "jLyMistakeRate": 0.0, "freqSuffixNum": 0, "partsNum": 142, "privateVNum": 0, "publicVNum": 0, "clauseWordNum": 74}