{"tokenNum": 415, "sentenceNum": 15, "lemmaNum": 227, "lemmaRate": 0.5469879518072289, "sentenceLength": 27.666666666666668, "allUpperNum": 0, "firstUpperNum": 17, "allUpperRate": 0.0, "firstUpperRate": 0.04096385542168675, "declarSentNum": 15, "imperSentNum": 0, "questionNum": 0, "declarSentRate": 1.0, "imperSentRate": 0.0, "questionRate": 0.0, "accent": true, "saturation": 5.675, "paragraphNum": 4, "nounNum": 100, "verbNum": 35, "adjNum": 57, "infNum": 2, "partPastNum": 4, "partPresNum": 3, "partFutNum": 0, "transNum": 5, "xNum": 4, "advNum": 41, "properNounNum": 3, "numNum": 1, "conjNum": 25, "punctNum": 53, "pronNum": 16, "relPronNum": 11, "demPronNum": 13, "adposNum": 13, "multiplePunctNum": 0, "phraseNum": 0, "nounRate": 0.24096385542168675, "verbRate": 0.08433734939759036, "adjRate": 0.13734939759036144, "infRate": 0.004819277108433735, "partPastRate": 0.00963855421686747, "partPresRate": 0.007228915662650603, "partFutRate": 0.0, "transRate": 0.012048192771084338, "xRate": 0.00963855421686747, "advRate": 0.09879518072289156, "properNounRate": 0.007228915662650603, "numRate": 0.0024096385542168677, "conjRate": 0.060240963855421686, "punctRate": 0.12771084337349398, "pronRate": 0.03855421686746988, "relPronRate": 0.02650602409638554, "demPronRate": 0.03132530120481928, "adposRate": 0.03132530120481928, "multiplePunctRate": 0.0, "partsDensityRate": 5.825, "contentfulness": 15.533333333333333, "phraseRate": 0.0, "pastTenseNum": 4, "presentTenseNum": 29, "condNum": 3, "impNum": 0, "freqNum": 0, "causNum": 0, "modalNum": 4, "sg1VerbNum": 2, "sg2VerbNum": 1, "sg3VerbNum": 40, "pl1VerbNum": 2, "pl2VerbNum": 0, "pl3VerbNum": 9, "superlatNum": 2, "comparatNum": 3, "specDerivSuffixNum": 0, "pluralNounNum": 13, "pastTenseRate": 0.11428571428571428, "presentTenseRate": 0.8285714285714286, "condRate": 0.08571428571428572, "impRate": 0.0, "freqRate": 0.0, "causRate": 0.0, "modalRate": 0.11428571428571428, "sg1VerbRate": 0.05714285714285714, "sg2VerbRate": 0.02857142857142857, "sg3VerbRate": 1.1428571428571428, "pl1VerbRate": 0.05714285714285714, "pl2VerbRate": 0.0, "pl3VerbRate": 0.2571428571428571, "superlatRate": 0.03508771929824561, "comparatRate": 0.05263157894736842, "specDerivSuffixRate": 0.0, "pluralNounRate": 0.13, "subjNum": 29, "objNum": 10, "attNum": 42, "subordNum": 16, "adverbNum": 53, "coordNum": 15, "clauseNum": 40, "simpleNum": 2, "complexNum": 13, "complexity1Num": 4, "complexity2Num": 6, "complexity3Num": 3, "compoundNum": 0, "subjRate": 0.06987951807228916, "objRate": 0.024096385542168676, "attRate": 0.10120481927710843, "subordRate": 0.03855421686746988, "adverbRate": 0.12771084337349398, "coordRate": 0.03614457831325301, "partsRate": 3.725, "clauseRate": 2.6666666666666665, "simpleRate": 0.13333333333333333, "complexRate": 0.8666666666666667, "complexity1Rate": 0.26666666666666666, "complexity2Rate": 0.4, "complexity3Rate": 0.2, "complexClauseRate": 2.923076923076923, "sentencesPerParagraph": 3.75, "wordsLengthRate": 5.55524861878453, "compoundRate": 0.0, "positiveNum": 0, "negativeNum": 0, "precoPositiveNum": 0, "precoNegativeNum": 0, "negemoNum": 0, "negationNum": 8, "functionNum": 182, "contentNum": 233, "vulgarNum": 0, "racistNum": 0, "specStyleNum": 0, "addressingNum": 0, "closingNum": 0, "postscriptNum": 0, "brutalNum": 0, "positiveRate": 0.0, "negativeRate": 0.0, "precoPositiveRate": 0.0, "precoNegativeRate": 0.0, "negemoRate": 0.0, "negationRate": 0.01927710843373494, "functionRate": 0.43855421686746987, "contentRate": 0.5614457831325301, "vulgarRate": 0.0, "racistRate": 0.0, "specStyleRate": 0.0, "addressingRate": 0.0, "closingRate": 0.0, "postscriptRate": 0.0, "brutalRate": 0.0, "epistemicNum": 0, "investNum": 0, "conditionNum": 0, "weaselNum": 0, "peacockNum": 0, "hedgeNum": 0, "doxasticNum": 0, "epistemicRate": 0.0, "investRate": 0.0, "conditionRate": 0.0, "weaselRate": 0.0, "peacockRate": 0.0, "hedgeRate": 0.0, "doxasticRate": 0.0, "loveNum": 0, "anxietyNum": 0, "sorrowNum": 0, "joyNum": 0, "disgustNum": 0, "fearNum": 0, "surpriseNum": 0, "angerNum": 0, "loveRate": 0.0, "anxietyRate": 0.0, "sorrowRate": 0.0, "joyRate": 0.0, "disgustRate": 0.0, "fearRate": 0.0, "surpriseRate": 0.0, "angerRate": 0.0, "slangBeGeneralNum": 0, "slangBeCigaretteNum": 0, "slangBeHumanNum": 0, "slangBeVehicleNum": 0, "slangBeDrugNum": 0, "slangBvNum": 0, "slangBeGeneralRate": 0.0, "slangBeCigaretteRate": 0.0, "slangBeHumanRate": 0.0, "slangBeVehicleRate": 0.0, "slangBeDrugRate": 0.0, "slangBvRate": 0.0, "speechactNum": 0, "quoteNum": 1, "dashNum": 0, "publicNum": 0, "privateNum": 0, "suasiveNum": 0, "discMarkerNum": 0, "smileyNum": 0, "dateNum": 0, "hesitationNum": 0, "restartNum": 0, "repeatNum": 0, "conjBeforeDiscNum": 0, "conjAfterDiscNum": 0, "wordBeforeHesitationNum": 0, "wordAfterHesitationNum": 0, "otherCollocationNum": 0, "speechactRate": 0.0, "quoteRate": 0.0024096385542168677, "dashRate": 0.0, "publicRate": 0.0, "privateRate": 0.0, "suasiveRate": 0.0, "discMarkerRate": 0.0, "smileyRate": 0.0, "dateRate": 0.0, "hesitationRate": 0.0, "restartRate": 0.0, "repeatRate": 0.0, "conjBeforeDiscRate": 0.0, "conjAfterDiscRate": 0.0, "wordBeforeHesitationRate": 0.0, "wordAfterHesitationRate": 0.0, "otherCollocationRate": 0.0, "easyWordNum": 378, "hardWordNum": 37, "easyWordRate": 0.9108433734939759, "hardWordRate": 0.0891566265060241, "fleschReadingEaseScore": 33.60827309236947, "gunningFogIndex": 11.102329317269078, "fleschKincaidGradeLevel": 15.44481927710844, "colemanLiauIndex": 13.380228915662649, "smogIndex": 9.473421319101043, "automatedReadabilityIndex": 15.737694779116467, "linsearWriteIndex": 2.895582329317269, "author": "", "locationNameNum": 1, "locationNameRate": 0.0024096385542168677, "personNameNum": 0, "personNameRate": 0.0, "organizationNameNum": 0, "organizationNameRate": 0.0, "misspelledNum": 13, "misspelledRate": 0.03132530120481928, "missingAccentNum": 3, "missingAccentRate": 0.007228915662650603, "foreignAccentNum": 0, "foreignAccentRate": 0.0, "wordConcatNum": 5, "wordConcatRate": 0.012048192771084338, "jLyMistakeNum": 0, "jLyMistakeRate": 0.0, "freqSuffixNum": 0, "partsNum": 149, "privateVNum": 0, "publicVNum": 0, "clauseWordNum": 40}