{"tokenNum": 445, "sentenceNum": 27, "lemmaNum": 218, "lemmaRate": 0.4898876404494382, "sentenceLength": 16.48148148148148, "allUpperNum": 0, "firstUpperNum": 28, "allUpperRate": 0.0, "firstUpperRate": 0.06292134831460675, "declarSentNum": 24, "imperSentNum": 1, "questionNum": 2, "declarSentRate": 0.8888888888888888, "imperSentRate": 0.037037037037037035, "questionRate": 0.07407407407407407, "accent": true, "saturation": 2.8684210526315788, "paragraphNum": 5, "nounNum": 70, "verbNum": 69, "adjNum": 33, "infNum": 12, "partPastNum": 1, "partPresNum": 4, "partFutNum": 0, "transNum": 1, "xNum": 6, "advNum": 43, "properNounNum": 0, "numNum": 3, "conjNum": 43, "punctNum": 86, "pronNum": 38, "relPronNum": 12, "demPronNum": 17, "adposNum": 6, "multiplePunctNum": 1, "phraseNum": 0, "nounRate": 0.15730337078651685, "verbRate": 0.1550561797752809, "adjRate": 0.07415730337078652, "infRate": 0.02696629213483146, "partPastRate": 0.0022471910112359553, "partPresRate": 0.008988764044943821, "partFutRate": 0.0, "transRate": 0.0022471910112359553, "xRate": 0.01348314606741573, "advRate": 0.09662921348314607, "properNounRate": 0.0, "numRate": 0.006741573033707865, "conjRate": 0.09662921348314607, "punctRate": 0.19325842696629214, "pronRate": 0.0853932584269663, "relPronRate": 0.02696629213483146, "demPronRate": 0.038202247191011236, "adposRate": 0.01348314606741573, "multiplePunctRate": 0.011627906976744186, "partsDensityRate": 2.8289473684210527, "contentfulness": 7.962962962962963, "phraseRate": 0.0, "pastTenseNum": 7, "presentTenseNum": 50, "condNum": 9, "impNum": 3, "freqNum": 0, "causNum": 0, "modalNum": 2, "sg1VerbNum": 13, "sg2VerbNum": 1, "sg3VerbNum": 44, "pl1VerbNum": 3, "pl2VerbNum": 5, "pl3VerbNum": 32, "superlatNum": 2, "comparatNum": 0, "specDerivSuffixNum": 0, "pluralNounNum": 24, "pastTenseRate": 0.10144927536231885, "presentTenseRate": 0.7246376811594203, "condRate": 0.13043478260869565, "impRate": 0.043478260869565216, "freqRate": 0.0, "causRate": 0.0, "modalRate": 0.028985507246376812, "sg1VerbRate": 0.18840579710144928, "sg2VerbRate": 0.014492753623188406, "sg3VerbRate": 0.6376811594202898, "pl1VerbRate": 0.043478260869565216, "pl2VerbRate": 0.07246376811594203, "pl3VerbRate": 0.463768115942029, "superlatRate": 0.06060606060606061, "comparatRate": 0.0, "specDerivSuffixRate": 0.0, "pluralNounRate": 0.34285714285714286, "subjNum": 25, "objNum": 27, "attNum": 16, "subordNum": 21, "adverbNum": 52, "coordNum": 23, "clauseNum": 76, "simpleNum": 4, "complexNum": 23, "complexity1Num": 8, "complexity2Num": 8, "complexity3Num": 3, "compoundNum": 0, "subjRate": 0.056179775280898875, "objRate": 0.060674157303370786, "attRate": 0.035955056179775284, "subordRate": 0.04719101123595506, "adverbRate": 0.11685393258426967, "coordRate": 0.051685393258426963, "partsRate": 1.881578947368421, "clauseRate": 2.814814814814815, "simpleRate": 0.14814814814814814, "complexRate": 0.8518518518518519, "complexity1Rate": 0.2962962962962963, "complexity2Rate": 0.2962962962962963, "complexity3Rate": 0.1111111111111111, "complexClauseRate": 3.130434782608696, "sentencesPerParagraph": 5.4, "wordsLengthRate": 5.938718662952646, "compoundRate": 0.0, "positiveNum": 0, "negativeNum": 0, "precoPositiveNum": 0, "precoNegativeNum": 0, "negemoNum": 0, "negationNum": 6, "functionNum": 230, "contentNum": 215, "vulgarNum": 0, "racistNum": 0, "specStyleNum": 0, "addressingNum": 0, "closingNum": 0, "postscriptNum": 0, "brutalNum": 0, "positiveRate": 0.0, "negativeRate": 0.0, "precoPositiveRate": 0.0, "precoNegativeRate": 0.0, "negemoRate": 0.0, "negationRate": 0.01348314606741573, "functionRate": 0.5168539325842697, "contentRate": 0.48314606741573035, "vulgarRate": 0.0, "racistRate": 0.0, "specStyleRate": 0.0, "addressingRate": 0.0, "closingRate": 0.0, "postscriptRate": 0.0, "brutalRate": 0.0, "epistemicNum": 0, "investNum": 0, "conditionNum": 0, "weaselNum": 0, "peacockNum": 0, "hedgeNum": 0, "doxasticNum": 0, "epistemicRate": 0.0, "investRate": 0.0, "conditionRate": 0.0, "weaselRate": 0.0, "peacockRate": 0.0, "hedgeRate": 0.0, "doxasticRate": 0.0, "loveNum": 0, "anxietyNum": 0, "sorrowNum": 0, "joyNum": 0, "disgustNum": 0, "fearNum": 0, "surpriseNum": 0, "angerNum": 0, "loveRate": 0.0, "anxietyRate": 0.0, "sorrowRate": 0.0, "joyRate": 0.0, "disgustRate": 0.0, "fearRate": 0.0, "surpriseRate": 0.0, "angerRate": 0.0, "slangBeGeneralNum": 0, "slangBeCigaretteNum": 0, "slangBeHumanNum": 0, "slangBeVehicleNum": 0, "slangBeDrugNum": 0, "slangBvNum": 0, "slangBeGeneralRate": 0.0, "slangBeCigaretteRate": 0.0, "slangBeHumanRate": 0.0, "slangBeVehicleRate": 0.0, "slangBeDrugRate": 0.0, "slangBvRate": 0.0, "speechactNum": 0, "quoteNum": 1, "dashNum": 0, "publicNum": 0, "privateNum": 0, "suasiveNum": 0, "discMarkerNum": 0, "smileyNum": 0, "dateNum": 0, "hesitationNum": 0, "restartNum": 0, "repeatNum": 0, "conjBeforeDiscNum": 0, "conjAfterDiscNum": 0, "wordBeforeHesitationNum": 0, "wordAfterHesitationNum": 0, "otherCollocationNum": 0, "speechactRate": 0.0, "quoteRate": 0.0022471910112359553, "dashRate": 0.0, "publicRate": 0.0, "privateRate": 0.0, "suasiveRate": 0.0, "discMarkerRate": 0.0, "smileyRate": 0.0, "dateRate": 0.0, "hesitationRate": 0.0, "restartRate": 0.0, "repeatRate": 0.0, "conjBeforeDiscRate": 0.0, "conjAfterDiscRate": 0.0, "wordBeforeHesitationRate": 0.0, "wordAfterHesitationRate": 0.0, "otherCollocationRate": 0.0, "easyWordNum": 413, "hardWordNum": 32, "easyWordRate": 0.9280898876404494, "hardWordRate": 0.07191011235955057, "fleschReadingEaseScore": 62.160678318768234, "gunningFogIndex": 6.619558884727424, "fleschKincaidGradeLevel": 8.683620474406993, "colemanLiauIndex": 13.477750561797748, "smogIndex": 9.029198982220553, "automatedReadabilityIndex": 10.223145235122761, "linsearWriteIndex": 1.0973782771535578, "author": "", "locationNameNum": 0, "locationNameRate": 0.0, "personNameNum": 0, "personNameRate": 0.0, "organizationNameNum": 0, "organizationNameRate": 0.0, "misspelledNum": 18, "misspelledRate": 0.04044943820224719, "missingAccentNum": 1, "missingAccentRate": 0.0022471910112359553, "foreignAccentNum": 4, "foreignAccentRate": 0.008988764044943821, "wordConcatNum": 2, "wordConcatRate": 0.0044943820224719105, "jLyMistakeNum": 0, "jLyMistakeRate": 0.0, "freqSuffixNum": 0, "partsNum": 143, "privateVNum": 0, "publicVNum": 0, "clauseWordNum": 76}