{"tokenNum": 627, "sentenceNum": 34, "lemmaNum": 255, "lemmaRate": 0.40669856459330145, "sentenceLength": 18.441176470588236, "allUpperNum": 0, "firstUpperNum": 36, "allUpperRate": 0.0, "firstUpperRate": 0.05741626794258373, "declarSentNum": 32, "imperSentNum": 2, "questionNum": 0, "declarSentRate": 0.9411764705882353, "imperSentRate": 0.058823529411764705, "questionRate": 0.0, "accent": true, "saturation": 2.4056603773584904, "paragraphNum": 5, "nounNum": 96, "verbNum": 91, "adjNum": 53, "infNum": 17, "partPastNum": 2, "partPresNum": 9, "partFutNum": 0, "transNum": 1, "xNum": 5, "advNum": 72, "properNounNum": 4, "numNum": 3, "conjNum": 66, "punctNum": 115, "pronNum": 65, "relPronNum": 13, "demPronNum": 34, "adposNum": 3, "multiplePunctNum": 0, "phraseNum": 0, "nounRate": 0.15311004784688995, "verbRate": 0.14513556618819776, "adjRate": 0.08452950558213716, "infRate": 0.02711323763955343, "partPastRate": 0.003189792663476874, "partPresRate": 0.014354066985645933, "partFutRate": 0.0, "transRate": 0.001594896331738437, "xRate": 0.007974481658692184, "advRate": 0.11483253588516747, "properNounRate": 0.006379585326953748, "numRate": 0.004784688995215311, "conjRate": 0.10526315789473684, "punctRate": 0.18341307814992025, "pronRate": 0.10366826156299841, "relPronRate": 0.02073365231259968, "demPronRate": 0.05422647527910686, "adposRate": 0.004784688995215311, "multiplePunctRate": 0.0, "partsDensityRate": 2.943396226415094, "contentfulness": 9.176470588235293, "phraseRate": 0.0, "pastTenseNum": 9, "presentTenseNum": 65, "condNum": 2, "impNum": 9, "freqNum": 0, "causNum": 0, "modalNum": 3, "sg1VerbNum": 41, "sg2VerbNum": 1, "sg3VerbNum": 75, "pl1VerbNum": 8, "pl2VerbNum": 1, "pl3VerbNum": 13, "superlatNum": 2, "comparatNum": 0, "specDerivSuffixNum": 0, "pluralNounNum": 14, "pastTenseRate": 0.0989010989010989, "presentTenseRate": 0.7142857142857143, "condRate": 0.02197802197802198, "impRate": 0.0989010989010989, "freqRate": 0.0, "causRate": 0.0, "modalRate": 0.03296703296703297, "sg1VerbRate": 0.45054945054945056, "sg2VerbRate": 0.01098901098901099, "sg3VerbRate": 0.8241758241758241, "pl1VerbRate": 0.08791208791208792, "pl2VerbRate": 0.01098901098901099, "pl3VerbRate": 0.14285714285714285, "superlatRate": 0.03773584905660377, "comparatRate": 0.0, "specDerivSuffixRate": 0.0, "pluralNounRate": 0.14583333333333334, "subjNum": 51, "objNum": 32, "attNum": 28, "subordNum": 36, "adverbNum": 83, "coordNum": 38, "clauseNum": 106, "simpleNum": 5, "complexNum": 29, "complexity1Num": 11, "complexity2Num": 6, "complexity3Num": 5, "compoundNum": 0, "subjRate": 0.08133971291866028, "objRate": 0.051036682615629984, "attRate": 0.044657097288676235, "subordRate": 0.05741626794258373, "adverbRate": 0.13237639553429026, "coordRate": 0.06060606060606061, "partsRate": 2.188679245283019, "clauseRate": 3.1176470588235294, "simpleRate": 0.14705882352941177, "complexRate": 0.8529411764705882, "complexity1Rate": 0.3235294117647059, "complexity2Rate": 0.17647058823529413, "complexity3Rate": 0.14705882352941177, "complexClauseRate": 3.4827586206896552, "sentencesPerParagraph": 6.8, "wordsLengthRate": 5.19921875, "compoundRate": 0.0, "positiveNum": 0, "negativeNum": 0, "precoPositiveNum": 0, "precoNegativeNum": 0, "negemoNum": 0, "negationNum": 16, "functionNum": 315, "contentNum": 312, "vulgarNum": 0, "racistNum": 0, "specStyleNum": 0, "addressingNum": 0, "closingNum": 0, "postscriptNum": 0, "brutalNum": 0, "positiveRate": 0.0, "negativeRate": 0.0, "precoPositiveRate": 0.0, "precoNegativeRate": 0.0, "negemoRate": 0.0, "negationRate": 0.025518341307814992, "functionRate": 0.5023923444976076, "contentRate": 0.49760765550239233, "vulgarRate": 0.0, "racistRate": 0.0, "specStyleRate": 0.0, "addressingRate": 0.0, "closingRate": 0.0, "postscriptRate": 0.0, "brutalRate": 0.0, "epistemicNum": 0, "investNum": 0, "conditionNum": 0, "weaselNum": 0, "peacockNum": 0, "hedgeNum": 0, "doxasticNum": 0, "epistemicRate": 0.0, "investRate": 0.0, "conditionRate": 0.0, "weaselRate": 0.0, "peacockRate": 0.0, "hedgeRate": 0.0, "doxasticRate": 0.0, "loveNum": 0, "anxietyNum": 0, "sorrowNum": 0, "joyNum": 0, "disgustNum": 0, "fearNum": 0, "surpriseNum": 0, "angerNum": 0, "loveRate": 0.0, "anxietyRate": 0.0, "sorrowRate": 0.0, "joyRate": 0.0, "disgustRate": 0.0, "fearRate": 0.0, "surpriseRate": 0.0, "angerRate": 0.0, "slangBeGeneralNum": 0, "slangBeCigaretteNum": 0, "slangBeHumanNum": 0, "slangBeVehicleNum": 0, "slangBeDrugNum": 0, "slangBvNum": 0, "slangBeGeneralRate": 0.0, "slangBeCigaretteRate": 0.0, "slangBeHumanRate": 0.0, "slangBeVehicleRate": 0.0, "slangBeDrugRate": 0.0, "slangBvRate": 0.0, "speechactNum": 0, "quoteNum": 0, "dashNum": 0, "publicNum": 0, "privateNum": 0, "suasiveNum": 0, "discMarkerNum": 0, "smileyNum": 0, "dateNum": 0, "hesitationNum": 0, "restartNum": 0, "repeatNum": 0, "conjBeforeDiscNum": 0, "conjAfterDiscNum": 0, "wordBeforeHesitationNum": 0, "wordAfterHesitationNum": 0, "otherCollocationNum": 0, "speechactRate": 0.0, "quoteRate": 0.0, "dashRate": 0.0, "publicRate": 0.0, "privateRate": 0.0, "suasiveRate": 0.0, "discMarkerRate": 0.0, "smileyRate": 0.0, "dateRate": 0.0, "hesitationRate": 0.0, "restartRate": 0.0, "repeatRate": 0.0, "conjBeforeDiscRate": 0.0, "conjAfterDiscRate": 0.0, "wordBeforeHesitationRate": 0.0, "wordAfterHesitationRate": 0.0, "otherCollocationRate": 0.0, "easyWordNum": 595, "hardWordNum": 32, "easyWordRate": 0.94896331738437, "hardWordRate": 0.051036682615629984, "fleschReadingEaseScore": 68.8406508584295, "gunningFogIndex": 7.396885261281547, "fleschKincaidGradeLevel": 8.238741439159398, "colemanLiauIndex": 10.192867623604464, "smogIndex": 8.671277953709914, "automatedReadabilityIndex": 8.576186321418518, "linsearWriteIndex": 0.608968946430247, "author": "", "locationNameNum": 0, "locationNameRate": 0.0, "personNameNum": 1, "personNameRate": 0.001594896331738437, "organizationNameNum": 0, "organizationNameRate": 0.0, "misspelledNum": 10, "misspelledRate": 0.01594896331738437, "missingAccentNum": 2, "missingAccentRate": 0.003189792663476874, "foreignAccentNum": 0, "foreignAccentRate": 0.0, "wordConcatNum": 0, "wordConcatRate": 0.0, "jLyMistakeNum": 1, "jLyMistakeRate": 0.001594896331738437, "freqSuffixNum": 0, "partsNum": 232, "privateVNum": 0, "publicVNum": 0, "clauseWordNum": 106}