{"tokenNum": 412, "sentenceNum": 30, "lemmaNum": 213, "lemmaRate": 0.5169902912621359, "sentenceLength": 13.733333333333333, "allUpperNum": 0, "firstUpperNum": 31, "allUpperRate": 0.0, "firstUpperRate": 0.07524271844660194, "declarSentNum": 12, "imperSentNum": 14, "questionNum": 4, "declarSentRate": 0.4, "imperSentRate": 0.4666666666666667, "questionRate": 0.13333333333333333, "accent": true, "saturation": 3.380952380952381, "paragraphNum": 3, "nounNum": 68, "verbNum": 57, "adjNum": 39, "infNum": 7, "partPastNum": 0, "partPresNum": 2, "partFutNum": 0, "transNum": 2, "xNum": 3, "advNum": 48, "properNounNum": 1, "numNum": 2, "conjNum": 34, "punctNum": 74, "pronNum": 28, "relPronNum": 8, "demPronNum": 22, "adposNum": 3, "multiplePunctNum": 0, "phraseNum": 0, "nounRate": 0.1650485436893204, "verbRate": 0.1383495145631068, "adjRate": 0.09466019417475728, "infRate": 0.01699029126213592, "partPastRate": 0.0, "partPresRate": 0.0048543689320388345, "partFutRate": 0.0, "transRate": 0.0048543689320388345, "xRate": 0.007281553398058253, "advRate": 0.11650485436893204, "properNounRate": 0.0024271844660194173, "numRate": 0.0048543689320388345, "conjRate": 0.0825242718446602, "punctRate": 0.1796116504854369, "pronRate": 0.06796116504854369, "relPronRate": 0.019417475728155338, "demPronRate": 0.05339805825242718, "adposRate": 0.007281553398058253, "multiplePunctRate": 0.0, "partsDensityRate": 3.365079365079365, "contentfulness": 7.066666666666666, "phraseRate": 0.0, "pastTenseNum": 5, "presentTenseNum": 45, "condNum": 1, "impNum": 4, "freqNum": 0, "causNum": 0, "modalNum": 0, "sg1VerbNum": 15, "sg2VerbNum": 0, "sg3VerbNum": 27, "pl1VerbNum": 11, "pl2VerbNum": 1, "pl3VerbNum": 31, "superlatNum": 1, "comparatNum": 2, "specDerivSuffixNum": 0, "pluralNounNum": 22, "pastTenseRate": 0.08771929824561403, "presentTenseRate": 0.7894736842105263, "condRate": 0.017543859649122806, "impRate": 0.07017543859649122, "freqRate": 0.0, "causRate": 0.0, "modalRate": 0.0, "sg1VerbRate": 0.2631578947368421, "sg2VerbRate": 0.0, "sg3VerbRate": 0.47368421052631576, "pl1VerbRate": 0.19298245614035087, "pl2VerbRate": 0.017543859649122806, "pl3VerbRate": 0.543859649122807, "superlatRate": 0.02564102564102564, "comparatRate": 0.05128205128205128, "specDerivSuffixRate": 0.0, "pluralNounRate": 0.3235294117647059, "subjNum": 25, "objNum": 22, "attNum": 27, "subordNum": 23, "adverbNum": 51, "coordNum": 18, "clauseNum": 63, "simpleNum": 10, "complexNum": 20, "complexity1Num": 10, "complexity2Num": 7, "complexity3Num": 3, "compoundNum": 0, "subjRate": 0.06067961165048544, "objRate": 0.05339805825242718, "attRate": 0.06553398058252427, "subordRate": 0.055825242718446605, "adverbRate": 0.12378640776699029, "coordRate": 0.043689320388349516, "partsRate": 2.2698412698412698, "clauseRate": 2.1, "simpleRate": 0.3333333333333333, "complexRate": 0.6666666666666666, "complexity1Rate": 0.3333333333333333, "complexity2Rate": 0.23333333333333334, "complexity3Rate": 0.1, "complexClauseRate": 2.65, "sentencesPerParagraph": 10.0, "wordsLengthRate": 5.35207100591716, "compoundRate": 0.0, "positiveNum": 0, "negativeNum": 0, "precoPositiveNum": 0, "precoNegativeNum": 0, "negemoNum": 0, "negationNum": 8, "functionNum": 200, "contentNum": 212, "vulgarNum": 0, "racistNum": 0, "specStyleNum": 0, "addressingNum": 0, "closingNum": 0, "postscriptNum": 0, "brutalNum": 0, "positiveRate": 0.0, "negativeRate": 0.0, "precoPositiveRate": 0.0, "precoNegativeRate": 0.0, "negemoRate": 0.0, "negationRate": 0.019417475728155338, "functionRate": 0.4854368932038835, "contentRate": 0.5145631067961165, "vulgarRate": 0.0, "racistRate": 0.0, "specStyleRate": 0.0, "addressingRate": 0.0, "closingRate": 0.0, "postscriptRate": 0.0, "brutalRate": 0.0, "epistemicNum": 0, "investNum": 0, "conditionNum": 0, "weaselNum": 0, "peacockNum": 0, "hedgeNum": 0, "doxasticNum": 0, "epistemicRate": 0.0, "investRate": 0.0, "conditionRate": 0.0, "weaselRate": 0.0, "peacockRate": 0.0, "hedgeRate": 0.0, "doxasticRate": 0.0, "loveNum": 0, "anxietyNum": 0, "sorrowNum": 0, "joyNum": 0, "disgustNum": 0, "fearNum": 0, "surpriseNum": 0, "angerNum": 0, "loveRate": 0.0, "anxietyRate": 0.0, "sorrowRate": 0.0, "joyRate": 0.0, "disgustRate": 0.0, "fearRate": 0.0, "surpriseRate": 0.0, "angerRate": 0.0, "slangBeGeneralNum": 0, "slangBeCigaretteNum": 0, "slangBeHumanNum": 0, "slangBeVehicleNum": 0, "slangBeDrugNum": 0, "slangBvNum": 0, "slangBeGeneralRate": 0.0, "slangBeCigaretteRate": 0.0, "slangBeHumanRate": 0.0, "slangBeVehicleRate": 0.0, "slangBeDrugRate": 0.0, "slangBvRate": 0.0, "speechactNum": 0, "quoteNum": 0, "dashNum": 0, "publicNum": 0, "privateNum": 0, "suasiveNum": 0, "discMarkerNum": 0, "smileyNum": 0, "dateNum": 0, "hesitationNum": 0, "restartNum": 1, "repeatNum": 0, "conjBeforeDiscNum": 0, "conjAfterDiscNum": 0, "wordBeforeHesitationNum": 0, "wordAfterHesitationNum": 0, "otherCollocationNum": 0, "speechactRate": 0.0, "quoteRate": 0.0, "dashRate": 0.0, "publicRate": 0.0, "privateRate": 0.0, "suasiveRate": 0.0, "discMarkerRate": 0.0, "smileyRate": 0.0, "dateRate": 0.0, "hesitationRate": 0.0, "restartRate": 0.0024271844660194173, "repeatRate": 0.0, "conjBeforeDiscRate": 0.0, "conjAfterDiscRate": 0.0, "wordBeforeHesitationRate": 0.0, "wordAfterHesitationRate": 0.0, "otherCollocationRate": 0.0, "easyWordNum": 390, "hardWordNum": 22, "easyWordRate": 0.9466019417475728, "hardWordRate": 0.05339805825242718, "fleschReadingEaseScore": 72.7718802588997, "gunningFogIndex": 5.514692556634304, "fleschKincaidGradeLevel": 6.520854368932039, "colemanLiauIndex": 11.033592233009706, "smogIndex": 8.021203637495837, "automatedReadabilityIndex": 6.89460355987055, "linsearWriteIndex": 0.8325242718446604, "author": "", "locationNameNum": 0, "locationNameRate": 0.0, "personNameNum": 0, "personNameRate": 0.0, "organizationNameNum": 0, "organizationNameRate": 0.0, "misspelledNum": 20, "misspelledRate": 0.04854368932038835, "missingAccentNum": 9, "missingAccentRate": 0.021844660194174758, "foreignAccentNum": 0, "foreignAccentRate": 0.0, "wordConcatNum": 2, "wordConcatRate": 0.0048543689320388345, "jLyMistakeNum": 1, "jLyMistakeRate": 0.0024271844660194173, "freqSuffixNum": 0, "partsNum": 143, "privateVNum": 0, "publicVNum": 0, "clauseWordNum": 63}