{"tokenNum": 375, "sentenceNum": 11, "lemmaNum": 205, "lemmaRate": 0.5466666666666666, "sentenceLength": 34.09090909090909, "allUpperNum": 0, "firstUpperNum": 14, "allUpperRate": 0.0, "firstUpperRate": 0.037333333333333336, "declarSentNum": 10, "imperSentNum": 1, "questionNum": 0, "declarSentRate": 0.9090909090909091, "imperSentRate": 0.09090909090909091, "questionRate": 0.0, "accent": true, "saturation": 4.767441860465116, "paragraphNum": 4, "nounNum": 88, "verbNum": 32, "adjNum": 53, "infNum": 2, "partPastNum": 0, "partPresNum": 3, "partFutNum": 0, "transNum": 1, "xNum": 5, "advNum": 34, "properNounNum": 2, "numNum": 1, "conjNum": 34, "punctNum": 54, "pronNum": 22, "relPronNum": 15, "demPronNum": 15, "adposNum": 0, "multiplePunctNum": 0, "phraseNum": 0, "nounRate": 0.23466666666666666, "verbRate": 0.08533333333333333, "adjRate": 0.14133333333333334, "infRate": 0.005333333333333333, "partPastRate": 0.0, "partPresRate": 0.008, "partFutRate": 0.0, "transRate": 0.0026666666666666666, "xRate": 0.013333333333333334, "advRate": 0.09066666666666667, "properNounRate": 0.005333333333333333, "numRate": 0.0026666666666666666, "conjRate": 0.09066666666666667, "punctRate": 0.144, "pronRate": 0.058666666666666666, "relPronRate": 0.04, "demPronRate": 0.04, "adposRate": 0.0, "multiplePunctRate": 0.0, "partsDensityRate": 4.813953488372093, "contentfulness": 18.818181818181817, "phraseRate": 0.0, "pastTenseNum": 3, "presentTenseNum": 28, "condNum": 1, "impNum": 2, "freqNum": 0, "causNum": 0, "modalNum": 5, "sg1VerbNum": 3, "sg2VerbNum": 0, "sg3VerbNum": 40, "pl1VerbNum": 0, "pl2VerbNum": 0, "pl3VerbNum": 14, "superlatNum": 1, "comparatNum": 1, "specDerivSuffixNum": 0, "pluralNounNum": 18, "pastTenseRate": 0.09375, "presentTenseRate": 0.875, "condRate": 0.03125, "impRate": 0.0625, "freqRate": 0.0, "causRate": 0.0, "modalRate": 0.15625, "sg1VerbRate": 0.09375, "sg2VerbRate": 0.0, "sg3VerbRate": 1.25, "pl1VerbRate": 0.0, "pl2VerbRate": 0.0, "pl3VerbRate": 0.4375, "superlatRate": 0.018867924528301886, "comparatRate": 0.018867924528301886, "specDerivSuffixRate": 0.0, "pluralNounRate": 0.20454545454545456, "subjNum": 29, "objNum": 14, "attNum": 34, "subordNum": 25, "adverbNum": 39, "coordNum": 21, "clauseNum": 43, "simpleNum": 1, "complexNum": 10, "complexity1Num": 1, "complexity2Num": 2, "complexity3Num": 4, "compoundNum": 0, "subjRate": 0.07733333333333334, "objRate": 0.037333333333333336, "attRate": 0.09066666666666667, "subordRate": 0.06666666666666667, "adverbRate": 0.104, "coordRate": 0.056, "partsRate": 3.186046511627907, "clauseRate": 3.909090909090909, "simpleRate": 0.09090909090909091, "complexRate": 0.9090909090909091, "complexity1Rate": 0.09090909090909091, "complexity2Rate": 0.18181818181818182, "complexity3Rate": 0.36363636363636365, "complexClauseRate": 4.2, "sentencesPerParagraph": 2.75, "wordsLengthRate": 5.735202492211838, "compoundRate": 0.0, "positiveNum": 0, "negativeNum": 0, "precoPositiveNum": 0, "precoNegativeNum": 0, "negemoNum": 0, "negationNum": 3, "functionNum": 168, "contentNum": 207, "vulgarNum": 0, "racistNum": 0, "specStyleNum": 0, "addressingNum": 0, "closingNum": 0, "postscriptNum": 0, "brutalNum": 0, "positiveRate": 0.0, "negativeRate": 0.0, "precoPositiveRate": 0.0, "precoNegativeRate": 0.0, "negemoRate": 0.0, "negationRate": 0.008, "functionRate": 0.448, "contentRate": 0.552, "vulgarRate": 0.0, "racistRate": 0.0, "specStyleRate": 0.0, "addressingRate": 0.0, "closingRate": 0.0, "postscriptRate": 0.0, "brutalRate": 0.0, "epistemicNum": 0, "investNum": 0, "conditionNum": 0, "weaselNum": 0, "peacockNum": 0, "hedgeNum": 0, "doxasticNum": 0, "epistemicRate": 0.0, "investRate": 0.0, "conditionRate": 0.0, "weaselRate": 0.0, "peacockRate": 0.0, "hedgeRate": 0.0, "doxasticRate": 0.0, "loveNum": 0, "anxietyNum": 0, "sorrowNum": 0, "joyNum": 0, "disgustNum": 0, "fearNum": 0, "surpriseNum": 0, "angerNum": 0, "loveRate": 0.0, "anxietyRate": 0.0, "sorrowRate": 0.0, "joyRate": 0.0, "disgustRate": 0.0, "fearRate": 0.0, "surpriseRate": 0.0, "angerRate": 0.0, "slangBeGeneralNum": 0, "slangBeCigaretteNum": 0, "slangBeHumanNum": 0, "slangBeVehicleNum": 0, "slangBeDrugNum": 0, "slangBvNum": 0, "slangBeGeneralRate": 0.0, "slangBeCigaretteRate": 0.0, "slangBeHumanRate": 0.0, "slangBeVehicleRate": 0.0, "slangBeDrugRate": 0.0, "slangBvRate": 0.0, "speechactNum": 0, "quoteNum": 0, "dashNum": 0, "publicNum": 0, "privateNum": 0, "suasiveNum": 0, "discMarkerNum": 0, "smileyNum": 0, "dateNum": 0, "hesitationNum": 0, "restartNum": 0, "repeatNum": 0, "conjBeforeDiscNum": 0, "conjAfterDiscNum": 0, "wordBeforeHesitationNum": 0, "wordAfterHesitationNum": 0, "otherCollocationNum": 0, "speechactRate": 0.0, "quoteRate": 0.0, "dashRate": 0.0, "publicRate": 0.0, "privateRate": 0.0, "suasiveRate": 0.0, "discMarkerRate": 0.0, "smileyRate": 0.0, "dateRate": 0.0, "hesitationRate": 0.0, "restartRate": 0.0, "repeatRate": 0.0, "conjBeforeDiscRate": 0.0, "conjAfterDiscRate": 0.0, "wordBeforeHesitationRate": 0.0, "wordAfterHesitationRate": 0.0, "otherCollocationRate": 0.0, "easyWordNum": 336, "hardWordNum": 39, "easyWordRate": 0.896, "hardWordRate": 0.104, "fleschReadingEaseScore": 29.653527272727302, "gunningFogIndex": 13.677963636363637, "fleschKincaidGradeLevel": 17.59238787878788, "colemanLiauIndex": 13.838391999999995, "smogIndex": 9.642632912329528, "automatedReadabilityIndex": 19.31617454545455, "linsearWriteIndex": 4.442424242424242, "author": "", "locationNameNum": 0, "locationNameRate": 0.0, "personNameNum": 0, "personNameRate": 0.0, "organizationNameNum": 1, "organizationNameRate": 0.0026666666666666666, "misspelledNum": 9, "misspelledRate": 0.024, "missingAccentNum": 2, "missingAccentRate": 0.005333333333333333, "foreignAccentNum": 0, "foreignAccentRate": 0.0, "wordConcatNum": 2, "wordConcatRate": 0.005333333333333333, "jLyMistakeNum": 0, "jLyMistakeRate": 0.0, "freqSuffixNum": 0, "partsNum": 137, "privateVNum": 0, "publicVNum": 0, "clauseWordNum": 43}