{"tokenNum": 328, "sentenceNum": 17, "lemmaNum": 142, "lemmaRate": 0.4329268292682927, "sentenceLength": 19.294117647058822, "allUpperNum": 0, "firstUpperNum": 17, "allUpperRate": 0.0, "firstUpperRate": 0.051829268292682924, "declarSentNum": 17, "imperSentNum": 0, "questionNum": 0, "declarSentRate": 1.0, "imperSentRate": 0.0, "questionRate": 0.0, "accent": true, "saturation": 2.8979591836734695, "paragraphNum": 0, "nounNum": 45, "verbNum": 52, "adjNum": 31, "infNum": 15, "partPastNum": 0, "partPresNum": 1, "partFutNum": 0, "transNum": 0, "xNum": 0, "advNum": 32, "properNounNum": 0, "numNum": 0, "conjNum": 36, "punctNum": 59, "pronNum": 33, "relPronNum": 4, "demPronNum": 22, "adposNum": 3, "multiplePunctNum": 0, "phraseNum": 0, "nounRate": 0.13719512195121952, "verbRate": 0.15853658536585366, "adjRate": 0.09451219512195122, "infRate": 0.04573170731707317, "partPastRate": 0.0, "partPresRate": 0.003048780487804878, "partFutRate": 0.0, "transRate": 0.0, "xRate": 0.0, "advRate": 0.0975609756097561, "properNounRate": 0.0, "numRate": 0.0, "conjRate": 0.10975609756097561, "punctRate": 0.1798780487804878, "pronRate": 0.10060975609756098, "relPronRate": 0.012195121951219513, "demPronRate": 0.06707317073170732, "adposRate": 0.009146341463414634, "multiplePunctRate": 0.0, "partsDensityRate": 3.2653061224489797, "contentfulness": 9.411764705882353, "phraseRate": 0.0, "pastTenseNum": 2, "presentTenseNum": 36, "condNum": 0, "impNum": 6, "freqNum": 0, "causNum": 1, "modalNum": 0, "sg1VerbNum": 6, "sg2VerbNum": 2, "sg3VerbNum": 47, "pl1VerbNum": 8, "pl2VerbNum": 0, "pl3VerbNum": 16, "superlatNum": 0, "comparatNum": 3, "specDerivSuffixNum": 0, "pluralNounNum": 12, "pastTenseRate": 0.038461538461538464, "presentTenseRate": 0.6923076923076923, "condRate": 0.0, "impRate": 0.11538461538461539, "freqRate": 0.0, "causRate": 0.019230769230769232, "modalRate": 0.0, "sg1VerbRate": 0.11538461538461539, "sg2VerbRate": 0.038461538461538464, "sg3VerbRate": 0.9038461538461539, "pl1VerbRate": 0.15384615384615385, "pl2VerbRate": 0.0, "pl3VerbRate": 0.3076923076923077, "superlatRate": 0.0, "comparatRate": 0.0967741935483871, "specDerivSuffixRate": 0.0, "pluralNounRate": 0.26666666666666666, "subjNum": 21, "objNum": 20, "attNum": 14, "subordNum": 22, "adverbNum": 48, "coordNum": 6, "clauseNum": 49, "simpleNum": 0, "complexNum": 17, "complexity1Num": 8, "complexity2Num": 4, "complexity3Num": 4, "compoundNum": 0, "subjRate": 0.06402439024390244, "objRate": 0.06097560975609756, "attRate": 0.042682926829268296, "subordRate": 0.06707317073170732, "adverbRate": 0.14634146341463414, "coordRate": 0.018292682926829267, "partsRate": 2.2244897959183674, "clauseRate": 2.8823529411764706, "simpleRate": 0.0, "complexRate": 1.0, "complexity1Rate": 0.47058823529411764, "complexity2Rate": 0.23529411764705882, "complexity3Rate": 0.23529411764705882, "complexClauseRate": 2.8823529411764706, "sentencesPerParagraph": 0.0, "wordsLengthRate": 5.855018587360595, "compoundRate": 0.0, "positiveNum": 0, "negativeNum": 0, "precoPositiveNum": 0, "precoNegativeNum": 0, "negemoNum": 0, "negationNum": 10, "functionNum": 168, "contentNum": 160, "vulgarNum": 0, "racistNum": 0, "specStyleNum": 0, "addressingNum": 0, "closingNum": 0, "postscriptNum": 0, "brutalNum": 0, "positiveRate": 0.0, "negativeRate": 0.0, "precoPositiveRate": 0.0, "precoNegativeRate": 0.0, "negemoRate": 0.0, "negationRate": 0.03048780487804878, "functionRate": 0.5121951219512195, "contentRate": 0.4878048780487805, "vulgarRate": 0.0, "racistRate": 0.0, "specStyleRate": 0.0, "addressingRate": 0.0, "closingRate": 0.0, "postscriptRate": 0.0, "brutalRate": 0.0, "epistemicNum": 0, "investNum": 0, "conditionNum": 0, "weaselNum": 0, "peacockNum": 0, "hedgeNum": 0, "doxasticNum": 0, "epistemicRate": 0.0, "investRate": 0.0, "conditionRate": 0.0, "weaselRate": 0.0, "peacockRate": 0.0, "hedgeRate": 0.0, "doxasticRate": 0.0, "loveNum": 0, "anxietyNum": 0, "sorrowNum": 0, "joyNum": 0, "disgustNum": 0, "fearNum": 0, "surpriseNum": 0, "angerNum": 0, "loveRate": 0.0, "anxietyRate": 0.0, "sorrowRate": 0.0, "joyRate": 0.0, "disgustRate": 0.0, "fearRate": 0.0, "surpriseRate": 0.0, "angerRate": 0.0, "slangBeGeneralNum": 0, "slangBeCigaretteNum": 0, "slangBeHumanNum": 0, "slangBeVehicleNum": 0, "slangBeDrugNum": 0, "slangBvNum": 0, "slangBeGeneralRate": 0.0, "slangBeCigaretteRate": 0.0, "slangBeHumanRate": 0.0, "slangBeVehicleRate": 0.0, "slangBeDrugRate": 0.0, "slangBvRate": 0.0, "speechactNum": 0, "quoteNum": 0, "dashNum": 0, "publicNum": 0, "privateNum": 0, "suasiveNum": 0, "discMarkerNum": 0, "smileyNum": 0, "dateNum": 0, "hesitationNum": 0, "restartNum": 0, "repeatNum": 0, "conjBeforeDiscNum": 0, "conjAfterDiscNum": 0, "wordBeforeHesitationNum": 0, "wordAfterHesitationNum": 0, "otherCollocationNum": 0, "speechactRate": 0.0, "quoteRate": 0.0, "dashRate": 0.0, "publicRate": 0.0, "privateRate": 0.0, "suasiveRate": 0.0, "discMarkerRate": 0.0, "smileyRate": 0.0, "dateRate": 0.0, "hesitationRate": 0.0, "restartRate": 0.0, "repeatRate": 0.0, "conjBeforeDiscRate": 0.0, "conjAfterDiscRate": 0.0, "wordBeforeHesitationRate": 0.0, "wordAfterHesitationRate": 0.0, "otherCollocationRate": 0.0, "easyWordNum": 302, "hardWordNum": 26, "easyWordRate": 0.9207317073170732, "hardWordRate": 0.07926829268292683, "fleschReadingEaseScore": 56.224641319942606, "gunningFogIndex": 7.7493543758967, "fleschKincaidGradeLevel": 10.210315638450503, "colemanLiauIndex": 13.542100609756094, "smogIndex": 8.447377352677275, "automatedReadabilityIndex": 11.680900286944045, "linsearWriteIndex": 2.407460545193687, "author": "", "locationNameNum": 0, "locationNameRate": 0.0, "personNameNum": 0, "personNameRate": 0.0, "organizationNameNum": 0, "organizationNameRate": 0.0, "misspelledNum": 1, "misspelledRate": 0.003048780487804878, "missingAccentNum": 0, "missingAccentRate": 0.0, "foreignAccentNum": 0, "foreignAccentRate": 0.0, "wordConcatNum": 0, "wordConcatRate": 0.0, "jLyMistakeNum": 0, "jLyMistakeRate": 0.0, "freqSuffixNum": 0, "partsNum": 109, "privateVNum": 0, "publicVNum": 0, "clauseWordNum": 49}