{"tokenNum": 425, "sentenceNum": 26, "lemmaNum": 230, "lemmaRate": 0.5411764705882353, "sentenceLength": 16.346153846153847, "allUpperNum": 0, "firstUpperNum": 26, "allUpperRate": 0.0, "firstUpperRate": 0.0611764705882353, "declarSentNum": 15, "imperSentNum": 9, "questionNum": 2, "declarSentRate": 0.5769230769230769, "imperSentRate": 0.34615384615384615, "questionRate": 0.07692307692307693, "accent": true, "saturation": 3.5384615384615383, "paragraphNum": 3, "nounNum": 81, "verbNum": 62, "adjNum": 41, "infNum": 9, "partPastNum": 0, "partPresNum": 2, "partFutNum": 0, "transNum": 1, "xNum": 10, "advNum": 35, "properNounNum": 1, "numNum": 0, "conjNum": 38, "punctNum": 69, "pronNum": 23, "relPronNum": 6, "demPronNum": 18, "adposNum": 2, "multiplePunctNum": 0, "phraseNum": 0, "nounRate": 0.19058823529411764, "verbRate": 0.14588235294117646, "adjRate": 0.09647058823529411, "infRate": 0.021176470588235293, "partPastRate": 0.0, "partPresRate": 0.004705882352941176, "partFutRate": 0.0, "transRate": 0.002352941176470588, "xRate": 0.023529411764705882, "advRate": 0.08235294117647059, "properNounRate": 0.002352941176470588, "numRate": 0.0, "conjRate": 0.08941176470588236, "punctRate": 0.1623529411764706, "pronRate": 0.05411764705882353, "relPronRate": 0.01411764705882353, "demPronRate": 0.042352941176470586, "adposRate": 0.004705882352941176, "multiplePunctRate": 0.0, "partsDensityRate": 3.3692307692307693, "contentfulness": 8.423076923076923, "phraseRate": 0.0, "pastTenseNum": 1, "presentTenseNum": 52, "condNum": 7, "impNum": 4, "freqNum": 0, "causNum": 1, "modalNum": 4, "sg1VerbNum": 9, "sg2VerbNum": 0, "sg3VerbNum": 48, "pl1VerbNum": 11, "pl2VerbNum": 0, "pl3VerbNum": 15, "superlatNum": 1, "comparatNum": 2, "specDerivSuffixNum": 0, "pluralNounNum": 12, "pastTenseRate": 0.016129032258064516, "presentTenseRate": 0.8387096774193549, "condRate": 0.11290322580645161, "impRate": 0.06451612903225806, "freqRate": 0.0, "causRate": 0.016129032258064516, "modalRate": 0.06451612903225806, "sg1VerbRate": 0.14516129032258066, "sg2VerbRate": 0.0, "sg3VerbRate": 0.7741935483870968, "pl1VerbRate": 0.1774193548387097, "pl2VerbRate": 0.0, "pl3VerbRate": 0.24193548387096775, "superlatRate": 0.024390243902439025, "comparatRate": 0.04878048780487805, "specDerivSuffixRate": 0.0, "pluralNounRate": 0.14814814814814814, "subjNum": 30, "objNum": 18, "attNum": 25, "subordNum": 23, "adverbNum": 46, "coordNum": 15, "clauseNum": 65, "simpleNum": 9, "complexNum": 17, "complexity1Num": 6, "complexity2Num": 5, "complexity3Num": 2, "compoundNum": 0, "subjRate": 0.07058823529411765, "objRate": 0.042352941176470586, "attRate": 0.058823529411764705, "subordRate": 0.05411764705882353, "adverbRate": 0.10823529411764705, "coordRate": 0.03529411764705882, "partsRate": 2.0615384615384613, "clauseRate": 2.5, "simpleRate": 0.34615384615384615, "complexRate": 0.6538461538461539, "complexity1Rate": 0.23076923076923078, "complexity2Rate": 0.19230769230769232, "complexity3Rate": 0.07692307692307693, "complexClauseRate": 3.2941176470588234, "sentencesPerParagraph": 8.666666666666666, "wordsLengthRate": 5.668539325842697, "compoundRate": 0.0, "positiveNum": 0, "negativeNum": 0, "precoPositiveNum": 0, "precoNegativeNum": 0, "negemoNum": 0, "negationNum": 5, "functionNum": 206, "contentNum": 219, "vulgarNum": 0, "racistNum": 0, "specStyleNum": 0, "addressingNum": 0, "closingNum": 0, "postscriptNum": 0, "brutalNum": 0, "positiveRate": 0.0, "negativeRate": 0.0, "precoPositiveRate": 0.0, "precoNegativeRate": 0.0, "negemoRate": 0.0, "negationRate": 0.011764705882352941, "functionRate": 0.48470588235294115, "contentRate": 0.5152941176470588, "vulgarRate": 0.0, "racistRate": 0.0, "specStyleRate": 0.0, "addressingRate": 0.0, "closingRate": 0.0, "postscriptRate": 0.0, "brutalRate": 0.0, "epistemicNum": 0, "investNum": 0, "conditionNum": 0, "weaselNum": 0, "peacockNum": 0, "hedgeNum": 0, "doxasticNum": 0, "epistemicRate": 0.0, "investRate": 0.0, "conditionRate": 0.0, "weaselRate": 0.0, "peacockRate": 0.0, "hedgeRate": 0.0, "doxasticRate": 0.0, "loveNum": 0, "anxietyNum": 0, "sorrowNum": 0, "joyNum": 0, "disgustNum": 0, "fearNum": 0, "surpriseNum": 0, "angerNum": 0, "loveRate": 0.0, "anxietyRate": 0.0, "sorrowRate": 0.0, "joyRate": 0.0, "disgustRate": 0.0, "fearRate": 0.0, "surpriseRate": 0.0, "angerRate": 0.0, "slangBeGeneralNum": 0, "slangBeCigaretteNum": 0, "slangBeHumanNum": 0, "slangBeVehicleNum": 0, "slangBeDrugNum": 0, "slangBvNum": 0, "slangBeGeneralRate": 0.0, "slangBeCigaretteRate": 0.0, "slangBeHumanRate": 0.0, "slangBeVehicleRate": 0.0, "slangBeDrugRate": 0.0, "slangBvRate": 0.0, "speechactNum": 0, "quoteNum": 0, "dashNum": 0, "publicNum": 0, "privateNum": 0, "suasiveNum": 0, "discMarkerNum": 0, "smileyNum": 0, "dateNum": 0, "hesitationNum": 0, "restartNum": 0, "repeatNum": 0, "conjBeforeDiscNum": 0, "conjAfterDiscNum": 0, "wordBeforeHesitationNum": 0, "wordAfterHesitationNum": 0, "otherCollocationNum": 0, "speechactRate": 0.0, "quoteRate": 0.0, "dashRate": 0.0, "publicRate": 0.0, "privateRate": 0.0, "suasiveRate": 0.0, "discMarkerRate": 0.0, "smileyRate": 0.0, "dateRate": 0.0, "hesitationRate": 0.0, "restartRate": 0.0, "repeatRate": 0.0, "conjBeforeDiscRate": 0.0, "conjAfterDiscRate": 0.0, "wordBeforeHesitationRate": 0.0, "wordAfterHesitationRate": 0.0, "otherCollocationRate": 0.0, "easyWordNum": 385, "hardWordNum": 40, "easyWordRate": 0.9058823529411765, "hardWordRate": 0.09411764705882353, "fleschReadingEaseScore": 53.68930090497739, "gunningFogIndex": 6.576108597285068, "fleschKincaidGradeLevel": 9.831588235294117, "colemanLiauIndex": 13.026169411764705, "smogIndex": 9.725611199111238, "automatedReadabilityIndex": 9.794371040723984, "linsearWriteIndex": 1.2669683257918551, "author": "", "locationNameNum": 0, "locationNameRate": 0.0, "personNameNum": 1, "personNameRate": 0.002352941176470588, "organizationNameNum": 0, "organizationNameRate": 0.0, "misspelledNum": 49, "misspelledRate": 0.11529411764705882, "missingAccentNum": 7, "missingAccentRate": 0.01647058823529412, "foreignAccentNum": 0, "foreignAccentRate": 0.0, "wordConcatNum": 6, "wordConcatRate": 0.01411764705882353, "jLyMistakeNum": 1, "jLyMistakeRate": 0.002352941176470588, "freqSuffixNum": 0, "partsNum": 134, "privateVNum": 0, "publicVNum": 0, "clauseWordNum": 65}