{"tokenNum": 461, "sentenceNum": 26, "lemmaNum": 212, "lemmaRate": 0.4598698481561822, "sentenceLength": 17.73076923076923, "allUpperNum": 0, "firstUpperNum": 28, "allUpperRate": 0.0, "firstUpperRate": 0.06073752711496746, "declarSentNum": 23, "imperSentNum": 2, "questionNum": 1, "declarSentRate": 0.8846153846153846, "imperSentRate": 0.07692307692307693, "questionRate": 0.038461538461538464, "accent": true, "saturation": 2.9859154929577465, "paragraphNum": 5, "nounNum": 82, "verbNum": 58, "adjNum": 43, "infNum": 5, "partPastNum": 1, "partPresNum": 0, "partFutNum": 0, "transNum": 5, "xNum": 5, "advNum": 57, "properNounNum": 0, "numNum": 0, "conjNum": 39, "punctNum": 75, "pronNum": 30, "relPronNum": 8, "demPronNum": 22, "adposNum": 5, "multiplePunctNum": 0, "phraseNum": 0, "nounRate": 0.17787418655097614, "verbRate": 0.12581344902386118, "adjRate": 0.09327548806941431, "infRate": 0.010845986984815618, "partPastRate": 0.0021691973969631237, "partPresRate": 0.0, "partFutRate": 0.0, "transRate": 0.010845986984815618, "xRate": 0.010845986984815618, "advRate": 0.12364425162689804, "properNounRate": 0.0, "numRate": 0.0, "conjRate": 0.08459869848156182, "punctRate": 0.16268980477223427, "pronRate": 0.0650759219088937, "relPronRate": 0.01735357917570499, "demPronRate": 0.04772234273318872, "adposRate": 0.010845986984815618, "multiplePunctRate": 0.0, "partsDensityRate": 3.380281690140845, "contentfulness": 9.23076923076923, "phraseRate": 0.0, "pastTenseNum": 3, "presentTenseNum": 50, "condNum": 4, "impNum": 11, "freqNum": 0, "causNum": 0, "modalNum": 1, "sg1VerbNum": 5, "sg2VerbNum": 0, "sg3VerbNum": 41, "pl1VerbNum": 9, "pl2VerbNum": 0, "pl3VerbNum": 31, "superlatNum": 1, "comparatNum": 0, "specDerivSuffixNum": 0, "pluralNounNum": 23, "pastTenseRate": 0.05172413793103448, "presentTenseRate": 0.8620689655172413, "condRate": 0.06896551724137931, "impRate": 0.1896551724137931, "freqRate": 0.0, "causRate": 0.0, "modalRate": 0.017241379310344827, "sg1VerbRate": 0.08620689655172414, "sg2VerbRate": 0.0, "sg3VerbRate": 0.7068965517241379, "pl1VerbRate": 0.15517241379310345, "pl2VerbRate": 0.0, "pl3VerbRate": 0.5344827586206896, "superlatRate": 0.023255813953488372, "comparatRate": 0.0, "specDerivSuffixRate": 0.0, "pluralNounRate": 0.2804878048780488, "subjNum": 32, "objNum": 20, "attNum": 23, "subordNum": 27, "adverbNum": 62, "coordNum": 15, "clauseNum": 71, "simpleNum": 3, "complexNum": 23, "complexity1Num": 10, "complexity2Num": 8, "complexity3Num": 3, "compoundNum": 0, "subjRate": 0.06941431670281996, "objRate": 0.04338394793926247, "attRate": 0.049891540130151846, "subordRate": 0.05856832971800434, "adverbRate": 0.13449023861171366, "coordRate": 0.03253796095444685, "partsRate": 2.140845070422535, "clauseRate": 2.730769230769231, "simpleRate": 0.11538461538461539, "complexRate": 0.8846153846153846, "complexity1Rate": 0.38461538461538464, "complexity2Rate": 0.3076923076923077, "complexity3Rate": 0.11538461538461539, "complexClauseRate": 2.9565217391304346, "sentencesPerParagraph": 5.2, "wordsLengthRate": 5.520725388601036, "compoundRate": 0.0, "positiveNum": 0, "negativeNum": 0, "precoPositiveNum": 0, "precoNegativeNum": 0, "negemoNum": 0, "negationNum": 11, "functionNum": 221, "contentNum": 240, "vulgarNum": 0, "racistNum": 0, "specStyleNum": 0, "addressingNum": 0, "closingNum": 0, "postscriptNum": 0, "brutalNum": 0, "positiveRate": 0.0, "negativeRate": 0.0, "precoPositiveRate": 0.0, "precoNegativeRate": 0.0, "negemoRate": 0.0, "negationRate": 0.02386117136659436, "functionRate": 0.4793926247288503, "contentRate": 0.5206073752711496, "vulgarRate": 0.0, "racistRate": 0.0, "specStyleRate": 0.0, "addressingRate": 0.0, "closingRate": 0.0, "postscriptRate": 0.0, "brutalRate": 0.0, "epistemicNum": 0, "investNum": 0, "conditionNum": 0, "weaselNum": 0, "peacockNum": 0, "hedgeNum": 0, "doxasticNum": 0, "epistemicRate": 0.0, "investRate": 0.0, "conditionRate": 0.0, "weaselRate": 0.0, "peacockRate": 0.0, "hedgeRate": 0.0, "doxasticRate": 0.0, "loveNum": 0, "anxietyNum": 0, "sorrowNum": 0, "joyNum": 0, "disgustNum": 0, "fearNum": 0, "surpriseNum": 0, "angerNum": 0, "loveRate": 0.0, "anxietyRate": 0.0, "sorrowRate": 0.0, "joyRate": 0.0, "disgustRate": 0.0, "fearRate": 0.0, "surpriseRate": 0.0, "angerRate": 0.0, "slangBeGeneralNum": 0, "slangBeCigaretteNum": 0, "slangBeHumanNum": 0, "slangBeVehicleNum": 0, "slangBeDrugNum": 0, "slangBvNum": 0, "slangBeGeneralRate": 0.0, "slangBeCigaretteRate": 0.0, "slangBeHumanRate": 0.0, "slangBeVehicleRate": 0.0, "slangBeDrugRate": 0.0, "slangBvRate": 0.0, "speechactNum": 0, "quoteNum": 0, "dashNum": 0, "publicNum": 0, "privateNum": 0, "suasiveNum": 0, "discMarkerNum": 0, "smileyNum": 0, "dateNum": 0, "hesitationNum": 0, "restartNum": 0, "repeatNum": 1, "conjBeforeDiscNum": 0, "conjAfterDiscNum": 0, "wordBeforeHesitationNum": 0, "wordAfterHesitationNum": 0, "otherCollocationNum": 0, "speechactRate": 0.0, "quoteRate": 0.0, "dashRate": 0.0, "publicRate": 0.0, "privateRate": 0.0, "suasiveRate": 0.0, "discMarkerRate": 0.0, "smileyRate": 0.0, "dateRate": 0.0, "hesitationRate": 0.0, "restartRate": 0.0, "repeatRate": 0.0021691973969631237, "conjBeforeDiscRate": 0.0, "conjAfterDiscRate": 0.0, "wordBeforeHesitationRate": 0.0, "wordAfterHesitationRate": 0.0, "otherCollocationRate": 0.0, "easyWordNum": 429, "hardWordNum": 32, "easyWordRate": 0.93058568329718, "hardWordRate": 0.06941431670281996, "fleschReadingEaseScore": 62.39705448022694, "gunningFogIndex": 7.12007341898882, "fleschKincaidGradeLevel": 8.96100867678959, "colemanLiauIndex": 12.257184381778735, "smogIndex": 9.029198982220553, "automatedReadabilityIndex": 9.871740363757716, "linsearWriteIndex": 1.1691973969631237, "author": "", "locationNameNum": 0, "locationNameRate": 0.0, "personNameNum": 0, "personNameRate": 0.0, "organizationNameNum": 0, "organizationNameRate": 0.0, "misspelledNum": 6, "misspelledRate": 0.013015184381778741, "missingAccentNum": 2, "missingAccentRate": 0.004338394793926247, "foreignAccentNum": 0, "foreignAccentRate": 0.0, "wordConcatNum": 1, "wordConcatRate": 0.0021691973969631237, "jLyMistakeNum": 0, "jLyMistakeRate": 0.0, "freqSuffixNum": 0, "partsNum": 152, "privateVNum": 0, "publicVNum": 0, "clauseWordNum": 71}