{"tokenNum": 508, "sentenceNum": 44, "lemmaNum": 231, "lemmaRate": 0.4547244094488189, "sentenceLength": 11.545454545454545, "allUpperNum": 0, "firstUpperNum": 44, "allUpperRate": 0.0, "firstUpperRate": 0.08661417322834646, "declarSentNum": 36, "imperSentNum": 3, "questionNum": 5, "declarSentRate": 0.8181818181818182, "imperSentRate": 0.06818181818181818, "questionRate": 0.11363636363636363, "accent": true, "saturation": 2.566666666666667, "paragraphNum": 7, "nounNum": 87, "verbNum": 69, "adjNum": 46, "infNum": 9, "partPastNum": 0, "partPresNum": 2, "partFutNum": 0, "transNum": 2, "xNum": 7, "advNum": 62, "properNounNum": 0, "numNum": 0, "conjNum": 39, "punctNum": 99, "pronNum": 38, "relPronNum": 7, "demPronNum": 22, "adposNum": 1, "multiplePunctNum": 0, "phraseNum": 0, "nounRate": 0.17125984251968504, "verbRate": 0.13582677165354332, "adjRate": 0.09055118110236221, "infRate": 0.017716535433070866, "partPastRate": 0.0, "partPresRate": 0.003937007874015748, "partFutRate": 0.0, "transRate": 0.003937007874015748, "xRate": 0.013779527559055118, "advRate": 0.1220472440944882, "properNounRate": 0.0, "numRate": 0.0, "conjRate": 0.07677165354330709, "punctRate": 0.19488188976377951, "pronRate": 0.07480314960629922, "relPronRate": 0.013779527559055118, "demPronRate": 0.04330708661417323, "adposRate": 0.001968503937007874, "multiplePunctRate": 0.0, "partsDensityRate": 2.933333333333333, "contentfulness": 6.0, "phraseRate": 0.0, "pastTenseNum": 1, "presentTenseNum": 59, "condNum": 10, "impNum": 5, "freqNum": 0, "causNum": 0, "modalNum": 0, "sg1VerbNum": 21, "sg2VerbNum": 1, "sg3VerbNum": 64, "pl1VerbNum": 4, "pl2VerbNum": 0, "pl3VerbNum": 14, "superlatNum": 0, "comparatNum": 2, "specDerivSuffixNum": 0, "pluralNounNum": 17, "pastTenseRate": 0.014492753623188406, "presentTenseRate": 0.855072463768116, "condRate": 0.14492753623188406, "impRate": 0.07246376811594203, "freqRate": 0.0, "causRate": 0.0, "modalRate": 0.0, "sg1VerbRate": 0.30434782608695654, "sg2VerbRate": 0.014492753623188406, "sg3VerbRate": 0.927536231884058, "pl1VerbRate": 0.057971014492753624, "pl2VerbRate": 0.0, "pl3VerbRate": 0.2028985507246377, "superlatRate": 0.0, "comparatRate": 0.043478260869565216, "specDerivSuffixRate": 0.0, "pluralNounRate": 0.19540229885057472, "subjNum": 39, "objNum": 18, "attNum": 32, "subordNum": 22, "adverbNum": 73, "coordNum": 27, "clauseNum": 90, "simpleNum": 18, "complexNum": 26, "complexity1Num": 13, "complexity2Num": 9, "complexity3Num": 3, "compoundNum": 0, "subjRate": 0.07677165354330709, "objRate": 0.03543307086614173, "attRate": 0.06299212598425197, "subordRate": 0.04330708661417323, "adverbRate": 0.1437007874015748, "coordRate": 0.0531496062992126, "partsRate": 2.1, "clauseRate": 2.0454545454545454, "simpleRate": 0.4090909090909091, "complexRate": 0.5909090909090909, "complexity1Rate": 0.29545454545454547, "complexity2Rate": 0.20454545454545456, "complexity3Rate": 0.06818181818181818, "complexClauseRate": 2.769230769230769, "sentencesPerParagraph": 6.285714285714286, "wordsLengthRate": 5.139364303178484, "compoundRate": 0.0, "positiveNum": 0, "negativeNum": 0, "precoPositiveNum": 0, "precoNegativeNum": 0, "negemoNum": 0, "negationNum": 17, "functionNum": 244, "contentNum": 264, "vulgarNum": 0, "racistNum": 0, "specStyleNum": 0, "addressingNum": 0, "closingNum": 0, "postscriptNum": 0, "brutalNum": 0, "positiveRate": 0.0, "negativeRate": 0.0, "precoPositiveRate": 0.0, "precoNegativeRate": 0.0, "negemoRate": 0.0, "negationRate": 0.03346456692913386, "functionRate": 0.48031496062992124, "contentRate": 0.5196850393700787, "vulgarRate": 0.0, "racistRate": 0.0, "specStyleRate": 0.0, "addressingRate": 0.0, "closingRate": 0.0, "postscriptRate": 0.0, "brutalRate": 0.0, "epistemicNum": 0, "investNum": 0, "conditionNum": 0, "weaselNum": 0, "peacockNum": 0, "hedgeNum": 0, "doxasticNum": 0, "epistemicRate": 0.0, "investRate": 0.0, "conditionRate": 0.0, "weaselRate": 0.0, "peacockRate": 0.0, "hedgeRate": 0.0, "doxasticRate": 0.0, "loveNum": 0, "anxietyNum": 0, "sorrowNum": 0, "joyNum": 0, "disgustNum": 0, "fearNum": 0, "surpriseNum": 0, "angerNum": 0, "loveRate": 0.0, "anxietyRate": 0.0, "sorrowRate": 0.0, "joyRate": 0.0, "disgustRate": 0.0, "fearRate": 0.0, "surpriseRate": 0.0, "angerRate": 0.0, "slangBeGeneralNum": 0, "slangBeCigaretteNum": 0, "slangBeHumanNum": 0, "slangBeVehicleNum": 0, "slangBeDrugNum": 0, "slangBvNum": 0, "slangBeGeneralRate": 0.0, "slangBeCigaretteRate": 0.0, "slangBeHumanRate": 0.0, "slangBeVehicleRate": 0.0, "slangBeDrugRate": 0.0, "slangBvRate": 0.0, "speechactNum": 0, "quoteNum": 0, "dashNum": 0, "publicNum": 0, "privateNum": 0, "suasiveNum": 0, "discMarkerNum": 0, "smileyNum": 0, "dateNum": 0, "hesitationNum": 0, "restartNum": 1, "repeatNum": 0, "conjBeforeDiscNum": 0, "conjAfterDiscNum": 0, "wordBeforeHesitationNum": 0, "wordAfterHesitationNum": 0, "otherCollocationNum": 0, "speechactRate": 0.0, "quoteRate": 0.0, "dashRate": 0.0, "publicRate": 0.0, "privateRate": 0.0, "suasiveRate": 0.0, "discMarkerRate": 0.0, "smileyRate": 0.0, "dateRate": 0.0, "hesitationRate": 0.0, "restartRate": 0.001968503937007874, "repeatRate": 0.0, "conjBeforeDiscRate": 0.0, "conjAfterDiscRate": 0.0, "wordBeforeHesitationRate": 0.0, "wordAfterHesitationRate": 0.0, "otherCollocationRate": 0.0, "easyWordNum": 487, "hardWordNum": 21, "easyWordRate": 0.9586614173228346, "hardWordRate": 0.04133858267716536, "fleschReadingEaseScore": 80.20691481746601, "gunningFogIndex": 4.634717251252684, "fleschKincaidGradeLevel": 4.940286327845385, "colemanLiauIndex": 9.556885826771651, "smogIndex": 7.075746649084166, "automatedReadabilityIndex": 4.619833571939871, "linsearWriteIndex": 0.21465640658554053, "author": "", "locationNameNum": 0, "locationNameRate": 0.0, "personNameNum": 0, "personNameRate": 0.0, "organizationNameNum": 0, "organizationNameRate": 0.0, "misspelledNum": 3, "misspelledRate": 0.005905511811023622, "missingAccentNum": 1, "missingAccentRate": 0.001968503937007874, "foreignAccentNum": 0, "foreignAccentRate": 0.0, "wordConcatNum": 1, "wordConcatRate": 0.001968503937007874, "jLyMistakeNum": 0, "jLyMistakeRate": 0.0, "freqSuffixNum": 0, "partsNum": 189, "privateVNum": 0, "publicVNum": 0, "clauseWordNum": 90}