{"tokenNum": 838, "sentenceNum": 39, "lemmaNum": 339, "lemmaRate": 0.4045346062052506, "sentenceLength": 21.487179487179485, "allUpperNum": 1, "firstUpperNum": 48, "allUpperRate": 0.0011933174224343676, "firstUpperRate": 0.057279236276849645, "declarSentNum": 30, "imperSentNum": 7, "questionNum": 2, "declarSentRate": 0.7692307692307693, "imperSentRate": 0.1794871794871795, "questionRate": 0.05128205128205128, "accent": true, "saturation": 2.7338709677419355, "paragraphNum": 7, "nounNum": 123, "verbNum": 115, "adjNum": 78, "infNum": 14, "partPastNum": 2, "partPresNum": 7, "partFutNum": 0, "transNum": 2, "xNum": 7, "advNum": 116, "properNounNum": 6, "numNum": 1, "conjNum": 74, "punctNum": 146, "pronNum": 73, "relPronNum": 23, "demPronNum": 41, "adposNum": 5, "multiplePunctNum": 1, "phraseNum": 0, "nounRate": 0.1467780429594272, "verbRate": 0.13723150357995226, "adjRate": 0.09307875894988067, "infRate": 0.016706443914081145, "partPastRate": 0.002386634844868735, "partPresRate": 0.008353221957040573, "partFutRate": 0.0, "transRate": 0.002386634844868735, "xRate": 0.008353221957040573, "advRate": 0.13842482100238662, "properNounRate": 0.007159904534606206, "numRate": 0.0011933174224343676, "conjRate": 0.0883054892601432, "punctRate": 0.17422434367541767, "pronRate": 0.08711217183770883, "relPronRate": 0.027446300715990454, "demPronRate": 0.04892601431980907, "adposRate": 0.0059665871121718375, "multiplePunctRate": 0.00684931506849315, "partsDensityRate": 3.4838709677419355, "contentfulness": 11.076923076923077, "phraseRate": 0.0, "pastTenseNum": 22, "presentTenseNum": 80, "condNum": 2, "impNum": 14, "freqNum": 0, "causNum": 0, "modalNum": 4, "sg1VerbNum": 24, "sg2VerbNum": 5, "sg3VerbNum": 107, "pl1VerbNum": 22, "pl2VerbNum": 4, "pl3VerbNum": 22, "superlatNum": 2, "comparatNum": 2, "specDerivSuffixNum": 0, "pluralNounNum": 25, "pastTenseRate": 0.19130434782608696, "presentTenseRate": 0.6956521739130435, "condRate": 0.017391304347826087, "impRate": 0.12173913043478261, "freqRate": 0.0, "causRate": 0.0, "modalRate": 0.034782608695652174, "sg1VerbRate": 0.20869565217391303, "sg2VerbRate": 0.043478260869565216, "sg3VerbRate": 0.9304347826086956, "pl1VerbRate": 0.19130434782608696, "pl2VerbRate": 0.034782608695652174, "pl3VerbRate": 0.19130434782608696, "superlatRate": 0.02564102564102564, "comparatRate": 0.02564102564102564, "specDerivSuffixRate": 0.0, "pluralNounRate": 0.2032520325203252, "subjNum": 57, "objNum": 45, "attNum": 50, "subordNum": 44, "adverbNum": 131, "coordNum": 48, "clauseNum": 124, "simpleNum": 7, "complexNum": 32, "complexity1Num": 10, "complexity2Num": 8, "complexity3Num": 6, "compoundNum": 0, "subjRate": 0.06801909307875895, "objRate": 0.05369928400954654, "attRate": 0.059665871121718374, "subordRate": 0.05250596658711217, "adverbRate": 0.15632458233890215, "coordRate": 0.057279236276849645, "partsRate": 2.6693548387096775, "clauseRate": 3.1794871794871793, "simpleRate": 0.1794871794871795, "complexRate": 0.8205128205128205, "complexity1Rate": 0.2564102564102564, "complexity2Rate": 0.20512820512820512, "complexity3Rate": 0.15384615384615385, "complexClauseRate": 3.65625, "sentencesPerParagraph": 5.571428571428571, "wordsLengthRate": 5.141618497109826, "compoundRate": 0.0, "positiveNum": 0, "negativeNum": 0, "precoPositiveNum": 0, "precoNegativeNum": 0, "negemoNum": 0, "negationNum": 17, "functionNum": 406, "contentNum": 432, "vulgarNum": 0, "racistNum": 0, "specStyleNum": 0, "addressingNum": 0, "closingNum": 0, "postscriptNum": 0, "brutalNum": 0, "positiveRate": 0.0, "negativeRate": 0.0, "precoPositiveRate": 0.0, "precoNegativeRate": 0.0, "negemoRate": 0.0, "negationRate": 0.02028639618138425, "functionRate": 0.48448687350835323, "contentRate": 0.5155131264916468, "vulgarRate": 0.0, "racistRate": 0.0, "specStyleRate": 0.0, "addressingRate": 0.0, "closingRate": 0.0, "postscriptRate": 0.0, "brutalRate": 0.0, "epistemicNum": 0, "investNum": 0, "conditionNum": 0, "weaselNum": 0, "peacockNum": 0, "hedgeNum": 0, "doxasticNum": 0, "epistemicRate": 0.0, "investRate": 0.0, "conditionRate": 0.0, "weaselRate": 0.0, "peacockRate": 0.0, "hedgeRate": 0.0, "doxasticRate": 0.0, "loveNum": 0, "anxietyNum": 0, "sorrowNum": 0, "joyNum": 0, "disgustNum": 0, "fearNum": 0, "surpriseNum": 0, "angerNum": 0, "loveRate": 0.0, "anxietyRate": 0.0, "sorrowRate": 0.0, "joyRate": 0.0, "disgustRate": 0.0, "fearRate": 0.0, "surpriseRate": 0.0, "angerRate": 0.0, "slangBeGeneralNum": 0, "slangBeCigaretteNum": 0, "slangBeHumanNum": 0, "slangBeVehicleNum": 0, "slangBeDrugNum": 0, "slangBvNum": 0, "slangBeGeneralRate": 0.0, "slangBeCigaretteRate": 0.0, "slangBeHumanRate": 0.0, "slangBeVehicleRate": 0.0, "slangBeDrugRate": 0.0, "slangBvRate": 0.0, "speechactNum": 0, "quoteNum": 0, "dashNum": 0, "publicNum": 0, "privateNum": 0, "suasiveNum": 0, "discMarkerNum": 0, "smileyNum": 0, "dateNum": 0, "hesitationNum": 0, "restartNum": 0, "repeatNum": 1, "conjBeforeDiscNum": 0, "conjAfterDiscNum": 0, "wordBeforeHesitationNum": 0, "wordAfterHesitationNum": 0, "otherCollocationNum": 0, "speechactRate": 0.0, "quoteRate": 0.0, "dashRate": 0.0, "publicRate": 0.0, "privateRate": 0.0, "suasiveRate": 0.0, "discMarkerRate": 0.0, "smileyRate": 0.0, "dateRate": 0.0, "hesitationRate": 0.0, "restartRate": 0.0, "repeatRate": 0.0011933174224343676, "conjBeforeDiscRate": 0.0, "conjAfterDiscRate": 0.0, "wordBeforeHesitationRate": 0.0, "wordAfterHesitationRate": 0.0, "otherCollocationRate": 0.0, "easyWordNum": 795, "hardWordNum": 43, "easyWordRate": 0.9486873508353222, "hardWordRate": 0.0513126491646778, "fleschReadingEaseScore": 65.8990211737348, "gunningFogIndex": 8.615396854537666, "fleschKincaidGradeLevel": 9.405751789976133, "colemanLiauIndex": 10.149597852028638, "smogIndex": 9.127657967737555, "automatedReadabilityIndex": 10.06456826387614, "linsearWriteIndex": 0.40291291842604493, "author": "", "locationNameNum": 0, "locationNameRate": 0.0, "personNameNum": 2, "personNameRate": 0.002386634844868735, "organizationNameNum": 0, "organizationNameRate": 0.0, "misspelledNum": 4, "misspelledRate": 0.00477326968973747, "missingAccentNum": 2, "missingAccentRate": 0.002386634844868735, "foreignAccentNum": 0, "foreignAccentRate": 0.0, "wordConcatNum": 0, "wordConcatRate": 0.0, "jLyMistakeNum": 0, "jLyMistakeRate": 0.0, "freqSuffixNum": 0, "partsNum": 331, "privateVNum": 0, "publicVNum": 0, "clauseWordNum": 124}