{"tokenNum": 257, "sentenceNum": 11, "lemmaNum": 127, "lemmaRate": 0.49416342412451364, "sentenceLength": 23.363636363636363, "allUpperNum": 0, "firstUpperNum": 17, "allUpperRate": 0.0, "firstUpperRate": 0.06614785992217899, "declarSentNum": 7, "imperSentNum": 2, "questionNum": 2, "declarSentRate": 0.6363636363636364, "imperSentRate": 0.18181818181818182, "questionRate": 0.18181818181818182, "accent": true, "saturation": 2.8222222222222224, "paragraphNum": 0, "nounNum": 39, "verbNum": 32, "adjNum": 22, "infNum": 4, "partPastNum": 0, "partPresNum": 1, "partFutNum": 0, "transNum": 0, "xNum": 0, "advNum": 36, "properNounNum": 5, "numNum": 0, "conjNum": 24, "punctNum": 45, "pronNum": 20, "relPronNum": 2, "demPronNum": 10, "adposNum": 3, "multiplePunctNum": 2, "phraseNum": 0, "nounRate": 0.1517509727626459, "verbRate": 0.1245136186770428, "adjRate": 0.08560311284046693, "infRate": 0.01556420233463035, "partPastRate": 0.0, "partPresRate": 0.0038910505836575876, "partFutRate": 0.0, "transRate": 0.0, "xRate": 0.0, "advRate": 0.14007782101167315, "properNounRate": 0.019455252918287938, "numRate": 0.0, "conjRate": 0.0933852140077821, "punctRate": 0.17509727626459143, "pronRate": 0.07782101167315175, "relPronRate": 0.007782101167315175, "demPronRate": 0.038910505836575876, "adposRate": 0.011673151750972763, "multiplePunctRate": 0.044444444444444446, "partsDensityRate": 2.8666666666666667, "contentfulness": 11.727272727272727, "phraseRate": 0.0, "pastTenseNum": 2, "presentTenseNum": 27, "condNum": 2, "impNum": 5, "freqNum": 0, "causNum": 0, "modalNum": 1, "sg1VerbNum": 17, "sg2VerbNum": 0, "sg3VerbNum": 29, "pl1VerbNum": 1, "pl2VerbNum": 2, "pl3VerbNum": 3, "superlatNum": 0, "comparatNum": 0, "specDerivSuffixNum": 0, "pluralNounNum": 4, "pastTenseRate": 0.0625, "presentTenseRate": 0.84375, "condRate": 0.0625, "impRate": 0.15625, "freqRate": 0.0, "causRate": 0.0, "modalRate": 0.03125, "sg1VerbRate": 0.53125, "sg2VerbRate": 0.0, "sg3VerbRate": 0.90625, "pl1VerbRate": 0.03125, "pl2VerbRate": 0.0625, "pl3VerbRate": 0.09375, "superlatRate": 0.0, "comparatRate": 0.0, "specDerivSuffixRate": 0.0, "pluralNounRate": 0.10256410256410256, "subjNum": 20, "objNum": 7, "attNum": 17, "subordNum": 17, "adverbNum": 43, "coordNum": 6, "clauseNum": 45, "simpleNum": 2, "complexNum": 9, "complexity1Num": 2, "complexity2Num": 1, "complexity3Num": 0, "compoundNum": 0, "subjRate": 0.07782101167315175, "objRate": 0.027237354085603113, "attRate": 0.06614785992217899, "subordRate": 0.06614785992217899, "adverbRate": 0.16731517509727625, "coordRate": 0.023346303501945526, "partsRate": 2.066666666666667, "clauseRate": 4.090909090909091, "simpleRate": 0.18181818181818182, "complexRate": 0.8181818181818182, "complexity1Rate": 0.18181818181818182, "complexity2Rate": 0.09090909090909091, "complexity3Rate": 0.0, "complexClauseRate": 4.777777777777778, "sentencesPerParagraph": 0.0, "wordsLengthRate": 4.745283018867925, "compoundRate": 0.0, "positiveNum": 0, "negativeNum": 0, "precoPositiveNum": 0, "precoNegativeNum": 0, "negemoNum": 0, "negationNum": 7, "functionNum": 128, "contentNum": 129, "vulgarNum": 0, "racistNum": 0, "specStyleNum": 0, "addressingNum": 0, "closingNum": 0, "postscriptNum": 0, "brutalNum": 0, "positiveRate": 0.0, "negativeRate": 0.0, "precoPositiveRate": 0.0, "precoNegativeRate": 0.0, "negemoRate": 0.0, "negationRate": 0.027237354085603113, "functionRate": 0.4980544747081712, "contentRate": 0.5019455252918288, "vulgarRate": 0.0, "racistRate": 0.0, "specStyleRate": 0.0, "addressingRate": 0.0, "closingRate": 0.0, "postscriptRate": 0.0, "brutalRate": 0.0, "epistemicNum": 0, "investNum": 0, "conditionNum": 0, "weaselNum": 0, "peacockNum": 0, "hedgeNum": 0, "doxasticNum": 0, "epistemicRate": 0.0, "investRate": 0.0, "conditionRate": 0.0, "weaselRate": 0.0, "peacockRate": 0.0, "hedgeRate": 0.0, "doxasticRate": 0.0, "loveNum": 0, "anxietyNum": 0, "sorrowNum": 0, "joyNum": 0, "disgustNum": 0, "fearNum": 0, "surpriseNum": 0, "angerNum": 0, "loveRate": 0.0, "anxietyRate": 0.0, "sorrowRate": 0.0, "joyRate": 0.0, "disgustRate": 0.0, "fearRate": 0.0, "surpriseRate": 0.0, "angerRate": 0.0, "slangBeGeneralNum": 0, "slangBeCigaretteNum": 0, "slangBeHumanNum": 0, "slangBeVehicleNum": 0, "slangBeDrugNum": 0, "slangBvNum": 0, "slangBeGeneralRate": 0.0, "slangBeCigaretteRate": 0.0, "slangBeHumanRate": 0.0, "slangBeVehicleRate": 0.0, "slangBeDrugRate": 0.0, "slangBvRate": 0.0, "speechactNum": 0, "quoteNum": 0, "dashNum": 0, "publicNum": 0, "privateNum": 0, "suasiveNum": 0, "discMarkerNum": 0, "smileyNum": 0, "dateNum": 1, "hesitationNum": 0, "restartNum": 0, "repeatNum": 0, "conjBeforeDiscNum": 0, "conjAfterDiscNum": 0, "wordBeforeHesitationNum": 0, "wordAfterHesitationNum": 0, "otherCollocationNum": 0, "speechactRate": 0.0, "quoteRate": 0.0, "dashRate": 0.0, "publicRate": 0.0, "privateRate": 0.0, "suasiveRate": 0.0, "discMarkerRate": 0.0, "smileyRate": 0.0, "dateRate": 0.0038910505836575876, "hesitationRate": 0.0, "restartRate": 0.0, "repeatRate": 0.0, "conjBeforeDiscRate": 0.0, "conjAfterDiscRate": 0.0, "wordBeforeHesitationRate": 0.0, "wordAfterHesitationRate": 0.0, "otherCollocationRate": 0.0, "easyWordNum": 248, "hardWordNum": 9, "easyWordRate": 0.9649805447470817, "hardWordRate": 0.03501945525291829, "fleschReadingEaseScore": 71.52791298195969, "gunningFogIndex": 9.359462327555713, "fleschKincaidGradeLevel": 9.086798726565267, "colemanLiauIndex": 8.378665369649799, "smogIndex": 6.2581, "automatedReadabilityIndex": 9.586643084541919, "linsearWriteIndex": 3.863813229571985, "author": "", "locationNameNum": 0, "locationNameRate": 0.0, "personNameNum": 2, "personNameRate": 0.007782101167315175, "organizationNameNum": 1, "organizationNameRate": 0.0038910505836575876, "misspelledNum": 0, "misspelledRate": 0.0, "missingAccentNum": 0, "missingAccentRate": 0.0, "foreignAccentNum": 0, "foreignAccentRate": 0.0, "wordConcatNum": 0, "wordConcatRate": 0.0, "jLyMistakeNum": 0, "jLyMistakeRate": 0.0, "freqSuffixNum": 0, "partsNum": 93, "privateVNum": 0, "publicVNum": 0, "clauseWordNum": 45}