{"tokenNum": 364, "sentenceNum": 18, "lemmaNum": 184, "lemmaRate": 0.5054945054945055, "sentenceLength": 20.22222222222222, "allUpperNum": 0, "firstUpperNum": 20, "allUpperRate": 0.0, "firstUpperRate": 0.054945054945054944, "declarSentNum": 7, "imperSentNum": 8, "questionNum": 3, "declarSentRate": 0.3888888888888889, "imperSentRate": 0.4444444444444444, "questionRate": 0.16666666666666666, "accent": true, "saturation": 3.7551020408163267, "paragraphNum": 0, "nounNum": 63, "verbNum": 45, "adjNum": 36, "infNum": 5, "partPastNum": 1, "partPresNum": 5, "partFutNum": 0, "transNum": 1, "xNum": 0, "advNum": 36, "properNounNum": 4, "numNum": 1, "conjNum": 31, "punctNum": 63, "pronNum": 29, "relPronNum": 6, "demPronNum": 26, "adposNum": 7, "multiplePunctNum": 0, "phraseNum": 0, "nounRate": 0.17307692307692307, "verbRate": 0.12362637362637363, "adjRate": 0.0989010989010989, "infRate": 0.013736263736263736, "partPastRate": 0.0027472527472527475, "partPresRate": 0.013736263736263736, "partFutRate": 0.0, "transRate": 0.0027472527472527475, "xRate": 0.0, "advRate": 0.0989010989010989, "properNounRate": 0.01098901098901099, "numRate": 0.0027472527472527475, "conjRate": 0.08516483516483517, "punctRate": 0.17307692307692307, "pronRate": 0.07967032967032966, "relPronRate": 0.016483516483516484, "demPronRate": 0.07142857142857142, "adposRate": 0.019230769230769232, "multiplePunctRate": 0.0, "partsDensityRate": 3.673469387755102, "contentfulness": 10.0, "phraseRate": 0.0, "pastTenseNum": 4, "presentTenseNum": 36, "condNum": 2, "impNum": 5, "freqNum": 0, "causNum": 0, "modalNum": 0, "sg1VerbNum": 10, "sg2VerbNum": 1, "sg3VerbNum": 38, "pl1VerbNum": 16, "pl2VerbNum": 0, "pl3VerbNum": 13, "superlatNum": 1, "comparatNum": 0, "specDerivSuffixNum": 0, "pluralNounNum": 10, "pastTenseRate": 0.08888888888888889, "presentTenseRate": 0.8, "condRate": 0.044444444444444446, "impRate": 0.1111111111111111, "freqRate": 0.0, "causRate": 0.0, "modalRate": 0.0, "sg1VerbRate": 0.2222222222222222, "sg2VerbRate": 0.022222222222222223, "sg3VerbRate": 0.8444444444444444, "pl1VerbRate": 0.35555555555555557, "pl2VerbRate": 0.0, "pl3VerbRate": 0.28888888888888886, "superlatRate": 0.027777777777777776, "comparatRate": 0.0, "specDerivSuffixRate": 0.0, "pluralNounRate": 0.15873015873015872, "subjNum": 24, "objNum": 21, "attNum": 23, "subordNum": 24, "adverbNum": 47, "coordNum": 14, "clauseNum": 49, "simpleNum": 2, "complexNum": 16, "complexity1Num": 8, "complexity2Num": 4, "complexity3Num": 2, "compoundNum": 0, "subjRate": 0.06593406593406594, "objRate": 0.057692307692307696, "attRate": 0.06318681318681318, "subordRate": 0.06593406593406594, "adverbRate": 0.12912087912087913, "coordRate": 0.038461538461538464, "partsRate": 2.63265306122449, "clauseRate": 2.7222222222222223, "simpleRate": 0.1111111111111111, "complexRate": 0.8888888888888888, "complexity1Rate": 0.4444444444444444, "complexity2Rate": 0.2222222222222222, "complexity3Rate": 0.1111111111111111, "complexClauseRate": 2.9375, "sentencesPerParagraph": 0.0, "wordsLengthRate": 5.378737541528239, "compoundRate": 0.0, "positiveNum": 0, "negativeNum": 0, "precoPositiveNum": 0, "precoNegativeNum": 0, "negemoNum": 0, "negationNum": 4, "functionNum": 184, "contentNum": 180, "vulgarNum": 0, "racistNum": 0, "specStyleNum": 0, "addressingNum": 0, "closingNum": 0, "postscriptNum": 0, "brutalNum": 0, "positiveRate": 0.0, "negativeRate": 0.0, "precoPositiveRate": 0.0, "precoNegativeRate": 0.0, "negemoRate": 0.0, "negationRate": 0.01098901098901099, "functionRate": 0.5054945054945055, "contentRate": 0.4945054945054945, "vulgarRate": 0.0, "racistRate": 0.0, "specStyleRate": 0.0, "addressingRate": 0.0, "closingRate": 0.0, "postscriptRate": 0.0, "brutalRate": 0.0, "epistemicNum": 0, "investNum": 0, "conditionNum": 0, "weaselNum": 0, "peacockNum": 0, "hedgeNum": 0, "doxasticNum": 0, "epistemicRate": 0.0, "investRate": 0.0, "conditionRate": 0.0, "weaselRate": 0.0, "peacockRate": 0.0, "hedgeRate": 0.0, "doxasticRate": 0.0, "loveNum": 0, "anxietyNum": 0, "sorrowNum": 0, "joyNum": 0, "disgustNum": 0, "fearNum": 0, "surpriseNum": 0, "angerNum": 0, "loveRate": 0.0, "anxietyRate": 0.0, "sorrowRate": 0.0, "joyRate": 0.0, "disgustRate": 0.0, "fearRate": 0.0, "surpriseRate": 0.0, "angerRate": 0.0, "slangBeGeneralNum": 0, "slangBeCigaretteNum": 0, "slangBeHumanNum": 0, "slangBeVehicleNum": 0, "slangBeDrugNum": 0, "slangBvNum": 0, "slangBeGeneralRate": 0.0, "slangBeCigaretteRate": 0.0, "slangBeHumanRate": 0.0, "slangBeVehicleRate": 0.0, "slangBeDrugRate": 0.0, "slangBvRate": 0.0, "speechactNum": 0, "quoteNum": 0, "dashNum": 0, "publicNum": 0, "privateNum": 0, "suasiveNum": 0, "discMarkerNum": 0, "smileyNum": 0, "dateNum": 0, "hesitationNum": 0, "restartNum": 0, "repeatNum": 0, "conjBeforeDiscNum": 0, "conjAfterDiscNum": 0, "wordBeforeHesitationNum": 0, "wordAfterHesitationNum": 0, "otherCollocationNum": 0, "speechactRate": 0.0, "quoteRate": 0.0, "dashRate": 0.0, "publicRate": 0.0, "privateRate": 0.0, "suasiveRate": 0.0, "discMarkerRate": 0.0, "smileyRate": 0.0, "dateRate": 0.0, "hesitationRate": 0.0, "restartRate": 0.0, "repeatRate": 0.0, "conjBeforeDiscRate": 0.0, "conjAfterDiscRate": 0.0, "wordBeforeHesitationRate": 0.0, "wordAfterHesitationRate": 0.0, "otherCollocationRate": 0.0, "easyWordNum": 340, "hardWordNum": 24, "easyWordRate": 0.9340659340659341, "hardWordRate": 0.06593406593406594, "fleschReadingEaseScore": 63.36054334554338, "gunningFogIndex": 8.115262515262515, "fleschKincaidGradeLevel": 9.445567765567766, "colemanLiauIndex": 11.416829670329665, "smogIndex": 8.238735603445708, "automatedReadabilityIndex": 10.445451770451768, "linsearWriteIndex": 2.1440781440781445, "author": "", "locationNameNum": 1, "locationNameRate": 0.0027472527472527475, "personNameNum": 2, "personNameRate": 0.005494505494505495, "organizationNameNum": 0, "organizationNameRate": 0.0, "misspelledNum": 5, "misspelledRate": 0.013736263736263736, "missingAccentNum": 2, "missingAccentRate": 0.005494505494505495, "foreignAccentNum": 0, "foreignAccentRate": 0.0, "wordConcatNum": 1, "wordConcatRate": 0.0027472527472527475, "jLyMistakeNum": 0, "jLyMistakeRate": 0.0, "freqSuffixNum": 0, "partsNum": 129, "privateVNum": 0, "publicVNum": 0, "clauseWordNum": 49}