{"tokenNum": 345, "sentenceNum": 28, "lemmaNum": 151, "lemmaRate": 0.43768115942028984, "sentenceLength": 12.321428571428571, "allUpperNum": 0, "firstUpperNum": 43, "allUpperRate": 0.0, "firstUpperRate": 0.1246376811594203, "declarSentNum": 0, "imperSentNum": 23, "questionNum": 5, "declarSentRate": 0.0, "imperSentRate": 0.8214285714285714, "questionRate": 0.17857142857142858, "accent": true, "saturation": 2.287878787878788, "paragraphNum": 0, "nounNum": 65, "verbNum": 56, "adjNum": 20, "infNum": 6, "partPastNum": 0, "partPresNum": 1, "partFutNum": 0, "transNum": 0, "xNum": 0, "advNum": 28, "properNounNum": 16, "numNum": 0, "conjNum": 21, "punctNum": 78, "pronNum": 33, "relPronNum": 5, "demPronNum": 16, "adposNum": 1, "multiplePunctNum": 0, "phraseNum": 0, "nounRate": 0.18840579710144928, "verbRate": 0.16231884057971013, "adjRate": 0.057971014492753624, "infRate": 0.017391304347826087, "partPastRate": 0.0, "partPresRate": 0.002898550724637681, "partFutRate": 0.0, "transRate": 0.0, "xRate": 0.0, "advRate": 0.08115942028985507, "properNounRate": 0.0463768115942029, "numRate": 0.0, "conjRate": 0.06086956521739131, "punctRate": 0.22608695652173913, "pronRate": 0.09565217391304348, "relPronRate": 0.014492753623188406, "demPronRate": 0.0463768115942029, "adposRate": 0.002898550724637681, "multiplePunctRate": 0.0, "partsDensityRate": 2.5606060606060606, "contentfulness": 6.035714285714286, "phraseRate": 0.0, "pastTenseNum": 5, "presentTenseNum": 45, "condNum": 5, "impNum": 8, "freqNum": 0, "causNum": 0, "modalNum": 1, "sg1VerbNum": 22, "sg2VerbNum": 2, "sg3VerbNum": 47, "pl1VerbNum": 2, "pl2VerbNum": 0, "pl3VerbNum": 10, "superlatNum": 0, "comparatNum": 0, "specDerivSuffixNum": 0, "pluralNounNum": 17, "pastTenseRate": 0.08928571428571429, "presentTenseRate": 0.8035714285714286, "condRate": 0.08928571428571429, "impRate": 0.14285714285714285, "freqRate": 0.0, "causRate": 0.0, "modalRate": 0.017857142857142856, "sg1VerbRate": 0.39285714285714285, "sg2VerbRate": 0.03571428571428571, "sg3VerbRate": 0.8392857142857143, "pl1VerbRate": 0.03571428571428571, "pl2VerbRate": 0.0, "pl3VerbRate": 0.17857142857142858, "superlatRate": 0.0, "comparatRate": 0.0, "specDerivSuffixRate": 0.0, "pluralNounRate": 0.26153846153846155, "subjNum": 25, "objNum": 21, "attNum": 15, "subordNum": 20, "adverbNum": 32, "coordNum": 20, "clauseNum": 66, "simpleNum": 6, "complexNum": 22, "complexity1Num": 13, "complexity2Num": 4, "complexity3Num": 3, "compoundNum": 0, "subjRate": 0.07246376811594203, "objRate": 0.06086956521739131, "attRate": 0.043478260869565216, "subordRate": 0.057971014492753624, "adverbRate": 0.0927536231884058, "coordRate": 0.057971014492753624, "partsRate": 1.7121212121212122, "clauseRate": 2.357142857142857, "simpleRate": 0.21428571428571427, "complexRate": 0.7857142857142857, "complexity1Rate": 0.4642857142857143, "complexity2Rate": 0.14285714285714285, "complexity3Rate": 0.10714285714285714, "complexClauseRate": 2.727272727272727, "sentencesPerParagraph": 0.0, "wordsLengthRate": 5.1722846441947565, "compoundRate": 0.0, "positiveNum": 0, "negativeNum": 0, "precoPositiveNum": 0, "precoNegativeNum": 0, "negemoNum": 0, "negationNum": 6, "functionNum": 176, "contentNum": 169, "vulgarNum": 0, "racistNum": 0, "specStyleNum": 0, "addressingNum": 0, "closingNum": 0, "postscriptNum": 0, "brutalNum": 0, "positiveRate": 0.0, "negativeRate": 0.0, "precoPositiveRate": 0.0, "precoNegativeRate": 0.0, "negemoRate": 0.0, "negationRate": 0.017391304347826087, "functionRate": 0.5101449275362319, "contentRate": 0.48985507246376814, "vulgarRate": 0.0, "racistRate": 0.0, "specStyleRate": 0.0, "addressingRate": 0.0, "closingRate": 0.0, "postscriptRate": 0.0, "brutalRate": 0.0, "epistemicNum": 0, "investNum": 0, "conditionNum": 0, "weaselNum": 0, "peacockNum": 0, "hedgeNum": 0, "doxasticNum": 0, "epistemicRate": 0.0, "investRate": 0.0, "conditionRate": 0.0, "weaselRate": 0.0, "peacockRate": 0.0, "hedgeRate": 0.0, "doxasticRate": 0.0, "loveNum": 0, "anxietyNum": 0, "sorrowNum": 0, "joyNum": 0, "disgustNum": 0, "fearNum": 0, "surpriseNum": 0, "angerNum": 0, "loveRate": 0.0, "anxietyRate": 0.0, "sorrowRate": 0.0, "joyRate": 0.0, "disgustRate": 0.0, "fearRate": 0.0, "surpriseRate": 0.0, "angerRate": 0.0, "slangBeGeneralNum": 0, "slangBeCigaretteNum": 0, "slangBeHumanNum": 0, "slangBeVehicleNum": 0, "slangBeDrugNum": 0, "slangBvNum": 0, "slangBeGeneralRate": 0.0, "slangBeCigaretteRate": 0.0, "slangBeHumanRate": 0.0, "slangBeVehicleRate": 0.0, "slangBeDrugRate": 0.0, "slangBvRate": 0.0, "speechactNum": 0, "quoteNum": 0, "dashNum": 0, "publicNum": 0, "privateNum": 0, "suasiveNum": 0, "discMarkerNum": 0, "smileyNum": 0, "dateNum": 0, "hesitationNum": 0, "restartNum": 0, "repeatNum": 0, "conjBeforeDiscNum": 0, "conjAfterDiscNum": 0, "wordBeforeHesitationNum": 0, "wordAfterHesitationNum": 0, "otherCollocationNum": 0, "speechactRate": 0.0, "quoteRate": 0.0, "dashRate": 0.0, "publicRate": 0.0, "privateRate": 0.0, "suasiveRate": 0.0, "discMarkerRate": 0.0, "smileyRate": 0.0, "dateRate": 0.0, "hesitationRate": 0.0, "restartRate": 0.0, "repeatRate": 0.0, "conjBeforeDiscRate": 0.0, "conjAfterDiscRate": 0.0, "wordBeforeHesitationRate": 0.0, "wordAfterHesitationRate": 0.0, "otherCollocationRate": 0.0, "easyWordNum": 335, "hardWordNum": 10, "easyWordRate": 0.9710144927536232, "hardWordRate": 0.028985507246376812, "fleschReadingEaseScore": 84.96179347826089, "gunningFogIndex": 4.94016563146998, "fleschKincaidGradeLevel": 4.4698498964803335, "colemanLiauIndex": 9.10848115942029, "smogIndex": 6.42735559955562, "automatedReadabilityIndex": 4.649236024844722, "linsearWriteIndex": 0.8892339544513457, "author": "", "locationNameNum": 0, "locationNameRate": 0.0, "personNameNum": 0, "personNameRate": 0.0, "organizationNameNum": 1, "organizationNameRate": 0.002898550724637681, "misspelledNum": 5, "misspelledRate": 0.014492753623188406, "missingAccentNum": 0, "missingAccentRate": 0.0, "foreignAccentNum": 0, "foreignAccentRate": 0.0, "wordConcatNum": 0, "wordConcatRate": 0.0, "jLyMistakeNum": 0, "jLyMistakeRate": 0.0, "freqSuffixNum": 0, "partsNum": 113, "privateVNum": 0, "publicVNum": 0, "clauseWordNum": 66}