{"tokenNum": 441, "sentenceNum": 21, "lemmaNum": 227, "lemmaRate": 0.5147392290249433, "sentenceLength": 21.0, "allUpperNum": 0, "firstUpperNum": 21, "allUpperRate": 0.0, "firstUpperRate": 0.047619047619047616, "declarSentNum": 18, "imperSentNum": 2, "questionNum": 1, "declarSentRate": 0.8571428571428571, "imperSentRate": 0.09523809523809523, "questionRate": 0.047619047619047616, "accent": true, "saturation": 3.1527777777777777, "paragraphNum": 0, "nounNum": 82, "verbNum": 72, "adjNum": 40, "infNum": 9, "partPastNum": 0, "partPresNum": 3, "partFutNum": 0, "transNum": 1, "xNum": 0, "advNum": 45, "properNounNum": 0, "numNum": 1, "conjNum": 38, "punctNum": 77, "pronNum": 27, "relPronNum": 7, "demPronNum": 13, "adposNum": 2, "multiplePunctNum": 0, "phraseNum": 0, "nounRate": 0.18594104308390022, "verbRate": 0.16326530612244897, "adjRate": 0.09070294784580499, "infRate": 0.02040816326530612, "partPastRate": 0.0, "partPresRate": 0.006802721088435374, "partFutRate": 0.0, "transRate": 0.0022675736961451248, "xRate": 0.0, "advRate": 0.10204081632653061, "properNounRate": 0.0, "numRate": 0.0022675736961451248, "conjRate": 0.08616780045351474, "punctRate": 0.1746031746031746, "pronRate": 0.061224489795918366, "relPronRate": 0.015873015873015872, "demPronRate": 0.02947845804988662, "adposRate": 0.0045351473922902496, "multiplePunctRate": 0.0, "partsDensityRate": 3.3194444444444446, "contentfulness": 11.380952380952381, "phraseRate": 0.0, "pastTenseNum": 0, "presentTenseNum": 63, "condNum": 0, "impNum": 13, "freqNum": 0, "causNum": 0, "modalNum": 1, "sg1VerbNum": 8, "sg2VerbNum": 4, "sg3VerbNum": 45, "pl1VerbNum": 21, "pl2VerbNum": 0, "pl3VerbNum": 16, "superlatNum": 1, "comparatNum": 3, "specDerivSuffixNum": 0, "pluralNounNum": 13, "pastTenseRate": 0.0, "presentTenseRate": 0.875, "condRate": 0.0, "impRate": 0.18055555555555555, "freqRate": 0.0, "causRate": 0.0, "modalRate": 0.013888888888888888, "sg1VerbRate": 0.1111111111111111, "sg2VerbRate": 0.05555555555555555, "sg3VerbRate": 0.625, "pl1VerbRate": 0.2916666666666667, "pl2VerbRate": 0.0, "pl3VerbRate": 0.2222222222222222, "superlatRate": 0.025, "comparatRate": 0.075, "specDerivSuffixRate": 0.0, "pluralNounRate": 0.15853658536585366, "subjNum": 28, "objNum": 32, "attNum": 24, "subordNum": 27, "adverbNum": 47, "coordNum": 28, "clauseNum": 72, "simpleNum": 1, "complexNum": 20, "complexity1Num": 6, "complexity2Num": 3, "complexity3Num": 6, "compoundNum": 0, "subjRate": 0.06349206349206349, "objRate": 0.07256235827664399, "attRate": 0.05442176870748299, "subordRate": 0.061224489795918366, "adverbRate": 0.10657596371882086, "coordRate": 0.06349206349206349, "partsRate": 2.2083333333333335, "clauseRate": 3.4285714285714284, "simpleRate": 0.047619047619047616, "complexRate": 0.9523809523809523, "complexity1Rate": 0.2857142857142857, "complexity2Rate": 0.14285714285714285, "complexity3Rate": 0.2857142857142857, "complexClauseRate": 3.55, "sentencesPerParagraph": 0.0, "wordsLengthRate": 5.543956043956044, "compoundRate": 0.0, "positiveNum": 0, "negativeNum": 0, "precoPositiveNum": 0, "precoNegativeNum": 0, "negemoNum": 0, "negationNum": 10, "functionNum": 202, "contentNum": 239, "vulgarNum": 0, "racistNum": 0, "specStyleNum": 0, "addressingNum": 0, "closingNum": 0, "postscriptNum": 0, "brutalNum": 0, "positiveRate": 0.0, "negativeRate": 0.0, "precoPositiveRate": 0.0, "precoNegativeRate": 0.0, "negemoRate": 0.0, "negationRate": 0.022675736961451247, "functionRate": 0.4580498866213152, "contentRate": 0.5419501133786848, "vulgarRate": 0.0, "racistRate": 0.0, "specStyleRate": 0.0, "addressingRate": 0.0, "closingRate": 0.0, "postscriptRate": 0.0, "brutalRate": 0.0, "epistemicNum": 0, "investNum": 0, "conditionNum": 0, "weaselNum": 0, "peacockNum": 0, "hedgeNum": 0, "doxasticNum": 0, "epistemicRate": 0.0, "investRate": 0.0, "conditionRate": 0.0, "weaselRate": 0.0, "peacockRate": 0.0, "hedgeRate": 0.0, "doxasticRate": 0.0, "loveNum": 0, "anxietyNum": 0, "sorrowNum": 0, "joyNum": 0, "disgustNum": 0, "fearNum": 0, "surpriseNum": 0, "angerNum": 0, "loveRate": 0.0, "anxietyRate": 0.0, "sorrowRate": 0.0, "joyRate": 0.0, "disgustRate": 0.0, "fearRate": 0.0, "surpriseRate": 0.0, "angerRate": 0.0, "slangBeGeneralNum": 0, "slangBeCigaretteNum": 0, "slangBeHumanNum": 0, "slangBeVehicleNum": 0, "slangBeDrugNum": 0, "slangBvNum": 0, "slangBeGeneralRate": 0.0, "slangBeCigaretteRate": 0.0, "slangBeHumanRate": 0.0, "slangBeVehicleRate": 0.0, "slangBeDrugRate": 0.0, "slangBvRate": 0.0, "speechactNum": 0, "quoteNum": 0, "dashNum": 0, "publicNum": 0, "privateNum": 0, "suasiveNum": 0, "discMarkerNum": 0, "smileyNum": 0, "dateNum": 0, "hesitationNum": 0, "restartNum": 0, "repeatNum": 0, "conjBeforeDiscNum": 0, "conjAfterDiscNum": 0, "wordBeforeHesitationNum": 0, "wordAfterHesitationNum": 0, "otherCollocationNum": 0, "speechactRate": 0.0, "quoteRate": 0.0, "dashRate": 0.0, "publicRate": 0.0, "privateRate": 0.0, "suasiveRate": 0.0, "discMarkerRate": 0.0, "smileyRate": 0.0, "dateRate": 0.0, "hesitationRate": 0.0, "restartRate": 0.0, "repeatRate": 0.0, "conjBeforeDiscRate": 0.0, "conjAfterDiscRate": 0.0, "wordBeforeHesitationRate": 0.0, "wordAfterHesitationRate": 0.0, "otherCollocationRate": 0.0, "easyWordNum": 411, "hardWordNum": 30, "easyWordRate": 0.9319727891156463, "hardWordRate": 0.06802721088435375, "fleschReadingEaseScore": 60.058775510204086, "gunningFogIndex": 8.427210884353741, "fleschKincaidGradeLevel": 10.09931972789116, "colemanLiauIndex": 12.180696145124713, "smogIndex": 8.841846274778883, "automatedReadabilityIndex": 11.44517006802721, "linsearWriteIndex": 1.7048914804016846, "author": "", "locationNameNum": 0, "locationNameRate": 0.0, "personNameNum": 0, "personNameRate": 0.0, "organizationNameNum": 0, "organizationNameRate": 0.0, "misspelledNum": 15, "misspelledRate": 0.034013605442176874, "missingAccentNum": 4, "missingAccentRate": 0.009070294784580499, "foreignAccentNum": 3, "foreignAccentRate": 0.006802721088435374, "wordConcatNum": 0, "wordConcatRate": 0.0, "jLyMistakeNum": 0, "jLyMistakeRate": 0.0, "freqSuffixNum": 0, "partsNum": 159, "privateVNum": 0, "publicVNum": 0, "clauseWordNum": 72}