{"tokenNum": 435, "sentenceNum": 24, "lemmaNum": 198, "lemmaRate": 0.45517241379310347, "sentenceLength": 18.125, "allUpperNum": 0, "firstUpperNum": 28, "allUpperRate": 0.0, "firstUpperRate": 0.06436781609195402, "declarSentNum": 23, "imperSentNum": 0, "questionNum": 1, "declarSentRate": 0.9583333333333334, "imperSentRate": 0.0, "questionRate": 0.041666666666666664, "accent": true, "saturation": 3.142857142857143, "paragraphNum": 0, "nounNum": 79, "verbNum": 64, "adjNum": 59, "infNum": 11, "partPastNum": 2, "partPresNum": 3, "partFutNum": 0, "transNum": 2, "xNum": 0, "advNum": 49, "properNounNum": 4, "numNum": 2, "conjNum": 35, "punctNum": 60, "pronNum": 24, "relPronNum": 6, "demPronNum": 18, "adposNum": 2, "multiplePunctNum": 0, "phraseNum": 0, "nounRate": 0.18160919540229886, "verbRate": 0.1471264367816092, "adjRate": 0.135632183908046, "infRate": 0.02528735632183908, "partPastRate": 0.004597701149425287, "partPresRate": 0.006896551724137931, "partFutRate": 0.0, "transRate": 0.004597701149425287, "xRate": 0.0, "advRate": 0.11264367816091954, "properNounRate": 0.009195402298850575, "numRate": 0.004597701149425287, "conjRate": 0.08045977011494253, "punctRate": 0.13793103448275862, "pronRate": 0.05517241379310345, "relPronRate": 0.013793103448275862, "demPronRate": 0.041379310344827586, "adposRate": 0.004597701149425287, "multiplePunctRate": 0.0, "partsDensityRate": 3.984126984126984, "contentfulness": 10.458333333333334, "phraseRate": 0.0, "pastTenseNum": 20, "presentTenseNum": 33, "condNum": 3, "impNum": 1, "freqNum": 0, "causNum": 0, "modalNum": 1, "sg1VerbNum": 36, "sg2VerbNum": 0, "sg3VerbNum": 47, "pl1VerbNum": 1, "pl2VerbNum": 0, "pl3VerbNum": 5, "superlatNum": 1, "comparatNum": 4, "specDerivSuffixNum": 0, "pluralNounNum": 11, "pastTenseRate": 0.3125, "presentTenseRate": 0.515625, "condRate": 0.046875, "impRate": 0.015625, "freqRate": 0.0, "causRate": 0.0, "modalRate": 0.015625, "sg1VerbRate": 0.5625, "sg2VerbRate": 0.0, "sg3VerbRate": 0.734375, "pl1VerbRate": 0.015625, "pl2VerbRate": 0.0, "pl3VerbRate": 0.078125, "superlatRate": 0.01694915254237288, "comparatRate": 0.06779661016949153, "specDerivSuffixRate": 0.0, "pluralNounRate": 0.13924050632911392, "subjNum": 21, "objNum": 16, "attNum": 35, "subordNum": 13, "adverbNum": 72, "coordNum": 23, "clauseNum": 63, "simpleNum": 5, "complexNum": 19, "complexity1Num": 7, "complexity2Num": 5, "complexity3Num": 6, "compoundNum": 0, "subjRate": 0.04827586206896552, "objRate": 0.0367816091954023, "attRate": 0.08045977011494253, "subordRate": 0.029885057471264367, "adverbRate": 0.16551724137931034, "coordRate": 0.052873563218390804, "partsRate": 2.6507936507936507, "clauseRate": 2.625, "simpleRate": 0.20833333333333334, "complexRate": 0.7916666666666666, "complexity1Rate": 0.2916666666666667, "complexity2Rate": 0.20833333333333334, "complexity3Rate": 0.25, "complexClauseRate": 3.0526315789473686, "sentencesPerParagraph": 0.0, "wordsLengthRate": 5.290666666666667, "compoundRate": 0.0, "positiveNum": 0, "negativeNum": 0, "precoPositiveNum": 0, "precoNegativeNum": 0, "negemoNum": 0, "negationNum": 4, "functionNum": 184, "contentNum": 251, "vulgarNum": 0, "racistNum": 0, "specStyleNum": 0, "addressingNum": 0, "closingNum": 0, "postscriptNum": 0, "brutalNum": 0, "positiveRate": 0.0, "negativeRate": 0.0, "precoPositiveRate": 0.0, "precoNegativeRate": 0.0, "negemoRate": 0.0, "negationRate": 0.009195402298850575, "functionRate": 0.42298850574712643, "contentRate": 0.5770114942528736, "vulgarRate": 0.0, "racistRate": 0.0, "specStyleRate": 0.0, "addressingRate": 0.0, "closingRate": 0.0, "postscriptRate": 0.0, "brutalRate": 0.0, "epistemicNum": 0, "investNum": 0, "conditionNum": 0, "weaselNum": 0, "peacockNum": 0, "hedgeNum": 0, "doxasticNum": 0, "epistemicRate": 0.0, "investRate": 0.0, "conditionRate": 0.0, "weaselRate": 0.0, "peacockRate": 0.0, "hedgeRate": 0.0, "doxasticRate": 0.0, "loveNum": 0, "anxietyNum": 0, "sorrowNum": 0, "joyNum": 0, "disgustNum": 0, "fearNum": 0, "surpriseNum": 0, "angerNum": 0, "loveRate": 0.0, "anxietyRate": 0.0, "sorrowRate": 0.0, "joyRate": 0.0, "disgustRate": 0.0, "fearRate": 0.0, "surpriseRate": 0.0, "angerRate": 0.0, "slangBeGeneralNum": 0, "slangBeCigaretteNum": 0, "slangBeHumanNum": 0, "slangBeVehicleNum": 0, "slangBeDrugNum": 0, "slangBvNum": 0, "slangBeGeneralRate": 0.0, "slangBeCigaretteRate": 0.0, "slangBeHumanRate": 0.0, "slangBeVehicleRate": 0.0, "slangBeDrugRate": 0.0, "slangBvRate": 0.0, "speechactNum": 0, "quoteNum": 0, "dashNum": 0, "publicNum": 0, "privateNum": 0, "suasiveNum": 0, "discMarkerNum": 0, "smileyNum": 0, "dateNum": 0, "hesitationNum": 0, "restartNum": 0, "repeatNum": 0, "conjBeforeDiscNum": 0, "conjAfterDiscNum": 0, "wordBeforeHesitationNum": 0, "wordAfterHesitationNum": 0, "otherCollocationNum": 0, "speechactRate": 0.0, "quoteRate": 0.0, "dashRate": 0.0, "publicRate": 0.0, "privateRate": 0.0, "suasiveRate": 0.0, "discMarkerRate": 0.0, "smileyRate": 0.0, "dateRate": 0.0, "hesitationRate": 0.0, "restartRate": 0.0, "repeatRate": 0.0, "conjBeforeDiscRate": 0.0, "conjAfterDiscRate": 0.0, "wordBeforeHesitationRate": 0.0, "wordAfterHesitationRate": 0.0, "otherCollocationRate": 0.0, "easyWordNum": 415, "hardWordNum": 20, "easyWordRate": 0.9540229885057471, "hardWordRate": 0.04597701149425287, "fleschReadingEaseScore": 62.02433189655176, "gunningFogIndex": 7.268390804597701, "fleschKincaidGradeLevel": 9.110933908045979, "colemanLiauIndex": 11.876064367816092, "smogIndex": 7.793537801064561, "automatedReadabilityIndex": 9.764086206896554, "linsearWriteIndex": 1.274904214559387, "author": "", "locationNameNum": 2, "locationNameRate": 0.004597701149425287, "personNameNum": 0, "personNameRate": 0.0, "organizationNameNum": 1, "organizationNameRate": 0.0022988505747126436, "misspelledNum": 10, "misspelledRate": 0.022988505747126436, "missingAccentNum": 2, "missingAccentRate": 0.004597701149425287, "foreignAccentNum": 0, "foreignAccentRate": 0.0, "wordConcatNum": 0, "wordConcatRate": 0.0, "jLyMistakeNum": 0, "jLyMistakeRate": 0.0, "freqSuffixNum": 0, "partsNum": 167, "privateVNum": 0, "publicVNum": 0, "clauseWordNum": 63}