{"tokenNum": 468, "sentenceNum": 27, "lemmaNum": 195, "lemmaRate": 0.4166666666666667, "sentenceLength": 17.333333333333332, "allUpperNum": 0, "firstUpperNum": 27, "allUpperRate": 0.0, "firstUpperRate": 0.057692307692307696, "declarSentNum": 16, "imperSentNum": 7, "questionNum": 4, "declarSentRate": 0.5925925925925926, "imperSentRate": 0.25925925925925924, "questionRate": 0.14814814814814814, "accent": true, "saturation": 2.1666666666666665, "paragraphNum": 4, "nounNum": 61, "verbNum": 72, "adjNum": 37, "infNum": 4, "partPastNum": 2, "partPresNum": 1, "partFutNum": 0, "transNum": 0, "xNum": 4, "advNum": 51, "properNounNum": 1, "numNum": 0, "conjNum": 50, "punctNum": 90, "pronNum": 43, "relPronNum": 4, "demPronNum": 30, "adposNum": 2, "multiplePunctNum": 0, "phraseNum": 0, "nounRate": 0.13034188034188035, "verbRate": 0.15384615384615385, "adjRate": 0.07905982905982906, "infRate": 0.008547008547008548, "partPastRate": 0.004273504273504274, "partPresRate": 0.002136752136752137, "partFutRate": 0.0, "transRate": 0.0, "xRate": 0.008547008547008548, "advRate": 0.10897435897435898, "properNounRate": 0.002136752136752137, "numRate": 0.0, "conjRate": 0.10683760683760683, "punctRate": 0.19230769230769232, "pronRate": 0.09188034188034189, "relPronRate": 0.008547008547008548, "demPronRate": 0.0641025641025641, "adposRate": 0.004273504273504274, "multiplePunctRate": 0.0, "partsDensityRate": 2.4555555555555557, "contentfulness": 8.185185185185185, "phraseRate": 0.0, "pastTenseNum": 3, "presentTenseNum": 65, "condNum": 1, "impNum": 15, "freqNum": 0, "causNum": 0, "modalNum": 1, "sg1VerbNum": 10, "sg2VerbNum": 3, "sg3VerbNum": 44, "pl1VerbNum": 41, "pl2VerbNum": 2, "pl3VerbNum": 19, "superlatNum": 0, "comparatNum": 3, "specDerivSuffixNum": 0, "pluralNounNum": 15, "pastTenseRate": 0.041666666666666664, "presentTenseRate": 0.9027777777777778, "condRate": 0.013888888888888888, "impRate": 0.20833333333333334, "freqRate": 0.0, "causRate": 0.0, "modalRate": 0.013888888888888888, "sg1VerbRate": 0.1388888888888889, "sg2VerbRate": 0.041666666666666664, "sg3VerbRate": 0.6111111111111112, "pl1VerbRate": 0.5694444444444444, "pl2VerbRate": 0.027777777777777776, "pl3VerbRate": 0.2638888888888889, "superlatRate": 0.0, "comparatRate": 0.08108108108108109, "specDerivSuffixRate": 0.0, "pluralNounRate": 0.2459016393442623, "subjNum": 34, "objNum": 27, "attNum": 20, "subordNum": 26, "adverbNum": 59, "coordNum": 29, "clauseNum": 90, "simpleNum": 2, "complexNum": 25, "complexity1Num": 5, "complexity2Num": 9, "complexity3Num": 6, "compoundNum": 0, "subjRate": 0.07264957264957266, "objRate": 0.057692307692307696, "attRate": 0.042735042735042736, "subordRate": 0.05555555555555555, "adverbRate": 0.12606837606837606, "coordRate": 0.06196581196581197, "partsRate": 1.8777777777777778, "clauseRate": 3.3333333333333335, "simpleRate": 0.07407407407407407, "complexRate": 0.9259259259259259, "complexity1Rate": 0.18518518518518517, "complexity2Rate": 0.3333333333333333, "complexity3Rate": 0.2222222222222222, "complexClauseRate": 3.52, "sentencesPerParagraph": 6.75, "wordsLengthRate": 5.042328042328043, "compoundRate": 0.0, "positiveNum": 0, "negativeNum": 0, "precoPositiveNum": 0, "precoNegativeNum": 0, "negemoNum": 0, "negationNum": 12, "functionNum": 247, "contentNum": 221, "vulgarNum": 0, "racistNum": 0, "specStyleNum": 0, "addressingNum": 0, "closingNum": 0, "postscriptNum": 0, "brutalNum": 0, "positiveRate": 0.0, "negativeRate": 0.0, "precoPositiveRate": 0.0, "precoNegativeRate": 0.0, "negemoRate": 0.0, "negationRate": 0.02564102564102564, "functionRate": 0.5277777777777778, "contentRate": 0.4722222222222222, "vulgarRate": 0.0, "racistRate": 0.0, "specStyleRate": 0.0, "addressingRate": 0.0, "closingRate": 0.0, "postscriptRate": 0.0, "brutalRate": 0.0, "epistemicNum": 0, "investNum": 0, "conditionNum": 0, "weaselNum": 0, "peacockNum": 0, "hedgeNum": 0, "doxasticNum": 0, "epistemicRate": 0.0, "investRate": 0.0, "conditionRate": 0.0, "weaselRate": 0.0, "peacockRate": 0.0, "hedgeRate": 0.0, "doxasticRate": 0.0, "loveNum": 0, "anxietyNum": 0, "sorrowNum": 0, "joyNum": 0, "disgustNum": 0, "fearNum": 0, "surpriseNum": 0, "angerNum": 0, "loveRate": 0.0, "anxietyRate": 0.0, "sorrowRate": 0.0, "joyRate": 0.0, "disgustRate": 0.0, "fearRate": 0.0, "surpriseRate": 0.0, "angerRate": 0.0, "slangBeGeneralNum": 0, "slangBeCigaretteNum": 0, "slangBeHumanNum": 0, "slangBeVehicleNum": 0, "slangBeDrugNum": 0, "slangBvNum": 0, "slangBeGeneralRate": 0.0, "slangBeCigaretteRate": 0.0, "slangBeHumanRate": 0.0, "slangBeVehicleRate": 0.0, "slangBeDrugRate": 0.0, "slangBvRate": 0.0, "speechactNum": 0, "quoteNum": 0, "dashNum": 0, "publicNum": 0, "privateNum": 0, "suasiveNum": 0, "discMarkerNum": 0, "smileyNum": 0, "dateNum": 0, "hesitationNum": 0, "restartNum": 0, "repeatNum": 0, "conjBeforeDiscNum": 0, "conjAfterDiscNum": 0, "wordBeforeHesitationNum": 0, "wordAfterHesitationNum": 0, "otherCollocationNum": 0, "speechactRate": 0.0, "quoteRate": 0.0, "dashRate": 0.0, "publicRate": 0.0, "privateRate": 0.0, "suasiveRate": 0.0, "discMarkerRate": 0.0, "smileyRate": 0.0, "dateRate": 0.0, "hesitationRate": 0.0, "restartRate": 0.0, "repeatRate": 0.0, "conjBeforeDiscRate": 0.0, "conjAfterDiscRate": 0.0, "wordBeforeHesitationRate": 0.0, "wordAfterHesitationRate": 0.0, "otherCollocationRate": 0.0, "easyWordNum": 452, "hardWordNum": 16, "easyWordRate": 0.9658119658119658, "hardWordRate": 0.03418803418803419, "fleschReadingEaseScore": 79.69551282051283, "gunningFogIndex": 6.947008547008547, "fleschKincaidGradeLevel": 6.449487179487182, "colemanLiauIndex": 9.219741452991453, "smogIndex": 7.3011, "automatedReadabilityIndex": 7.244102564102562, "linsearWriteIndex": 0.9626464070908514, "author": "", "locationNameNum": 0, "locationNameRate": 0.0, "personNameNum": 0, "personNameRate": 0.0, "organizationNameNum": 0, "organizationNameRate": 0.0, "misspelledNum": 3, "misspelledRate": 0.00641025641025641, "missingAccentNum": 0, "missingAccentRate": 0.0, "foreignAccentNum": 0, "foreignAccentRate": 0.0, "wordConcatNum": 0, "wordConcatRate": 0.0, "jLyMistakeNum": 0, "jLyMistakeRate": 0.0, "freqSuffixNum": 0, "partsNum": 169, "privateVNum": 0, "publicVNum": 0, "clauseWordNum": 90}