{"tokenNum": 437, "sentenceNum": 26, "lemmaNum": 196, "lemmaRate": 0.448512585812357, "sentenceLength": 16.807692307692307, "allUpperNum": 0, "firstUpperNum": 28, "allUpperRate": 0.0, "firstUpperRate": 0.06407322654462243, "declarSentNum": 6, "imperSentNum": 18, "questionNum": 2, "declarSentRate": 0.23076923076923078, "imperSentRate": 0.6923076923076923, "questionRate": 0.07692307692307693, "accent": true, "saturation": 2.45, "paragraphNum": 5, "nounNum": 77, "verbNum": 54, "adjNum": 32, "infNum": 7, "partPastNum": 0, "partPresNum": 1, "partFutNum": 0, "transNum": 0, "xNum": 9, "advNum": 42, "properNounNum": 1, "numNum": 2, "conjNum": 38, "punctNum": 82, "pronNum": 25, "relPronNum": 6, "demPronNum": 20, "adposNum": 1, "multiplePunctNum": 0, "phraseNum": 0, "nounRate": 0.17620137299771166, "verbRate": 0.12356979405034325, "adjRate": 0.07322654462242563, "infRate": 0.016018306636155607, "partPastRate": 0.0, "partPresRate": 0.002288329519450801, "partFutRate": 0.0, "transRate": 0.0, "xRate": 0.020594965675057208, "advRate": 0.09610983981693363, "properNounRate": 0.002288329519450801, "numRate": 0.004576659038901602, "conjRate": 0.08695652173913043, "punctRate": 0.18764302059496568, "pronRate": 0.057208237986270026, "relPronRate": 0.013729977116704805, "demPronRate": 0.04576659038901602, "adposRate": 0.002288329519450801, "multiplePunctRate": 0.0, "partsDensityRate": 2.5625, "contentfulness": 7.884615384615385, "phraseRate": 0.0, "pastTenseNum": 6, "presentTenseNum": 41, "condNum": 0, "impNum": 6, "freqNum": 0, "causNum": 0, "modalNum": 0, "sg1VerbNum": 10, "sg2VerbNum": 1, "sg3VerbNum": 43, "pl1VerbNum": 12, "pl2VerbNum": 2, "pl3VerbNum": 9, "superlatNum": 0, "comparatNum": 0, "specDerivSuffixNum": 0, "pluralNounNum": 10, "pastTenseRate": 0.1111111111111111, "presentTenseRate": 0.7592592592592593, "condRate": 0.0, "impRate": 0.1111111111111111, "freqRate": 0.0, "causRate": 0.0, "modalRate": 0.0, "sg1VerbRate": 0.18518518518518517, "sg2VerbRate": 0.018518518518518517, "sg3VerbRate": 0.7962962962962963, "pl1VerbRate": 0.2222222222222222, "pl2VerbRate": 0.037037037037037035, "pl3VerbRate": 0.16666666666666666, "superlatRate": 0.0, "comparatRate": 0.0, "specDerivSuffixRate": 0.0, "pluralNounRate": 0.12987012987012986, "subjNum": 35, "objNum": 19, "attNum": 22, "subordNum": 23, "adverbNum": 59, "coordNum": 21, "clauseNum": 80, "simpleNum": 4, "complexNum": 22, "complexity1Num": 6, "complexity2Num": 7, "complexity3Num": 4, "compoundNum": 0, "subjRate": 0.08009153318077804, "objRate": 0.043478260869565216, "attRate": 0.05034324942791762, "subordRate": 0.05263157894736842, "adverbRate": 0.13501144164759726, "coordRate": 0.04805491990846682, "partsRate": 1.95, "clauseRate": 3.076923076923077, "simpleRate": 0.15384615384615385, "complexRate": 0.8461538461538461, "complexity1Rate": 0.23076923076923078, "complexity2Rate": 0.2692307692307692, "complexity3Rate": 0.15384615384615385, "complexClauseRate": 3.4545454545454546, "sentencesPerParagraph": 5.2, "wordsLengthRate": 5.03943661971831, "compoundRate": 0.0, "positiveNum": 0, "negativeNum": 0, "precoPositiveNum": 0, "precoNegativeNum": 0, "negemoNum": 0, "negationNum": 9, "functionNum": 232, "contentNum": 205, "vulgarNum": 0, "racistNum": 0, "specStyleNum": 0, "addressingNum": 0, "closingNum": 0, "postscriptNum": 0, "brutalNum": 0, "positiveRate": 0.0, "negativeRate": 0.0, "precoPositiveRate": 0.0, "precoNegativeRate": 0.0, "negemoRate": 0.0, "negationRate": 0.020594965675057208, "functionRate": 0.5308924485125858, "contentRate": 0.4691075514874142, "vulgarRate": 0.0, "racistRate": 0.0, "specStyleRate": 0.0, "addressingRate": 0.0, "closingRate": 0.0, "postscriptRate": 0.0, "brutalRate": 0.0, "epistemicNum": 0, "investNum": 0, "conditionNum": 0, "weaselNum": 0, "peacockNum": 0, "hedgeNum": 0, "doxasticNum": 0, "epistemicRate": 0.0, "investRate": 0.0, "conditionRate": 0.0, "weaselRate": 0.0, "peacockRate": 0.0, "hedgeRate": 0.0, "doxasticRate": 0.0, "loveNum": 0, "anxietyNum": 0, "sorrowNum": 0, "joyNum": 0, "disgustNum": 0, "fearNum": 0, "surpriseNum": 0, "angerNum": 0, "loveRate": 0.0, "anxietyRate": 0.0, "sorrowRate": 0.0, "joyRate": 0.0, "disgustRate": 0.0, "fearRate": 0.0, "surpriseRate": 0.0, "angerRate": 0.0, "slangBeGeneralNum": 0, "slangBeCigaretteNum": 0, "slangBeHumanNum": 0, "slangBeVehicleNum": 0, "slangBeDrugNum": 0, "slangBvNum": 0, "slangBeGeneralRate": 0.0, "slangBeCigaretteRate": 0.0, "slangBeHumanRate": 0.0, "slangBeVehicleRate": 0.0, "slangBeDrugRate": 0.0, "slangBvRate": 0.0, "speechactNum": 0, "quoteNum": 0, "dashNum": 0, "publicNum": 0, "privateNum": 0, "suasiveNum": 0, "discMarkerNum": 0, "smileyNum": 0, "dateNum": 0, "hesitationNum": 0, "restartNum": 1, "repeatNum": 0, "conjBeforeDiscNum": 0, "conjAfterDiscNum": 0, "wordBeforeHesitationNum": 0, "wordAfterHesitationNum": 0, "otherCollocationNum": 0, "speechactRate": 0.0, "quoteRate": 0.0, "dashRate": 0.0, "publicRate": 0.0, "privateRate": 0.0, "suasiveRate": 0.0, "discMarkerRate": 0.0, "smileyRate": 0.0, "dateRate": 0.0, "hesitationRate": 0.0, "restartRate": 0.002288329519450801, "repeatRate": 0.0, "conjBeforeDiscRate": 0.0, "conjAfterDiscRate": 0.0, "wordBeforeHesitationRate": 0.0, "wordAfterHesitationRate": 0.0, "otherCollocationRate": 0.0, "easyWordNum": 410, "hardWordNum": 27, "easyWordRate": 0.9382151029748284, "hardWordRate": 0.06178489702517163, "fleschReadingEaseScore": 70.90928841753215, "gunningFogIndex": 6.747790881886991, "fleschKincaidGradeLevel": 7.544405034324942, "colemanLiauIndex": 9.269386727688786, "smogIndex": 8.548686976883017, "automatedReadabilityIndex": 7.020985741946841, "linsearWriteIndex": 1.134307340256997, "author": "", "locationNameNum": 0, "locationNameRate": 0.0, "personNameNum": 1, "personNameRate": 0.002288329519450801, "organizationNameNum": 0, "organizationNameRate": 0.0, "misspelledNum": 11, "misspelledRate": 0.02517162471395881, "missingAccentNum": 3, "missingAccentRate": 0.006864988558352402, "foreignAccentNum": 4, "foreignAccentRate": 0.009153318077803204, "wordConcatNum": 1, "wordConcatRate": 0.002288329519450801, "jLyMistakeNum": 0, "jLyMistakeRate": 0.0, "freqSuffixNum": 0, "partsNum": 156, "privateVNum": 0, "publicVNum": 0, "clauseWordNum": 80}