{"tokenNum": 426, "sentenceNum": 32, "lemmaNum": 179, "lemmaRate": 0.42018779342723006, "sentenceLength": 13.3125, "allUpperNum": 0, "firstUpperNum": 32, "allUpperRate": 0.0, "firstUpperRate": 0.07511737089201878, "declarSentNum": 16, "imperSentNum": 13, "questionNum": 3, "declarSentRate": 0.5, "imperSentRate": 0.40625, "questionRate": 0.09375, "accent": true, "saturation": 2.5942028985507246, "paragraphNum": 0, "nounNum": 61, "verbNum": 61, "adjNum": 31, "infNum": 4, "partPastNum": 1, "partPresNum": 0, "partFutNum": 0, "transNum": 0, "xNum": 0, "advNum": 55, "properNounNum": 2, "numNum": 1, "conjNum": 37, "punctNum": 80, "pronNum": 37, "relPronNum": 5, "demPronNum": 26, "adposNum": 2, "multiplePunctNum": 1, "phraseNum": 0, "nounRate": 0.1431924882629108, "verbRate": 0.1431924882629108, "adjRate": 0.07276995305164319, "infRate": 0.009389671361502348, "partPastRate": 0.002347417840375587, "partPresRate": 0.0, "partFutRate": 0.0, "transRate": 0.0, "xRate": 0.0, "advRate": 0.12910798122065728, "properNounRate": 0.004694835680751174, "numRate": 0.002347417840375587, "conjRate": 0.08685446009389672, "punctRate": 0.18779342723004694, "pronRate": 0.08685446009389672, "relPronRate": 0.011737089201877934, "demPronRate": 0.06103286384976526, "adposRate": 0.004694835680751174, "multiplePunctRate": 0.0125, "partsDensityRate": 3.0144927536231885, "contentfulness": 6.5, "phraseRate": 0.0, "pastTenseNum": 5, "presentTenseNum": 53, "condNum": 1, "impNum": 15, "freqNum": 0, "causNum": 0, "modalNum": 1, "sg1VerbNum": 25, "sg2VerbNum": 12, "sg3VerbNum": 59, "pl1VerbNum": 4, "pl2VerbNum": 0, "pl3VerbNum": 3, "superlatNum": 0, "comparatNum": 2, "specDerivSuffixNum": 0, "pluralNounNum": 7, "pastTenseRate": 0.08196721311475409, "presentTenseRate": 0.8688524590163934, "condRate": 0.01639344262295082, "impRate": 0.2459016393442623, "freqRate": 0.0, "causRate": 0.0, "modalRate": 0.01639344262295082, "sg1VerbRate": 0.4098360655737705, "sg2VerbRate": 0.19672131147540983, "sg3VerbRate": 0.9672131147540983, "pl1VerbRate": 0.06557377049180328, "pl2VerbRate": 0.0, "pl3VerbRate": 0.04918032786885246, "superlatRate": 0.0, "comparatRate": 0.06451612903225806, "specDerivSuffixRate": 0.0, "pluralNounRate": 0.11475409836065574, "subjNum": 30, "objNum": 12, "attNum": 14, "subordNum": 27, "adverbNum": 61, "coordNum": 15, "clauseNum": 69, "simpleNum": 10, "complexNum": 22, "complexity1Num": 14, "complexity2Num": 4, "complexity3Num": 2, "compoundNum": 0, "subjRate": 0.07042253521126761, "objRate": 0.028169014084507043, "attRate": 0.03286384976525822, "subordRate": 0.06338028169014084, "adverbRate": 0.1431924882629108, "coordRate": 0.035211267605633804, "partsRate": 1.9130434782608696, "clauseRate": 2.15625, "simpleRate": 0.3125, "complexRate": 0.6875, "complexity1Rate": 0.4375, "complexity2Rate": 0.125, "complexity3Rate": 0.0625, "complexClauseRate": 2.6818181818181817, "sentencesPerParagraph": 0.0, "wordsLengthRate": 4.794797687861272, "compoundRate": 0.0, "positiveNum": 0, "negativeNum": 0, "precoPositiveNum": 0, "precoNegativeNum": 0, "negemoNum": 0, "negationNum": 12, "functionNum": 218, "contentNum": 208, "vulgarNum": 0, "racistNum": 0, "specStyleNum": 0, "addressingNum": 0, "closingNum": 0, "postscriptNum": 0, "brutalNum": 0, "positiveRate": 0.0, "negativeRate": 0.0, "precoPositiveRate": 0.0, "precoNegativeRate": 0.0, "negemoRate": 0.0, "negationRate": 0.028169014084507043, "functionRate": 0.5117370892018779, "contentRate": 0.48826291079812206, "vulgarRate": 0.0, "racistRate": 0.0, "specStyleRate": 0.0, "addressingRate": 0.0, "closingRate": 0.0, "postscriptRate": 0.0, "brutalRate": 0.0, "epistemicNum": 0, "investNum": 0, "conditionNum": 0, "weaselNum": 0, "peacockNum": 0, "hedgeNum": 0, "doxasticNum": 0, "epistemicRate": 0.0, "investRate": 0.0, "conditionRate": 0.0, "weaselRate": 0.0, "peacockRate": 0.0, "hedgeRate": 0.0, "doxasticRate": 0.0, "loveNum": 0, "anxietyNum": 0, "sorrowNum": 0, "joyNum": 0, "disgustNum": 0, "fearNum": 0, "surpriseNum": 0, "angerNum": 0, "loveRate": 0.0, "anxietyRate": 0.0, "sorrowRate": 0.0, "joyRate": 0.0, "disgustRate": 0.0, "fearRate": 0.0, "surpriseRate": 0.0, "angerRate": 0.0, "slangBeGeneralNum": 0, "slangBeCigaretteNum": 0, "slangBeHumanNum": 0, "slangBeVehicleNum": 0, "slangBeDrugNum": 0, "slangBvNum": 0, "slangBeGeneralRate": 0.0, "slangBeCigaretteRate": 0.0, "slangBeHumanRate": 0.0, "slangBeVehicleRate": 0.0, "slangBeDrugRate": 0.0, "slangBvRate": 0.0, "speechactNum": 0, "quoteNum": 0, "dashNum": 0, "publicNum": 0, "privateNum": 0, "suasiveNum": 0, "discMarkerNum": 0, "smileyNum": 0, "dateNum": 0, "hesitationNum": 0, "restartNum": 0, "repeatNum": 0, "conjBeforeDiscNum": 0, "conjAfterDiscNum": 0, "wordBeforeHesitationNum": 0, "wordAfterHesitationNum": 0, "otherCollocationNum": 0, "speechactRate": 0.0, "quoteRate": 0.0, "dashRate": 0.0, "publicRate": 0.0, "privateRate": 0.0, "suasiveRate": 0.0, "discMarkerRate": 0.0, "smileyRate": 0.0, "dateRate": 0.0, "hesitationRate": 0.0, "restartRate": 0.0, "repeatRate": 0.0, "conjBeforeDiscRate": 0.0, "conjAfterDiscRate": 0.0, "wordBeforeHesitationRate": 0.0, "wordAfterHesitationRate": 0.0, "otherCollocationRate": 0.0, "easyWordNum": 408, "hardWordNum": 18, "easyWordRate": 0.9577464788732394, "hardWordRate": 0.04225352112676056, "fleschReadingEaseScore": 79.92703785211269, "gunningFogIndex": 5.341901408450704, "fleschKincaidGradeLevel": 5.4183069248826286, "colemanLiauIndex": 8.271347417840374, "smogIndex": 7.413659706084162, "automatedReadabilityIndex": 4.475334507042255, "linsearWriteIndex": 0.6945422535211268, "author": "", "locationNameNum": 1, "locationNameRate": 0.002347417840375587, "personNameNum": 0, "personNameRate": 0.0, "organizationNameNum": 0, "organizationNameRate": 0.0, "misspelledNum": 2, "misspelledRate": 0.004694835680751174, "missingAccentNum": 0, "missingAccentRate": 0.0, "foreignAccentNum": 0, "foreignAccentRate": 0.0, "wordConcatNum": 0, "wordConcatRate": 0.0, "jLyMistakeNum": 0, "jLyMistakeRate": 0.0, "freqSuffixNum": 0, "partsNum": 132, "privateVNum": 0, "publicVNum": 0, "clauseWordNum": 69}