{"tokenNum": 441, "sentenceNum": 26, "lemmaNum": 232, "lemmaRate": 0.5260770975056689, "sentenceLength": 16.96153846153846, "allUpperNum": 0, "firstUpperNum": 26, "allUpperRate": 0.0, "firstUpperRate": 0.05895691609977324, "declarSentNum": 24, "imperSentNum": 1, "questionNum": 1, "declarSentRate": 0.9230769230769231, "imperSentRate": 0.038461538461538464, "questionRate": 0.038461538461538464, "accent": true, "saturation": 3.36231884057971, "paragraphNum": 6, "nounNum": 79, "verbNum": 63, "adjNum": 47, "infNum": 6, "partPastNum": 2, "partPresNum": 4, "partFutNum": 0, "transNum": 2, "xNum": 7, "advNum": 55, "properNounNum": 0, "numNum": 1, "conjNum": 48, "punctNum": 74, "pronNum": 22, "relPronNum": 6, "demPronNum": 21, "adposNum": 2, "multiplePunctNum": 0, "phraseNum": 0, "nounRate": 0.17913832199546487, "verbRate": 0.14285714285714285, "adjRate": 0.10657596371882086, "infRate": 0.013605442176870748, "partPastRate": 0.0045351473922902496, "partPresRate": 0.009070294784580499, "partFutRate": 0.0, "transRate": 0.0045351473922902496, "xRate": 0.015873015873015872, "advRate": 0.12471655328798185, "properNounRate": 0.0, "numRate": 0.0022675736961451248, "conjRate": 0.10884353741496598, "punctRate": 0.16780045351473924, "pronRate": 0.049886621315192746, "relPronRate": 0.013605442176870748, "demPronRate": 0.047619047619047616, "adposRate": 0.0045351473922902496, "multiplePunctRate": 0.0, "partsDensityRate": 3.536231884057971, "contentfulness": 9.384615384615385, "phraseRate": 0.0, "pastTenseNum": 6, "presentTenseNum": 51, "condNum": 4, "impNum": 4, "freqNum": 0, "causNum": 0, "modalNum": 8, "sg1VerbNum": 13, "sg2VerbNum": 1, "sg3VerbNum": 46, "pl1VerbNum": 12, "pl2VerbNum": 1, "pl3VerbNum": 8, "superlatNum": 0, "comparatNum": 3, "specDerivSuffixNum": 0, "pluralNounNum": 22, "pastTenseRate": 0.09523809523809523, "presentTenseRate": 0.8095238095238095, "condRate": 0.06349206349206349, "impRate": 0.06349206349206349, "freqRate": 0.0, "causRate": 0.0, "modalRate": 0.12698412698412698, "sg1VerbRate": 0.20634920634920634, "sg2VerbRate": 0.015873015873015872, "sg3VerbRate": 0.7301587301587301, "pl1VerbRate": 0.19047619047619047, "pl2VerbRate": 0.015873015873015872, "pl3VerbRate": 0.12698412698412698, "superlatRate": 0.0, "comparatRate": 0.06382978723404255, "specDerivSuffixRate": 0.0, "pluralNounRate": 0.27848101265822783, "subjNum": 31, "objNum": 20, "attNum": 25, "subordNum": 30, "adverbNum": 73, "coordNum": 16, "clauseNum": 69, "simpleNum": 5, "complexNum": 21, "complexity1Num": 8, "complexity2Num": 7, "complexity3Num": 4, "compoundNum": 0, "subjRate": 0.07029478458049887, "objRate": 0.045351473922902494, "attRate": 0.05668934240362812, "subordRate": 0.06802721088435375, "adverbRate": 0.1655328798185941, "coordRate": 0.036281179138321996, "partsRate": 2.391304347826087, "clauseRate": 2.6538461538461537, "simpleRate": 0.19230769230769232, "complexRate": 0.8076923076923077, "complexity1Rate": 0.3076923076923077, "complexity2Rate": 0.2692307692307692, "complexity3Rate": 0.15384615384615385, "complexClauseRate": 3.0476190476190474, "sentencesPerParagraph": 4.333333333333333, "wordsLengthRate": 5.970027247956403, "compoundRate": 0.0, "positiveNum": 0, "negativeNum": 0, "precoPositiveNum": 0, "precoNegativeNum": 0, "negemoNum": 0, "negationNum": 9, "functionNum": 197, "contentNum": 244, "vulgarNum": 0, "racistNum": 0, "specStyleNum": 0, "addressingNum": 0, "closingNum": 0, "postscriptNum": 0, "brutalNum": 0, "positiveRate": 0.0, "negativeRate": 0.0, "precoPositiveRate": 0.0, "precoNegativeRate": 0.0, "negemoRate": 0.0, "negationRate": 0.02040816326530612, "functionRate": 0.4467120181405896, "contentRate": 0.5532879818594104, "vulgarRate": 0.0, "racistRate": 0.0, "specStyleRate": 0.0, "addressingRate": 0.0, "closingRate": 0.0, "postscriptRate": 0.0, "brutalRate": 0.0, "epistemicNum": 0, "investNum": 0, "conditionNum": 0, "weaselNum": 0, "peacockNum": 0, "hedgeNum": 0, "doxasticNum": 0, "epistemicRate": 0.0, "investRate": 0.0, "conditionRate": 0.0, "weaselRate": 0.0, "peacockRate": 0.0, "hedgeRate": 0.0, "doxasticRate": 0.0, "loveNum": 0, "anxietyNum": 0, "sorrowNum": 0, "joyNum": 0, "disgustNum": 0, "fearNum": 0, "surpriseNum": 0, "angerNum": 0, "loveRate": 0.0, "anxietyRate": 0.0, "sorrowRate": 0.0, "joyRate": 0.0, "disgustRate": 0.0, "fearRate": 0.0, "surpriseRate": 0.0, "angerRate": 0.0, "slangBeGeneralNum": 0, "slangBeCigaretteNum": 0, "slangBeHumanNum": 0, "slangBeVehicleNum": 0, "slangBeDrugNum": 0, "slangBvNum": 0, "slangBeGeneralRate": 0.0, "slangBeCigaretteRate": 0.0, "slangBeHumanRate": 0.0, "slangBeVehicleRate": 0.0, "slangBeDrugRate": 0.0, "slangBvRate": 0.0, "speechactNum": 0, "quoteNum": 0, "dashNum": 0, "publicNum": 0, "privateNum": 0, "suasiveNum": 0, "discMarkerNum": 0, "smileyNum": 0, "dateNum": 0, "hesitationNum": 0, "restartNum": 0, "repeatNum": 1, "conjBeforeDiscNum": 0, "conjAfterDiscNum": 0, "wordBeforeHesitationNum": 0, "wordAfterHesitationNum": 0, "otherCollocationNum": 0, "speechactRate": 0.0, "quoteRate": 0.0, "dashRate": 0.0, "publicRate": 0.0, "privateRate": 0.0, "suasiveRate": 0.0, "discMarkerRate": 0.0, "smileyRate": 0.0, "dateRate": 0.0, "hesitationRate": 0.0, "restartRate": 0.0, "repeatRate": 0.0022675736961451248, "conjBeforeDiscRate": 0.0, "conjAfterDiscRate": 0.0, "wordBeforeHesitationRate": 0.0, "wordAfterHesitationRate": 0.0, "otherCollocationRate": 0.0, "easyWordNum": 391, "hardWordNum": 50, "easyWordRate": 0.8866213151927438, "hardWordRate": 0.11337868480725624, "fleschReadingEaseScore": 50.729242543171154, "gunningFogIndex": 6.8299668585382864, "fleschKincaidGradeLevel": 10.397335600907027, "colemanLiauIndex": 14.290911564625851, "smogIndex": 10.504223727775692, "automatedReadabilityIndex": 11.113422291993722, "linsearWriteIndex": 1.3329844758416187, "author": "", "locationNameNum": 0, "locationNameRate": 0.0, "personNameNum": 0, "personNameRate": 0.0, "organizationNameNum": 0, "organizationNameRate": 0.0, "misspelledNum": 24, "misspelledRate": 0.05442176870748299, "missingAccentNum": 4, "missingAccentRate": 0.009070294784580499, "foreignAccentNum": 0, "foreignAccentRate": 0.0, "wordConcatNum": 4, "wordConcatRate": 0.009070294784580499, "jLyMistakeNum": 1, "jLyMistakeRate": 0.0022675736961451248, "freqSuffixNum": 0, "partsNum": 165, "privateVNum": 0, "publicVNum": 0, "clauseWordNum": 69}