{"tokenNum": 335, "sentenceNum": 14, "lemmaNum": 155, "lemmaRate": 0.4626865671641791, "sentenceLength": 23.928571428571427, "allUpperNum": 1, "firstUpperNum": 23, "allUpperRate": 0.0029850746268656717, "firstUpperRate": 0.06865671641791045, "declarSentNum": 14, "imperSentNum": 0, "questionNum": 0, "declarSentRate": 1.0, "imperSentRate": 0.0, "questionRate": 0.0, "accent": true, "saturation": 3.297872340425532, "paragraphNum": 4, "nounNum": 56, "verbNum": 46, "adjNum": 28, "infNum": 8, "partPastNum": 0, "partPresNum": 2, "partFutNum": 0, "transNum": 0, "xNum": 6, "advNum": 34, "properNounNum": 10, "numNum": 3, "conjNum": 37, "punctNum": 57, "pronNum": 29, "relPronNum": 3, "demPronNum": 20, "adposNum": 2, "multiplePunctNum": 1, "phraseNum": 0, "nounRate": 0.16716417910447762, "verbRate": 0.1373134328358209, "adjRate": 0.08358208955223881, "infRate": 0.023880597014925373, "partPastRate": 0.0, "partPresRate": 0.005970149253731343, "partFutRate": 0.0, "transRate": 0.0, "xRate": 0.01791044776119403, "advRate": 0.10149253731343283, "properNounRate": 0.029850746268656716, "numRate": 0.008955223880597015, "conjRate": 0.11044776119402985, "punctRate": 0.1701492537313433, "pronRate": 0.08656716417910448, "relPronRate": 0.008955223880597015, "demPronRate": 0.05970149253731343, "adposRate": 0.005970149253731343, "multiplePunctRate": 0.017543859649122806, "partsDensityRate": 3.4893617021276597, "contentfulness": 11.714285714285714, "phraseRate": 0.0, "pastTenseNum": 6, "presentTenseNum": 32, "condNum": 2, "impNum": 6, "freqNum": 0, "causNum": 0, "modalNum": 1, "sg1VerbNum": 9, "sg2VerbNum": 0, "sg3VerbNum": 35, "pl1VerbNum": 4, "pl2VerbNum": 2, "pl3VerbNum": 20, "superlatNum": 0, "comparatNum": 1, "specDerivSuffixNum": 0, "pluralNounNum": 16, "pastTenseRate": 0.13043478260869565, "presentTenseRate": 0.6956521739130435, "condRate": 0.043478260869565216, "impRate": 0.13043478260869565, "freqRate": 0.0, "causRate": 0.0, "modalRate": 0.021739130434782608, "sg1VerbRate": 0.1956521739130435, "sg2VerbRate": 0.0, "sg3VerbRate": 0.7608695652173914, "pl1VerbRate": 0.08695652173913043, "pl2VerbRate": 0.043478260869565216, "pl3VerbRate": 0.43478260869565216, "superlatRate": 0.0, "comparatRate": 0.03571428571428571, "specDerivSuffixRate": 0.0, "pluralNounRate": 0.2857142857142857, "subjNum": 19, "objNum": 23, "attNum": 14, "subordNum": 19, "adverbNum": 48, "coordNum": 20, "clauseNum": 47, "simpleNum": 3, "complexNum": 11, "complexity1Num": 2, "complexity2Num": 3, "complexity3Num": 2, "compoundNum": 0, "subjRate": 0.056716417910447764, "objRate": 0.06865671641791045, "attRate": 0.041791044776119404, "subordRate": 0.056716417910447764, "adverbRate": 0.14328358208955225, "coordRate": 0.05970149253731343, "partsRate": 2.6382978723404253, "clauseRate": 3.357142857142857, "simpleRate": 0.21428571428571427, "complexRate": 0.7857142857142857, "complexity1Rate": 0.14285714285714285, "complexity2Rate": 0.21428571428571427, "complexity3Rate": 0.14285714285714285, "complexClauseRate": 4.0, "sentencesPerParagraph": 3.5, "wordsLengthRate": 5.226618705035971, "compoundRate": 0.0, "positiveNum": 0, "negativeNum": 0, "precoPositiveNum": 0, "precoNegativeNum": 0, "negemoNum": 0, "negationNum": 4, "functionNum": 171, "contentNum": 164, "vulgarNum": 0, "racistNum": 0, "specStyleNum": 0, "addressingNum": 0, "closingNum": 0, "postscriptNum": 0, "brutalNum": 0, "positiveRate": 0.0, "negativeRate": 0.0, "precoPositiveRate": 0.0, "precoNegativeRate": 0.0, "negemoRate": 0.0, "negationRate": 0.011940298507462687, "functionRate": 0.5104477611940299, "contentRate": 0.48955223880597015, "vulgarRate": 0.0, "racistRate": 0.0, "specStyleRate": 0.0, "addressingRate": 0.0, "closingRate": 0.0, "postscriptRate": 0.0, "brutalRate": 0.0, "epistemicNum": 0, "investNum": 0, "conditionNum": 0, "weaselNum": 0, "peacockNum": 0, "hedgeNum": 0, "doxasticNum": 0, "epistemicRate": 0.0, "investRate": 0.0, "conditionRate": 0.0, "weaselRate": 0.0, "peacockRate": 0.0, "hedgeRate": 0.0, "doxasticRate": 0.0, "loveNum": 0, "anxietyNum": 0, "sorrowNum": 0, "joyNum": 0, "disgustNum": 0, "fearNum": 0, "surpriseNum": 0, "angerNum": 0, "loveRate": 0.0, "anxietyRate": 0.0, "sorrowRate": 0.0, "joyRate": 0.0, "disgustRate": 0.0, "fearRate": 0.0, "surpriseRate": 0.0, "angerRate": 0.0, "slangBeGeneralNum": 0, "slangBeCigaretteNum": 0, "slangBeHumanNum": 0, "slangBeVehicleNum": 0, "slangBeDrugNum": 0, "slangBvNum": 0, "slangBeGeneralRate": 0.0, "slangBeCigaretteRate": 0.0, "slangBeHumanRate": 0.0, "slangBeVehicleRate": 0.0, "slangBeDrugRate": 0.0, "slangBvRate": 0.0, "speechactNum": 0, "quoteNum": 0, "dashNum": 0, "publicNum": 0, "privateNum": 0, "suasiveNum": 0, "discMarkerNum": 0, "smileyNum": 0, "dateNum": 0, "hesitationNum": 0, "restartNum": 0, "repeatNum": 0, "conjBeforeDiscNum": 0, "conjAfterDiscNum": 0, "wordBeforeHesitationNum": 0, "wordAfterHesitationNum": 0, "otherCollocationNum": 0, "speechactRate": 0.0, "quoteRate": 0.0, "dashRate": 0.0, "publicRate": 0.0, "privateRate": 0.0, "suasiveRate": 0.0, "discMarkerRate": 0.0, "smileyRate": 0.0, "dateRate": 0.0, "hesitationRate": 0.0, "restartRate": 0.0, "repeatRate": 0.0, "conjBeforeDiscRate": 0.0, "conjAfterDiscRate": 0.0, "wordBeforeHesitationRate": 0.0, "wordAfterHesitationRate": 0.0, "otherCollocationRate": 0.0, "easyWordNum": 320, "hardWordNum": 15, "easyWordRate": 0.9552238805970149, "hardWordRate": 0.04477611940298507, "fleschReadingEaseScore": 66.88541044776122, "gunningFogIndex": 9.589339019189765, "fleschKincaidGradeLevel": 9.87468017057569, "colemanLiauIndex": 10.608173134328357, "smogIndex": 7.168621630094336, "automatedReadabilityIndex": 11.651957356076757, "linsearWriteIndex": 2.8272921108742, "author": "", "locationNameNum": 1, "locationNameRate": 0.0029850746268656717, "personNameNum": 1, "personNameRate": 0.0029850746268656717, "organizationNameNum": 1, "organizationNameRate": 0.0029850746268656717, "misspelledNum": 2, "misspelledRate": 0.005970149253731343, "missingAccentNum": 2, "missingAccentRate": 0.005970149253731343, "foreignAccentNum": 0, "foreignAccentRate": 0.0, "wordConcatNum": 0, "wordConcatRate": 0.0, "jLyMistakeNum": 0, "jLyMistakeRate": 0.0, "freqSuffixNum": 0, "partsNum": 124, "privateVNum": 0, "publicVNum": 0, "clauseWordNum": 47}