{"tokenNum": 313, "sentenceNum": 11, "lemmaNum": 165, "lemmaRate": 0.5271565495207667, "sentenceLength": 28.454545454545453, "allUpperNum": 0, "firstUpperNum": 16, "allUpperRate": 0.0, "firstUpperRate": 0.051118210862619806, "declarSentNum": 10, "imperSentNum": 1, "questionNum": 0, "declarSentRate": 0.9090909090909091, "imperSentRate": 0.09090909090909091, "questionRate": 0.0, "accent": true, "saturation": 3.6666666666666665, "paragraphNum": 0, "nounNum": 71, "verbNum": 40, "adjNum": 32, "infNum": 3, "partPastNum": 0, "partPresNum": 2, "partFutNum": 0, "transNum": 0, "xNum": 0, "advNum": 33, "properNounNum": 6, "numNum": 2, "conjNum": 31, "punctNum": 49, "pronNum": 14, "relPronNum": 11, "demPronNum": 9, "adposNum": 3, "multiplePunctNum": 0, "phraseNum": 0, "nounRate": 0.2268370607028754, "verbRate": 0.12779552715654952, "adjRate": 0.10223642172523961, "infRate": 0.009584664536741214, "partPastRate": 0.0, "partPresRate": 0.006389776357827476, "partFutRate": 0.0, "transRate": 0.0, "xRate": 0.0, "advRate": 0.10543130990415335, "properNounRate": 0.019169329073482427, "numRate": 0.006389776357827476, "conjRate": 0.09904153354632587, "punctRate": 0.15654952076677317, "pronRate": 0.04472843450479233, "relPronRate": 0.03514376996805112, "demPronRate": 0.02875399361022364, "adposRate": 0.009584664536741214, "multiplePunctRate": 0.0, "partsDensityRate": 3.911111111111111, "contentfulness": 16.0, "phraseRate": 0.0, "pastTenseNum": 1, "presentTenseNum": 36, "condNum": 1, "impNum": 6, "freqNum": 0, "causNum": 0, "modalNum": 7, "sg1VerbNum": 9, "sg2VerbNum": 0, "sg3VerbNum": 32, "pl1VerbNum": 1, "pl2VerbNum": 0, "pl3VerbNum": 10, "superlatNum": 1, "comparatNum": 4, "specDerivSuffixNum": 0, "pluralNounNum": 10, "pastTenseRate": 0.025, "presentTenseRate": 0.9, "condRate": 0.025, "impRate": 0.15, "freqRate": 0.0, "causRate": 0.0, "modalRate": 0.175, "sg1VerbRate": 0.225, "sg2VerbRate": 0.0, "sg3VerbRate": 0.8, "pl1VerbRate": 0.025, "pl2VerbRate": 0.0, "pl3VerbRate": 0.25, "superlatRate": 0.03125, "comparatRate": 0.125, "specDerivSuffixRate": 0.0, "pluralNounRate": 0.14084507042253522, "subjNum": 18, "objNum": 16, "attNum": 24, "subordNum": 20, "adverbNum": 41, "coordNum": 17, "clauseNum": 45, "simpleNum": 1, "complexNum": 10, "complexity1Num": 1, "complexity2Num": 3, "complexity3Num": 2, "compoundNum": 0, "subjRate": 0.05750798722044728, "objRate": 0.051118210862619806, "attRate": 0.07667731629392971, "subordRate": 0.06389776357827476, "adverbRate": 0.13099041533546327, "coordRate": 0.054313099041533544, "partsRate": 2.577777777777778, "clauseRate": 4.090909090909091, "simpleRate": 0.09090909090909091, "complexRate": 0.9090909090909091, "complexity1Rate": 0.09090909090909091, "complexity2Rate": 0.2727272727272727, "complexity3Rate": 0.18181818181818182, "complexClauseRate": 4.4, "sentencesPerParagraph": 0.0, "wordsLengthRate": 6.087121212121212, "compoundRate": 0.0, "positiveNum": 0, "negativeNum": 0, "precoPositiveNum": 0, "precoNegativeNum": 0, "negemoNum": 0, "negationNum": 10, "functionNum": 137, "contentNum": 176, "vulgarNum": 0, "racistNum": 0, "specStyleNum": 0, "addressingNum": 0, "closingNum": 0, "postscriptNum": 0, "brutalNum": 0, "positiveRate": 0.0, "negativeRate": 0.0, "precoPositiveRate": 0.0, "precoNegativeRate": 0.0, "negemoRate": 0.0, "negationRate": 0.03194888178913738, "functionRate": 0.43769968051118213, "contentRate": 0.5623003194888179, "vulgarRate": 0.0, "racistRate": 0.0, "specStyleRate": 0.0, "addressingRate": 0.0, "closingRate": 0.0, "postscriptRate": 0.0, "brutalRate": 0.0, "epistemicNum": 0, "investNum": 0, "conditionNum": 0, "weaselNum": 0, "peacockNum": 0, "hedgeNum": 0, "doxasticNum": 0, "epistemicRate": 0.0, "investRate": 0.0, "conditionRate": 0.0, "weaselRate": 0.0, "peacockRate": 0.0, "hedgeRate": 0.0, "doxasticRate": 0.0, "loveNum": 0, "anxietyNum": 0, "sorrowNum": 0, "joyNum": 0, "disgustNum": 0, "fearNum": 0, "surpriseNum": 0, "angerNum": 0, "loveRate": 0.0, "anxietyRate": 0.0, "sorrowRate": 0.0, "joyRate": 0.0, "disgustRate": 0.0, "fearRate": 0.0, "surpriseRate": 0.0, "angerRate": 0.0, "slangBeGeneralNum": 0, "slangBeCigaretteNum": 0, "slangBeHumanNum": 0, "slangBeVehicleNum": 0, "slangBeDrugNum": 0, "slangBvNum": 0, "slangBeGeneralRate": 0.0, "slangBeCigaretteRate": 0.0, "slangBeHumanRate": 0.0, "slangBeVehicleRate": 0.0, "slangBeDrugRate": 0.0, "slangBvRate": 0.0, "speechactNum": 0, "quoteNum": 0, "dashNum": 0, "publicNum": 0, "privateNum": 0, "suasiveNum": 0, "discMarkerNum": 0, "smileyNum": 0, "dateNum": 0, "hesitationNum": 0, "restartNum": 0, "repeatNum": 1, "conjBeforeDiscNum": 0, "conjAfterDiscNum": 0, "wordBeforeHesitationNum": 0, "wordAfterHesitationNum": 0, "otherCollocationNum": 0, "speechactRate": 0.0, "quoteRate": 0.0, "dashRate": 0.0, "publicRate": 0.0, "privateRate": 0.0, "suasiveRate": 0.0, "discMarkerRate": 0.0, "smileyRate": 0.0, "dateRate": 0.0, "hesitationRate": 0.0, "restartRate": 0.0, "repeatRate": 0.003194888178913738, "conjBeforeDiscRate": 0.0, "conjAfterDiscRate": 0.0, "wordBeforeHesitationRate": 0.0, "wordAfterHesitationRate": 0.0, "otherCollocationRate": 0.0, "easyWordNum": 283, "hardWordNum": 30, "easyWordRate": 0.9041533546325878, "hardWordRate": 0.09584664536741214, "fleschReadingEaseScore": 32.8092274179495, "gunningFogIndex": 11.420156839965147, "fleschKincaidGradeLevel": 15.752001161777521, "colemanLiauIndex": 15.362322683706068, "smogIndex": 8.841846274778883, "automatedReadabilityIndex": 17.716633749636948, "linsearWriteIndex": 4.416787685158292, "author": "", "locationNameNum": 0, "locationNameRate": 0.0, "personNameNum": 2, "personNameRate": 0.006389776357827476, "organizationNameNum": 1, "organizationNameRate": 0.003194888178913738, "misspelledNum": 0, "misspelledRate": 0.0, "missingAccentNum": 0, "missingAccentRate": 0.0, "foreignAccentNum": 0, "foreignAccentRate": 0.0, "wordConcatNum": 0, "wordConcatRate": 0.0, "jLyMistakeNum": 0, "jLyMistakeRate": 0.0, "freqSuffixNum": 0, "partsNum": 116, "privateVNum": 0, "publicVNum": 0, "clauseWordNum": 45}