{"tokenNum": 504, "sentenceNum": 29, "lemmaNum": 227, "lemmaRate": 0.4503968253968254, "sentenceLength": 17.379310344827587, "allUpperNum": 0, "firstUpperNum": 31, "allUpperRate": 0.0, "firstUpperRate": 0.061507936507936505, "declarSentNum": 21, "imperSentNum": 2, "questionNum": 6, "declarSentRate": 0.7241379310344828, "imperSentRate": 0.06896551724137931, "questionRate": 0.20689655172413793, "accent": true, "saturation": 2.27, "paragraphNum": 3, "nounNum": 57, "verbNum": 94, "adjNum": 29, "infNum": 11, "partPastNum": 0, "partPresNum": 5, "partFutNum": 0, "transNum": 3, "xNum": 3, "advNum": 67, "properNounNum": 3, "numNum": 1, "conjNum": 59, "punctNum": 104, "pronNum": 41, "relPronNum": 8, "demPronNum": 22, "adposNum": 2, "multiplePunctNum": 1, "phraseNum": 0, "nounRate": 0.1130952380952381, "verbRate": 0.1865079365079365, "adjRate": 0.057539682539682536, "infRate": 0.021825396825396824, "partPastRate": 0.0, "partPresRate": 0.00992063492063492, "partFutRate": 0.0, "transRate": 0.005952380952380952, "xRate": 0.005952380952380952, "advRate": 0.13293650793650794, "properNounRate": 0.005952380952380952, "numRate": 0.001984126984126984, "conjRate": 0.11706349206349206, "punctRate": 0.20634920634920634, "pronRate": 0.08134920634920635, "relPronRate": 0.015873015873015872, "demPronRate": 0.04365079365079365, "adposRate": 0.003968253968253968, "multiplePunctRate": 0.009615384615384616, "partsDensityRate": 2.47, "contentfulness": 8.517241379310345, "phraseRate": 0.0, "pastTenseNum": 6, "presentTenseNum": 78, "condNum": 8, "impNum": 7, "freqNum": 0, "causNum": 0, "modalNum": 2, "sg1VerbNum": 48, "sg2VerbNum": 4, "sg3VerbNum": 45, "pl1VerbNum": 2, "pl2VerbNum": 1, "pl3VerbNum": 26, "superlatNum": 0, "comparatNum": 2, "specDerivSuffixNum": 0, "pluralNounNum": 7, "pastTenseRate": 0.06382978723404255, "presentTenseRate": 0.8297872340425532, "condRate": 0.0851063829787234, "impRate": 0.07446808510638298, "freqRate": 0.0, "causRate": 0.0, "modalRate": 0.02127659574468085, "sg1VerbRate": 0.5106382978723404, "sg2VerbRate": 0.0425531914893617, "sg3VerbRate": 0.4787234042553192, "pl1VerbRate": 0.02127659574468085, "pl2VerbRate": 0.010638297872340425, "pl3VerbRate": 0.2765957446808511, "superlatRate": 0.0, "comparatRate": 0.06896551724137931, "specDerivSuffixRate": 0.0, "pluralNounRate": 0.12280701754385964, "subjNum": 26, "objNum": 23, "attNum": 19, "subordNum": 25, "adverbNum": 79, "coordNum": 35, "clauseNum": 100, "simpleNum": 3, "complexNum": 26, "complexity1Num": 6, "complexity2Num": 6, "complexity3Num": 6, "compoundNum": 0, "subjRate": 0.051587301587301584, "objRate": 0.04563492063492063, "attRate": 0.037698412698412696, "subordRate": 0.0496031746031746, "adverbRate": 0.15674603174603174, "coordRate": 0.06944444444444445, "partsRate": 1.82, "clauseRate": 3.4482758620689653, "simpleRate": 0.10344827586206896, "complexRate": 0.896551724137931, "complexity1Rate": 0.20689655172413793, "complexity2Rate": 0.20689655172413793, "complexity3Rate": 0.20689655172413793, "complexClauseRate": 3.730769230769231, "sentencesPerParagraph": 9.666666666666666, "wordsLengthRate": 5.1625, "compoundRate": 0.0, "positiveNum": 0, "negativeNum": 0, "precoPositiveNum": 0, "precoNegativeNum": 0, "negemoNum": 0, "negationNum": 10, "functionNum": 257, "contentNum": 247, "vulgarNum": 0, "racistNum": 0, "specStyleNum": 0, "addressingNum": 0, "closingNum": 0, "postscriptNum": 0, "brutalNum": 0, "positiveRate": 0.0, "negativeRate": 0.0, "precoPositiveRate": 0.0, "precoNegativeRate": 0.0, "negemoRate": 0.0, "negationRate": 0.01984126984126984, "functionRate": 0.5099206349206349, "contentRate": 0.49007936507936506, "vulgarRate": 0.0, "racistRate": 0.0, "specStyleRate": 0.0, "addressingRate": 0.0, "closingRate": 0.0, "postscriptRate": 0.0, "brutalRate": 0.0, "epistemicNum": 0, "investNum": 0, "conditionNum": 0, "weaselNum": 0, "peacockNum": 0, "hedgeNum": 0, "doxasticNum": 0, "epistemicRate": 0.0, "investRate": 0.0, "conditionRate": 0.0, "weaselRate": 0.0, "peacockRate": 0.0, "hedgeRate": 0.0, "doxasticRate": 0.0, "loveNum": 0, "anxietyNum": 0, "sorrowNum": 0, "joyNum": 0, "disgustNum": 0, "fearNum": 0, "surpriseNum": 0, "angerNum": 0, "loveRate": 0.0, "anxietyRate": 0.0, "sorrowRate": 0.0, "joyRate": 0.0, "disgustRate": 0.0, "fearRate": 0.0, "surpriseRate": 0.0, "angerRate": 0.0, "slangBeGeneralNum": 0, "slangBeCigaretteNum": 0, "slangBeHumanNum": 0, "slangBeVehicleNum": 0, "slangBeDrugNum": 0, "slangBvNum": 0, "slangBeGeneralRate": 0.0, "slangBeCigaretteRate": 0.0, "slangBeHumanRate": 0.0, "slangBeVehicleRate": 0.0, "slangBeDrugRate": 0.0, "slangBvRate": 0.0, "speechactNum": 0, "quoteNum": 1, "dashNum": 0, "publicNum": 0, "privateNum": 0, "suasiveNum": 0, "discMarkerNum": 0, "smileyNum": 0, "dateNum": 0, "hesitationNum": 0, "restartNum": 0, "repeatNum": 0, "conjBeforeDiscNum": 0, "conjAfterDiscNum": 0, "wordBeforeHesitationNum": 0, "wordAfterHesitationNum": 0, "otherCollocationNum": 0, "speechactRate": 0.0, "quoteRate": 0.001984126984126984, "dashRate": 0.0, "publicRate": 0.0, "privateRate": 0.0, "suasiveRate": 0.0, "discMarkerRate": 0.0, "smileyRate": 0.0, "dateRate": 0.0, "hesitationRate": 0.0, "restartRate": 0.0, "repeatRate": 0.0, "conjBeforeDiscRate": 0.0, "conjAfterDiscRate": 0.0, "wordBeforeHesitationRate": 0.0, "wordAfterHesitationRate": 0.0, "otherCollocationRate": 0.0, "easyWordNum": 484, "hardWordNum": 20, "easyWordRate": 0.9603174603174603, "hardWordRate": 0.03968253968253968, "fleschReadingEaseScore": 76.89857142857143, "gunningFogIndex": 6.967597153804052, "fleschKincaidGradeLevel": 6.851026272577997, "colemanLiauIndex": 9.629668650793647, "smogIndex": 7.793537801064561, "automatedReadabilityIndex": 7.594893267651887, "linsearWriteIndex": 0.8507115489874109, "author": "", "locationNameNum": 0, "locationNameRate": 0.0, "personNameNum": 0, "personNameRate": 0.0, "organizationNameNum": 1, "organizationNameRate": 0.001984126984126984, "misspelledNum": 3, "misspelledRate": 0.005952380952380952, "missingAccentNum": 1, "missingAccentRate": 0.001984126984126984, "foreignAccentNum": 0, "foreignAccentRate": 0.0, "wordConcatNum": 1, "wordConcatRate": 0.001984126984126984, "jLyMistakeNum": 0, "jLyMistakeRate": 0.0, "freqSuffixNum": 0, "partsNum": 182, "privateVNum": 0, "publicVNum": 0, "clauseWordNum": 100}