{"tokenNum": 311, "sentenceNum": 34, "lemmaNum": 166, "lemmaRate": 0.5337620578778135, "sentenceLength": 9.147058823529411, "allUpperNum": 1, "firstUpperNum": 39, "allUpperRate": 0.003215434083601286, "firstUpperRate": 0.12540192926045016, "declarSentNum": 28, "imperSentNum": 0, "questionNum": 6, "declarSentRate": 0.8235294117647058, "imperSentRate": 0.0, "questionRate": 0.17647058823529413, "accent": true, "saturation": 2.5538461538461537, "paragraphNum": 0, "nounNum": 50, "verbNum": 51, "adjNum": 18, "infNum": 9, "partPastNum": 1, "partPresNum": 1, "partFutNum": 0, "transNum": 0, "xNum": 7, "advNum": 33, "properNounNum": 5, "numNum": 1, "conjNum": 22, "punctNum": 66, "pronNum": 27, "relPronNum": 2, "demPronNum": 15, "adposNum": 3, "multiplePunctNum": 0, "phraseNum": 0, "nounRate": 0.1607717041800643, "verbRate": 0.1639871382636656, "adjRate": 0.05787781350482315, "infRate": 0.028938906752411574, "partPastRate": 0.003215434083601286, "partPresRate": 0.003215434083601286, "partFutRate": 0.0, "transRate": 0.0, "xRate": 0.022508038585209004, "advRate": 0.10610932475884244, "properNounRate": 0.01607717041800643, "numRate": 0.003215434083601286, "conjRate": 0.0707395498392283, "punctRate": 0.21221864951768488, "pronRate": 0.08681672025723473, "relPronRate": 0.006430868167202572, "demPronRate": 0.04823151125401929, "adposRate": 0.00964630225080386, "multiplePunctRate": 0.0, "partsDensityRate": 2.3384615384615386, "contentfulness": 4.470588235294118, "phraseRate": 0.0, "pastTenseNum": 4, "presentTenseNum": 40, "condNum": 0, "impNum": 7, "freqNum": 0, "causNum": 1, "modalNum": 1, "sg1VerbNum": 28, "sg2VerbNum": 4, "sg3VerbNum": 32, "pl1VerbNum": 1, "pl2VerbNum": 0, "pl3VerbNum": 9, "superlatNum": 0, "comparatNum": 0, "specDerivSuffixNum": 0, "pluralNounNum": 4, "pastTenseRate": 0.0784313725490196, "presentTenseRate": 0.7843137254901961, "condRate": 0.0, "impRate": 0.13725490196078433, "freqRate": 0.0, "causRate": 0.0196078431372549, "modalRate": 0.0196078431372549, "sg1VerbRate": 0.5490196078431373, "sg2VerbRate": 0.0784313725490196, "sg3VerbRate": 0.6274509803921569, "pl1VerbRate": 0.0196078431372549, "pl2VerbRate": 0.0, "pl3VerbRate": 0.17647058823529413, "superlatRate": 0.0, "comparatRate": 0.0, "specDerivSuffixRate": 0.0, "pluralNounRate": 0.08, "subjNum": 20, "objNum": 17, "attNum": 9, "subordNum": 13, "adverbNum": 43, "coordNum": 10, "clauseNum": 65, "simpleNum": 13, "complexNum": 21, "complexity1Num": 14, "complexity2Num": 5, "complexity3Num": 1, "compoundNum": 0, "subjRate": 0.06430868167202572, "objRate": 0.05466237942122187, "attRate": 0.028938906752411574, "subordRate": 0.04180064308681672, "adverbRate": 0.1382636655948553, "coordRate": 0.03215434083601286, "partsRate": 1.523076923076923, "clauseRate": 1.911764705882353, "simpleRate": 0.38235294117647056, "complexRate": 0.6176470588235294, "complexity1Rate": 0.4117647058823529, "complexity2Rate": 0.14705882352941177, "complexity3Rate": 0.029411764705882353, "complexClauseRate": 2.4761904761904763, "sentencesPerParagraph": 0.0, "wordsLengthRate": 5.338775510204082, "compoundRate": 0.0, "positiveNum": 0, "negativeNum": 0, "precoPositiveNum": 0, "precoNegativeNum": 0, "negemoNum": 0, "negationNum": 10, "functionNum": 159, "contentNum": 152, "vulgarNum": 0, "racistNum": 0, "specStyleNum": 0, "addressingNum": 0, "closingNum": 0, "postscriptNum": 0, "brutalNum": 0, "positiveRate": 0.0, "negativeRate": 0.0, "precoPositiveRate": 0.0, "precoNegativeRate": 0.0, "negemoRate": 0.0, "negationRate": 0.03215434083601286, "functionRate": 0.5112540192926045, "contentRate": 0.4887459807073955, "vulgarRate": 0.0, "racistRate": 0.0, "specStyleRate": 0.0, "addressingRate": 0.0, "closingRate": 0.0, "postscriptRate": 0.0, "brutalRate": 0.0, "epistemicNum": 0, "investNum": 0, "conditionNum": 0, "weaselNum": 0, "peacockNum": 0, "hedgeNum": 0, "doxasticNum": 0, "epistemicRate": 0.0, "investRate": 0.0, "conditionRate": 0.0, "weaselRate": 0.0, "peacockRate": 0.0, "hedgeRate": 0.0, "doxasticRate": 0.0, "loveNum": 0, "anxietyNum": 0, "sorrowNum": 0, "joyNum": 0, "disgustNum": 0, "fearNum": 0, "surpriseNum": 0, "angerNum": 0, "loveRate": 0.0, "anxietyRate": 0.0, "sorrowRate": 0.0, "joyRate": 0.0, "disgustRate": 0.0, "fearRate": 0.0, "surpriseRate": 0.0, "angerRate": 0.0, "slangBeGeneralNum": 0, "slangBeCigaretteNum": 0, "slangBeHumanNum": 0, "slangBeVehicleNum": 0, "slangBeDrugNum": 0, "slangBvNum": 0, "slangBeGeneralRate": 0.0, "slangBeCigaretteRate": 0.0, "slangBeHumanRate": 0.0, "slangBeVehicleRate": 0.0, "slangBeDrugRate": 0.0, "slangBvRate": 0.0, "speechactNum": 0, "quoteNum": 0, "dashNum": 0, "publicNum": 0, "privateNum": 0, "suasiveNum": 0, "discMarkerNum": 0, "smileyNum": 0, "dateNum": 0, "hesitationNum": 0, "restartNum": 0, "repeatNum": 3, "conjBeforeDiscNum": 0, "conjAfterDiscNum": 0, "wordBeforeHesitationNum": 0, "wordAfterHesitationNum": 0, "otherCollocationNum": 0, "speechactRate": 0.0, "quoteRate": 0.0, "dashRate": 0.0, "publicRate": 0.0, "privateRate": 0.0, "suasiveRate": 0.0, "discMarkerRate": 0.0, "smileyRate": 0.0, "dateRate": 0.0, "hesitationRate": 0.0, "restartRate": 0.0, "repeatRate": 0.00964630225080386, "conjBeforeDiscRate": 0.0, "conjAfterDiscRate": 0.0, "wordBeforeHesitationRate": 0.0, "wordAfterHesitationRate": 0.0, "otherCollocationRate": 0.0, "easyWordNum": 295, "hardWordNum": 16, "easyWordRate": 0.9485530546623794, "hardWordRate": 0.05144694533762058, "fleschReadingEaseScore": 81.12372564781542, "gunningFogIndex": 3.6794023075468125, "fleschKincaidGradeLevel": 4.216581236996408, "colemanLiauIndex": 10.221729903536975, "smogIndex": 7.048011613610866, "automatedReadabilityIndex": 3.9523397011537718, "linsearWriteIndex": 0.6219027804047663, "author": "", "locationNameNum": 1, "locationNameRate": 0.003215434083601286, "personNameNum": 1, "personNameRate": 0.003215434083601286, "organizationNameNum": 1, "organizationNameRate": 0.003215434083601286, "misspelledNum": 27, "misspelledRate": 0.08681672025723473, "missingAccentNum": 4, "missingAccentRate": 0.012861736334405145, "foreignAccentNum": 5, "foreignAccentRate": 0.01607717041800643, "wordConcatNum": 0, "wordConcatRate": 0.0, "jLyMistakeNum": 0, "jLyMistakeRate": 0.0, "freqSuffixNum": 0, "partsNum": 99, "privateVNum": 0, "publicVNum": 0, "clauseWordNum": 65}