{"tokenNum": 488, "sentenceNum": 31, "lemmaNum": 201, "lemmaRate": 0.41188524590163933, "sentenceLength": 15.741935483870968, "allUpperNum": 0, "firstUpperNum": 32, "allUpperRate": 0.0, "firstUpperRate": 0.06557377049180328, "declarSentNum": 10, "imperSentNum": 14, "questionNum": 7, "declarSentRate": 0.3225806451612903, "imperSentRate": 0.45161290322580644, "questionRate": 0.22580645161290322, "accent": true, "saturation": 2.6447368421052633, "paragraphNum": 0, "nounNum": 78, "verbNum": 66, "adjNum": 47, "infNum": 7, "partPastNum": 3, "partPresNum": 0, "partFutNum": 0, "transNum": 0, "xNum": 1, "advNum": 64, "properNounNum": 0, "numNum": 1, "conjNum": 46, "punctNum": 80, "pronNum": 40, "relPronNum": 8, "demPronNum": 29, "adposNum": 0, "multiplePunctNum": 1, "phraseNum": 0, "nounRate": 0.1598360655737705, "verbRate": 0.13524590163934427, "adjRate": 0.09631147540983606, "infRate": 0.014344262295081968, "partPastRate": 0.006147540983606557, "partPresRate": 0.0, "partFutRate": 0.0, "transRate": 0.0, "xRate": 0.0020491803278688526, "advRate": 0.13114754098360656, "properNounRate": 0.0, "numRate": 0.0020491803278688526, "conjRate": 0.0942622950819672, "punctRate": 0.16393442622950818, "pronRate": 0.08196721311475409, "relPronRate": 0.01639344262295082, "demPronRate": 0.05942622950819672, "adposRate": 0.0, "multiplePunctRate": 0.0125, "partsDensityRate": 3.3552631578947367, "contentfulness": 8.225806451612904, "phraseRate": 0.0, "pastTenseNum": 15, "presentTenseNum": 45, "condNum": 1, "impNum": 4, "freqNum": 0, "causNum": 0, "modalNum": 5, "sg1VerbNum": 17, "sg2VerbNum": 2, "sg3VerbNum": 57, "pl1VerbNum": 3, "pl2VerbNum": 0, "pl3VerbNum": 29, "superlatNum": 1, "comparatNum": 0, "specDerivSuffixNum": 0, "pluralNounNum": 15, "pastTenseRate": 0.22727272727272727, "presentTenseRate": 0.6818181818181818, "condRate": 0.015151515151515152, "impRate": 0.06060606060606061, "freqRate": 0.0, "causRate": 0.0, "modalRate": 0.07575757575757576, "sg1VerbRate": 0.25757575757575757, "sg2VerbRate": 0.030303030303030304, "sg3VerbRate": 0.8636363636363636, "pl1VerbRate": 0.045454545454545456, "pl2VerbRate": 0.0, "pl3VerbRate": 0.4393939393939394, "superlatRate": 0.02127659574468085, "comparatRate": 0.0, "specDerivSuffixRate": 0.0, "pluralNounRate": 0.19230769230769232, "subjNum": 42, "objNum": 22, "attNum": 30, "subordNum": 30, "adverbNum": 70, "coordNum": 14, "clauseNum": 76, "simpleNum": 5, "complexNum": 26, "complexity1Num": 15, "complexity2Num": 5, "complexity3Num": 5, "compoundNum": 0, "subjRate": 0.0860655737704918, "objRate": 0.045081967213114756, "attRate": 0.06147540983606557, "subordRate": 0.06147540983606557, "adverbRate": 0.14344262295081966, "coordRate": 0.028688524590163935, "partsRate": 2.3421052631578947, "clauseRate": 2.4516129032258065, "simpleRate": 0.16129032258064516, "complexRate": 0.8387096774193549, "complexity1Rate": 0.4838709677419355, "complexity2Rate": 0.16129032258064516, "complexity3Rate": 0.16129032258064516, "complexClauseRate": 2.730769230769231, "sentencesPerParagraph": 0.0, "wordsLengthRate": 4.801470588235294, "compoundRate": 0.0, "positiveNum": 0, "negativeNum": 0, "precoPositiveNum": 0, "precoNegativeNum": 0, "negemoNum": 0, "negationNum": 11, "functionNum": 233, "contentNum": 255, "vulgarNum": 0, "racistNum": 0, "specStyleNum": 0, "addressingNum": 0, "closingNum": 0, "postscriptNum": 0, "brutalNum": 0, "positiveRate": 0.0, "negativeRate": 0.0, "precoPositiveRate": 0.0, "precoNegativeRate": 0.0, "negemoRate": 0.0, "negationRate": 0.022540983606557378, "functionRate": 0.4774590163934426, "contentRate": 0.5225409836065574, "vulgarRate": 0.0, "racistRate": 0.0, "specStyleRate": 0.0, "addressingRate": 0.0, "closingRate": 0.0, "postscriptRate": 0.0, "brutalRate": 0.0, "epistemicNum": 0, "investNum": 0, "conditionNum": 0, "weaselNum": 0, "peacockNum": 0, "hedgeNum": 0, "doxasticNum": 0, "epistemicRate": 0.0, "investRate": 0.0, "conditionRate": 0.0, "weaselRate": 0.0, "peacockRate": 0.0, "hedgeRate": 0.0, "doxasticRate": 0.0, "loveNum": 0, "anxietyNum": 0, "sorrowNum": 0, "joyNum": 0, "disgustNum": 0, "fearNum": 0, "surpriseNum": 0, "angerNum": 0, "loveRate": 0.0, "anxietyRate": 0.0, "sorrowRate": 0.0, "joyRate": 0.0, "disgustRate": 0.0, "fearRate": 0.0, "surpriseRate": 0.0, "angerRate": 0.0, "slangBeGeneralNum": 0, "slangBeCigaretteNum": 0, "slangBeHumanNum": 0, "slangBeVehicleNum": 0, "slangBeDrugNum": 0, "slangBvNum": 0, "slangBeGeneralRate": 0.0, "slangBeCigaretteRate": 0.0, "slangBeHumanRate": 0.0, "slangBeVehicleRate": 0.0, "slangBeDrugRate": 0.0, "slangBvRate": 0.0, "speechactNum": 0, "quoteNum": 0, "dashNum": 0, "publicNum": 0, "privateNum": 0, "suasiveNum": 0, "discMarkerNum": 0, "smileyNum": 0, "dateNum": 0, "hesitationNum": 0, "restartNum": 0, "repeatNum": 0, "conjBeforeDiscNum": 0, "conjAfterDiscNum": 0, "wordBeforeHesitationNum": 0, "wordAfterHesitationNum": 0, "otherCollocationNum": 0, "speechactRate": 0.0, "quoteRate": 0.0, "dashRate": 0.0, "publicRate": 0.0, "privateRate": 0.0, "suasiveRate": 0.0, "discMarkerRate": 0.0, "smileyRate": 0.0, "dateRate": 0.0, "hesitationRate": 0.0, "restartRate": 0.0, "repeatRate": 0.0, "conjBeforeDiscRate": 0.0, "conjAfterDiscRate": 0.0, "wordBeforeHesitationRate": 0.0, "wordAfterHesitationRate": 0.0, "otherCollocationRate": 0.0, "easyWordNum": 473, "hardWordNum": 15, "easyWordRate": 0.9692622950819673, "hardWordRate": 0.030737704918032786, "fleschReadingEaseScore": 78.3458699101005, "gunningFogIndex": 6.309069275515601, "fleschKincaidGradeLevel": 6.242387625594922, "colemanLiauIndex": 8.82194057377049, "smogIndex": 7.1029339738359605, "automatedReadabilityIndex": 6.130312004230568, "linsearWriteIndex": 0.7087519830777367, "author": "", "locationNameNum": 0, "locationNameRate": 0.0, "personNameNum": 0, "personNameRate": 0.0, "organizationNameNum": 0, "organizationNameRate": 0.0, "misspelledNum": 7, "misspelledRate": 0.014344262295081968, "missingAccentNum": 0, "missingAccentRate": 0.0, "foreignAccentNum": 2, "foreignAccentRate": 0.004098360655737705, "wordConcatNum": 0, "wordConcatRate": 0.0, "jLyMistakeNum": 0, "jLyMistakeRate": 0.0, "freqSuffixNum": 0, "partsNum": 178, "privateVNum": 0, "publicVNum": 0, "clauseWordNum": 76}