{"tokenNum": 373, "sentenceNum": 27, "lemmaNum": 185, "lemmaRate": 0.4959785522788204, "sentenceLength": 13.814814814814815, "allUpperNum": 0, "firstUpperNum": 29, "allUpperRate": 0.0, "firstUpperRate": 0.0777479892761394, "declarSentNum": 17, "imperSentNum": 8, "questionNum": 2, "declarSentRate": 0.6296296296296297, "imperSentRate": 0.2962962962962963, "questionRate": 0.07407407407407407, "accent": true, "saturation": 3.0833333333333335, "paragraphNum": 0, "nounNum": 71, "verbNum": 51, "adjNum": 43, "infNum": 2, "partPastNum": 1, "partPresNum": 2, "partFutNum": 0, "transNum": 2, "xNum": 2, "advNum": 45, "properNounNum": 2, "numNum": 0, "conjNum": 30, "punctNum": 58, "pronNum": 25, "relPronNum": 5, "demPronNum": 21, "adposNum": 1, "multiplePunctNum": 0, "phraseNum": 0, "nounRate": 0.1903485254691689, "verbRate": 0.13672922252010725, "adjRate": 0.11528150134048257, "infRate": 0.005361930294906166, "partPastRate": 0.002680965147453083, "partPresRate": 0.005361930294906166, "partFutRate": 0.0, "transRate": 0.005361930294906166, "xRate": 0.005361930294906166, "advRate": 0.12064343163538874, "properNounRate": 0.005361930294906166, "numRate": 0.0, "conjRate": 0.08042895442359249, "punctRate": 0.1554959785522788, "pronRate": 0.06702412868632708, "relPronRate": 0.013404825737265416, "demPronRate": 0.05630026809651475, "adposRate": 0.002680965147453083, "multiplePunctRate": 0.0, "partsDensityRate": 3.5, "contentfulness": 7.777777777777778, "phraseRate": 0.0, "pastTenseNum": 11, "presentTenseNum": 38, "condNum": 8, "impNum": 5, "freqNum": 0, "causNum": 0, "modalNum": 2, "sg1VerbNum": 21, "sg2VerbNum": 0, "sg3VerbNum": 41, "pl1VerbNum": 4, "pl2VerbNum": 1, "pl3VerbNum": 9, "superlatNum": 1, "comparatNum": 2, "specDerivSuffixNum": 0, "pluralNounNum": 15, "pastTenseRate": 0.21568627450980393, "presentTenseRate": 0.7450980392156863, "condRate": 0.1568627450980392, "impRate": 0.09803921568627451, "freqRate": 0.0, "causRate": 0.0, "modalRate": 0.0392156862745098, "sg1VerbRate": 0.4117647058823529, "sg2VerbRate": 0.0, "sg3VerbRate": 0.803921568627451, "pl1VerbRate": 0.0784313725490196, "pl2VerbRate": 0.0196078431372549, "pl3VerbRate": 0.17647058823529413, "superlatRate": 0.023255813953488372, "comparatRate": 0.046511627906976744, "specDerivSuffixRate": 0.0, "pluralNounRate": 0.2112676056338028, "subjNum": 36, "objNum": 13, "attNum": 30, "subordNum": 19, "adverbNum": 51, "coordNum": 20, "clauseNum": 60, "simpleNum": 9, "complexNum": 18, "complexity1Num": 9, "complexity2Num": 5, "complexity3Num": 2, "compoundNum": 0, "subjRate": 0.09651474530831099, "objRate": 0.03485254691689008, "attRate": 0.08042895442359249, "subordRate": 0.05093833780160858, "adverbRate": 0.13672922252010725, "coordRate": 0.05361930294906166, "partsRate": 2.5, "clauseRate": 2.2222222222222223, "simpleRate": 0.3333333333333333, "complexRate": 0.6666666666666666, "complexity1Rate": 0.3333333333333333, "complexity2Rate": 0.18518518518518517, "complexity3Rate": 0.07407407407407407, "complexClauseRate": 2.8333333333333335, "sentencesPerParagraph": 0.0, "wordsLengthRate": 5.526984126984127, "compoundRate": 0.0, "positiveNum": 0, "negativeNum": 0, "precoPositiveNum": 0, "precoNegativeNum": 0, "negemoNum": 0, "negationNum": 8, "functionNum": 163, "contentNum": 210, "vulgarNum": 0, "racistNum": 0, "specStyleNum": 0, "addressingNum": 0, "closingNum": 0, "postscriptNum": 0, "brutalNum": 0, "positiveRate": 0.0, "negativeRate": 0.0, "precoPositiveRate": 0.0, "precoNegativeRate": 0.0, "negemoRate": 0.0, "negationRate": 0.021447721179624665, "functionRate": 0.43699731903485256, "contentRate": 0.5630026809651475, "vulgarRate": 0.0, "racistRate": 0.0, "specStyleRate": 0.0, "addressingRate": 0.0, "closingRate": 0.0, "postscriptRate": 0.0, "brutalRate": 0.0, "epistemicNum": 0, "investNum": 0, "conditionNum": 0, "weaselNum": 0, "peacockNum": 0, "hedgeNum": 0, "doxasticNum": 0, "epistemicRate": 0.0, "investRate": 0.0, "conditionRate": 0.0, "weaselRate": 0.0, "peacockRate": 0.0, "hedgeRate": 0.0, "doxasticRate": 0.0, "loveNum": 0, "anxietyNum": 0, "sorrowNum": 0, "joyNum": 0, "disgustNum": 0, "fearNum": 0, "surpriseNum": 0, "angerNum": 0, "loveRate": 0.0, "anxietyRate": 0.0, "sorrowRate": 0.0, "joyRate": 0.0, "disgustRate": 0.0, "fearRate": 0.0, "surpriseRate": 0.0, "angerRate": 0.0, "slangBeGeneralNum": 0, "slangBeCigaretteNum": 0, "slangBeHumanNum": 0, "slangBeVehicleNum": 0, "slangBeDrugNum": 0, "slangBvNum": 0, "slangBeGeneralRate": 0.0, "slangBeCigaretteRate": 0.0, "slangBeHumanRate": 0.0, "slangBeVehicleRate": 0.0, "slangBeDrugRate": 0.0, "slangBvRate": 0.0, "speechactNum": 0, "quoteNum": 0, "dashNum": 0, "publicNum": 0, "privateNum": 0, "suasiveNum": 0, "discMarkerNum": 0, "smileyNum": 0, "dateNum": 0, "hesitationNum": 0, "restartNum": 0, "repeatNum": 0, "conjBeforeDiscNum": 0, "conjAfterDiscNum": 0, "wordBeforeHesitationNum": 0, "wordAfterHesitationNum": 0, "otherCollocationNum": 0, "speechactRate": 0.0, "quoteRate": 0.0, "dashRate": 0.0, "publicRate": 0.0, "privateRate": 0.0, "suasiveRate": 0.0, "discMarkerRate": 0.0, "smileyRate": 0.0, "dateRate": 0.0, "hesitationRate": 0.0, "restartRate": 0.0, "repeatRate": 0.0, "conjBeforeDiscRate": 0.0, "conjAfterDiscRate": 0.0, "wordBeforeHesitationRate": 0.0, "wordAfterHesitationRate": 0.0, "otherCollocationRate": 0.0, "easyWordNum": 340, "hardWordNum": 33, "easyWordRate": 0.9115281501340483, "hardWordRate": 0.08847184986595175, "fleschReadingEaseScore": 59.902507198887946, "gunningFogIndex": 5.561314665872307, "fleschKincaidGradeLevel": 8.336115579386359, "colemanLiauIndex": 12.576002680965143, "smogIndex": 9.120678840339163, "automatedReadabilityIndex": 8.168747889981134, "linsearWriteIndex": 1.169595869327773, "author": "", "locationNameNum": 1, "locationNameRate": 0.002680965147453083, "personNameNum": 0, "personNameRate": 0.0, "organizationNameNum": 0, "organizationNameRate": 0.0, "misspelledNum": 14, "misspelledRate": 0.03753351206434316, "missingAccentNum": 3, "missingAccentRate": 0.00804289544235925, "foreignAccentNum": 0, "foreignAccentRate": 0.0, "wordConcatNum": 4, "wordConcatRate": 0.010723860589812333, "jLyMistakeNum": 0, "jLyMistakeRate": 0.0, "freqSuffixNum": 0, "partsNum": 150, "privateVNum": 0, "publicVNum": 0, "clauseWordNum": 60}