{"tokenNum": 423, "sentenceNum": 20, "lemmaNum": 224, "lemmaRate": 0.5295508274231678, "sentenceLength": 21.15, "allUpperNum": 0, "firstUpperNum": 23, "allUpperRate": 0.0, "firstUpperRate": 0.054373522458628844, "declarSentNum": 19, "imperSentNum": 1, "questionNum": 0, "declarSentRate": 0.95, "imperSentRate": 0.05, "questionRate": 0.0, "accent": true, "saturation": 3.7333333333333334, "paragraphNum": 4, "nounNum": 65, "verbNum": 65, "adjNum": 44, "infNum": 12, "partPastNum": 1, "partPresNum": 3, "partFutNum": 0, "transNum": 4, "xNum": 4, "advNum": 51, "properNounNum": 3, "numNum": 1, "conjNum": 40, "punctNum": 74, "pronNum": 28, "relPronNum": 7, "demPronNum": 25, "adposNum": 6, "multiplePunctNum": 3, "phraseNum": 0, "nounRate": 0.1536643026004728, "verbRate": 0.1536643026004728, "adjRate": 0.10401891252955082, "infRate": 0.028368794326241134, "partPastRate": 0.002364066193853428, "partPresRate": 0.0070921985815602835, "partFutRate": 0.0, "transRate": 0.009456264775413711, "xRate": 0.009456264775413711, "advRate": 0.12056737588652482, "properNounRate": 0.0070921985815602835, "numRate": 0.002364066193853428, "conjRate": 0.09456264775413711, "punctRate": 0.17494089834515367, "pronRate": 0.06619385342789598, "relPronRate": 0.016548463356973995, "demPronRate": 0.0591016548463357, "adposRate": 0.014184397163120567, "multiplePunctRate": 0.04054054054054054, "partsDensityRate": 3.75, "contentfulness": 11.25, "phraseRate": 0.0, "pastTenseNum": 5, "presentTenseNum": 48, "condNum": 3, "impNum": 7, "freqNum": 0, "causNum": 0, "modalNum": 3, "sg1VerbNum": 20, "sg2VerbNum": 2, "sg3VerbNum": 39, "pl1VerbNum": 3, "pl2VerbNum": 2, "pl3VerbNum": 23, "superlatNum": 1, "comparatNum": 1, "specDerivSuffixNum": 0, "pluralNounNum": 18, "pastTenseRate": 0.07692307692307693, "presentTenseRate": 0.7384615384615385, "condRate": 0.046153846153846156, "impRate": 0.1076923076923077, "freqRate": 0.0, "causRate": 0.0, "modalRate": 0.046153846153846156, "sg1VerbRate": 0.3076923076923077, "sg2VerbRate": 0.03076923076923077, "sg3VerbRate": 0.6, "pl1VerbRate": 0.046153846153846156, "pl2VerbRate": 0.03076923076923077, "pl3VerbRate": 0.35384615384615387, "superlatRate": 0.022727272727272728, "comparatRate": 0.022727272727272728, "specDerivSuffixRate": 0.0, "pluralNounRate": 0.27692307692307694, "subjNum": 25, "objNum": 14, "attNum": 26, "subordNum": 28, "adverbNum": 69, "coordNum": 17, "clauseNum": 60, "simpleNum": 2, "complexNum": 18, "complexity1Num": 6, "complexity2Num": 4, "complexity3Num": 6, "compoundNum": 0, "subjRate": 0.0591016548463357, "objRate": 0.03309692671394799, "attRate": 0.061465721040189124, "subordRate": 0.06619385342789598, "adverbRate": 0.16312056737588654, "coordRate": 0.04018912529550828, "partsRate": 2.5166666666666666, "clauseRate": 3.0, "simpleRate": 0.1, "complexRate": 0.9, "complexity1Rate": 0.3, "complexity2Rate": 0.2, "complexity3Rate": 0.3, "complexClauseRate": 3.2222222222222223, "sentencesPerParagraph": 5.0, "wordsLengthRate": 5.759312320916905, "compoundRate": 0.0, "positiveNum": 0, "negativeNum": 0, "precoPositiveNum": 0, "precoNegativeNum": 0, "negemoNum": 0, "negationNum": 9, "functionNum": 198, "contentNum": 225, "vulgarNum": 0, "racistNum": 0, "specStyleNum": 0, "addressingNum": 0, "closingNum": 0, "postscriptNum": 0, "brutalNum": 0, "positiveRate": 0.0, "negativeRate": 0.0, "precoPositiveRate": 0.0, "precoNegativeRate": 0.0, "negemoRate": 0.0, "negationRate": 0.02127659574468085, "functionRate": 0.46808510638297873, "contentRate": 0.5319148936170213, "vulgarRate": 0.0, "racistRate": 0.0, "specStyleRate": 0.0, "addressingRate": 0.0, "closingRate": 0.0, "postscriptRate": 0.0, "brutalRate": 0.0, "epistemicNum": 0, "investNum": 0, "conditionNum": 0, "weaselNum": 0, "peacockNum": 0, "hedgeNum": 0, "doxasticNum": 0, "epistemicRate": 0.0, "investRate": 0.0, "conditionRate": 0.0, "weaselRate": 0.0, "peacockRate": 0.0, "hedgeRate": 0.0, "doxasticRate": 0.0, "loveNum": 0, "anxietyNum": 0, "sorrowNum": 0, "joyNum": 0, "disgustNum": 0, "fearNum": 0, "surpriseNum": 0, "angerNum": 0, "loveRate": 0.0, "anxietyRate": 0.0, "sorrowRate": 0.0, "joyRate": 0.0, "disgustRate": 0.0, "fearRate": 0.0, "surpriseRate": 0.0, "angerRate": 0.0, "slangBeGeneralNum": 0, "slangBeCigaretteNum": 0, "slangBeHumanNum": 0, "slangBeVehicleNum": 0, "slangBeDrugNum": 0, "slangBvNum": 0, "slangBeGeneralRate": 0.0, "slangBeCigaretteRate": 0.0, "slangBeHumanRate": 0.0, "slangBeVehicleRate": 0.0, "slangBeDrugRate": 0.0, "slangBvRate": 0.0, "speechactNum": 0, "quoteNum": 1, "dashNum": 0, "publicNum": 0, "privateNum": 0, "suasiveNum": 0, "discMarkerNum": 0, "smileyNum": 0, "dateNum": 0, "hesitationNum": 0, "restartNum": 0, "repeatNum": 0, "conjBeforeDiscNum": 0, "conjAfterDiscNum": 0, "wordBeforeHesitationNum": 0, "wordAfterHesitationNum": 0, "otherCollocationNum": 0, "speechactRate": 0.0, "quoteRate": 0.002364066193853428, "dashRate": 0.0, "publicRate": 0.0, "privateRate": 0.0, "suasiveRate": 0.0, "discMarkerRate": 0.0, "smileyRate": 0.0, "dateRate": 0.0, "hesitationRate": 0.0, "restartRate": 0.0, "repeatRate": 0.0, "conjBeforeDiscRate": 0.0, "conjAfterDiscRate": 0.0, "wordBeforeHesitationRate": 0.0, "wordAfterHesitationRate": 0.0, "otherCollocationRate": 0.0, "easyWordNum": 390, "hardWordNum": 33, "easyWordRate": 0.9219858156028369, "hardWordRate": 0.07801418439716312, "fleschReadingEaseScore": 52.76775000000001, "gunningFogIndex": 8.491205673758865, "fleschKincaidGradeLevel": 11.15353546099291, "colemanLiauIndex": 13.190354609929077, "smogIndex": 9.120678840339163, "automatedReadabilityIndex": 12.327553191489365, "linsearWriteIndex": 1.8664302600472817, "author": "", "locationNameNum": 1, "locationNameRate": 0.002364066193853428, "personNameNum": 1, "personNameRate": 0.002364066193853428, "organizationNameNum": 0, "organizationNameRate": 0.0, "misspelledNum": 6, "misspelledRate": 0.014184397163120567, "missingAccentNum": 1, "missingAccentRate": 0.002364066193853428, "foreignAccentNum": 0, "foreignAccentRate": 0.0, "wordConcatNum": 0, "wordConcatRate": 0.0, "jLyMistakeNum": 1, "jLyMistakeRate": 0.002364066193853428, "freqSuffixNum": 0, "partsNum": 151, "privateVNum": 0, "publicVNum": 0, "clauseWordNum": 60}