{"tokenNum": 517, "sentenceNum": 34, "lemmaNum": 256, "lemmaRate": 0.4951644100580271, "sentenceLength": 15.205882352941176, "allUpperNum": 0, "firstUpperNum": 36, "allUpperRate": 0.0, "firstUpperRate": 0.06963249516441006, "declarSentNum": 20, "imperSentNum": 8, "questionNum": 6, "declarSentRate": 0.5882352941176471, "imperSentRate": 0.23529411764705882, "questionRate": 0.17647058823529413, "accent": true, "saturation": 3.4133333333333336, "paragraphNum": 3, "nounNum": 110, "verbNum": 57, "adjNum": 53, "infNum": 9, "partPastNum": 3, "partPresNum": 4, "partFutNum": 0, "transNum": 1, "xNum": 8, "advNum": 47, "properNounNum": 2, "numNum": 1, "conjNum": 38, "punctNum": 104, "pronNum": 39, "relPronNum": 4, "demPronNum": 22, "adposNum": 3, "multiplePunctNum": 4, "phraseNum": 0, "nounRate": 0.2127659574468085, "verbRate": 0.1102514506769826, "adjRate": 0.10251450676982592, "infRate": 0.017408123791102514, "partPastRate": 0.005802707930367505, "partPresRate": 0.007736943907156673, "partFutRate": 0.0, "transRate": 0.0019342359767891683, "xRate": 0.015473887814313346, "advRate": 0.09090909090909091, "properNounRate": 0.0038684719535783366, "numRate": 0.0019342359767891683, "conjRate": 0.0735009671179884, "punctRate": 0.2011605415860735, "pronRate": 0.07543520309477757, "relPronRate": 0.007736943907156673, "demPronRate": 0.0425531914893617, "adposRate": 0.005802707930367505, "multiplePunctRate": 0.038461538461538464, "partsDensityRate": 3.56, "contentfulness": 7.852941176470588, "phraseRate": 0.0, "pastTenseNum": 6, "presentTenseNum": 42, "condNum": 4, "impNum": 7, "freqNum": 0, "causNum": 0, "modalNum": 2, "sg1VerbNum": 10, "sg2VerbNum": 6, "sg3VerbNum": 62, "pl1VerbNum": 4, "pl2VerbNum": 2, "pl3VerbNum": 9, "superlatNum": 3, "comparatNum": 2, "specDerivSuffixNum": 0, "pluralNounNum": 16, "pastTenseRate": 0.10526315789473684, "presentTenseRate": 0.7368421052631579, "condRate": 0.07017543859649122, "impRate": 0.12280701754385964, "freqRate": 0.0, "causRate": 0.0, "modalRate": 0.03508771929824561, "sg1VerbRate": 0.17543859649122806, "sg2VerbRate": 0.10526315789473684, "sg3VerbRate": 1.087719298245614, "pl1VerbRate": 0.07017543859649122, "pl2VerbRate": 0.03508771929824561, "pl3VerbRate": 0.15789473684210525, "superlatRate": 0.05660377358490566, "comparatRate": 0.03773584905660377, "specDerivSuffixRate": 0.0, "pluralNounRate": 0.14545454545454545, "subjNum": 34, "objNum": 22, "attNum": 42, "subordNum": 24, "adverbNum": 55, "coordNum": 26, "clauseNum": 75, "simpleNum": 12, "complexNum": 22, "complexity1Num": 9, "complexity2Num": 8, "complexity3Num": 4, "compoundNum": 0, "subjRate": 0.06576402321083172, "objRate": 0.0425531914893617, "attRate": 0.08123791102514506, "subordRate": 0.04642166344294004, "adverbRate": 0.10638297872340426, "coordRate": 0.05029013539651837, "partsRate": 2.3866666666666667, "clauseRate": 2.2058823529411766, "simpleRate": 0.35294117647058826, "complexRate": 0.6470588235294118, "complexity1Rate": 0.2647058823529412, "complexity2Rate": 0.23529411764705882, "complexity3Rate": 0.11764705882352941, "complexClauseRate": 2.8636363636363638, "sentencesPerParagraph": 11.333333333333334, "wordsLengthRate": 5.4358353510895885, "compoundRate": 0.0, "positiveNum": 0, "negativeNum": 0, "precoPositiveNum": 0, "precoNegativeNum": 0, "negemoNum": 0, "negationNum": 19, "functionNum": 250, "contentNum": 267, "vulgarNum": 0, "racistNum": 0, "specStyleNum": 0, "addressingNum": 0, "closingNum": 0, "postscriptNum": 0, "brutalNum": 0, "positiveRate": 0.0, "negativeRate": 0.0, "precoPositiveRate": 0.0, "precoNegativeRate": 0.0, "negemoRate": 0.0, "negationRate": 0.0367504835589942, "functionRate": 0.4835589941972921, "contentRate": 0.5164410058027079, "vulgarRate": 0.0, "racistRate": 0.0, "specStyleRate": 0.0, "addressingRate": 0.0, "closingRate": 0.0, "postscriptRate": 0.0, "brutalRate": 0.0, "epistemicNum": 0, "investNum": 0, "conditionNum": 0, "weaselNum": 0, "peacockNum": 0, "hedgeNum": 0, "doxasticNum": 0, "epistemicRate": 0.0, "investRate": 0.0, "conditionRate": 0.0, "weaselRate": 0.0, "peacockRate": 0.0, "hedgeRate": 0.0, "doxasticRate": 0.0, "loveNum": 0, "anxietyNum": 0, "sorrowNum": 0, "joyNum": 0, "disgustNum": 0, "fearNum": 0, "surpriseNum": 0, "angerNum": 0, "loveRate": 0.0, "anxietyRate": 0.0, "sorrowRate": 0.0, "joyRate": 0.0, "disgustRate": 0.0, "fearRate": 0.0, "surpriseRate": 0.0, "angerRate": 0.0, "slangBeGeneralNum": 0, "slangBeCigaretteNum": 0, "slangBeHumanNum": 0, "slangBeVehicleNum": 0, "slangBeDrugNum": 0, "slangBvNum": 0, "slangBeGeneralRate": 0.0, "slangBeCigaretteRate": 0.0, "slangBeHumanRate": 0.0, "slangBeVehicleRate": 0.0, "slangBeDrugRate": 0.0, "slangBvRate": 0.0, "speechactNum": 0, "quoteNum": 1, "dashNum": 0, "publicNum": 0, "privateNum": 0, "suasiveNum": 0, "discMarkerNum": 0, "smileyNum": 0, "dateNum": 0, "hesitationNum": 0, "restartNum": 0, "repeatNum": 1, "conjBeforeDiscNum": 0, "conjAfterDiscNum": 0, "wordBeforeHesitationNum": 0, "wordAfterHesitationNum": 0, "otherCollocationNum": 0, "speechactRate": 0.0, "quoteRate": 0.0019342359767891683, "dashRate": 0.0, "publicRate": 0.0, "privateRate": 0.0, "suasiveRate": 0.0, "discMarkerRate": 0.0, "smileyRate": 0.0, "dateRate": 0.0, "hesitationRate": 0.0, "restartRate": 0.0, "repeatRate": 0.0019342359767891683, "conjBeforeDiscRate": 0.0, "conjAfterDiscRate": 0.0, "wordBeforeHesitationRate": 0.0, "wordAfterHesitationRate": 0.0, "otherCollocationRate": 0.0, "easyWordNum": 486, "hardWordNum": 31, "easyWordRate": 0.9400386847195358, "hardWordRate": 0.059961315280464215, "fleschReadingEaseScore": 66.54648395721927, "gunningFogIndex": 6.106337467288657, "fleschKincaidGradeLevel": 7.754994311070657, "colemanLiauIndex": 10.983922630560926, "smogIndex": 8.583994105835817, "automatedReadabilityIndex": 7.5911423370121724, "linsearWriteIndex": 0.6384116509272952, "author": "", "locationNameNum": 0, "locationNameRate": 0.0, "personNameNum": 1, "personNameRate": 0.0019342359767891683, "organizationNameNum": 0, "organizationNameRate": 0.0, "misspelledNum": 37, "misspelledRate": 0.07156673114119923, "missingAccentNum": 7, "missingAccentRate": 0.013539651837524178, "foreignAccentNum": 1, "foreignAccentRate": 0.0019342359767891683, "wordConcatNum": 7, "wordConcatRate": 0.013539651837524178, "jLyMistakeNum": 2, "jLyMistakeRate": 0.0038684719535783366, "freqSuffixNum": 0, "partsNum": 179, "privateVNum": 0, "publicVNum": 0, "clauseWordNum": 75}