{"tokenNum": 360, "sentenceNum": 26, "lemmaNum": 198, "lemmaRate": 0.55, "sentenceLength": 13.846153846153847, "allUpperNum": 0, "firstUpperNum": 34, "allUpperRate": 0.0, "firstUpperRate": 0.09444444444444444, "declarSentNum": 8, "imperSentNum": 16, "questionNum": 2, "declarSentRate": 0.3076923076923077, "imperSentRate": 0.6153846153846154, "questionRate": 0.07692307692307693, "accent": true, "saturation": 3.09375, "paragraphNum": 1, "nounNum": 69, "verbNum": 54, "adjNum": 37, "infNum": 5, "partPastNum": 2, "partPresNum": 1, "partFutNum": 0, "transNum": 1, "xNum": 9, "advNum": 31, "properNounNum": 11, "numNum": 0, "conjNum": 27, "punctNum": 66, "pronNum": 26, "relPronNum": 7, "demPronNum": 15, "adposNum": 1, "multiplePunctNum": 0, "phraseNum": 0, "nounRate": 0.19166666666666668, "verbRate": 0.15, "adjRate": 0.10277777777777777, "infRate": 0.013888888888888888, "partPastRate": 0.005555555555555556, "partPresRate": 0.002777777777777778, "partFutRate": 0.0, "transRate": 0.002777777777777778, "xRate": 0.025, "advRate": 0.08611111111111111, "properNounRate": 0.030555555555555555, "numRate": 0.0, "conjRate": 0.075, "punctRate": 0.18333333333333332, "pronRate": 0.07222222222222222, "relPronRate": 0.019444444444444445, "demPronRate": 0.041666666666666664, "adposRate": 0.002777777777777778, "multiplePunctRate": 0.0, "partsDensityRate": 2.984375, "contentfulness": 7.346153846153846, "phraseRate": 0.0, "pastTenseNum": 12, "presentTenseNum": 38, "condNum": 3, "impNum": 9, "freqNum": 0, "causNum": 0, "modalNum": 0, "sg1VerbNum": 14, "sg2VerbNum": 7, "sg3VerbNum": 36, "pl1VerbNum": 0, "pl2VerbNum": 3, "pl3VerbNum": 21, "superlatNum": 2, "comparatNum": 0, "specDerivSuffixNum": 0, "pluralNounNum": 21, "pastTenseRate": 0.2222222222222222, "presentTenseRate": 0.7037037037037037, "condRate": 0.05555555555555555, "impRate": 0.16666666666666666, "freqRate": 0.0, "causRate": 0.0, "modalRate": 0.0, "sg1VerbRate": 0.25925925925925924, "sg2VerbRate": 0.12962962962962962, "sg3VerbRate": 0.6666666666666666, "pl1VerbRate": 0.0, "pl2VerbRate": 0.05555555555555555, "pl3VerbRate": 0.3888888888888889, "superlatRate": 0.05405405405405406, "comparatRate": 0.0, "specDerivSuffixRate": 0.0, "pluralNounRate": 0.30434782608695654, "subjNum": 27, "objNum": 20, "attNum": 23, "subordNum": 17, "adverbNum": 32, "coordNum": 14, "clauseNum": 64, "simpleNum": 6, "complexNum": 20, "complexity1Num": 7, "complexity2Num": 9, "complexity3Num": 3, "compoundNum": 0, "subjRate": 0.075, "objRate": 0.05555555555555555, "attRate": 0.06388888888888888, "subordRate": 0.04722222222222222, "adverbRate": 0.08888888888888889, "coordRate": 0.03888888888888889, "partsRate": 1.8125, "clauseRate": 2.4615384615384617, "simpleRate": 0.23076923076923078, "complexRate": 0.7692307692307693, "complexity1Rate": 0.2692307692307692, "complexity2Rate": 0.34615384615384615, "complexity3Rate": 0.11538461538461539, "complexClauseRate": 2.9, "sentencesPerParagraph": 26.0, "wordsLengthRate": 5.6938775510204085, "compoundRate": 0.0, "positiveNum": 0, "negativeNum": 0, "precoPositiveNum": 0, "precoNegativeNum": 0, "negemoNum": 0, "negationNum": 8, "functionNum": 169, "contentNum": 191, "vulgarNum": 0, "racistNum": 0, "specStyleNum": 0, "addressingNum": 0, "closingNum": 0, "postscriptNum": 0, "brutalNum": 0, "positiveRate": 0.0, "negativeRate": 0.0, "precoPositiveRate": 0.0, "precoNegativeRate": 0.0, "negemoRate": 0.0, "negationRate": 0.022222222222222223, "functionRate": 0.46944444444444444, "contentRate": 0.5305555555555556, "vulgarRate": 0.0, "racistRate": 0.0, "specStyleRate": 0.0, "addressingRate": 0.0, "closingRate": 0.0, "postscriptRate": 0.0, "brutalRate": 0.0, "epistemicNum": 0, "investNum": 0, "conditionNum": 0, "weaselNum": 0, "peacockNum": 0, "hedgeNum": 0, "doxasticNum": 0, "epistemicRate": 0.0, "investRate": 0.0, "conditionRate": 0.0, "weaselRate": 0.0, "peacockRate": 0.0, "hedgeRate": 0.0, "doxasticRate": 0.0, "loveNum": 0, "anxietyNum": 0, "sorrowNum": 0, "joyNum": 0, "disgustNum": 0, "fearNum": 0, "surpriseNum": 0, "angerNum": 0, "loveRate": 0.0, "anxietyRate": 0.0, "sorrowRate": 0.0, "joyRate": 0.0, "disgustRate": 0.0, "fearRate": 0.0, "surpriseRate": 0.0, "angerRate": 0.0, "slangBeGeneralNum": 0, "slangBeCigaretteNum": 0, "slangBeHumanNum": 0, "slangBeVehicleNum": 0, "slangBeDrugNum": 0, "slangBvNum": 0, "slangBeGeneralRate": 0.0, "slangBeCigaretteRate": 0.0, "slangBeHumanRate": 0.0, "slangBeVehicleRate": 0.0, "slangBeDrugRate": 0.0, "slangBvRate": 0.0, "speechactNum": 0, "quoteNum": 0, "dashNum": 0, "publicNum": 0, "privateNum": 0, "suasiveNum": 0, "discMarkerNum": 0, "smileyNum": 0, "dateNum": 1, "hesitationNum": 0, "restartNum": 0, "repeatNum": 1, "conjBeforeDiscNum": 0, "conjAfterDiscNum": 0, "wordBeforeHesitationNum": 0, "wordAfterHesitationNum": 0, "otherCollocationNum": 0, "speechactRate": 0.0, "quoteRate": 0.0, "dashRate": 0.0, "publicRate": 0.0, "privateRate": 0.0, "suasiveRate": 0.0, "discMarkerRate": 0.0, "smileyRate": 0.0, "dateRate": 0.002777777777777778, "hesitationRate": 0.0, "restartRate": 0.0, "repeatRate": 0.002777777777777778, "conjBeforeDiscRate": 0.0, "conjAfterDiscRate": 0.0, "wordBeforeHesitationRate": 0.0, "wordAfterHesitationRate": 0.0, "otherCollocationRate": 0.0, "easyWordNum": 336, "hardWordNum": 24, "easyWordRate": 0.9333333333333333, "hardWordRate": 0.06666666666666667, "fleschReadingEaseScore": 69.17115384615386, "gunningFogIndex": 5.564017094017094, "fleschKincaidGradeLevel": 7.051111111111108, "colemanLiauIndex": 12.586311111111112, "smogIndex": 8.238735603445708, "automatedReadabilityIndex": 8.192660256410257, "linsearWriteIndex": 1.1581196581196584, "author": "", "locationNameNum": 1, "locationNameRate": 0.002777777777777778, "personNameNum": 3, "personNameRate": 0.008333333333333333, "organizationNameNum": 0, "organizationNameRate": 0.0, "misspelledNum": 34, "misspelledRate": 0.09444444444444444, "missingAccentNum": 6, "missingAccentRate": 0.016666666666666666, "foreignAccentNum": 12, "foreignAccentRate": 0.03333333333333333, "wordConcatNum": 0, "wordConcatRate": 0.0, "jLyMistakeNum": 0, "jLyMistakeRate": 0.0, "freqSuffixNum": 0, "partsNum": 116, "privateVNum": 0, "publicVNum": 0, "clauseWordNum": 64}