{"tokenNum": 311, "sentenceNum": 25, "lemmaNum": 148, "lemmaRate": 0.4758842443729904, "sentenceLength": 12.44, "allUpperNum": 0, "firstUpperNum": 25, "allUpperRate": 0.0, "firstUpperRate": 0.08038585209003216, "declarSentNum": 15, "imperSentNum": 6, "questionNum": 4, "declarSentRate": 0.6, "imperSentRate": 0.24, "questionRate": 0.16, "accent": true, "saturation": 2.8461538461538463, "paragraphNum": 3, "nounNum": 56, "verbNum": 42, "adjNum": 28, "infNum": 9, "partPastNum": 0, "partPresNum": 0, "partFutNum": 0, "transNum": 1, "xNum": 3, "advNum": 28, "properNounNum": 0, "numNum": 1, "conjNum": 28, "punctNum": 64, "pronNum": 20, "relPronNum": 0, "demPronNum": 10, "adposNum": 3, "multiplePunctNum": 0, "phraseNum": 0, "nounRate": 0.18006430868167203, "verbRate": 0.13504823151125403, "adjRate": 0.09003215434083602, "infRate": 0.028938906752411574, "partPastRate": 0.0, "partPresRate": 0.0, "partFutRate": 0.0, "transRate": 0.003215434083601286, "xRate": 0.00964630225080386, "advRate": 0.09003215434083602, "properNounRate": 0.0, "numRate": 0.003215434083601286, "conjRate": 0.09003215434083602, "punctRate": 0.2057877813504823, "pronRate": 0.06430868167202572, "relPronRate": 0.0, "demPronRate": 0.03215434083601286, "adposRate": 0.00964630225080386, "multiplePunctRate": 0.0, "partsDensityRate": 2.9615384615384617, "contentfulness": 6.16, "phraseRate": 0.0, "pastTenseNum": 1, "presentTenseNum": 32, "condNum": 1, "impNum": 5, "freqNum": 0, "causNum": 0, "modalNum": 2, "sg1VerbNum": 9, "sg2VerbNum": 1, "sg3VerbNum": 25, "pl1VerbNum": 6, "pl2VerbNum": 1, "pl3VerbNum": 12, "superlatNum": 1, "comparatNum": 2, "specDerivSuffixNum": 0, "pluralNounNum": 19, "pastTenseRate": 0.023809523809523808, "presentTenseRate": 0.7619047619047619, "condRate": 0.023809523809523808, "impRate": 0.11904761904761904, "freqRate": 0.0, "causRate": 0.0, "modalRate": 0.047619047619047616, "sg1VerbRate": 0.21428571428571427, "sg2VerbRate": 0.023809523809523808, "sg3VerbRate": 0.5952380952380952, "pl1VerbRate": 0.14285714285714285, "pl2VerbRate": 0.023809523809523808, "pl3VerbRate": 0.2857142857142857, "superlatRate": 0.03571428571428571, "comparatRate": 0.07142857142857142, "specDerivSuffixRate": 0.0, "pluralNounRate": 0.3392857142857143, "subjNum": 26, "objNum": 12, "attNum": 13, "subordNum": 11, "adverbNum": 31, "coordNum": 17, "clauseNum": 52, "simpleNum": 7, "complexNum": 18, "complexity1Num": 11, "complexity2Num": 5, "complexity3Num": 2, "compoundNum": 0, "subjRate": 0.08360128617363344, "objRate": 0.03858520900321544, "attRate": 0.04180064308681672, "subordRate": 0.03536977491961415, "adverbRate": 0.09967845659163987, "coordRate": 0.05466237942122187, "partsRate": 1.9038461538461537, "clauseRate": 2.08, "simpleRate": 0.28, "complexRate": 0.72, "complexity1Rate": 0.44, "complexity2Rate": 0.2, "complexity3Rate": 0.08, "complexClauseRate": 2.5, "sentencesPerParagraph": 8.333333333333334, "wordsLengthRate": 5.663967611336032, "compoundRate": 0.0, "positiveNum": 0, "negativeNum": 0, "precoPositiveNum": 0, "precoNegativeNum": 0, "negemoNum": 0, "negationNum": 8, "functionNum": 157, "contentNum": 154, "vulgarNum": 0, "racistNum": 0, "specStyleNum": 0, "addressingNum": 0, "closingNum": 0, "postscriptNum": 0, "brutalNum": 0, "positiveRate": 0.0, "negativeRate": 0.0, "precoPositiveRate": 0.0, "precoNegativeRate": 0.0, "negemoRate": 0.0, "negationRate": 0.02572347266881029, "functionRate": 0.5048231511254019, "contentRate": 0.49517684887459806, "vulgarRate": 0.0, "racistRate": 0.0, "specStyleRate": 0.0, "addressingRate": 0.0, "closingRate": 0.0, "postscriptRate": 0.0, "brutalRate": 0.0, "epistemicNum": 0, "investNum": 0, "conditionNum": 0, "weaselNum": 0, "peacockNum": 0, "hedgeNum": 0, "doxasticNum": 0, "epistemicRate": 0.0, "investRate": 0.0, "conditionRate": 0.0, "weaselRate": 0.0, "peacockRate": 0.0, "hedgeRate": 0.0, "doxasticRate": 0.0, "loveNum": 0, "anxietyNum": 0, "sorrowNum": 0, "joyNum": 0, "disgustNum": 0, "fearNum": 0, "surpriseNum": 0, "angerNum": 0, "loveRate": 0.0, "anxietyRate": 0.0, "sorrowRate": 0.0, "joyRate": 0.0, "disgustRate": 0.0, "fearRate": 0.0, "surpriseRate": 0.0, "angerRate": 0.0, "slangBeGeneralNum": 0, "slangBeCigaretteNum": 0, "slangBeHumanNum": 0, "slangBeVehicleNum": 0, "slangBeDrugNum": 0, "slangBvNum": 0, "slangBeGeneralRate": 0.0, "slangBeCigaretteRate": 0.0, "slangBeHumanRate": 0.0, "slangBeVehicleRate": 0.0, "slangBeDrugRate": 0.0, "slangBvRate": 0.0, "speechactNum": 0, "quoteNum": 0, "dashNum": 0, "publicNum": 0, "privateNum": 0, "suasiveNum": 0, "discMarkerNum": 0, "smileyNum": 0, "dateNum": 0, "hesitationNum": 0, "restartNum": 0, "repeatNum": 1, "conjBeforeDiscNum": 0, "conjAfterDiscNum": 0, "wordBeforeHesitationNum": 0, "wordAfterHesitationNum": 0, "otherCollocationNum": 0, "speechactRate": 0.0, "quoteRate": 0.0, "dashRate": 0.0, "publicRate": 0.0, "privateRate": 0.0, "suasiveRate": 0.0, "discMarkerRate": 0.0, "smileyRate": 0.0, "dateRate": 0.0, "hesitationRate": 0.0, "restartRate": 0.0, "repeatRate": 0.003215434083601286, "conjBeforeDiscRate": 0.0, "conjAfterDiscRate": 0.0, "wordBeforeHesitationRate": 0.0, "wordAfterHesitationRate": 0.0, "otherCollocationRate": 0.0, "easyWordNum": 289, "hardWordNum": 22, "easyWordRate": 0.9292604501607717, "hardWordRate": 0.0707395498392283, "fleschReadingEaseScore": 71.52479871382639, "gunningFogIndex": 5.004295819935692, "fleschKincaidGradeLevel": 6.373497106109326, "colemanLiauIndex": 11.793745980707392, "smogIndex": 8.021203637495837, "automatedReadabilityIndex": 6.8558199356913185, "linsearWriteIndex": 1.2636655948553055, "author": "", "locationNameNum": 0, "locationNameRate": 0.0, "personNameNum": 0, "personNameRate": 0.0, "organizationNameNum": 0, "organizationNameRate": 0.0, "misspelledNum": 3, "misspelledRate": 0.00964630225080386, "missingAccentNum": 1, "missingAccentRate": 0.003215434083601286, "foreignAccentNum": 0, "foreignAccentRate": 0.0, "wordConcatNum": 0, "wordConcatRate": 0.0, "jLyMistakeNum": 0, "jLyMistakeRate": 0.0, "freqSuffixNum": 0, "partsNum": 99, "privateVNum": 0, "publicVNum": 0, "clauseWordNum": 52}