{"tokenNum": 473, "sentenceNum": 22, "lemmaNum": 207, "lemmaRate": 0.4376321353065539, "sentenceLength": 21.5, "allUpperNum": 0, "firstUpperNum": 24, "allUpperRate": 0.0, "firstUpperRate": 0.0507399577167019, "declarSentNum": 17, "imperSentNum": 1, "questionNum": 4, "declarSentRate": 0.7727272727272727, "imperSentRate": 0.045454545454545456, "questionRate": 0.18181818181818182, "accent": true, "saturation": 2.4939759036144578, "paragraphNum": 0, "nounNum": 68, "verbNum": 78, "adjNum": 36, "infNum": 12, "partPastNum": 0, "partPresNum": 4, "partFutNum": 0, "transNum": 0, "xNum": 0, "advNum": 51, "properNounNum": 4, "numNum": 2, "conjNum": 47, "punctNum": 88, "pronNum": 45, "relPronNum": 14, "demPronNum": 22, "adposNum": 3, "multiplePunctNum": 1, "phraseNum": 0, "nounRate": 0.14376321353065538, "verbRate": 0.1649048625792812, "adjRate": 0.07610993657505286, "infRate": 0.02536997885835095, "partPastRate": 0.0, "partPresRate": 0.008456659619450317, "partFutRate": 0.0, "transRate": 0.0, "xRate": 0.0, "advRate": 0.10782241014799154, "properNounRate": 0.008456659619450317, "numRate": 0.004228329809725159, "conjRate": 0.09936575052854123, "punctRate": 0.18604651162790697, "pronRate": 0.09513742071881606, "relPronRate": 0.02959830866807611, "demPronRate": 0.046511627906976744, "adposRate": 0.006342494714587738, "multiplePunctRate": 0.011363636363636364, "partsDensityRate": 2.8072289156626504, "contentfulness": 10.590909090909092, "phraseRate": 0.0, "pastTenseNum": 14, "presentTenseNum": 53, "condNum": 6, "impNum": 2, "freqNum": 0, "causNum": 0, "modalNum": 3, "sg1VerbNum": 17, "sg2VerbNum": 0, "sg3VerbNum": 67, "pl1VerbNum": 0, "pl2VerbNum": 0, "pl3VerbNum": 34, "superlatNum": 0, "comparatNum": 1, "specDerivSuffixNum": 0, "pluralNounNum": 14, "pastTenseRate": 0.1794871794871795, "presentTenseRate": 0.6794871794871795, "condRate": 0.07692307692307693, "impRate": 0.02564102564102564, "freqRate": 0.0, "causRate": 0.0, "modalRate": 0.038461538461538464, "sg1VerbRate": 0.21794871794871795, "sg2VerbRate": 0.0, "sg3VerbRate": 0.8589743589743589, "pl1VerbRate": 0.0, "pl2VerbRate": 0.0, "pl3VerbRate": 0.4358974358974359, "superlatRate": 0.0, "comparatRate": 0.027777777777777776, "specDerivSuffixRate": 0.0, "pluralNounRate": 0.20588235294117646, "subjNum": 41, "objNum": 25, "attNum": 22, "subordNum": 33, "adverbNum": 63, "coordNum": 26, "clauseNum": 83, "simpleNum": 1, "complexNum": 21, "complexity1Num": 4, "complexity2Num": 4, "complexity3Num": 7, "compoundNum": 0, "subjRate": 0.08668076109936575, "objRate": 0.052854122621564484, "attRate": 0.046511627906976744, "subordRate": 0.06976744186046512, "adverbRate": 0.1331923890063425, "coordRate": 0.05496828752642706, "partsRate": 2.1325301204819276, "clauseRate": 3.772727272727273, "simpleRate": 0.045454545454545456, "complexRate": 0.9545454545454546, "complexity1Rate": 0.18181818181818182, "complexity2Rate": 0.18181818181818182, "complexity3Rate": 0.3181818181818182, "complexClauseRate": 3.9047619047619047, "sentencesPerParagraph": 0.0, "wordsLengthRate": 5.368831168831169, "compoundRate": 0.0, "positiveNum": 0, "negativeNum": 0, "precoPositiveNum": 0, "precoNegativeNum": 0, "negemoNum": 0, "negationNum": 8, "functionNum": 240, "contentNum": 233, "vulgarNum": 0, "racistNum": 0, "specStyleNum": 0, "addressingNum": 0, "closingNum": 0, "postscriptNum": 0, "brutalNum": 0, "positiveRate": 0.0, "negativeRate": 0.0, "precoPositiveRate": 0.0, "precoNegativeRate": 0.0, "negemoRate": 0.0, "negationRate": 0.016913319238900635, "functionRate": 0.507399577167019, "contentRate": 0.492600422832981, "vulgarRate": 0.0, "racistRate": 0.0, "specStyleRate": 0.0, "addressingRate": 0.0, "closingRate": 0.0, "postscriptRate": 0.0, "brutalRate": 0.0, "epistemicNum": 0, "investNum": 0, "conditionNum": 0, "weaselNum": 0, "peacockNum": 0, "hedgeNum": 0, "doxasticNum": 0, "epistemicRate": 0.0, "investRate": 0.0, "conditionRate": 0.0, "weaselRate": 0.0, "peacockRate": 0.0, "hedgeRate": 0.0, "doxasticRate": 0.0, "loveNum": 0, "anxietyNum": 0, "sorrowNum": 0, "joyNum": 0, "disgustNum": 0, "fearNum": 0, "surpriseNum": 0, "angerNum": 0, "loveRate": 0.0, "anxietyRate": 0.0, "sorrowRate": 0.0, "joyRate": 0.0, "disgustRate": 0.0, "fearRate": 0.0, "surpriseRate": 0.0, "angerRate": 0.0, "slangBeGeneralNum": 0, "slangBeCigaretteNum": 0, "slangBeHumanNum": 0, "slangBeVehicleNum": 0, "slangBeDrugNum": 0, "slangBvNum": 0, "slangBeGeneralRate": 0.0, "slangBeCigaretteRate": 0.0, "slangBeHumanRate": 0.0, "slangBeVehicleRate": 0.0, "slangBeDrugRate": 0.0, "slangBvRate": 0.0, "speechactNum": 0, "quoteNum": 0, "dashNum": 0, "publicNum": 0, "privateNum": 0, "suasiveNum": 0, "discMarkerNum": 0, "smileyNum": 0, "dateNum": 0, "hesitationNum": 0, "restartNum": 0, "repeatNum": 0, "conjBeforeDiscNum": 0, "conjAfterDiscNum": 0, "wordBeforeHesitationNum": 0, "wordAfterHesitationNum": 0, "otherCollocationNum": 0, "speechactRate": 0.0, "quoteRate": 0.0, "dashRate": 0.0, "publicRate": 0.0, "privateRate": 0.0, "suasiveRate": 0.0, "discMarkerRate": 0.0, "smileyRate": 0.0, "dateRate": 0.0, "hesitationRate": 0.0, "restartRate": 0.0, "repeatRate": 0.0, "conjBeforeDiscRate": 0.0, "conjAfterDiscRate": 0.0, "wordBeforeHesitationRate": 0.0, "wordAfterHesitationRate": 0.0, "otherCollocationRate": 0.0, "easyWordNum": 445, "hardWordNum": 28, "easyWordRate": 0.9408033826638478, "hardWordRate": 0.05919661733615222, "fleschReadingEaseScore": 61.7790961945032, "gunningFogIndex": 8.623678646934462, "fleschKincaidGradeLevel": 9.983583509513746, "colemanLiauIndex": 11.059754756871033, "smogIndex": 8.648137234880735, "automatedReadabilityIndex": 10.798794926004227, "linsearWriteIndex": 1.5418028060734192, "author": "", "locationNameNum": 0, "locationNameRate": 0.0, "personNameNum": 1, "personNameRate": 0.0021141649048625794, "organizationNameNum": 1, "organizationNameRate": 0.0021141649048625794, "misspelledNum": 2, "misspelledRate": 0.004228329809725159, "missingAccentNum": 0, "missingAccentRate": 0.0, "foreignAccentNum": 0, "foreignAccentRate": 0.0, "wordConcatNum": 2, "wordConcatRate": 0.004228329809725159, "jLyMistakeNum": 0, "jLyMistakeRate": 0.0, "freqSuffixNum": 0, "partsNum": 177, "privateVNum": 0, "publicVNum": 0, "clauseWordNum": 83}