{"tokenNum": 388, "sentenceNum": 37, "lemmaNum": 180, "lemmaRate": 0.4639175257731959, "sentenceLength": 10.486486486486486, "allUpperNum": 4, "firstUpperNum": 36, "allUpperRate": 0.010309278350515464, "firstUpperRate": 0.09278350515463918, "declarSentNum": 9, "imperSentNum": 24, "questionNum": 4, "declarSentRate": 0.24324324324324326, "imperSentRate": 0.6486486486486487, "questionRate": 0.10810810810810811, "accent": true, "saturation": 2.5, "paragraphNum": 0, "nounNum": 74, "verbNum": 46, "adjNum": 33, "infNum": 6, "partPastNum": 3, "partPresNum": 1, "partFutNum": 0, "transNum": 0, "xNum": 2, "advNum": 45, "properNounNum": 2, "numNum": 1, "conjNum": 28, "punctNum": 85, "pronNum": 29, "relPronNum": 4, "demPronNum": 19, "adposNum": 1, "multiplePunctNum": 5, "phraseNum": 0, "nounRate": 0.19072164948453607, "verbRate": 0.11855670103092783, "adjRate": 0.08505154639175258, "infRate": 0.015463917525773196, "partPastRate": 0.007731958762886598, "partPresRate": 0.002577319587628866, "partFutRate": 0.0, "transRate": 0.0, "xRate": 0.005154639175257732, "advRate": 0.11597938144329897, "properNounRate": 0.005154639175257732, "numRate": 0.002577319587628866, "conjRate": 0.07216494845360824, "punctRate": 0.2190721649484536, "pronRate": 0.07474226804123711, "relPronRate": 0.010309278350515464, "demPronRate": 0.04896907216494845, "adposRate": 0.002577319587628866, "multiplePunctRate": 0.058823529411764705, "partsDensityRate": 2.75, "contentfulness": 5.351351351351352, "phraseRate": 0.0, "pastTenseNum": 3, "presentTenseNum": 37, "condNum": 3, "impNum": 4, "freqNum": 0, "causNum": 0, "modalNum": 0, "sg1VerbNum": 16, "sg2VerbNum": 2, "sg3VerbNum": 45, "pl1VerbNum": 2, "pl2VerbNum": 1, "pl3VerbNum": 7, "superlatNum": 0, "comparatNum": 1, "specDerivSuffixNum": 0, "pluralNounNum": 12, "pastTenseRate": 0.06521739130434782, "presentTenseRate": 0.8043478260869565, "condRate": 0.06521739130434782, "impRate": 0.08695652173913043, "freqRate": 0.0, "causRate": 0.0, "modalRate": 0.0, "sg1VerbRate": 0.34782608695652173, "sg2VerbRate": 0.043478260869565216, "sg3VerbRate": 0.9782608695652174, "pl1VerbRate": 0.043478260869565216, "pl2VerbRate": 0.021739130434782608, "pl3VerbRate": 0.15217391304347827, "superlatRate": 0.0, "comparatRate": 0.030303030303030304, "specDerivSuffixRate": 0.0, "pluralNounRate": 0.16216216216216217, "subjNum": 30, "objNum": 23, "attNum": 20, "subordNum": 20, "adverbNum": 50, "coordNum": 17, "clauseNum": 72, "simpleNum": 20, "complexNum": 17, "complexity1Num": 8, "complexity2Num": 3, "complexity3Num": 3, "compoundNum": 0, "subjRate": 0.07731958762886598, "objRate": 0.059278350515463915, "attRate": 0.05154639175257732, "subordRate": 0.05154639175257732, "adverbRate": 0.12886597938144329, "coordRate": 0.04381443298969072, "partsRate": 1.9444444444444444, "clauseRate": 1.945945945945946, "simpleRate": 0.5405405405405406, "complexRate": 0.4594594594594595, "complexity1Rate": 0.21621621621621623, "complexity2Rate": 0.08108108108108109, "complexity3Rate": 0.08108108108108109, "complexClauseRate": 3.0588235294117645, "sentencesPerParagraph": 0.0, "wordsLengthRate": 5.01980198019802, "compoundRate": 0.0, "positiveNum": 0, "negativeNum": 0, "precoPositiveNum": 0, "precoNegativeNum": 0, "negemoNum": 0, "negationNum": 11, "functionNum": 190, "contentNum": 198, "vulgarNum": 0, "racistNum": 0, "specStyleNum": 0, "addressingNum": 0, "closingNum": 0, "postscriptNum": 0, "brutalNum": 0, "positiveRate": 0.0, "negativeRate": 0.0, "precoPositiveRate": 0.0, "precoNegativeRate": 0.0, "negemoRate": 0.0, "negationRate": 0.028350515463917526, "functionRate": 0.4896907216494845, "contentRate": 0.5103092783505154, "vulgarRate": 0.0, "racistRate": 0.0, "specStyleRate": 0.0, "addressingRate": 0.0, "closingRate": 0.0, "postscriptRate": 0.0, "brutalRate": 0.0, "epistemicNum": 0, "investNum": 0, "conditionNum": 0, "weaselNum": 0, "peacockNum": 0, "hedgeNum": 0, "doxasticNum": 0, "epistemicRate": 0.0, "investRate": 0.0, "conditionRate": 0.0, "weaselRate": 0.0, "peacockRate": 0.0, "hedgeRate": 0.0, "doxasticRate": 0.0, "loveNum": 0, "anxietyNum": 0, "sorrowNum": 0, "joyNum": 0, "disgustNum": 0, "fearNum": 0, "surpriseNum": 0, "angerNum": 0, "loveRate": 0.0, "anxietyRate": 0.0, "sorrowRate": 0.0, "joyRate": 0.0, "disgustRate": 0.0, "fearRate": 0.0, "surpriseRate": 0.0, "angerRate": 0.0, "slangBeGeneralNum": 0, "slangBeCigaretteNum": 0, "slangBeHumanNum": 0, "slangBeVehicleNum": 0, "slangBeDrugNum": 0, "slangBvNum": 0, "slangBeGeneralRate": 0.0, "slangBeCigaretteRate": 0.0, "slangBeHumanRate": 0.0, "slangBeVehicleRate": 0.0, "slangBeDrugRate": 0.0, "slangBvRate": 0.0, "speechactNum": 0, "quoteNum": 0, "dashNum": 0, "publicNum": 0, "privateNum": 0, "suasiveNum": 0, "discMarkerNum": 0, "smileyNum": 0, "dateNum": 1, "hesitationNum": 0, "restartNum": 0, "repeatNum": 0, "conjBeforeDiscNum": 0, "conjAfterDiscNum": 0, "wordBeforeHesitationNum": 0, "wordAfterHesitationNum": 0, "otherCollocationNum": 0, "speechactRate": 0.0, "quoteRate": 0.0, "dashRate": 0.0, "publicRate": 0.0, "privateRate": 0.0, "suasiveRate": 0.0, "discMarkerRate": 0.0, "smileyRate": 0.0, "dateRate": 0.002577319587628866, "hesitationRate": 0.0, "restartRate": 0.0, "repeatRate": 0.0, "conjBeforeDiscRate": 0.0, "conjAfterDiscRate": 0.0, "wordBeforeHesitationRate": 0.0, "wordAfterHesitationRate": 0.0, "otherCollocationRate": 0.0, "easyWordNum": 369, "hardWordNum": 19, "easyWordRate": 0.9510309278350515, "hardWordRate": 0.04896907216494845, "fleschReadingEaseScore": 82.37369044302034, "gunningFogIndex": 4.214182223460575, "fleschKincaidGradeLevel": 4.3749874616884945, "colemanLiauIndex": 8.716079896907218, "smogIndex": 7.222845823187471, "automatedReadabilityIndex": 3.4180112844803574, "linsearWriteIndex": 0.4802173307327944, "author": "", "locationNameNum": 0, "locationNameRate": 0.0, "personNameNum": 1, "personNameRate": 0.002577319587628866, "organizationNameNum": 0, "organizationNameRate": 0.0, "misspelledNum": 19, "misspelledRate": 0.04896907216494845, "missingAccentNum": 4, "missingAccentRate": 0.010309278350515464, "foreignAccentNum": 0, "foreignAccentRate": 0.0, "wordConcatNum": 3, "wordConcatRate": 0.007731958762886598, "jLyMistakeNum": 1, "jLyMistakeRate": 0.002577319587628866, "freqSuffixNum": 0, "partsNum": 140, "privateVNum": 0, "publicVNum": 0, "clauseWordNum": 72}