{"tokenNum": 261, "sentenceNum": 13, "lemmaNum": 150, "lemmaRate": 0.5747126436781609, "sentenceLength": 20.076923076923077, "allUpperNum": 0, "firstUpperNum": 14, "allUpperRate": 0.0, "firstUpperRate": 0.05363984674329502, "declarSentNum": 12, "imperSentNum": 1, "questionNum": 0, "declarSentRate": 0.9230769230769231, "imperSentRate": 0.07692307692307693, "questionRate": 0.0, "accent": true, "saturation": 3.658536585365854, "paragraphNum": 0, "nounNum": 43, "verbNum": 41, "adjNum": 37, "infNum": 6, "partPastNum": 1, "partPresNum": 1, "partFutNum": 0, "transNum": 1, "xNum": 0, "advNum": 23, "properNounNum": 0, "numNum": 0, "conjNum": 27, "punctNum": 41, "pronNum": 18, "relPronNum": 3, "demPronNum": 11, "adposNum": 3, "multiplePunctNum": 0, "phraseNum": 0, "nounRate": 0.16475095785440613, "verbRate": 0.15708812260536398, "adjRate": 0.1417624521072797, "infRate": 0.022988505747126436, "partPastRate": 0.0038314176245210726, "partPresRate": 0.0038314176245210726, "partFutRate": 0.0, "transRate": 0.0038314176245210726, "xRate": 0.0, "advRate": 0.08812260536398467, "properNounRate": 0.0, "numRate": 0.0, "conjRate": 0.10344827586206896, "punctRate": 0.15708812260536398, "pronRate": 0.06896551724137931, "relPronRate": 0.011494252873563218, "demPronRate": 0.0421455938697318, "adposRate": 0.011494252873563218, "multiplePunctRate": 0.0, "partsDensityRate": 3.5121951219512195, "contentfulness": 11.076923076923077, "phraseRate": 0.0, "pastTenseNum": 2, "presentTenseNum": 33, "condNum": 2, "impNum": 5, "freqNum": 0, "causNum": 0, "modalNum": 3, "sg1VerbNum": 4, "sg2VerbNum": 0, "sg3VerbNum": 24, "pl1VerbNum": 19, "pl2VerbNum": 1, "pl3VerbNum": 7, "superlatNum": 3, "comparatNum": 0, "specDerivSuffixNum": 0, "pluralNounNum": 8, "pastTenseRate": 0.04878048780487805, "presentTenseRate": 0.8048780487804879, "condRate": 0.04878048780487805, "impRate": 0.12195121951219512, "freqRate": 0.0, "causRate": 0.0, "modalRate": 0.07317073170731707, "sg1VerbRate": 0.0975609756097561, "sg2VerbRate": 0.0, "sg3VerbRate": 0.5853658536585366, "pl1VerbRate": 0.4634146341463415, "pl2VerbRate": 0.024390243902439025, "pl3VerbRate": 0.17073170731707318, "superlatRate": 0.08108108108108109, "comparatRate": 0.0, "specDerivSuffixRate": 0.0, "pluralNounRate": 0.18604651162790697, "subjNum": 11, "objNum": 17, "attNum": 22, "subordNum": 11, "adverbNum": 30, "coordNum": 19, "clauseNum": 41, "simpleNum": 0, "complexNum": 13, "complexity1Num": 3, "complexity2Num": 7, "complexity3Num": 1, "compoundNum": 0, "subjRate": 0.0421455938697318, "objRate": 0.06513409961685823, "attRate": 0.0842911877394636, "subordRate": 0.0421455938697318, "adverbRate": 0.11494252873563218, "coordRate": 0.07279693486590039, "partsRate": 2.4146341463414633, "clauseRate": 3.1538461538461537, "simpleRate": 0.0, "complexRate": 1.0, "complexity1Rate": 0.23076923076923078, "complexity2Rate": 0.5384615384615384, "complexity3Rate": 0.07692307692307693, "complexClauseRate": 3.1538461538461537, "sentencesPerParagraph": 0.0, "wordsLengthRate": 6.445454545454545, "compoundRate": 0.0, "positiveNum": 0, "negativeNum": 0, "precoPositiveNum": 0, "precoNegativeNum": 0, "negemoNum": 0, "negationNum": 3, "functionNum": 117, "contentNum": 144, "vulgarNum": 0, "racistNum": 0, "specStyleNum": 0, "addressingNum": 0, "closingNum": 0, "postscriptNum": 0, "brutalNum": 0, "positiveRate": 0.0, "negativeRate": 0.0, "precoPositiveRate": 0.0, "precoNegativeRate": 0.0, "negemoRate": 0.0, "negationRate": 0.011494252873563218, "functionRate": 0.4482758620689655, "contentRate": 0.5517241379310345, "vulgarRate": 0.0, "racistRate": 0.0, "specStyleRate": 0.0, "addressingRate": 0.0, "closingRate": 0.0, "postscriptRate": 0.0, "brutalRate": 0.0, "epistemicNum": 0, "investNum": 0, "conditionNum": 0, "weaselNum": 0, "peacockNum": 0, "hedgeNum": 0, "doxasticNum": 0, "epistemicRate": 0.0, "investRate": 0.0, "conditionRate": 0.0, "weaselRate": 0.0, "peacockRate": 0.0, "hedgeRate": 0.0, "doxasticRate": 0.0, "loveNum": 0, "anxietyNum": 0, "sorrowNum": 0, "joyNum": 0, "disgustNum": 0, "fearNum": 0, "surpriseNum": 0, "angerNum": 0, "loveRate": 0.0, "anxietyRate": 0.0, "sorrowRate": 0.0, "joyRate": 0.0, "disgustRate": 0.0, "fearRate": 0.0, "surpriseRate": 0.0, "angerRate": 0.0, "slangBeGeneralNum": 0, "slangBeCigaretteNum": 0, "slangBeHumanNum": 0, "slangBeVehicleNum": 0, "slangBeDrugNum": 0, "slangBvNum": 0, "slangBeGeneralRate": 0.0, "slangBeCigaretteRate": 0.0, "slangBeHumanRate": 0.0, "slangBeVehicleRate": 0.0, "slangBeDrugRate": 0.0, "slangBvRate": 0.0, "speechactNum": 0, "quoteNum": 0, "dashNum": 1, "publicNum": 0, "privateNum": 0, "suasiveNum": 0, "discMarkerNum": 0, "smileyNum": 0, "dateNum": 0, "hesitationNum": 0, "restartNum": 0, "repeatNum": 0, "conjBeforeDiscNum": 0, "conjAfterDiscNum": 0, "wordBeforeHesitationNum": 0, "wordAfterHesitationNum": 0, "otherCollocationNum": 0, "speechactRate": 0.0, "quoteRate": 0.0, "dashRate": 0.0038314176245210726, "publicRate": 0.0, "privateRate": 0.0, "suasiveRate": 0.0, "discMarkerRate": 0.0, "smileyRate": 0.0, "dateRate": 0.0, "hesitationRate": 0.0, "restartRate": 0.0, "repeatRate": 0.0, "conjBeforeDiscRate": 0.0, "conjAfterDiscRate": 0.0, "wordBeforeHesitationRate": 0.0, "wordAfterHesitationRate": 0.0, "otherCollocationRate": 0.0, "easyWordNum": 226, "hardWordNum": 35, "easyWordRate": 0.8659003831417624, "hardWordRate": 0.13409961685823754, "fleschReadingEaseScore": 36.05692307692311, "gunningFogIndex": 8.084409077512525, "fleschKincaidGradeLevel": 13.21777777777778, "colemanLiauIndex": 17.125176245210728, "smogIndex": 9.2995712137729, "automatedReadabilityIndex": 14.937541998231652, "linsearWriteIndex": 3.877689360447982, "author": "", "locationNameNum": 0, "locationNameRate": 0.0, "personNameNum": 0, "personNameRate": 0.0, "organizationNameNum": 0, "organizationNameRate": 0.0, "misspelledNum": 15, "misspelledRate": 0.05747126436781609, "missingAccentNum": 6, "missingAccentRate": 0.022988505747126436, "foreignAccentNum": 0, "foreignAccentRate": 0.0, "wordConcatNum": 0, "wordConcatRate": 0.0, "jLyMistakeNum": 0, "jLyMistakeRate": 0.0, "freqSuffixNum": 0, "partsNum": 99, "privateVNum": 0, "publicVNum": 0, "clauseWordNum": 41}