{"tokenNum": 483, "sentenceNum": 26, "lemmaNum": 198, "lemmaRate": 0.40993788819875776, "sentenceLength": 18.576923076923077, "allUpperNum": 0, "firstUpperNum": 26, "allUpperRate": 0.0, "firstUpperRate": 0.053830227743271224, "declarSentNum": 11, "imperSentNum": 13, "questionNum": 2, "declarSentRate": 0.4230769230769231, "imperSentRate": 0.5, "questionRate": 0.07692307692307693, "accent": true, "saturation": 2.357142857142857, "paragraphNum": 4, "nounNum": 68, "verbNum": 82, "adjNum": 33, "infNum": 11, "partPastNum": 1, "partPresNum": 6, "partFutNum": 0, "transNum": 1, "xNum": 4, "advNum": 66, "properNounNum": 1, "numNum": 0, "conjNum": 52, "punctNum": 80, "pronNum": 44, "relPronNum": 10, "demPronNum": 26, "adposNum": 0, "multiplePunctNum": 0, "phraseNum": 0, "nounRate": 0.14078674948240166, "verbRate": 0.16977225672877846, "adjRate": 0.06832298136645963, "infRate": 0.022774327122153208, "partPastRate": 0.002070393374741201, "partPresRate": 0.012422360248447204, "partFutRate": 0.0, "transRate": 0.002070393374741201, "xRate": 0.008281573498964804, "advRate": 0.13664596273291926, "properNounRate": 0.002070393374741201, "numRate": 0.0, "conjRate": 0.10766045548654245, "punctRate": 0.16563146997929606, "pronRate": 0.09109730848861283, "relPronRate": 0.020703933747412008, "demPronRate": 0.053830227743271224, "adposRate": 0.0, "multiplePunctRate": 0.0, "partsDensityRate": 2.9642857142857144, "contentfulness": 9.576923076923077, "phraseRate": 0.0, "pastTenseNum": 11, "presentTenseNum": 60, "condNum": 3, "impNum": 18, "freqNum": 0, "causNum": 0, "modalNum": 4, "sg1VerbNum": 20, "sg2VerbNum": 9, "sg3VerbNum": 59, "pl1VerbNum": 3, "pl2VerbNum": 9, "pl3VerbNum": 15, "superlatNum": 0, "comparatNum": 0, "specDerivSuffixNum": 0, "pluralNounNum": 9, "pastTenseRate": 0.13414634146341464, "presentTenseRate": 0.7317073170731707, "condRate": 0.036585365853658534, "impRate": 0.21951219512195122, "freqRate": 0.0, "causRate": 0.0, "modalRate": 0.04878048780487805, "sg1VerbRate": 0.24390243902439024, "sg2VerbRate": 0.10975609756097561, "sg3VerbRate": 0.7195121951219512, "pl1VerbRate": 0.036585365853658534, "pl2VerbRate": 0.10975609756097561, "pl3VerbRate": 0.18292682926829268, "superlatRate": 0.0, "comparatRate": 0.0, "specDerivSuffixRate": 0.0, "pluralNounRate": 0.1323529411764706, "subjNum": 38, "objNum": 29, "attNum": 23, "subordNum": 35, "adverbNum": 78, "coordNum": 17, "clauseNum": 84, "simpleNum": 3, "complexNum": 23, "complexity1Num": 6, "complexity2Num": 6, "complexity3Num": 6, "compoundNum": 0, "subjRate": 0.07867494824016563, "objRate": 0.060041407867494824, "attRate": 0.047619047619047616, "subordRate": 0.07246376811594203, "adverbRate": 0.16149068322981366, "coordRate": 0.035196687370600416, "partsRate": 2.2023809523809526, "clauseRate": 3.230769230769231, "simpleRate": 0.11538461538461539, "complexRate": 0.8846153846153846, "complexity1Rate": 0.23076923076923078, "complexity2Rate": 0.23076923076923078, "complexity3Rate": 0.23076923076923078, "complexClauseRate": 3.5217391304347827, "sentencesPerParagraph": 6.5, "wordsLengthRate": 5.220843672456576, "compoundRate": 0.0, "positiveNum": 0, "negativeNum": 0, "precoPositiveNum": 0, "precoNegativeNum": 0, "negemoNum": 0, "negationNum": 9, "functionNum": 234, "contentNum": 249, "vulgarNum": 0, "racistNum": 0, "specStyleNum": 0, "addressingNum": 0, "closingNum": 0, "postscriptNum": 0, "brutalNum": 0, "positiveRate": 0.0, "negativeRate": 0.0, "precoPositiveRate": 0.0, "precoNegativeRate": 0.0, "negemoRate": 0.0, "negationRate": 0.018633540372670808, "functionRate": 0.484472049689441, "contentRate": 0.515527950310559, "vulgarRate": 0.0, "racistRate": 0.0, "specStyleRate": 0.0, "addressingRate": 0.0, "closingRate": 0.0, "postscriptRate": 0.0, "brutalRate": 0.0, "epistemicNum": 0, "investNum": 0, "conditionNum": 0, "weaselNum": 0, "peacockNum": 0, "hedgeNum": 0, "doxasticNum": 0, "epistemicRate": 0.0, "investRate": 0.0, "conditionRate": 0.0, "weaselRate": 0.0, "peacockRate": 0.0, "hedgeRate": 0.0, "doxasticRate": 0.0, "loveNum": 0, "anxietyNum": 0, "sorrowNum": 0, "joyNum": 0, "disgustNum": 0, "fearNum": 0, "surpriseNum": 0, "angerNum": 0, "loveRate": 0.0, "anxietyRate": 0.0, "sorrowRate": 0.0, "joyRate": 0.0, "disgustRate": 0.0, "fearRate": 0.0, "surpriseRate": 0.0, "angerRate": 0.0, "slangBeGeneralNum": 0, "slangBeCigaretteNum": 0, "slangBeHumanNum": 0, "slangBeVehicleNum": 0, "slangBeDrugNum": 0, "slangBvNum": 0, "slangBeGeneralRate": 0.0, "slangBeCigaretteRate": 0.0, "slangBeHumanRate": 0.0, "slangBeVehicleRate": 0.0, "slangBeDrugRate": 0.0, "slangBvRate": 0.0, "speechactNum": 0, "quoteNum": 0, "dashNum": 0, "publicNum": 0, "privateNum": 0, "suasiveNum": 0, "discMarkerNum": 0, "smileyNum": 0, "dateNum": 0, "hesitationNum": 0, "restartNum": 0, "repeatNum": 0, "conjBeforeDiscNum": 0, "conjAfterDiscNum": 0, "wordBeforeHesitationNum": 0, "wordAfterHesitationNum": 0, "otherCollocationNum": 0, "speechactRate": 0.0, "quoteRate": 0.0, "dashRate": 0.0, "publicRate": 0.0, "privateRate": 0.0, "suasiveRate": 0.0, "discMarkerRate": 0.0, "smileyRate": 0.0, "dateRate": 0.0, "hesitationRate": 0.0, "restartRate": 0.0, "repeatRate": 0.0, "conjBeforeDiscRate": 0.0, "conjAfterDiscRate": 0.0, "wordBeforeHesitationRate": 0.0, "wordAfterHesitationRate": 0.0, "otherCollocationRate": 0.0, "easyWordNum": 466, "hardWordNum": 17, "easyWordRate": 0.9648033126293996, "hardWordRate": 0.035196687370600416, "fleschReadingEaseScore": 67.47259077878647, "gunningFogIndex": 7.444847905717471, "fleschKincaidGradeLevel": 8.463281573498968, "colemanLiauIndex": 10.735325051759833, "smogIndex": 7.42949916751922, "automatedReadabilityIndex": 9.077840420449114, "linsearWriteIndex": 1.0425226946966077, "author": "", "locationNameNum": 0, "locationNameRate": 0.0, "personNameNum": 0, "personNameRate": 0.0, "organizationNameNum": 0, "organizationNameRate": 0.0, "misspelledNum": 4, "misspelledRate": 0.008281573498964804, "missingAccentNum": 1, "missingAccentRate": 0.002070393374741201, "foreignAccentNum": 0, "foreignAccentRate": 0.0, "wordConcatNum": 2, "wordConcatRate": 0.004140786749482402, "jLyMistakeNum": 0, "jLyMistakeRate": 0.0, "freqSuffixNum": 0, "partsNum": 185, "privateVNum": 0, "publicVNum": 0, "clauseWordNum": 84}