{"tokenNum": 516, "sentenceNum": 28, "lemmaNum": 247, "lemmaRate": 0.4786821705426357, "sentenceLength": 18.428571428571427, "allUpperNum": 0, "firstUpperNum": 33, "allUpperRate": 0.0, "firstUpperRate": 0.06395348837209303, "declarSentNum": 3, "imperSentNum": 24, "questionNum": 1, "declarSentRate": 0.10714285714285714, "imperSentRate": 0.8571428571428571, "questionRate": 0.03571428571428571, "accent": true, "saturation": 2.9759036144578315, "paragraphNum": 1, "nounNum": 87, "verbNum": 74, "adjNum": 41, "infNum": 5, "partPastNum": 3, "partPresNum": 4, "partFutNum": 0, "transNum": 1, "xNum": 3, "advNum": 57, "properNounNum": 6, "numNum": 0, "conjNum": 46, "punctNum": 93, "pronNum": 41, "relPronNum": 12, "demPronNum": 28, "adposNum": 6, "multiplePunctNum": 0, "phraseNum": 0, "nounRate": 0.1686046511627907, "verbRate": 0.1434108527131783, "adjRate": 0.07945736434108527, "infRate": 0.009689922480620155, "partPastRate": 0.005813953488372093, "partPresRate": 0.007751937984496124, "partFutRate": 0.0, "transRate": 0.001937984496124031, "xRate": 0.005813953488372093, "advRate": 0.11046511627906977, "properNounRate": 0.011627906976744186, "numRate": 0.0, "conjRate": 0.08914728682170543, "punctRate": 0.18023255813953487, "pronRate": 0.07945736434108527, "relPronRate": 0.023255813953488372, "demPronRate": 0.05426356589147287, "adposRate": 0.011627906976744186, "multiplePunctRate": 0.0, "partsDensityRate": 3.1204819277108435, "contentfulness": 9.25, "phraseRate": 0.0, "pastTenseNum": 3, "presentTenseNum": 66, "condNum": 0, "impNum": 16, "freqNum": 0, "causNum": 1, "modalNum": 1, "sg1VerbNum": 20, "sg2VerbNum": 15, "sg3VerbNum": 59, "pl1VerbNum": 18, "pl2VerbNum": 1, "pl3VerbNum": 9, "superlatNum": 0, "comparatNum": 0, "specDerivSuffixNum": 0, "pluralNounNum": 17, "pastTenseRate": 0.04054054054054054, "presentTenseRate": 0.8918918918918919, "condRate": 0.0, "impRate": 0.21621621621621623, "freqRate": 0.0, "causRate": 0.013513513513513514, "modalRate": 0.013513513513513514, "sg1VerbRate": 0.2702702702702703, "sg2VerbRate": 0.20270270270270271, "sg3VerbRate": 0.7972972972972973, "pl1VerbRate": 0.24324324324324326, "pl2VerbRate": 0.013513513513513514, "pl3VerbRate": 0.12162162162162163, "superlatRate": 0.0, "comparatRate": 0.0, "specDerivSuffixRate": 0.0, "pluralNounRate": 0.19540229885057472, "subjNum": 26, "objNum": 28, "attNum": 26, "subordNum": 36, "adverbNum": 63, "coordNum": 17, "clauseNum": 83, "simpleNum": 2, "complexNum": 26, "complexity1Num": 11, "complexity2Num": 6, "complexity3Num": 5, "compoundNum": 0, "subjRate": 0.050387596899224806, "objRate": 0.05426356589147287, "attRate": 0.050387596899224806, "subordRate": 0.06976744186046512, "adverbRate": 0.12209302325581395, "coordRate": 0.03294573643410853, "partsRate": 1.927710843373494, "clauseRate": 2.9642857142857144, "simpleRate": 0.07142857142857142, "complexRate": 0.9285714285714286, "complexity1Rate": 0.39285714285714285, "complexity2Rate": 0.21428571428571427, "complexity3Rate": 0.17857142857142858, "complexClauseRate": 3.1153846153846154, "sentencesPerParagraph": 28.0, "wordsLengthRate": 5.382978723404255, "compoundRate": 0.0, "positiveNum": 0, "negativeNum": 0, "precoPositiveNum": 0, "precoNegativeNum": 0, "negemoNum": 0, "negationNum": 10, "functionNum": 257, "contentNum": 259, "vulgarNum": 0, "racistNum": 0, "specStyleNum": 0, "addressingNum": 0, "closingNum": 0, "postscriptNum": 0, "brutalNum": 0, "positiveRate": 0.0, "negativeRate": 0.0, "precoPositiveRate": 0.0, "precoNegativeRate": 0.0, "negemoRate": 0.0, "negationRate": 0.01937984496124031, "functionRate": 0.49806201550387597, "contentRate": 0.501937984496124, "vulgarRate": 0.0, "racistRate": 0.0, "specStyleRate": 0.0, "addressingRate": 0.0, "closingRate": 0.0, "postscriptRate": 0.0, "brutalRate": 0.0, "epistemicNum": 0, "investNum": 0, "conditionNum": 0, "weaselNum": 0, "peacockNum": 0, "hedgeNum": 0, "doxasticNum": 0, "epistemicRate": 0.0, "investRate": 0.0, "conditionRate": 0.0, "weaselRate": 0.0, "peacockRate": 0.0, "hedgeRate": 0.0, "doxasticRate": 0.0, "loveNum": 0, "anxietyNum": 0, "sorrowNum": 0, "joyNum": 0, "disgustNum": 0, "fearNum": 0, "surpriseNum": 0, "angerNum": 0, "loveRate": 0.0, "anxietyRate": 0.0, "sorrowRate": 0.0, "joyRate": 0.0, "disgustRate": 0.0, "fearRate": 0.0, "surpriseRate": 0.0, "angerRate": 0.0, "slangBeGeneralNum": 0, "slangBeCigaretteNum": 0, "slangBeHumanNum": 0, "slangBeVehicleNum": 0, "slangBeDrugNum": 0, "slangBvNum": 0, "slangBeGeneralRate": 0.0, "slangBeCigaretteRate": 0.0, "slangBeHumanRate": 0.0, "slangBeVehicleRate": 0.0, "slangBeDrugRate": 0.0, "slangBvRate": 0.0, "speechactNum": 0, "quoteNum": 0, "dashNum": 0, "publicNum": 0, "privateNum": 0, "suasiveNum": 0, "discMarkerNum": 0, "smileyNum": 0, "dateNum": 0, "hesitationNum": 0, "restartNum": 0, "repeatNum": 0, "conjBeforeDiscNum": 0, "conjAfterDiscNum": 0, "wordBeforeHesitationNum": 0, "wordAfterHesitationNum": 0, "otherCollocationNum": 0, "speechactRate": 0.0, "quoteRate": 0.0, "dashRate": 0.0, "publicRate": 0.0, "privateRate": 0.0, "suasiveRate": 0.0, "discMarkerRate": 0.0, "smileyRate": 0.0, "dateRate": 0.0, "hesitationRate": 0.0, "restartRate": 0.0, "repeatRate": 0.0, "conjBeforeDiscRate": 0.0, "conjAfterDiscRate": 0.0, "wordBeforeHesitationRate": 0.0, "wordAfterHesitationRate": 0.0, "otherCollocationRate": 0.0, "easyWordNum": 482, "hardWordNum": 34, "easyWordRate": 0.9341085271317829, "hardWordRate": 0.06589147286821706, "fleschReadingEaseScore": 64.34511627906977, "gunningFogIndex": 7.397785160575857, "fleschKincaidGradeLevel": 8.862646733111848, "colemanLiauIndex": 11.207085271317826, "smogIndex": 9.210782826323648, "automatedReadabilityIndex": 9.380913621262458, "linsearWriteIndex": 1.0141196013289036, "author": "", "locationNameNum": 0, "locationNameRate": 0.0, "personNameNum": 3, "personNameRate": 0.005813953488372093, "organizationNameNum": 2, "organizationNameRate": 0.003875968992248062, "misspelledNum": 20, "misspelledRate": 0.03875968992248062, "missingAccentNum": 6, "missingAccentRate": 0.011627906976744186, "foreignAccentNum": 0, "foreignAccentRate": 0.0, "wordConcatNum": 1, "wordConcatRate": 0.001937984496124031, "jLyMistakeNum": 0, "jLyMistakeRate": 0.0, "freqSuffixNum": 0, "partsNum": 160, "privateVNum": 0, "publicVNum": 0, "clauseWordNum": 83}