{"tokenNum": 543, "sentenceNum": 32, "lemmaNum": 219, "lemmaRate": 0.40331491712707185, "sentenceLength": 16.96875, "allUpperNum": 0, "firstUpperNum": 32, "allUpperRate": 0.0, "firstUpperRate": 0.058931860036832415, "declarSentNum": 17, "imperSentNum": 13, "questionNum": 2, "declarSentRate": 0.53125, "imperSentRate": 0.40625, "questionRate": 0.0625, "accent": true, "saturation": 2.28125, "paragraphNum": 4, "nounNum": 93, "verbNum": 93, "adjNum": 32, "infNum": 13, "partPastNum": 4, "partPresNum": 1, "partFutNum": 0, "transNum": 2, "xNum": 6, "advNum": 45, "properNounNum": 2, "numNum": 1, "conjNum": 62, "punctNum": 99, "pronNum": 44, "relPronNum": 7, "demPronNum": 26, "adposNum": 3, "multiplePunctNum": 0, "phraseNum": 0, "nounRate": 0.1712707182320442, "verbRate": 0.1712707182320442, "adjRate": 0.058931860036832415, "infRate": 0.02394106813996317, "partPastRate": 0.007366482504604052, "partPresRate": 0.001841620626151013, "partFutRate": 0.0, "transRate": 0.003683241252302026, "xRate": 0.011049723756906077, "advRate": 0.08287292817679558, "properNounRate": 0.003683241252302026, "numRate": 0.001841620626151013, "conjRate": 0.1141804788213628, "punctRate": 0.18232044198895028, "pronRate": 0.08103130755064457, "relPronRate": 0.01289134438305709, "demPronRate": 0.04788213627992634, "adposRate": 0.0055248618784530384, "multiplePunctRate": 0.0, "partsDensityRate": 2.7395833333333335, "contentfulness": 8.21875, "phraseRate": 0.0, "pastTenseNum": 6, "presentTenseNum": 74, "condNum": 1, "impNum": 10, "freqNum": 0, "causNum": 0, "modalNum": 4, "sg1VerbNum": 45, "sg2VerbNum": 2, "sg3VerbNum": 74, "pl1VerbNum": 7, "pl2VerbNum": 0, "pl3VerbNum": 5, "superlatNum": 0, "comparatNum": 0, "specDerivSuffixNum": 0, "pluralNounNum": 14, "pastTenseRate": 0.06451612903225806, "presentTenseRate": 0.7956989247311828, "condRate": 0.010752688172043012, "impRate": 0.10752688172043011, "freqRate": 0.0, "causRate": 0.0, "modalRate": 0.043010752688172046, "sg1VerbRate": 0.4838709677419355, "sg2VerbRate": 0.021505376344086023, "sg3VerbRate": 0.7956989247311828, "pl1VerbRate": 0.07526881720430108, "pl2VerbRate": 0.0, "pl3VerbRate": 0.053763440860215055, "superlatRate": 0.0, "comparatRate": 0.0, "specDerivSuffixRate": 0.0, "pluralNounRate": 0.15053763440860216, "subjNum": 31, "objNum": 28, "attNum": 23, "subordNum": 41, "adverbNum": 58, "coordNum": 21, "clauseNum": 96, "simpleNum": 4, "complexNum": 28, "complexity1Num": 8, "complexity2Num": 9, "complexity3Num": 8, "compoundNum": 0, "subjRate": 0.0570902394106814, "objRate": 0.05156537753222836, "attRate": 0.0423572744014733, "subordRate": 0.07550644567219153, "adverbRate": 0.10681399631675875, "coordRate": 0.03867403314917127, "partsRate": 1.6770833333333333, "clauseRate": 3.0, "simpleRate": 0.125, "complexRate": 0.875, "complexity1Rate": 0.25, "complexity2Rate": 0.28125, "complexity3Rate": 0.25, "complexClauseRate": 3.2857142857142856, "sentencesPerParagraph": 8.0, "wordsLengthRate": 5.191441441441442, "compoundRate": 0.0, "positiveNum": 0, "negativeNum": 0, "precoPositiveNum": 0, "precoNegativeNum": 0, "negemoNum": 0, "negationNum": 14, "functionNum": 280, "contentNum": 263, "vulgarNum": 0, "racistNum": 0, "specStyleNum": 0, "addressingNum": 0, "closingNum": 0, "postscriptNum": 0, "brutalNum": 0, "positiveRate": 0.0, "negativeRate": 0.0, "precoPositiveRate": 0.0, "precoNegativeRate": 0.0, "negemoRate": 0.0, "negationRate": 0.02578268876611418, "functionRate": 0.5156537753222836, "contentRate": 0.4843462246777164, "vulgarRate": 0.0, "racistRate": 0.0, "specStyleRate": 0.0, "addressingRate": 0.0, "closingRate": 0.0, "postscriptRate": 0.0, "brutalRate": 0.0, "epistemicNum": 0, "investNum": 0, "conditionNum": 0, "weaselNum": 0, "peacockNum": 0, "hedgeNum": 0, "doxasticNum": 0, "epistemicRate": 0.0, "investRate": 0.0, "conditionRate": 0.0, "weaselRate": 0.0, "peacockRate": 0.0, "hedgeRate": 0.0, "doxasticRate": 0.0, "loveNum": 0, "anxietyNum": 0, "sorrowNum": 0, "joyNum": 0, "disgustNum": 0, "fearNum": 0, "surpriseNum": 0, "angerNum": 0, "loveRate": 0.0, "anxietyRate": 0.0, "sorrowRate": 0.0, "joyRate": 0.0, "disgustRate": 0.0, "fearRate": 0.0, "surpriseRate": 0.0, "angerRate": 0.0, "slangBeGeneralNum": 0, "slangBeCigaretteNum": 0, "slangBeHumanNum": 0, "slangBeVehicleNum": 0, "slangBeDrugNum": 0, "slangBvNum": 0, "slangBeGeneralRate": 0.0, "slangBeCigaretteRate": 0.0, "slangBeHumanRate": 0.0, "slangBeVehicleRate": 0.0, "slangBeDrugRate": 0.0, "slangBvRate": 0.0, "speechactNum": 0, "quoteNum": 0, "dashNum": 0, "publicNum": 0, "privateNum": 0, "suasiveNum": 0, "discMarkerNum": 0, "smileyNum": 0, "dateNum": 0, "hesitationNum": 0, "restartNum": 0, "repeatNum": 0, "conjBeforeDiscNum": 0, "conjAfterDiscNum": 0, "wordBeforeHesitationNum": 0, "wordAfterHesitationNum": 0, "otherCollocationNum": 0, "speechactRate": 0.0, "quoteRate": 0.0, "dashRate": 0.0, "publicRate": 0.0, "privateRate": 0.0, "suasiveRate": 0.0, "discMarkerRate": 0.0, "smileyRate": 0.0, "dateRate": 0.0, "hesitationRate": 0.0, "restartRate": 0.0, "repeatRate": 0.0, "conjBeforeDiscRate": 0.0, "conjAfterDiscRate": 0.0, "wordBeforeHesitationRate": 0.0, "wordAfterHesitationRate": 0.0, "otherCollocationRate": 0.0, "easyWordNum": 508, "hardWordNum": 35, "easyWordRate": 0.9355432780847146, "hardWordRate": 0.06445672191528545, "fleschReadingEaseScore": 76.18851433011054, "gunningFogIndex": 6.813282688766114, "fleschKincaidGradeLevel": 6.848070326887662, "colemanLiauIndex": 10.189583793738489, "smogIndex": 9.103633062298677, "automatedReadabilityIndex": 7.837358425414365, "linsearWriteIndex": 0.7524171270718232, "author": "", "locationNameNum": 0, "locationNameRate": 0.0, "personNameNum": 0, "personNameRate": 0.0, "organizationNameNum": 0, "organizationNameRate": 0.0, "misspelledNum": 11, "misspelledRate": 0.020257826887661142, "missingAccentNum": 2, "missingAccentRate": 0.003683241252302026, "foreignAccentNum": 0, "foreignAccentRate": 0.0, "wordConcatNum": 1, "wordConcatRate": 0.001841620626151013, "jLyMistakeNum": 0, "jLyMistakeRate": 0.0, "freqSuffixNum": 0, "partsNum": 161, "privateVNum": 0, "publicVNum": 0, "clauseWordNum": 96}