{"tokenNum": 449, "sentenceNum": 29, "lemmaNum": 216, "lemmaRate": 0.48106904231625836, "sentenceLength": 15.482758620689655, "allUpperNum": 0, "firstUpperNum": 32, "allUpperRate": 0.0, "firstUpperRate": 0.07126948775055679, "declarSentNum": 15, "imperSentNum": 7, "questionNum": 7, "declarSentRate": 0.5172413793103449, "imperSentRate": 0.2413793103448276, "questionRate": 0.2413793103448276, "accent": true, "saturation": 2.958904109589041, "paragraphNum": 2, "nounNum": 71, "verbNum": 75, "adjNum": 40, "infNum": 11, "partPastNum": 4, "partPresNum": 2, "partFutNum": 0, "transNum": 1, "xNum": 6, "advNum": 45, "properNounNum": 4, "numNum": 0, "conjNum": 37, "punctNum": 87, "pronNum": 39, "relPronNum": 6, "demPronNum": 22, "adposNum": 1, "multiplePunctNum": 0, "phraseNum": 0, "nounRate": 0.15812917594654788, "verbRate": 0.16703786191536749, "adjRate": 0.08908685968819599, "infRate": 0.024498886414253896, "partPastRate": 0.008908685968819599, "partPresRate": 0.004454342984409799, "partFutRate": 0.0, "transRate": 0.0022271714922048997, "xRate": 0.013363028953229399, "advRate": 0.10022271714922049, "properNounRate": 0.008908685968819599, "numRate": 0.0, "conjRate": 0.08240534521158129, "punctRate": 0.19376391982182628, "pronRate": 0.08685968819599109, "relPronRate": 0.013363028953229399, "demPronRate": 0.04899777282850779, "adposRate": 0.0022271714922048997, "multiplePunctRate": 0.0, "partsDensityRate": 3.164383561643836, "contentfulness": 7.9655172413793105, "phraseRate": 0.0, "pastTenseNum": 4, "presentTenseNum": 60, "condNum": 2, "impNum": 7, "freqNum": 0, "causNum": 0, "modalNum": 2, "sg1VerbNum": 15, "sg2VerbNum": 3, "sg3VerbNum": 56, "pl1VerbNum": 27, "pl2VerbNum": 0, "pl3VerbNum": 6, "superlatNum": 3, "comparatNum": 0, "specDerivSuffixNum": 0, "pluralNounNum": 12, "pastTenseRate": 0.05333333333333334, "presentTenseRate": 0.8, "condRate": 0.02666666666666667, "impRate": 0.09333333333333334, "freqRate": 0.0, "causRate": 0.0, "modalRate": 0.02666666666666667, "sg1VerbRate": 0.2, "sg2VerbRate": 0.04, "sg3VerbRate": 0.7466666666666667, "pl1VerbRate": 0.36, "pl2VerbRate": 0.0, "pl3VerbRate": 0.08, "superlatRate": 0.075, "comparatRate": 0.0, "specDerivSuffixRate": 0.0, "pluralNounRate": 0.16901408450704225, "subjNum": 34, "objNum": 17, "attNum": 14, "subordNum": 23, "adverbNum": 57, "coordNum": 24, "clauseNum": 73, "simpleNum": 6, "complexNum": 23, "complexity1Num": 8, "complexity2Num": 10, "complexity3Num": 4, "compoundNum": 0, "subjRate": 0.0757238307349666, "objRate": 0.0378619153674833, "attRate": 0.031180400890868598, "subordRate": 0.051224944320712694, "adverbRate": 0.12694877505567928, "coordRate": 0.053452115812917596, "partsRate": 2.0, "clauseRate": 2.5172413793103448, "simpleRate": 0.20689655172413793, "complexRate": 0.7931034482758621, "complexity1Rate": 0.27586206896551724, "complexity2Rate": 0.3448275862068966, "complexity3Rate": 0.13793103448275862, "complexClauseRate": 2.9130434782608696, "sentencesPerParagraph": 14.5, "wordsLengthRate": 5.624309392265193, "compoundRate": 0.0, "positiveNum": 0, "negativeNum": 0, "precoPositiveNum": 0, "precoNegativeNum": 0, "negemoNum": 0, "negationNum": 6, "functionNum": 218, "contentNum": 231, "vulgarNum": 0, "racistNum": 0, "specStyleNum": 0, "addressingNum": 0, "closingNum": 0, "postscriptNum": 0, "brutalNum": 0, "positiveRate": 0.0, "negativeRate": 0.0, "precoPositiveRate": 0.0, "precoNegativeRate": 0.0, "negemoRate": 0.0, "negationRate": 0.013363028953229399, "functionRate": 0.48552338530066813, "contentRate": 0.5144766146993318, "vulgarRate": 0.0, "racistRate": 0.0, "specStyleRate": 0.0, "addressingRate": 0.0, "closingRate": 0.0, "postscriptRate": 0.0, "brutalRate": 0.0, "epistemicNum": 0, "investNum": 0, "conditionNum": 0, "weaselNum": 0, "peacockNum": 0, "hedgeNum": 0, "doxasticNum": 0, "epistemicRate": 0.0, "investRate": 0.0, "conditionRate": 0.0, "weaselRate": 0.0, "peacockRate": 0.0, "hedgeRate": 0.0, "doxasticRate": 0.0, "loveNum": 0, "anxietyNum": 0, "sorrowNum": 0, "joyNum": 0, "disgustNum": 0, "fearNum": 0, "surpriseNum": 0, "angerNum": 0, "loveRate": 0.0, "anxietyRate": 0.0, "sorrowRate": 0.0, "joyRate": 0.0, "disgustRate": 0.0, "fearRate": 0.0, "surpriseRate": 0.0, "angerRate": 0.0, "slangBeGeneralNum": 0, "slangBeCigaretteNum": 0, "slangBeHumanNum": 0, "slangBeVehicleNum": 0, "slangBeDrugNum": 0, "slangBvNum": 0, "slangBeGeneralRate": 0.0, "slangBeCigaretteRate": 0.0, "slangBeHumanRate": 0.0, "slangBeVehicleRate": 0.0, "slangBeDrugRate": 0.0, "slangBvRate": 0.0, "speechactNum": 0, "quoteNum": 0, "dashNum": 0, "publicNum": 0, "privateNum": 0, "suasiveNum": 0, "discMarkerNum": 0, "smileyNum": 0, "dateNum": 0, "hesitationNum": 0, "restartNum": 0, "repeatNum": 1, "conjBeforeDiscNum": 0, "conjAfterDiscNum": 0, "wordBeforeHesitationNum": 0, "wordAfterHesitationNum": 0, "otherCollocationNum": 0, "speechactRate": 0.0, "quoteRate": 0.0, "dashRate": 0.0, "publicRate": 0.0, "privateRate": 0.0, "suasiveRate": 0.0, "discMarkerRate": 0.0, "smileyRate": 0.0, "dateRate": 0.0, "hesitationRate": 0.0, "restartRate": 0.0, "repeatRate": 0.0022271714922048997, "conjBeforeDiscRate": 0.0, "conjAfterDiscRate": 0.0, "wordBeforeHesitationRate": 0.0, "wordAfterHesitationRate": 0.0, "otherCollocationRate": 0.0, "easyWordNum": 420, "hardWordNum": 29, "easyWordRate": 0.9354120267260579, "hardWordRate": 0.0645879732739421, "fleschReadingEaseScore": 67.89416481069043, "gunningFogIndex": 6.218938637585439, "fleschKincaidGradeLevel": 7.635803701712618, "colemanLiauIndex": 11.99693318485523, "smogIndex": 8.745826893841286, "automatedReadabilityIndex": 8.539642116580907, "linsearWriteIndex": 0.9391751785577145, "author": "", "locationNameNum": 0, "locationNameRate": 0.0, "personNameNum": 1, "personNameRate": 0.0022271714922048997, "organizationNameNum": 1, "organizationNameRate": 0.0022271714922048997, "misspelledNum": 21, "misspelledRate": 0.0467706013363029, "missingAccentNum": 7, "missingAccentRate": 0.015590200445434299, "foreignAccentNum": 0, "foreignAccentRate": 0.0, "wordConcatNum": 2, "wordConcatRate": 0.004454342984409799, "jLyMistakeNum": 1, "jLyMistakeRate": 0.0022271714922048997, "freqSuffixNum": 0, "partsNum": 146, "privateVNum": 0, "publicVNum": 0, "clauseWordNum": 73}