{"tokenNum": 465, "sentenceNum": 21, "lemmaNum": 208, "lemmaRate": 0.44731182795698926, "sentenceLength": 22.142857142857142, "allUpperNum": 0, "firstUpperNum": 26, "allUpperRate": 0.0, "firstUpperRate": 0.05591397849462366, "declarSentNum": 8, "imperSentNum": 11, "questionNum": 2, "declarSentRate": 0.38095238095238093, "imperSentRate": 0.5238095238095238, "questionRate": 0.09523809523809523, "accent": true, "saturation": 2.4761904761904763, "paragraphNum": 3, "nounNum": 66, "verbNum": 54, "adjNum": 45, "infNum": 4, "partPastNum": 1, "partPresNum": 7, "partFutNum": 0, "transNum": 1, "xNum": 4, "advNum": 63, "properNounNum": 11, "numNum": 2, "conjNum": 34, "punctNum": 100, "pronNum": 31, "relPronNum": 4, "demPronNum": 27, "adposNum": 1, "multiplePunctNum": 0, "phraseNum": 0, "nounRate": 0.14193548387096774, "verbRate": 0.11612903225806452, "adjRate": 0.0967741935483871, "infRate": 0.008602150537634409, "partPastRate": 0.002150537634408602, "partPresRate": 0.015053763440860216, "partFutRate": 0.0, "transRate": 0.002150537634408602, "xRate": 0.008602150537634409, "advRate": 0.13548387096774195, "properNounRate": 0.023655913978494623, "numRate": 0.004301075268817204, "conjRate": 0.07311827956989247, "punctRate": 0.21505376344086022, "pronRate": 0.06666666666666667, "relPronRate": 0.008602150537634409, "demPronRate": 0.05806451612903226, "adposRate": 0.002150537634408602, "multiplePunctRate": 0.0, "partsDensityRate": 2.7142857142857144, "contentfulness": 10.857142857142858, "phraseRate": 0.0, "pastTenseNum": 4, "presentTenseNum": 46, "condNum": 2, "impNum": 4, "freqNum": 0, "causNum": 0, "modalNum": 0, "sg1VerbNum": 30, "sg2VerbNum": 2, "sg3VerbNum": 40, "pl1VerbNum": 4, "pl2VerbNum": 4, "pl3VerbNum": 5, "superlatNum": 0, "comparatNum": 0, "specDerivSuffixNum": 0, "pluralNounNum": 7, "pastTenseRate": 0.07407407407407407, "presentTenseRate": 0.8518518518518519, "condRate": 0.037037037037037035, "impRate": 0.07407407407407407, "freqRate": 0.0, "causRate": 0.0, "modalRate": 0.0, "sg1VerbRate": 0.5555555555555556, "sg2VerbRate": 0.037037037037037035, "sg3VerbRate": 0.7407407407407407, "pl1VerbRate": 0.07407407407407407, "pl2VerbRate": 0.07407407407407407, "pl3VerbRate": 0.09259259259259259, "superlatRate": 0.0, "comparatRate": 0.0, "specDerivSuffixRate": 0.0, "pluralNounRate": 0.10606060606060606, "subjNum": 30, "objNum": 16, "attNum": 19, "subordNum": 18, "adverbNum": 78, "coordNum": 32, "clauseNum": 84, "simpleNum": 2, "complexNum": 19, "complexity1Num": 6, "complexity2Num": 3, "complexity3Num": 4, "compoundNum": 0, "subjRate": 0.06451612903225806, "objRate": 0.034408602150537634, "attRate": 0.04086021505376344, "subordRate": 0.03870967741935484, "adverbRate": 0.16774193548387098, "coordRate": 0.06881720430107527, "partsRate": 2.0833333333333335, "clauseRate": 4.0, "simpleRate": 0.09523809523809523, "complexRate": 0.9047619047619048, "complexity1Rate": 0.2857142857142857, "complexity2Rate": 0.14285714285714285, "complexity3Rate": 0.19047619047619047, "complexClauseRate": 4.315789473684211, "sentencesPerParagraph": 7.0, "wordsLengthRate": 5.282191780821917, "compoundRate": 0.0, "positiveNum": 0, "negativeNum": 0, "precoPositiveNum": 0, "precoNegativeNum": 0, "negemoNum": 0, "negationNum": 10, "functionNum": 237, "contentNum": 228, "vulgarNum": 0, "racistNum": 0, "specStyleNum": 0, "addressingNum": 0, "closingNum": 0, "postscriptNum": 0, "brutalNum": 0, "positiveRate": 0.0, "negativeRate": 0.0, "precoPositiveRate": 0.0, "precoNegativeRate": 0.0, "negemoRate": 0.0, "negationRate": 0.021505376344086023, "functionRate": 0.5096774193548387, "contentRate": 0.49032258064516127, "vulgarRate": 0.0, "racistRate": 0.0, "specStyleRate": 0.0, "addressingRate": 0.0, "closingRate": 0.0, "postscriptRate": 0.0, "brutalRate": 0.0, "epistemicNum": 0, "investNum": 0, "conditionNum": 0, "weaselNum": 0, "peacockNum": 0, "hedgeNum": 0, "doxasticNum": 0, "epistemicRate": 0.0, "investRate": 0.0, "conditionRate": 0.0, "weaselRate": 0.0, "peacockRate": 0.0, "hedgeRate": 0.0, "doxasticRate": 0.0, "loveNum": 0, "anxietyNum": 0, "sorrowNum": 0, "joyNum": 0, "disgustNum": 0, "fearNum": 0, "surpriseNum": 0, "angerNum": 0, "loveRate": 0.0, "anxietyRate": 0.0, "sorrowRate": 0.0, "joyRate": 0.0, "disgustRate": 0.0, "fearRate": 0.0, "surpriseRate": 0.0, "angerRate": 0.0, "slangBeGeneralNum": 0, "slangBeCigaretteNum": 0, "slangBeHumanNum": 0, "slangBeVehicleNum": 0, "slangBeDrugNum": 0, "slangBvNum": 0, "slangBeGeneralRate": 0.0, "slangBeCigaretteRate": 0.0, "slangBeHumanRate": 0.0, "slangBeVehicleRate": 0.0, "slangBeDrugRate": 0.0, "slangBvRate": 0.0, "speechactNum": 0, "quoteNum": 0, "dashNum": 0, "publicNum": 0, "privateNum": 0, "suasiveNum": 0, "discMarkerNum": 0, "smileyNum": 0, "dateNum": 0, "hesitationNum": 0, "restartNum": 1, "repeatNum": 0, "conjBeforeDiscNum": 0, "conjAfterDiscNum": 0, "wordBeforeHesitationNum": 0, "wordAfterHesitationNum": 0, "otherCollocationNum": 0, "speechactRate": 0.0, "quoteRate": 0.0, "dashRate": 0.0, "publicRate": 0.0, "privateRate": 0.0, "suasiveRate": 0.0, "discMarkerRate": 0.0, "smileyRate": 0.0, "dateRate": 0.0, "hesitationRate": 0.0, "restartRate": 0.002150537634408602, "repeatRate": 0.0, "conjBeforeDiscRate": 0.0, "conjAfterDiscRate": 0.0, "wordBeforeHesitationRate": 0.0, "wordAfterHesitationRate": 0.0, "otherCollocationRate": 0.0, "easyWordNum": 435, "hardWordNum": 30, "easyWordRate": 0.9354838709677419, "hardWordRate": 0.06451612903225806, "fleschReadingEaseScore": 64.10064516129036, "gunningFogIndex": 8.88294930875576, "fleschKincaidGradeLevel": 9.819477726574501, "colemanLiauIndex": 9.811864516129031, "smogIndex": 8.841846274778883, "automatedReadabilityIndex": 10.122331797235027, "linsearWriteIndex": 1.672811059907834, "author": "", "locationNameNum": 1, "locationNameRate": 0.002150537634408602, "personNameNum": 0, "personNameRate": 0.0, "organizationNameNum": 1, "organizationNameRate": 0.002150537634408602, "misspelledNum": 9, "misspelledRate": 0.01935483870967742, "missingAccentNum": 2, "missingAccentRate": 0.004301075268817204, "foreignAccentNum": 0, "foreignAccentRate": 0.0, "wordConcatNum": 5, "wordConcatRate": 0.010752688172043012, "jLyMistakeNum": 1, "jLyMistakeRate": 0.002150537634408602, "freqSuffixNum": 0, "partsNum": 175, "privateVNum": 0, "publicVNum": 0, "clauseWordNum": 84}