{"tokenNum": 497, "sentenceNum": 32, "lemmaNum": 209, "lemmaRate": 0.42052313883299797, "sentenceLength": 15.53125, "allUpperNum": 0, "firstUpperNum": 32, "allUpperRate": 0.0, "firstUpperRate": 0.06438631790744467, "declarSentNum": 30, "imperSentNum": 2, "questionNum": 0, "declarSentRate": 0.9375, "imperSentRate": 0.0625, "questionRate": 0.0, "accent": true, "saturation": 2.4302325581395348, "paragraphNum": 5, "nounNum": 71, "verbNum": 75, "adjNum": 30, "infNum": 10, "partPastNum": 0, "partPresNum": 0, "partFutNum": 0, "transNum": 1, "xNum": 5, "advNum": 70, "properNounNum": 1, "numNum": 0, "conjNum": 46, "punctNum": 90, "pronNum": 40, "relPronNum": 11, "demPronNum": 26, "adposNum": 3, "multiplePunctNum": 1, "phraseNum": 0, "nounRate": 0.14285714285714285, "verbRate": 0.15090543259557343, "adjRate": 0.060362173038229376, "infRate": 0.02012072434607646, "partPastRate": 0.0, "partPresRate": 0.0, "partFutRate": 0.0, "transRate": 0.002012072434607646, "xRate": 0.01006036217303823, "advRate": 0.14084507042253522, "properNounRate": 0.002012072434607646, "numRate": 0.0, "conjRate": 0.0925553319919517, "punctRate": 0.18108651911468812, "pronRate": 0.08048289738430583, "relPronRate": 0.022132796780684104, "demPronRate": 0.052313883299798795, "adposRate": 0.006036217303822937, "multiplePunctRate": 0.011111111111111112, "partsDensityRate": 2.86046511627907, "contentfulness": 7.6875, "phraseRate": 0.0, "pastTenseNum": 2, "presentTenseNum": 63, "condNum": 3, "impNum": 7, "freqNum": 0, "causNum": 0, "modalNum": 2, "sg1VerbNum": 12, "sg2VerbNum": 12, "sg3VerbNum": 59, "pl1VerbNum": 8, "pl2VerbNum": 0, "pl3VerbNum": 20, "superlatNum": 1, "comparatNum": 0, "specDerivSuffixNum": 0, "pluralNounNum": 7, "pastTenseRate": 0.02666666666666667, "presentTenseRate": 0.84, "condRate": 0.04, "impRate": 0.09333333333333334, "freqRate": 0.0, "causRate": 0.0, "modalRate": 0.02666666666666667, "sg1VerbRate": 0.16, "sg2VerbRate": 0.16, "sg3VerbRate": 0.7866666666666666, "pl1VerbRate": 0.10666666666666667, "pl2VerbRate": 0.0, "pl3VerbRate": 0.26666666666666666, "superlatRate": 0.03333333333333333, "comparatRate": 0.0, "specDerivSuffixRate": 0.0, "pluralNounRate": 0.09859154929577464, "subjNum": 37, "objNum": 23, "attNum": 8, "subordNum": 29, "adverbNum": 90, "coordNum": 25, "clauseNum": 86, "simpleNum": 5, "complexNum": 27, "complexity1Num": 11, "complexity2Num": 8, "complexity3Num": 5, "compoundNum": 0, "subjRate": 0.0744466800804829, "objRate": 0.04627766599597585, "attRate": 0.01609657947686117, "subordRate": 0.05835010060362173, "adverbRate": 0.18108651911468812, "coordRate": 0.05030181086519115, "partsRate": 2.127906976744186, "clauseRate": 2.6875, "simpleRate": 0.15625, "complexRate": 0.84375, "complexity1Rate": 0.34375, "complexity2Rate": 0.25, "complexity3Rate": 0.15625, "complexClauseRate": 3.0, "sentencesPerParagraph": 6.4, "wordsLengthRate": 5.1474201474201475, "compoundRate": 0.0, "positiveNum": 0, "negativeNum": 0, "precoPositiveNum": 0, "precoNegativeNum": 0, "negemoNum": 0, "negationNum": 11, "functionNum": 251, "contentNum": 246, "vulgarNum": 0, "racistNum": 0, "specStyleNum": 0, "addressingNum": 0, "closingNum": 0, "postscriptNum": 0, "brutalNum": 0, "positiveRate": 0.0, "negativeRate": 0.0, "precoPositiveRate": 0.0, "precoNegativeRate": 0.0, "negemoRate": 0.0, "negationRate": 0.022132796780684104, "functionRate": 0.5050301810865191, "contentRate": 0.4949698189134809, "vulgarRate": 0.0, "racistRate": 0.0, "specStyleRate": 0.0, "addressingRate": 0.0, "closingRate": 0.0, "postscriptRate": 0.0, "brutalRate": 0.0, "epistemicNum": 0, "investNum": 0, "conditionNum": 0, "weaselNum": 0, "peacockNum": 0, "hedgeNum": 0, "doxasticNum": 0, "epistemicRate": 0.0, "investRate": 0.0, "conditionRate": 0.0, "weaselRate": 0.0, "peacockRate": 0.0, "hedgeRate": 0.0, "doxasticRate": 0.0, "loveNum": 0, "anxietyNum": 0, "sorrowNum": 0, "joyNum": 0, "disgustNum": 0, "fearNum": 0, "surpriseNum": 0, "angerNum": 0, "loveRate": 0.0, "anxietyRate": 0.0, "sorrowRate": 0.0, "joyRate": 0.0, "disgustRate": 0.0, "fearRate": 0.0, "surpriseRate": 0.0, "angerRate": 0.0, "slangBeGeneralNum": 0, "slangBeCigaretteNum": 0, "slangBeHumanNum": 0, "slangBeVehicleNum": 0, "slangBeDrugNum": 0, "slangBvNum": 0, "slangBeGeneralRate": 0.0, "slangBeCigaretteRate": 0.0, "slangBeHumanRate": 0.0, "slangBeVehicleRate": 0.0, "slangBeDrugRate": 0.0, "slangBvRate": 0.0, "speechactNum": 0, "quoteNum": 0, "dashNum": 0, "publicNum": 0, "privateNum": 0, "suasiveNum": 0, "discMarkerNum": 0, "smileyNum": 0, "dateNum": 0, "hesitationNum": 0, "restartNum": 0, "repeatNum": 1, "conjBeforeDiscNum": 0, "conjAfterDiscNum": 0, "wordBeforeHesitationNum": 0, "wordAfterHesitationNum": 0, "otherCollocationNum": 0, "speechactRate": 0.0, "quoteRate": 0.0, "dashRate": 0.0, "publicRate": 0.0, "privateRate": 0.0, "suasiveRate": 0.0, "discMarkerRate": 0.0, "smileyRate": 0.0, "dateRate": 0.0, "hesitationRate": 0.0, "restartRate": 0.0, "repeatRate": 0.002012072434607646, "conjBeforeDiscRate": 0.0, "conjAfterDiscRate": 0.0, "wordBeforeHesitationRate": 0.0, "wordAfterHesitationRate": 0.0, "otherCollocationRate": 0.0, "easyWordNum": 485, "hardWordNum": 12, "easyWordRate": 0.9758551307847082, "hardWordRate": 0.02414486921529175, "fleschReadingEaseScore": 71.4051876886318, "gunningFogIndex": 6.222157947686117, "fleschKincaidGradeLevel": 7.15813317404427, "colemanLiauIndex": 9.999665995975853, "smogIndex": 6.6274283507984215, "automatedReadabilityIndex": 6.96675176056338, "linsearWriteIndex": 0.6222334004024146, "author": "", "locationNameNum": 0, "locationNameRate": 0.0, "personNameNum": 0, "personNameRate": 0.0, "organizationNameNum": 0, "organizationNameRate": 0.0, "misspelledNum": 1, "misspelledRate": 0.002012072434607646, "missingAccentNum": 1, "missingAccentRate": 0.002012072434607646, "foreignAccentNum": 0, "foreignAccentRate": 0.0, "wordConcatNum": 0, "wordConcatRate": 0.0, "jLyMistakeNum": 0, "jLyMistakeRate": 0.0, "freqSuffixNum": 0, "partsNum": 183, "privateVNum": 0, "publicVNum": 0, "clauseWordNum": 86}