{"tokenNum": 396, "sentenceNum": 32, "lemmaNum": 210, "lemmaRate": 0.5303030303030303, "sentenceLength": 12.375, "allUpperNum": 0, "firstUpperNum": 38, "allUpperRate": 0.0, "firstUpperRate": 0.09595959595959595, "declarSentNum": 7, "imperSentNum": 22, "questionNum": 3, "declarSentRate": 0.21875, "imperSentRate": 0.6875, "questionRate": 0.09375, "accent": true, "saturation": 3.230769230769231, "paragraphNum": 0, "nounNum": 68, "verbNum": 51, "adjNum": 36, "infNum": 7, "partPastNum": 4, "partPresNum": 3, "partFutNum": 0, "transNum": 1, "xNum": 3, "advNum": 46, "properNounNum": 8, "numNum": 2, "conjNum": 30, "punctNum": 89, "pronNum": 28, "relPronNum": 6, "demPronNum": 19, "adposNum": 3, "multiplePunctNum": 2, "phraseNum": 0, "nounRate": 0.1717171717171717, "verbRate": 0.12878787878787878, "adjRate": 0.09090909090909091, "infRate": 0.017676767676767676, "partPastRate": 0.010101010101010102, "partPresRate": 0.007575757575757576, "partFutRate": 0.0, "transRate": 0.0025252525252525255, "xRate": 0.007575757575757576, "advRate": 0.11616161616161616, "properNounRate": 0.020202020202020204, "numRate": 0.005050505050505051, "conjRate": 0.07575757575757576, "punctRate": 0.22474747474747475, "pronRate": 0.0707070707070707, "relPronRate": 0.015151515151515152, "demPronRate": 0.047979797979797977, "adposRate": 0.007575757575757576, "multiplePunctRate": 0.02247191011235955, "partsDensityRate": 3.0923076923076924, "contentfulness": 6.28125, "phraseRate": 0.0, "pastTenseNum": 5, "presentTenseNum": 39, "condNum": 3, "impNum": 7, "freqNum": 0, "causNum": 0, "modalNum": 0, "sg1VerbNum": 24, "sg2VerbNum": 4, "sg3VerbNum": 26, "pl1VerbNum": 3, "pl2VerbNum": 1, "pl3VerbNum": 14, "superlatNum": 1, "comparatNum": 0, "specDerivSuffixNum": 0, "pluralNounNum": 13, "pastTenseRate": 0.09803921568627451, "presentTenseRate": 0.7647058823529411, "condRate": 0.058823529411764705, "impRate": 0.13725490196078433, "freqRate": 0.0, "causRate": 0.0, "modalRate": 0.0, "sg1VerbRate": 0.47058823529411764, "sg2VerbRate": 0.0784313725490196, "sg3VerbRate": 0.5098039215686274, "pl1VerbRate": 0.058823529411764705, "pl2VerbRate": 0.0196078431372549, "pl3VerbRate": 0.27450980392156865, "superlatRate": 0.027777777777777776, "comparatRate": 0.0, "specDerivSuffixRate": 0.0, "pluralNounRate": 0.19117647058823528, "subjNum": 24, "objNum": 13, "attNum": 22, "subordNum": 16, "adverbNum": 53, "coordNum": 19, "clauseNum": 65, "simpleNum": 11, "complexNum": 21, "complexity1Num": 11, "complexity2Num": 9, "complexity3Num": 0, "compoundNum": 0, "subjRate": 0.06060606060606061, "objRate": 0.03282828282828283, "attRate": 0.05555555555555555, "subordRate": 0.04040404040404041, "adverbRate": 0.13383838383838384, "coordRate": 0.047979797979797977, "partsRate": 2.0153846153846153, "clauseRate": 2.03125, "simpleRate": 0.34375, "complexRate": 0.65625, "complexity1Rate": 0.34375, "complexity2Rate": 0.28125, "complexity3Rate": 0.0, "complexClauseRate": 2.5714285714285716, "sentencesPerParagraph": 0.0, "wordsLengthRate": 5.41042345276873, "compoundRate": 0.0, "positiveNum": 0, "negativeNum": 0, "precoPositiveNum": 0, "precoNegativeNum": 0, "negemoNum": 0, "negationNum": 8, "functionNum": 195, "contentNum": 201, "vulgarNum": 0, "racistNum": 0, "specStyleNum": 0, "addressingNum": 0, "closingNum": 0, "postscriptNum": 0, "brutalNum": 0, "positiveRate": 0.0, "negativeRate": 0.0, "precoPositiveRate": 0.0, "precoNegativeRate": 0.0, "negemoRate": 0.0, "negationRate": 0.020202020202020204, "functionRate": 0.49242424242424243, "contentRate": 0.5075757575757576, "vulgarRate": 0.0, "racistRate": 0.0, "specStyleRate": 0.0, "addressingRate": 0.0, "closingRate": 0.0, "postscriptRate": 0.0, "brutalRate": 0.0, "epistemicNum": 0, "investNum": 0, "conditionNum": 0, "weaselNum": 0, "peacockNum": 0, "hedgeNum": 0, "doxasticNum": 0, "epistemicRate": 0.0, "investRate": 0.0, "conditionRate": 0.0, "weaselRate": 0.0, "peacockRate": 0.0, "hedgeRate": 0.0, "doxasticRate": 0.0, "loveNum": 0, "anxietyNum": 0, "sorrowNum": 0, "joyNum": 0, "disgustNum": 0, "fearNum": 0, "surpriseNum": 0, "angerNum": 0, "loveRate": 0.0, "anxietyRate": 0.0, "sorrowRate": 0.0, "joyRate": 0.0, "disgustRate": 0.0, "fearRate": 0.0, "surpriseRate": 0.0, "angerRate": 0.0, "slangBeGeneralNum": 0, "slangBeCigaretteNum": 0, "slangBeHumanNum": 0, "slangBeVehicleNum": 0, "slangBeDrugNum": 0, "slangBvNum": 0, "slangBeGeneralRate": 0.0, "slangBeCigaretteRate": 0.0, "slangBeHumanRate": 0.0, "slangBeVehicleRate": 0.0, "slangBeDrugRate": 0.0, "slangBvRate": 0.0, "speechactNum": 0, "quoteNum": 4, "dashNum": 0, "publicNum": 0, "privateNum": 0, "suasiveNum": 0, "discMarkerNum": 0, "smileyNum": 0, "dateNum": 0, "hesitationNum": 0, "restartNum": 1, "repeatNum": 0, "conjBeforeDiscNum": 0, "conjAfterDiscNum": 0, "wordBeforeHesitationNum": 0, "wordAfterHesitationNum": 0, "otherCollocationNum": 0, "speechactRate": 0.0, "quoteRate": 0.010101010101010102, "dashRate": 0.0, "publicRate": 0.0, "privateRate": 0.0, "suasiveRate": 0.0, "discMarkerRate": 0.0, "smileyRate": 0.0, "dateRate": 0.0, "hesitationRate": 0.0, "restartRate": 0.0025252525252525255, "repeatRate": 0.0, "conjBeforeDiscRate": 0.0, "conjAfterDiscRate": 0.0, "wordBeforeHesitationRate": 0.0, "wordAfterHesitationRate": 0.0, "otherCollocationRate": 0.0, "easyWordNum": 374, "hardWordNum": 22, "easyWordRate": 0.9444444444444444, "hardWordRate": 0.05555555555555555, "fleschReadingEaseScore": 75.91982954545458, "gunningFogIndex": 4.972222222222222, "fleschKincaidGradeLevel": 5.744330808080807, "colemanLiauIndex": 10.466777777777775, "smogIndex": 7.865858978985526, "automatedReadabilityIndex": 5.762196969696969, "linsearWriteIndex": 0.7321654040404042, "author": "", "locationNameNum": 1, "locationNameRate": 0.0025252525252525255, "personNameNum": 3, "personNameRate": 0.007575757575757576, "organizationNameNum": 2, "organizationNameRate": 0.005050505050505051, "misspelledNum": 12, "misspelledRate": 0.030303030303030304, "missingAccentNum": 2, "missingAccentRate": 0.005050505050505051, "foreignAccentNum": 0, "foreignAccentRate": 0.0, "wordConcatNum": 1, "wordConcatRate": 0.0025252525252525255, "jLyMistakeNum": 0, "jLyMistakeRate": 0.0, "freqSuffixNum": 0, "partsNum": 131, "privateVNum": 0, "publicVNum": 0, "clauseWordNum": 65}