{"tokenNum": 451, "sentenceNum": 20, "lemmaNum": 204, "lemmaRate": 0.4523281596452328, "sentenceLength": 22.55, "allUpperNum": 0, "firstUpperNum": 20, "allUpperRate": 0.0, "firstUpperRate": 0.04434589800443459, "declarSentNum": 17, "imperSentNum": 1, "questionNum": 2, "declarSentRate": 0.85, "imperSentRate": 0.05, "questionRate": 0.1, "accent": true, "saturation": 3.1875, "paragraphNum": 4, "nounNum": 74, "verbNum": 59, "adjNum": 62, "infNum": 9, "partPastNum": 2, "partPresNum": 1, "partFutNum": 0, "transNum": 2, "xNum": 4, "advNum": 40, "properNounNum": 0, "numNum": 0, "conjNum": 38, "punctNum": 76, "pronNum": 26, "relPronNum": 10, "demPronNum": 26, "adposNum": 4, "multiplePunctNum": 0, "phraseNum": 0, "nounRate": 0.164079822616408, "verbRate": 0.13082039911308205, "adjRate": 0.13747228381374724, "infRate": 0.019955654101995565, "partPastRate": 0.004434589800443459, "partPresRate": 0.0022172949002217295, "partFutRate": 0.0, "transRate": 0.004434589800443459, "xRate": 0.008869179600886918, "advRate": 0.08869179600886919, "properNounRate": 0.0, "numRate": 0.0, "conjRate": 0.08425720620842572, "punctRate": 0.16851441241685144, "pronRate": 0.057649667405764965, "relPronRate": 0.022172949002217297, "demPronRate": 0.057649667405764965, "adposRate": 0.008869179600886918, "multiplePunctRate": 0.0, "partsDensityRate": 3.671875, "contentfulness": 11.75, "phraseRate": 0.0, "pastTenseNum": 1, "presentTenseNum": 49, "condNum": 5, "impNum": 4, "freqNum": 0, "causNum": 0, "modalNum": 2, "sg1VerbNum": 24, "sg2VerbNum": 1, "sg3VerbNum": 45, "pl1VerbNum": 5, "pl2VerbNum": 0, "pl3VerbNum": 12, "superlatNum": 2, "comparatNum": 0, "specDerivSuffixNum": 0, "pluralNounNum": 9, "pastTenseRate": 0.01694915254237288, "presentTenseRate": 0.8305084745762712, "condRate": 0.0847457627118644, "impRate": 0.06779661016949153, "freqRate": 0.0, "causRate": 0.0, "modalRate": 0.03389830508474576, "sg1VerbRate": 0.4067796610169492, "sg2VerbRate": 0.01694915254237288, "sg3VerbRate": 0.7627118644067796, "pl1VerbRate": 0.0847457627118644, "pl2VerbRate": 0.0, "pl3VerbRate": 0.2033898305084746, "superlatRate": 0.03225806451612903, "comparatRate": 0.0, "specDerivSuffixRate": 0.0, "pluralNounRate": 0.12162162162162163, "subjNum": 18, "objNum": 25, "attNum": 42, "subordNum": 30, "adverbNum": 54, "coordNum": 20, "clauseNum": 64, "simpleNum": 3, "complexNum": 17, "complexity1Num": 4, "complexity2Num": 7, "complexity3Num": 3, "compoundNum": 0, "subjRate": 0.03991130820399113, "objRate": 0.05543237250554324, "attRate": 0.09312638580931264, "subordRate": 0.06651884700665188, "adverbRate": 0.1197339246119734, "coordRate": 0.04434589800443459, "partsRate": 2.484375, "clauseRate": 3.2, "simpleRate": 0.15, "complexRate": 0.85, "complexity1Rate": 0.2, "complexity2Rate": 0.35, "complexity3Rate": 0.15, "complexClauseRate": 3.588235294117647, "sentencesPerParagraph": 5.0, "wordsLengthRate": 5.426666666666667, "compoundRate": 0.0, "positiveNum": 0, "negativeNum": 0, "precoPositiveNum": 0, "precoNegativeNum": 0, "negemoNum": 0, "negationNum": 3, "functionNum": 216, "contentNum": 235, "vulgarNum": 0, "racistNum": 0, "specStyleNum": 0, "addressingNum": 0, "closingNum": 0, "postscriptNum": 0, "brutalNum": 0, "positiveRate": 0.0, "negativeRate": 0.0, "precoPositiveRate": 0.0, "precoNegativeRate": 0.0, "negemoRate": 0.0, "negationRate": 0.0066518847006651885, "functionRate": 0.4789356984478936, "contentRate": 0.5210643015521065, "vulgarRate": 0.0, "racistRate": 0.0, "specStyleRate": 0.0, "addressingRate": 0.0, "closingRate": 0.0, "postscriptRate": 0.0, "brutalRate": 0.0, "epistemicNum": 0, "investNum": 0, "conditionNum": 0, "weaselNum": 0, "peacockNum": 0, "hedgeNum": 0, "doxasticNum": 0, "epistemicRate": 0.0, "investRate": 0.0, "conditionRate": 0.0, "weaselRate": 0.0, "peacockRate": 0.0, "hedgeRate": 0.0, "doxasticRate": 0.0, "loveNum": 0, "anxietyNum": 0, "sorrowNum": 0, "joyNum": 0, "disgustNum": 0, "fearNum": 0, "surpriseNum": 0, "angerNum": 0, "loveRate": 0.0, "anxietyRate": 0.0, "sorrowRate": 0.0, "joyRate": 0.0, "disgustRate": 0.0, "fearRate": 0.0, "surpriseRate": 0.0, "angerRate": 0.0, "slangBeGeneralNum": 0, "slangBeCigaretteNum": 0, "slangBeHumanNum": 0, "slangBeVehicleNum": 0, "slangBeDrugNum": 0, "slangBvNum": 0, "slangBeGeneralRate": 0.0, "slangBeCigaretteRate": 0.0, "slangBeHumanRate": 0.0, "slangBeVehicleRate": 0.0, "slangBeDrugRate": 0.0, "slangBvRate": 0.0, "speechactNum": 0, "quoteNum": 1, "dashNum": 0, "publicNum": 0, "privateNum": 0, "suasiveNum": 0, "discMarkerNum": 0, "smileyNum": 0, "dateNum": 0, "hesitationNum": 0, "restartNum": 0, "repeatNum": 1, "conjBeforeDiscNum": 0, "conjAfterDiscNum": 0, "wordBeforeHesitationNum": 0, "wordAfterHesitationNum": 0, "otherCollocationNum": 0, "speechactRate": 0.0, "quoteRate": 0.0022172949002217295, "dashRate": 0.0, "publicRate": 0.0, "privateRate": 0.0, "suasiveRate": 0.0, "discMarkerRate": 0.0, "smileyRate": 0.0, "dateRate": 0.0, "hesitationRate": 0.0, "restartRate": 0.0, "repeatRate": 0.0022172949002217295, "conjBeforeDiscRate": 0.0, "conjAfterDiscRate": 0.0, "wordBeforeHesitationRate": 0.0, "wordAfterHesitationRate": 0.0, "otherCollocationRate": 0.0, "easyWordNum": 426, "hardWordNum": 25, "easyWordRate": 0.9445676274944568, "hardWordRate": 0.05543237250554324, "fleschReadingEaseScore": 60.329455099778286, "gunningFogIndex": 9.042172949002218, "fleschKincaidGradeLevel": 10.446628603104212, "colemanLiauIndex": 11.664767184035476, "smogIndex": 8.344100000000001, "automatedReadabilityIndex": 11.807594235033264, "linsearWriteIndex": 1.7549889135254988, "author": "", "locationNameNum": 0, "locationNameRate": 0.0, "personNameNum": 0, "personNameRate": 0.0, "organizationNameNum": 0, "organizationNameRate": 0.0, "misspelledNum": 10, "misspelledRate": 0.022172949002217297, "missingAccentNum": 2, "missingAccentRate": 0.004434589800443459, "foreignAccentNum": 0, "foreignAccentRate": 0.0, "wordConcatNum": 2, "wordConcatRate": 0.004434589800443459, "jLyMistakeNum": 1, "jLyMistakeRate": 0.0022172949002217295, "freqSuffixNum": 0, "partsNum": 159, "privateVNum": 0, "publicVNum": 0, "clauseWordNum": 64}