{"tokenNum": 581, "sentenceNum": 33, "lemmaNum": 244, "lemmaRate": 0.4199655765920826, "sentenceLength": 17.606060606060606, "allUpperNum": 0, "firstUpperNum": 46, "allUpperRate": 0.0, "firstUpperRate": 0.07917383820998279, "declarSentNum": 22, "imperSentNum": 2, "questionNum": 9, "declarSentRate": 0.6666666666666666, "imperSentRate": 0.06060606060606061, "questionRate": 0.2727272727272727, "accent": true, "saturation": 2.975609756097561, "paragraphNum": 0, "nounNum": 103, "verbNum": 81, "adjNum": 55, "infNum": 14, "partPastNum": 4, "partPresNum": 4, "partFutNum": 0, "transNum": 3, "xNum": 2, "advNum": 72, "properNounNum": 14, "numNum": 2, "conjNum": 41, "punctNum": 95, "pronNum": 38, "relPronNum": 9, "demPronNum": 28, "adposNum": 3, "multiplePunctNum": 0, "phraseNum": 0, "nounRate": 0.17728055077452667, "verbRate": 0.13941480206540446, "adjRate": 0.09466437177280551, "infRate": 0.024096385542168676, "partPastRate": 0.0068846815834767644, "partPresRate": 0.0068846815834767644, "partFutRate": 0.0, "transRate": 0.0051635111876075735, "xRate": 0.0034423407917383822, "advRate": 0.12392426850258176, "properNounRate": 0.024096385542168676, "numRate": 0.0034423407917383822, "conjRate": 0.07056798623063683, "punctRate": 0.16351118760757316, "pronRate": 0.06540447504302926, "relPronRate": 0.01549053356282272, "demPronRate": 0.04819277108433735, "adposRate": 0.0051635111876075735, "multiplePunctRate": 0.0, "partsDensityRate": 3.792682926829268, "contentfulness": 9.424242424242424, "phraseRate": 0.0, "pastTenseNum": 11, "presentTenseNum": 57, "condNum": 8, "impNum": 4, "freqNum": 0, "causNum": 0, "modalNum": 4, "sg1VerbNum": 29, "sg2VerbNum": 0, "sg3VerbNum": 60, "pl1VerbNum": 5, "pl2VerbNum": 0, "pl3VerbNum": 19, "superlatNum": 0, "comparatNum": 3, "specDerivSuffixNum": 0, "pluralNounNum": 24, "pastTenseRate": 0.13580246913580246, "presentTenseRate": 0.7037037037037037, "condRate": 0.09876543209876543, "impRate": 0.04938271604938271, "freqRate": 0.0, "causRate": 0.0, "modalRate": 0.04938271604938271, "sg1VerbRate": 0.35802469135802467, "sg2VerbRate": 0.0, "sg3VerbRate": 0.7407407407407407, "pl1VerbRate": 0.06172839506172839, "pl2VerbRate": 0.0, "pl3VerbRate": 0.2345679012345679, "superlatRate": 0.0, "comparatRate": 0.05454545454545454, "specDerivSuffixRate": 0.0, "pluralNounRate": 0.23300970873786409, "subjNum": 40, "objNum": 23, "attNum": 36, "subordNum": 27, "adverbNum": 93, "coordNum": 21, "clauseNum": 82, "simpleNum": 8, "complexNum": 25, "complexity1Num": 13, "complexity2Num": 7, "complexity3Num": 2, "compoundNum": 0, "subjRate": 0.06884681583476764, "objRate": 0.039586919104991396, "attRate": 0.06196213425129088, "subordRate": 0.04647160068846816, "adverbRate": 0.16006884681583478, "coordRate": 0.03614457831325301, "partsRate": 2.597560975609756, "clauseRate": 2.484848484848485, "simpleRate": 0.24242424242424243, "complexRate": 0.7575757575757576, "complexity1Rate": 0.3939393939393939, "complexity2Rate": 0.21212121212121213, "complexity3Rate": 0.06060606060606061, "complexClauseRate": 2.96, "sentencesPerParagraph": 0.0, "wordsLengthRate": 5.2633744855967075, "compoundRate": 0.0, "positiveNum": 0, "negativeNum": 0, "precoPositiveNum": 0, "precoNegativeNum": 0, "negemoNum": 0, "negationNum": 15, "functionNum": 270, "contentNum": 311, "vulgarNum": 0, "racistNum": 0, "specStyleNum": 0, "addressingNum": 0, "closingNum": 0, "postscriptNum": 0, "brutalNum": 0, "positiveRate": 0.0, "negativeRate": 0.0, "precoPositiveRate": 0.0, "precoNegativeRate": 0.0, "negemoRate": 0.0, "negationRate": 0.025817555938037865, "functionRate": 0.46471600688468157, "contentRate": 0.5352839931153184, "vulgarRate": 0.0, "racistRate": 0.0, "specStyleRate": 0.0, "addressingRate": 0.0, "closingRate": 0.0, "postscriptRate": 0.0, "brutalRate": 0.0, "epistemicNum": 0, "investNum": 0, "conditionNum": 0, "weaselNum": 0, "peacockNum": 0, "hedgeNum": 0, "doxasticNum": 0, "epistemicRate": 0.0, "investRate": 0.0, "conditionRate": 0.0, "weaselRate": 0.0, "peacockRate": 0.0, "hedgeRate": 0.0, "doxasticRate": 0.0, "loveNum": 0, "anxietyNum": 0, "sorrowNum": 0, "joyNum": 0, "disgustNum": 0, "fearNum": 0, "surpriseNum": 0, "angerNum": 0, "loveRate": 0.0, "anxietyRate": 0.0, "sorrowRate": 0.0, "joyRate": 0.0, "disgustRate": 0.0, "fearRate": 0.0, "surpriseRate": 0.0, "angerRate": 0.0, "slangBeGeneralNum": 0, "slangBeCigaretteNum": 0, "slangBeHumanNum": 0, "slangBeVehicleNum": 0, "slangBeDrugNum": 0, "slangBvNum": 0, "slangBeGeneralRate": 0.0, "slangBeCigaretteRate": 0.0, "slangBeHumanRate": 0.0, "slangBeVehicleRate": 0.0, "slangBeDrugRate": 0.0, "slangBvRate": 0.0, "speechactNum": 0, "quoteNum": 0, "dashNum": 0, "publicNum": 0, "privateNum": 0, "suasiveNum": 0, "discMarkerNum": 0, "smileyNum": 0, "dateNum": 0, "hesitationNum": 0, "restartNum": 0, "repeatNum": 0, "conjBeforeDiscNum": 0, "conjAfterDiscNum": 0, "wordBeforeHesitationNum": 0, "wordAfterHesitationNum": 0, "otherCollocationNum": 0, "speechactRate": 0.0, "quoteRate": 0.0, "dashRate": 0.0, "publicRate": 0.0, "privateRate": 0.0, "suasiveRate": 0.0, "discMarkerRate": 0.0, "smileyRate": 0.0, "dateRate": 0.0, "hesitationRate": 0.0, "restartRate": 0.0, "repeatRate": 0.0, "conjBeforeDiscRate": 0.0, "conjAfterDiscRate": 0.0, "wordBeforeHesitationRate": 0.0, "wordAfterHesitationRate": 0.0, "otherCollocationRate": 0.0, "easyWordNum": 551, "hardWordNum": 30, "easyWordRate": 0.9483648881239243, "hardWordRate": 0.05163511187607573, "fleschReadingEaseScore": 68.54453867417725, "gunningFogIndex": 7.063078287174673, "fleschKincaidGradeLevel": 8.072577061492726, "colemanLiauIndex": 11.095130808950085, "smogIndex": 8.575989854853784, "automatedReadabilityIndex": 8.88013873676524, "linsearWriteIndex": 0.6716215511396233, "author": "", "locationNameNum": 3, "locationNameRate": 0.0051635111876075735, "personNameNum": 1, "personNameRate": 0.0017211703958691911, "organizationNameNum": 2, "organizationNameRate": 0.0034423407917383822, "misspelledNum": 16, "misspelledRate": 0.027538726333907058, "missingAccentNum": 9, "missingAccentRate": 0.01549053356282272, "foreignAccentNum": 0, "foreignAccentRate": 0.0, "wordConcatNum": 2, "wordConcatRate": 0.0034423407917383822, "jLyMistakeNum": 0, "jLyMistakeRate": 0.0, "freqSuffixNum": 0, "partsNum": 213, "privateVNum": 0, "publicVNum": 0, "clauseWordNum": 82}