{"tokenNum": 452, "sentenceNum": 23, "lemmaNum": 197, "lemmaRate": 0.4358407079646018, "sentenceLength": 19.652173913043477, "allUpperNum": 0, "firstUpperNum": 23, "allUpperRate": 0.0, "firstUpperRate": 0.05088495575221239, "declarSentNum": 19, "imperSentNum": 2, "questionNum": 2, "declarSentRate": 0.8260869565217391, "imperSentRate": 0.08695652173913043, "questionRate": 0.08695652173913043, "accent": true, "saturation": 2.6621621621621623, "paragraphNum": 4, "nounNum": 64, "verbNum": 70, "adjNum": 33, "infNum": 9, "partPastNum": 2, "partPresNum": 4, "partFutNum": 0, "transNum": 0, "xNum": 4, "advNum": 52, "properNounNum": 0, "numNum": 1, "conjNum": 45, "punctNum": 82, "pronNum": 57, "relPronNum": 19, "demPronNum": 22, "adposNum": 2, "multiplePunctNum": 0, "phraseNum": 0, "nounRate": 0.1415929203539823, "verbRate": 0.15486725663716813, "adjRate": 0.07300884955752213, "infRate": 0.01991150442477876, "partPastRate": 0.004424778761061947, "partPresRate": 0.008849557522123894, "partFutRate": 0.0, "transRate": 0.0, "xRate": 0.008849557522123894, "advRate": 0.11504424778761062, "properNounRate": 0.0, "numRate": 0.0022123893805309734, "conjRate": 0.09955752212389381, "punctRate": 0.18141592920353983, "pronRate": 0.1261061946902655, "relPronRate": 0.0420353982300885, "demPronRate": 0.048672566371681415, "adposRate": 0.004424778761061947, "multiplePunctRate": 0.0, "partsDensityRate": 2.9594594594594597, "contentfulness": 9.521739130434783, "phraseRate": 0.0, "pastTenseNum": 7, "presentTenseNum": 56, "condNum": 6, "impNum": 16, "freqNum": 0, "causNum": 0, "modalNum": 0, "sg1VerbNum": 32, "sg2VerbNum": 3, "sg3VerbNum": 52, "pl1VerbNum": 7, "pl2VerbNum": 1, "pl3VerbNum": 30, "superlatNum": 0, "comparatNum": 1, "specDerivSuffixNum": 0, "pluralNounNum": 12, "pastTenseRate": 0.1, "presentTenseRate": 0.8, "condRate": 0.08571428571428572, "impRate": 0.22857142857142856, "freqRate": 0.0, "causRate": 0.0, "modalRate": 0.0, "sg1VerbRate": 0.45714285714285713, "sg2VerbRate": 0.04285714285714286, "sg3VerbRate": 0.7428571428571429, "pl1VerbRate": 0.1, "pl2VerbRate": 0.014285714285714285, "pl3VerbRate": 0.42857142857142855, "superlatRate": 0.0, "comparatRate": 0.030303030303030304, "specDerivSuffixRate": 0.0, "pluralNounRate": 0.1875, "subjNum": 32, "objNum": 19, "attNum": 19, "subordNum": 39, "adverbNum": 76, "coordNum": 17, "clauseNum": 74, "simpleNum": 5, "complexNum": 18, "complexity1Num": 2, "complexity2Num": 5, "complexity3Num": 6, "compoundNum": 0, "subjRate": 0.07079646017699115, "objRate": 0.0420353982300885, "attRate": 0.0420353982300885, "subordRate": 0.08628318584070796, "adverbRate": 0.168141592920354, "coordRate": 0.03761061946902655, "partsRate": 2.2027027027027026, "clauseRate": 3.217391304347826, "simpleRate": 0.21739130434782608, "complexRate": 0.782608695652174, "complexity1Rate": 0.08695652173913043, "complexity2Rate": 0.21739130434782608, "complexity3Rate": 0.2608695652173913, "complexClauseRate": 3.8333333333333335, "sentencesPerParagraph": 5.75, "wordsLengthRate": 5.486486486486487, "compoundRate": 0.0, "positiveNum": 0, "negativeNum": 0, "precoPositiveNum": 0, "precoNegativeNum": 0, "negemoNum": 0, "negationNum": 11, "functionNum": 233, "contentNum": 219, "vulgarNum": 0, "racistNum": 0, "specStyleNum": 0, "addressingNum": 0, "closingNum": 0, "postscriptNum": 0, "brutalNum": 0, "positiveRate": 0.0, "negativeRate": 0.0, "precoPositiveRate": 0.0, "precoNegativeRate": 0.0, "negemoRate": 0.0, "negationRate": 0.024336283185840708, "functionRate": 0.5154867256637168, "contentRate": 0.48451327433628316, "vulgarRate": 0.0, "racistRate": 0.0, "specStyleRate": 0.0, "addressingRate": 0.0, "closingRate": 0.0, "postscriptRate": 0.0, "brutalRate": 0.0, "epistemicNum": 0, "investNum": 0, "conditionNum": 0, "weaselNum": 0, "peacockNum": 0, "hedgeNum": 0, "doxasticNum": 0, "epistemicRate": 0.0, "investRate": 0.0, "conditionRate": 0.0, "weaselRate": 0.0, "peacockRate": 0.0, "hedgeRate": 0.0, "doxasticRate": 0.0, "loveNum": 0, "anxietyNum": 0, "sorrowNum": 0, "joyNum": 0, "disgustNum": 0, "fearNum": 0, "surpriseNum": 0, "angerNum": 0, "loveRate": 0.0, "anxietyRate": 0.0, "sorrowRate": 0.0, "joyRate": 0.0, "disgustRate": 0.0, "fearRate": 0.0, "surpriseRate": 0.0, "angerRate": 0.0, "slangBeGeneralNum": 0, "slangBeCigaretteNum": 0, "slangBeHumanNum": 0, "slangBeVehicleNum": 0, "slangBeDrugNum": 0, "slangBvNum": 0, "slangBeGeneralRate": 0.0, "slangBeCigaretteRate": 0.0, "slangBeHumanRate": 0.0, "slangBeVehicleRate": 0.0, "slangBeDrugRate": 0.0, "slangBvRate": 0.0, "speechactNum": 0, "quoteNum": 0, "dashNum": 0, "publicNum": 0, "privateNum": 0, "suasiveNum": 0, "discMarkerNum": 0, "smileyNum": 0, "dateNum": 0, "hesitationNum": 0, "restartNum": 0, "repeatNum": 0, "conjBeforeDiscNum": 0, "conjAfterDiscNum": 0, "wordBeforeHesitationNum": 0, "wordAfterHesitationNum": 0, "otherCollocationNum": 0, "speechactRate": 0.0, "quoteRate": 0.0, "dashRate": 0.0, "publicRate": 0.0, "privateRate": 0.0, "suasiveRate": 0.0, "discMarkerRate": 0.0, "smileyRate": 0.0, "dateRate": 0.0, "hesitationRate": 0.0, "restartRate": 0.0, "repeatRate": 0.0, "conjBeforeDiscRate": 0.0, "conjAfterDiscRate": 0.0, "wordBeforeHesitationRate": 0.0, "wordAfterHesitationRate": 0.0, "otherCollocationRate": 0.0, "easyWordNum": 423, "hardWordNum": 29, "easyWordRate": 0.9358407079646017, "hardWordRate": 0.06415929203539823, "fleschReadingEaseScore": 64.29291073489804, "gunningFogIndex": 7.88653328203155, "fleschKincaidGradeLevel": 9.173905348210852, "colemanLiauIndex": 11.61701548672566, "smogIndex": 8.745826893841286, "automatedReadabilityIndex": 10.3205117352828, "linsearWriteIndex": 1.4336283185840708, "author": "", "locationNameNum": 0, "locationNameRate": 0.0, "personNameNum": 0, "personNameRate": 0.0, "organizationNameNum": 0, "organizationNameRate": 0.0, "misspelledNum": 15, "misspelledRate": 0.033185840707964605, "missingAccentNum": 3, "missingAccentRate": 0.00663716814159292, "foreignAccentNum": 0, "foreignAccentRate": 0.0, "wordConcatNum": 2, "wordConcatRate": 0.004424778761061947, "jLyMistakeNum": 1, "jLyMistakeRate": 0.0022123893805309734, "freqSuffixNum": 0, "partsNum": 163, "privateVNum": 0, "publicVNum": 0, "clauseWordNum": 74}