{"tokenNum": 774, "sentenceNum": 40, "lemmaNum": 300, "lemmaRate": 0.3875968992248062, "sentenceLength": 19.35, "allUpperNum": 0, "firstUpperNum": 39, "allUpperRate": 0.0, "firstUpperRate": 0.050387596899224806, "declarSentNum": 27, "imperSentNum": 6, "questionNum": 7, "declarSentRate": 0.675, "imperSentRate": 0.15, "questionRate": 0.175, "accent": true, "saturation": 2.3255813953488373, "paragraphNum": 6, "nounNum": 91, "verbNum": 115, "adjNum": 71, "infNum": 14, "partPastNum": 1, "partPresNum": 2, "partFutNum": 0, "transNum": 0, "xNum": 6, "advNum": 102, "properNounNum": 2, "numNum": 4, "conjNum": 84, "punctNum": 147, "pronNum": 70, "relPronNum": 12, "demPronNum": 47, "adposNum": 1, "multiplePunctNum": 1, "phraseNum": 0, "nounRate": 0.11757105943152454, "verbRate": 0.14857881136950904, "adjRate": 0.0917312661498708, "infRate": 0.01808785529715762, "partPastRate": 0.0012919896640826874, "partPresRate": 0.002583979328165375, "partFutRate": 0.0, "transRate": 0.0, "xRate": 0.007751937984496124, "advRate": 0.13178294573643412, "properNounRate": 0.002583979328165375, "numRate": 0.00516795865633075, "conjRate": 0.10852713178294573, "punctRate": 0.18992248062015504, "pronRate": 0.09043927648578812, "relPronRate": 0.015503875968992248, "demPronRate": 0.060723514211886306, "adposRate": 0.0012919896640826874, "multiplePunctRate": 0.006802721088435374, "partsDensityRate": 2.937984496124031, "contentfulness": 9.475, "phraseRate": 0.0, "pastTenseNum": 12, "presentTenseNum": 90, "condNum": 4, "impNum": 25, "freqNum": 0, "causNum": 0, "modalNum": 4, "sg1VerbNum": 19, "sg2VerbNum": 18, "sg3VerbNum": 90, "pl1VerbNum": 27, "pl2VerbNum": 4, "pl3VerbNum": 20, "superlatNum": 3, "comparatNum": 3, "specDerivSuffixNum": 0, "pluralNounNum": 18, "pastTenseRate": 0.10434782608695652, "presentTenseRate": 0.782608695652174, "condRate": 0.034782608695652174, "impRate": 0.21739130434782608, "freqRate": 0.0, "causRate": 0.0, "modalRate": 0.034782608695652174, "sg1VerbRate": 0.16521739130434782, "sg2VerbRate": 0.1565217391304348, "sg3VerbRate": 0.782608695652174, "pl1VerbRate": 0.23478260869565218, "pl2VerbRate": 0.034782608695652174, "pl3VerbRate": 0.17391304347826086, "superlatRate": 0.04225352112676056, "comparatRate": 0.04225352112676056, "specDerivSuffixRate": 0.0, "pluralNounRate": 0.1978021978021978, "subjNum": 54, "objNum": 35, "attNum": 28, "subordNum": 46, "adverbNum": 148, "coordNum": 41, "clauseNum": 129, "simpleNum": 12, "complexNum": 28, "complexity1Num": 8, "complexity2Num": 6, "complexity3Num": 3, "compoundNum": 0, "subjRate": 0.06976744186046512, "objRate": 0.04521963824289406, "attRate": 0.03617571059431524, "subordRate": 0.059431524547803614, "adverbRate": 0.19121447028423771, "coordRate": 0.05297157622739018, "partsRate": 2.372093023255814, "clauseRate": 3.225, "simpleRate": 0.3, "complexRate": 0.7, "complexity1Rate": 0.2, "complexity2Rate": 0.15, "complexity3Rate": 0.075, "complexClauseRate": 4.178571428571429, "sentencesPerParagraph": 6.666666666666667, "wordsLengthRate": 5.236044657097288, "compoundRate": 0.0, "positiveNum": 0, "negativeNum": 0, "precoPositiveNum": 0, "precoNegativeNum": 0, "negemoNum": 0, "negationNum": 22, "functionNum": 395, "contentNum": 379, "vulgarNum": 0, "racistNum": 0, "specStyleNum": 0, "addressingNum": 0, "closingNum": 0, "postscriptNum": 0, "brutalNum": 0, "positiveRate": 0.0, "negativeRate": 0.0, "precoPositiveRate": 0.0, "precoNegativeRate": 0.0, "negemoRate": 0.0, "negationRate": 0.028423772609819122, "functionRate": 0.5103359173126615, "contentRate": 0.4896640826873385, "vulgarRate": 0.0, "racistRate": 0.0, "specStyleRate": 0.0, "addressingRate": 0.0, "closingRate": 0.0, "postscriptRate": 0.0, "brutalRate": 0.0, "epistemicNum": 0, "investNum": 0, "conditionNum": 0, "weaselNum": 0, "peacockNum": 0, "hedgeNum": 0, "doxasticNum": 0, "epistemicRate": 0.0, "investRate": 0.0, "conditionRate": 0.0, "weaselRate": 0.0, "peacockRate": 0.0, "hedgeRate": 0.0, "doxasticRate": 0.0, "loveNum": 0, "anxietyNum": 0, "sorrowNum": 0, "joyNum": 0, "disgustNum": 0, "fearNum": 0, "surpriseNum": 0, "angerNum": 0, "loveRate": 0.0, "anxietyRate": 0.0, "sorrowRate": 0.0, "joyRate": 0.0, "disgustRate": 0.0, "fearRate": 0.0, "surpriseRate": 0.0, "angerRate": 0.0, "slangBeGeneralNum": 0, "slangBeCigaretteNum": 0, "slangBeHumanNum": 0, "slangBeVehicleNum": 0, "slangBeDrugNum": 0, "slangBvNum": 0, "slangBeGeneralRate": 0.0, "slangBeCigaretteRate": 0.0, "slangBeHumanRate": 0.0, "slangBeVehicleRate": 0.0, "slangBeDrugRate": 0.0, "slangBvRate": 0.0, "speechactNum": 0, "quoteNum": 2, "dashNum": 0, "publicNum": 0, "privateNum": 0, "suasiveNum": 0, "discMarkerNum": 0, "smileyNum": 0, "dateNum": 0, "hesitationNum": 0, "restartNum": 0, "repeatNum": 0, "conjBeforeDiscNum": 0, "conjAfterDiscNum": 0, "wordBeforeHesitationNum": 0, "wordAfterHesitationNum": 0, "otherCollocationNum": 0, "speechactRate": 0.0, "quoteRate": 0.002583979328165375, "dashRate": 0.0, "publicRate": 0.0, "privateRate": 0.0, "suasiveRate": 0.0, "discMarkerRate": 0.0, "smileyRate": 0.0, "dateRate": 0.0, "hesitationRate": 0.0, "restartRate": 0.0, "repeatRate": 0.0, "conjBeforeDiscRate": 0.0, "conjAfterDiscRate": 0.0, "wordBeforeHesitationRate": 0.0, "wordAfterHesitationRate": 0.0, "otherCollocationRate": 0.0, "easyWordNum": 741, "hardWordNum": 33, "easyWordRate": 0.9573643410852714, "hardWordRate": 0.04263565891472868, "fleschReadingEaseScore": 71.66219186046513, "gunningFogIndex": 7.757054263565893, "fleschKincaidGradeLevel": 8.070970284237728, "colemanLiauIndex": 10.225426356589143, "smogIndex": 8.317959484511022, "automatedReadabilityIndex": 9.056627906976743, "linsearWriteIndex": 0.3468992248062013, "author": "", "locationNameNum": 0, "locationNameRate": 0.0, "personNameNum": 0, "personNameRate": 0.0, "organizationNameNum": 0, "organizationNameRate": 0.0, "misspelledNum": 5, "misspelledRate": 0.006459948320413436, "missingAccentNum": 1, "missingAccentRate": 0.0012919896640826874, "foreignAccentNum": 0, "foreignAccentRate": 0.0, "wordConcatNum": 0, "wordConcatRate": 0.0, "jLyMistakeNum": 0, "jLyMistakeRate": 0.0, "freqSuffixNum": 0, "partsNum": 306, "privateVNum": 0, "publicVNum": 0, "clauseWordNum": 129}