{"tokenNum": 455, "sentenceNum": 26, "lemmaNum": 192, "lemmaRate": 0.421978021978022, "sentenceLength": 17.5, "allUpperNum": 0, "firstUpperNum": 26, "allUpperRate": 0.0, "firstUpperRate": 0.05714285714285714, "declarSentNum": 5, "imperSentNum": 17, "questionNum": 4, "declarSentRate": 0.19230769230769232, "imperSentRate": 0.6538461538461539, "questionRate": 0.15384615384615385, "accent": true, "saturation": 2.4935064935064934, "paragraphNum": 3, "nounNum": 77, "verbNum": 65, "adjNum": 42, "infNum": 7, "partPastNum": 1, "partPresNum": 2, "partFutNum": 0, "transNum": 1, "xNum": 3, "advNum": 49, "properNounNum": 0, "numNum": 0, "conjNum": 35, "punctNum": 85, "pronNum": 31, "relPronNum": 10, "demPronNum": 22, "adposNum": 2, "multiplePunctNum": 1, "phraseNum": 0, "nounRate": 0.16923076923076924, "verbRate": 0.14285714285714285, "adjRate": 0.09230769230769231, "infRate": 0.015384615384615385, "partPastRate": 0.002197802197802198, "partPresRate": 0.004395604395604396, "partFutRate": 0.0, "transRate": 0.002197802197802198, "xRate": 0.006593406593406593, "advRate": 0.1076923076923077, "properNounRate": 0.0, "numRate": 0.0, "conjRate": 0.07692307692307693, "punctRate": 0.18681318681318682, "pronRate": 0.06813186813186813, "relPronRate": 0.02197802197802198, "demPronRate": 0.04835164835164835, "adposRate": 0.004395604395604396, "multiplePunctRate": 0.011764705882352941, "partsDensityRate": 3.0259740259740258, "contentfulness": 8.961538461538462, "phraseRate": 0.0, "pastTenseNum": 4, "presentTenseNum": 54, "condNum": 2, "impNum": 5, "freqNum": 0, "causNum": 0, "modalNum": 2, "sg1VerbNum": 7, "sg2VerbNum": 0, "sg3VerbNum": 59, "pl1VerbNum": 7, "pl2VerbNum": 0, "pl3VerbNum": 24, "superlatNum": 0, "comparatNum": 1, "specDerivSuffixNum": 0, "pluralNounNum": 13, "pastTenseRate": 0.06153846153846154, "presentTenseRate": 0.8307692307692308, "condRate": 0.03076923076923077, "impRate": 0.07692307692307693, "freqRate": 0.0, "causRate": 0.0, "modalRate": 0.03076923076923077, "sg1VerbRate": 0.1076923076923077, "sg2VerbRate": 0.0, "sg3VerbRate": 0.9076923076923077, "pl1VerbRate": 0.1076923076923077, "pl2VerbRate": 0.0, "pl3VerbRate": 0.36923076923076925, "superlatRate": 0.0, "comparatRate": 0.023809523809523808, "specDerivSuffixRate": 0.0, "pluralNounRate": 0.16883116883116883, "subjNum": 40, "objNum": 18, "attNum": 26, "subordNum": 29, "adverbNum": 60, "coordNum": 22, "clauseNum": 77, "simpleNum": 5, "complexNum": 21, "complexity1Num": 7, "complexity2Num": 6, "complexity3Num": 2, "compoundNum": 0, "subjRate": 0.08791208791208792, "objRate": 0.03956043956043956, "attRate": 0.05714285714285714, "subordRate": 0.06373626373626373, "adverbRate": 0.13186813186813187, "coordRate": 0.04835164835164835, "partsRate": 2.155844155844156, "clauseRate": 2.9615384615384617, "simpleRate": 0.19230769230769232, "complexRate": 0.8076923076923077, "complexity1Rate": 0.2692307692307692, "complexity2Rate": 0.23076923076923078, "complexity3Rate": 0.07692307692307693, "complexClauseRate": 3.4285714285714284, "sentencesPerParagraph": 8.666666666666666, "wordsLengthRate": 5.027027027027027, "compoundRate": 0.0, "positiveNum": 0, "negativeNum": 0, "precoPositiveNum": 0, "precoNegativeNum": 0, "negemoNum": 0, "negationNum": 17, "functionNum": 222, "contentNum": 233, "vulgarNum": 0, "racistNum": 0, "specStyleNum": 0, "addressingNum": 0, "closingNum": 0, "postscriptNum": 0, "brutalNum": 0, "positiveRate": 0.0, "negativeRate": 0.0, "precoPositiveRate": 0.0, "precoNegativeRate": 0.0, "negemoRate": 0.0, "negationRate": 0.03736263736263736, "functionRate": 0.4879120879120879, "contentRate": 0.512087912087912, "vulgarRate": 0.0, "racistRate": 0.0, "specStyleRate": 0.0, "addressingRate": 0.0, "closingRate": 0.0, "postscriptRate": 0.0, "brutalRate": 0.0, "epistemicNum": 0, "investNum": 0, "conditionNum": 0, "weaselNum": 0, "peacockNum": 0, "hedgeNum": 0, "doxasticNum": 0, "epistemicRate": 0.0, "investRate": 0.0, "conditionRate": 0.0, "weaselRate": 0.0, "peacockRate": 0.0, "hedgeRate": 0.0, "doxasticRate": 0.0, "loveNum": 0, "anxietyNum": 0, "sorrowNum": 0, "joyNum": 0, "disgustNum": 0, "fearNum": 0, "surpriseNum": 0, "angerNum": 0, "loveRate": 0.0, "anxietyRate": 0.0, "sorrowRate": 0.0, "joyRate": 0.0, "disgustRate": 0.0, "fearRate": 0.0, "surpriseRate": 0.0, "angerRate": 0.0, "slangBeGeneralNum": 0, "slangBeCigaretteNum": 0, "slangBeHumanNum": 0, "slangBeVehicleNum": 0, "slangBeDrugNum": 0, "slangBvNum": 0, "slangBeGeneralRate": 0.0, "slangBeCigaretteRate": 0.0, "slangBeHumanRate": 0.0, "slangBeVehicleRate": 0.0, "slangBeDrugRate": 0.0, "slangBvRate": 0.0, "speechactNum": 0, "quoteNum": 0, "dashNum": 0, "publicNum": 0, "privateNum": 0, "suasiveNum": 0, "discMarkerNum": 0, "smileyNum": 0, "dateNum": 0, "hesitationNum": 0, "restartNum": 0, "repeatNum": 0, "conjBeforeDiscNum": 0, "conjAfterDiscNum": 0, "wordBeforeHesitationNum": 0, "wordAfterHesitationNum": 0, "otherCollocationNum": 0, "speechactRate": 0.0, "quoteRate": 0.0, "dashRate": 0.0, "publicRate": 0.0, "privateRate": 0.0, "suasiveRate": 0.0, "discMarkerRate": 0.0, "smileyRate": 0.0, "dateRate": 0.0, "hesitationRate": 0.0, "restartRate": 0.0, "repeatRate": 0.0, "conjBeforeDiscRate": 0.0, "conjAfterDiscRate": 0.0, "wordBeforeHesitationRate": 0.0, "wordAfterHesitationRate": 0.0, "otherCollocationRate": 0.0, "easyWordNum": 441, "hardWordNum": 14, "easyWordRate": 0.9692307692307692, "hardWordRate": 0.03076923076923077, "fleschReadingEaseScore": 75.09491758241761, "gunningFogIndex": 7.012307692307693, "fleschKincaidGradeLevel": 7.1325824175824195, "colemanLiauIndex": 9.390905494505493, "smogIndex": 7.03164865440522, "automatedReadabilityIndex": 7.464307692307692, "linsearWriteIndex": 1.0287404902789516, "author": "", "locationNameNum": 0, "locationNameRate": 0.0, "personNameNum": 0, "personNameRate": 0.0, "organizationNameNum": 0, "organizationNameRate": 0.0, "misspelledNum": 4, "misspelledRate": 0.008791208791208791, "missingAccentNum": 1, "missingAccentRate": 0.002197802197802198, "foreignAccentNum": 0, "foreignAccentRate": 0.0, "wordConcatNum": 0, "wordConcatRate": 0.0, "jLyMistakeNum": 1, "jLyMistakeRate": 0.002197802197802198, "freqSuffixNum": 0, "partsNum": 166, "privateVNum": 0, "publicVNum": 0, "clauseWordNum": 77}