{"tokenNum": 373, "sentenceNum": 25, "lemmaNum": 191, "lemmaRate": 0.5120643431635389, "sentenceLength": 14.92, "allUpperNum": 1, "firstUpperNum": 28, "allUpperRate": 0.002680965147453083, "firstUpperRate": 0.07506702412868632, "declarSentNum": 23, "imperSentNum": 2, "questionNum": 0, "declarSentRate": 0.92, "imperSentRate": 0.08, "questionRate": 0.0, "accent": true, "saturation": 3.4727272727272727, "paragraphNum": 0, "nounNum": 65, "verbNum": 57, "adjNum": 33, "infNum": 8, "partPastNum": 0, "partPresNum": 3, "partFutNum": 0, "transNum": 1, "xNum": 4, "advNum": 44, "properNounNum": 4, "numNum": 0, "conjNum": 40, "punctNum": 59, "pronNum": 31, "relPronNum": 8, "demPronNum": 16, "adposNum": 3, "multiplePunctNum": 0, "phraseNum": 0, "nounRate": 0.1742627345844504, "verbRate": 0.15281501340482573, "adjRate": 0.08847184986595175, "infRate": 0.021447721179624665, "partPastRate": 0.0, "partPresRate": 0.00804289544235925, "partFutRate": 0.0, "transRate": 0.002680965147453083, "xRate": 0.010723860589812333, "advRate": 0.11796246648793565, "properNounRate": 0.010723860589812333, "numRate": 0.0, "conjRate": 0.10723860589812333, "punctRate": 0.1581769436997319, "pronRate": 0.08310991957104558, "relPronRate": 0.021447721179624665, "demPronRate": 0.04289544235924933, "adposRate": 0.00804289544235925, "multiplePunctRate": 0.0, "partsDensityRate": 3.618181818181818, "contentfulness": 7.96, "phraseRate": 0.0, "pastTenseNum": 5, "presentTenseNum": 44, "condNum": 4, "impNum": 9, "freqNum": 0, "causNum": 0, "modalNum": 3, "sg1VerbNum": 12, "sg2VerbNum": 6, "sg3VerbNum": 41, "pl1VerbNum": 7, "pl2VerbNum": 2, "pl3VerbNum": 15, "superlatNum": 1, "comparatNum": 2, "specDerivSuffixNum": 0, "pluralNounNum": 15, "pastTenseRate": 0.08771929824561403, "presentTenseRate": 0.7719298245614035, "condRate": 0.07017543859649122, "impRate": 0.15789473684210525, "freqRate": 0.0, "causRate": 0.0, "modalRate": 0.05263157894736842, "sg1VerbRate": 0.21052631578947367, "sg2VerbRate": 0.10526315789473684, "sg3VerbRate": 0.7192982456140351, "pl1VerbRate": 0.12280701754385964, "pl2VerbRate": 0.03508771929824561, "pl3VerbRate": 0.2631578947368421, "superlatRate": 0.030303030303030304, "comparatRate": 0.06060606060606061, "specDerivSuffixRate": 0.0, "pluralNounRate": 0.23076923076923078, "subjNum": 25, "objNum": 14, "attNum": 17, "subordNum": 19, "adverbNum": 58, "coordNum": 17, "clauseNum": 55, "simpleNum": 7, "complexNum": 18, "complexity1Num": 11, "complexity2Num": 4, "complexity3Num": 1, "compoundNum": 0, "subjRate": 0.06702412868632708, "objRate": 0.03753351206434316, "attRate": 0.045576407506702415, "subordRate": 0.05093833780160858, "adverbRate": 0.1554959785522788, "coordRate": 0.045576407506702415, "partsRate": 2.381818181818182, "clauseRate": 2.2, "simpleRate": 0.28, "complexRate": 0.72, "complexity1Rate": 0.44, "complexity2Rate": 0.16, "complexity3Rate": 0.04, "complexClauseRate": 2.6666666666666665, "sentencesPerParagraph": 0.0, "wordsLengthRate": 5.726114649681529, "compoundRate": 0.0, "positiveNum": 0, "negativeNum": 0, "precoPositiveNum": 0, "precoNegativeNum": 0, "negemoNum": 0, "negationNum": 9, "functionNum": 174, "contentNum": 199, "vulgarNum": 0, "racistNum": 0, "specStyleNum": 0, "addressingNum": 0, "closingNum": 0, "postscriptNum": 0, "brutalNum": 0, "positiveRate": 0.0, "negativeRate": 0.0, "precoPositiveRate": 0.0, "precoNegativeRate": 0.0, "negemoRate": 0.0, "negationRate": 0.024128686327077747, "functionRate": 0.46648793565683644, "contentRate": 0.5335120643431636, "vulgarRate": 0.0, "racistRate": 0.0, "specStyleRate": 0.0, "addressingRate": 0.0, "closingRate": 0.0, "postscriptRate": 0.0, "brutalRate": 0.0, "epistemicNum": 0, "investNum": 0, "conditionNum": 0, "weaselNum": 0, "peacockNum": 0, "hedgeNum": 0, "doxasticNum": 0, "epistemicRate": 0.0, "investRate": 0.0, "conditionRate": 0.0, "weaselRate": 0.0, "peacockRate": 0.0, "hedgeRate": 0.0, "doxasticRate": 0.0, "loveNum": 0, "anxietyNum": 0, "sorrowNum": 0, "joyNum": 0, "disgustNum": 0, "fearNum": 0, "surpriseNum": 0, "angerNum": 0, "loveRate": 0.0, "anxietyRate": 0.0, "sorrowRate": 0.0, "joyRate": 0.0, "disgustRate": 0.0, "fearRate": 0.0, "surpriseRate": 0.0, "angerRate": 0.0, "slangBeGeneralNum": 0, "slangBeCigaretteNum": 0, "slangBeHumanNum": 0, "slangBeVehicleNum": 0, "slangBeDrugNum": 0, "slangBvNum": 0, "slangBeGeneralRate": 0.0, "slangBeCigaretteRate": 0.0, "slangBeHumanRate": 0.0, "slangBeVehicleRate": 0.0, "slangBeDrugRate": 0.0, "slangBvRate": 0.0, "speechactNum": 0, "quoteNum": 0, "dashNum": 0, "publicNum": 0, "privateNum": 0, "suasiveNum": 0, "discMarkerNum": 0, "smileyNum": 0, "dateNum": 0, "hesitationNum": 0, "restartNum": 0, "repeatNum": 0, "conjBeforeDiscNum": 0, "conjAfterDiscNum": 0, "wordBeforeHesitationNum": 0, "wordAfterHesitationNum": 0, "otherCollocationNum": 0, "speechactRate": 0.0, "quoteRate": 0.0, "dashRate": 0.0, "publicRate": 0.0, "privateRate": 0.0, "suasiveRate": 0.0, "discMarkerRate": 0.0, "smileyRate": 0.0, "dateRate": 0.0, "hesitationRate": 0.0, "restartRate": 0.0, "repeatRate": 0.0, "conjBeforeDiscRate": 0.0, "conjAfterDiscRate": 0.0, "wordBeforeHesitationRate": 0.0, "wordAfterHesitationRate": 0.0, "otherCollocationRate": 0.0, "easyWordNum": 341, "hardWordNum": 32, "easyWordRate": 0.9142091152815014, "hardWordRate": 0.08579088471849866, "fleschReadingEaseScore": 55.37859946380698, "gunningFogIndex": 6.0023163538874, "fleschKincaidGradeLevel": 9.241668632707775, "colemanLiauIndex": 13.523471849865949, "smogIndex": 9.029198982220553, "automatedReadabilityIndex": 9.478981233243967, "linsearWriteIndex": 1.3431635388739949, "author": "", "locationNameNum": 0, "locationNameRate": 0.0, "personNameNum": 1, "personNameRate": 0.002680965147453083, "organizationNameNum": 0, "organizationNameRate": 0.0, "misspelledNum": 21, "misspelledRate": 0.05630026809651475, "missingAccentNum": 6, "missingAccentRate": 0.0160857908847185, "foreignAccentNum": 1, "foreignAccentRate": 0.002680965147453083, "wordConcatNum": 1, "wordConcatRate": 0.002680965147453083, "jLyMistakeNum": 0, "jLyMistakeRate": 0.0, "freqSuffixNum": 0, "partsNum": 131, "privateVNum": 0, "publicVNum": 0, "clauseWordNum": 55}