{"tokenNum": 428, "sentenceNum": 26, "lemmaNum": 228, "lemmaRate": 0.5327102803738317, "sentenceLength": 16.46153846153846, "allUpperNum": 0, "firstUpperNum": 29, "allUpperRate": 0.0, "firstUpperRate": 0.06775700934579439, "declarSentNum": 15, "imperSentNum": 9, "questionNum": 2, "declarSentRate": 0.5769230769230769, "imperSentRate": 0.34615384615384615, "questionRate": 0.07692307692307693, "accent": true, "saturation": 2.7142857142857144, "paragraphNum": 0, "nounNum": 74, "verbNum": 71, "adjNum": 48, "infNum": 8, "partPastNum": 1, "partPresNum": 3, "partFutNum": 0, "transNum": 0, "xNum": 2, "advNum": 30, "properNounNum": 3, "numNum": 2, "conjNum": 32, "punctNum": 91, "pronNum": 20, "relPronNum": 2, "demPronNum": 14, "adposNum": 1, "multiplePunctNum": 0, "phraseNum": 0, "nounRate": 0.17289719626168223, "verbRate": 0.1658878504672897, "adjRate": 0.11214953271028037, "infRate": 0.018691588785046728, "partPastRate": 0.002336448598130841, "partPresRate": 0.007009345794392523, "partFutRate": 0.0, "transRate": 0.0, "xRate": 0.004672897196261682, "advRate": 0.07009345794392523, "properNounRate": 0.007009345794392523, "numRate": 0.004672897196261682, "conjRate": 0.07476635514018691, "punctRate": 0.21261682242990654, "pronRate": 0.04672897196261682, "relPronRate": 0.004672897196261682, "demPronRate": 0.03271028037383177, "adposRate": 0.002336448598130841, "multiplePunctRate": 0.0, "partsDensityRate": 2.6547619047619047, "contentfulness": 8.576923076923077, "phraseRate": 0.0, "pastTenseNum": 16, "presentTenseNum": 47, "condNum": 3, "impNum": 2, "freqNum": 0, "causNum": 0, "modalNum": 2, "sg1VerbNum": 26, "sg2VerbNum": 0, "sg3VerbNum": 41, "pl1VerbNum": 14, "pl2VerbNum": 1, "pl3VerbNum": 3, "superlatNum": 0, "comparatNum": 1, "specDerivSuffixNum": 0, "pluralNounNum": 10, "pastTenseRate": 0.22535211267605634, "presentTenseRate": 0.6619718309859155, "condRate": 0.04225352112676056, "impRate": 0.028169014084507043, "freqRate": 0.0, "causRate": 0.0, "modalRate": 0.028169014084507043, "sg1VerbRate": 0.36619718309859156, "sg2VerbRate": 0.0, "sg3VerbRate": 0.5774647887323944, "pl1VerbRate": 0.19718309859154928, "pl2VerbRate": 0.014084507042253521, "pl3VerbRate": 0.04225352112676056, "superlatRate": 0.0, "comparatRate": 0.020833333333333332, "specDerivSuffixRate": 0.0, "pluralNounRate": 0.13513513513513514, "subjNum": 19, "objNum": 16, "attNum": 34, "subordNum": 20, "adverbNum": 51, "coordNum": 28, "clauseNum": 84, "simpleNum": 3, "complexNum": 23, "complexity1Num": 10, "complexity2Num": 3, "complexity3Num": 4, "compoundNum": 0, "subjRate": 0.04439252336448598, "objRate": 0.037383177570093455, "attRate": 0.0794392523364486, "subordRate": 0.04672897196261682, "adverbRate": 0.1191588785046729, "coordRate": 0.06542056074766354, "partsRate": 1.7619047619047619, "clauseRate": 3.230769230769231, "simpleRate": 0.11538461538461539, "complexRate": 0.8846153846153846, "complexity1Rate": 0.38461538461538464, "complexity2Rate": 0.11538461538461539, "complexity3Rate": 0.15384615384615385, "complexClauseRate": 3.5217391304347827, "sentencesPerParagraph": 0.0, "wordsLengthRate": 5.718100890207715, "compoundRate": 0.0, "positiveNum": 0, "negativeNum": 0, "precoPositiveNum": 0, "precoNegativeNum": 0, "negemoNum": 0, "negationNum": 3, "functionNum": 205, "contentNum": 223, "vulgarNum": 0, "racistNum": 0, "specStyleNum": 0, "addressingNum": 0, "closingNum": 0, "postscriptNum": 0, "brutalNum": 0, "positiveRate": 0.0, "negativeRate": 0.0, "precoPositiveRate": 0.0, "precoNegativeRate": 0.0, "negemoRate": 0.0, "negationRate": 0.007009345794392523, "functionRate": 0.47897196261682246, "contentRate": 0.5210280373831776, "vulgarRate": 0.0, "racistRate": 0.0, "specStyleRate": 0.0, "addressingRate": 0.0, "closingRate": 0.0, "postscriptRate": 0.0, "brutalRate": 0.0, "epistemicNum": 0, "investNum": 0, "conditionNum": 0, "weaselNum": 0, "peacockNum": 0, "hedgeNum": 0, "doxasticNum": 0, "epistemicRate": 0.0, "investRate": 0.0, "conditionRate": 0.0, "weaselRate": 0.0, "peacockRate": 0.0, "hedgeRate": 0.0, "doxasticRate": 0.0, "loveNum": 0, "anxietyNum": 0, "sorrowNum": 0, "joyNum": 0, "disgustNum": 0, "fearNum": 0, "surpriseNum": 0, "angerNum": 0, "loveRate": 0.0, "anxietyRate": 0.0, "sorrowRate": 0.0, "joyRate": 0.0, "disgustRate": 0.0, "fearRate": 0.0, "surpriseRate": 0.0, "angerRate": 0.0, "slangBeGeneralNum": 0, "slangBeCigaretteNum": 0, "slangBeHumanNum": 0, "slangBeVehicleNum": 0, "slangBeDrugNum": 0, "slangBvNum": 0, "slangBeGeneralRate": 0.0, "slangBeCigaretteRate": 0.0, "slangBeHumanRate": 0.0, "slangBeVehicleRate": 0.0, "slangBeDrugRate": 0.0, "slangBvRate": 0.0, "speechactNum": 0, "quoteNum": 0, "dashNum": 0, "publicNum": 0, "privateNum": 0, "suasiveNum": 0, "discMarkerNum": 0, "smileyNum": 0, "dateNum": 0, "hesitationNum": 0, "restartNum": 0, "repeatNum": 0, "conjBeforeDiscNum": 0, "conjAfterDiscNum": 0, "wordBeforeHesitationNum": 0, "wordAfterHesitationNum": 0, "otherCollocationNum": 0, "speechactRate": 0.0, "quoteRate": 0.0, "dashRate": 0.0, "publicRate": 0.0, "privateRate": 0.0, "suasiveRate": 0.0, "discMarkerRate": 0.0, "smileyRate": 0.0, "dateRate": 0.0, "hesitationRate": 0.0, "restartRate": 0.0, "repeatRate": 0.0, "conjBeforeDiscRate": 0.0, "conjAfterDiscRate": 0.0, "wordBeforeHesitationRate": 0.0, "wordAfterHesitationRate": 0.0, "otherCollocationRate": 0.0, "easyWordNum": 395, "hardWordNum": 33, "easyWordRate": 0.9228971962616822, "hardWordRate": 0.07710280373831775, "fleschReadingEaseScore": 62.435884255931015, "gunningFogIndex": 6.615456506110711, "fleschKincaidGradeLevel": 8.640280373831775, "colemanLiauIndex": 11.970892523364487, "smogIndex": 9.120678840339163, "automatedReadabilityIndex": 9.008199137311287, "linsearWriteIndex": 1.2196261682242988, "author": "", "locationNameNum": 0, "locationNameRate": 0.0, "personNameNum": 1, "personNameRate": 0.002336448598130841, "organizationNameNum": 1, "organizationNameRate": 0.002336448598130841, "misspelledNum": 35, "misspelledRate": 0.08177570093457943, "missingAccentNum": 5, "missingAccentRate": 0.011682242990654205, "foreignAccentNum": 0, "foreignAccentRate": 0.0, "wordConcatNum": 2, "wordConcatRate": 0.004672897196261682, "jLyMistakeNum": 1, "jLyMistakeRate": 0.002336448598130841, "freqSuffixNum": 0, "partsNum": 148, "privateVNum": 0, "publicVNum": 0, "clauseWordNum": 84}