{"tokenNum": 566, "sentenceNum": 21, "lemmaNum": 211, "lemmaRate": 0.37279151943462896, "sentenceLength": 26.952380952380953, "allUpperNum": 0, "firstUpperNum": 20, "allUpperRate": 0.0, "firstUpperRate": 0.0353356890459364, "declarSentNum": 20, "imperSentNum": 1, "questionNum": 0, "declarSentRate": 0.9523809523809523, "imperSentRate": 0.047619047619047616, "questionRate": 0.0, "accent": true, "saturation": 2.0686274509803924, "paragraphNum": 0, "nounNum": 71, "verbNum": 86, "adjNum": 30, "infNum": 8, "partPastNum": 1, "partPresNum": 0, "partFutNum": 0, "transNum": 0, "xNum": 2, "advNum": 63, "properNounNum": 0, "numNum": 0, "conjNum": 66, "punctNum": 105, "pronNum": 73, "relPronNum": 13, "demPronNum": 40, "adposNum": 2, "multiplePunctNum": 0, "phraseNum": 0, "nounRate": 0.1254416961130742, "verbRate": 0.1519434628975265, "adjRate": 0.053003533568904596, "infRate": 0.014134275618374558, "partPastRate": 0.0017667844522968198, "partPresRate": 0.0, "partFutRate": 0.0, "transRate": 0.0, "xRate": 0.0035335689045936395, "advRate": 0.11130742049469965, "properNounRate": 0.0, "numRate": 0.0, "conjRate": 0.1166077738515901, "punctRate": 0.1855123674911661, "pronRate": 0.12897526501766785, "relPronRate": 0.022968197879858657, "demPronRate": 0.0706713780918728, "adposRate": 0.0035335689045936395, "multiplePunctRate": 0.0, "partsDensityRate": 2.450980392156863, "contentfulness": 11.904761904761905, "phraseRate": 0.0, "pastTenseNum": 8, "presentTenseNum": 71, "condNum": 9, "impNum": 7, "freqNum": 0, "causNum": 0, "modalNum": 2, "sg1VerbNum": 37, "sg2VerbNum": 0, "sg3VerbNum": 89, "pl1VerbNum": 18, "pl2VerbNum": 1, "pl3VerbNum": 14, "superlatNum": 0, "comparatNum": 0, "specDerivSuffixNum": 0, "pluralNounNum": 7, "pastTenseRate": 0.09302325581395349, "presentTenseRate": 0.8255813953488372, "condRate": 0.10465116279069768, "impRate": 0.08139534883720931, "freqRate": 0.0, "causRate": 0.0, "modalRate": 0.023255813953488372, "sg1VerbRate": 0.43023255813953487, "sg2VerbRate": 0.0, "sg3VerbRate": 1.0348837209302326, "pl1VerbRate": 0.20930232558139536, "pl2VerbRate": 0.011627906976744186, "pl3VerbRate": 0.16279069767441862, "superlatRate": 0.0, "comparatRate": 0.0, "specDerivSuffixRate": 0.0, "pluralNounRate": 0.09859154929577464, "subjNum": 50, "objNum": 30, "attNum": 21, "subordNum": 50, "adverbNum": 90, "coordNum": 23, "clauseNum": 102, "simpleNum": 1, "complexNum": 20, "complexity1Num": 1, "complexity2Num": 6, "complexity3Num": 3, "compoundNum": 0, "subjRate": 0.08833922261484099, "objRate": 0.053003533568904596, "attRate": 0.037102473498233215, "subordRate": 0.08833922261484099, "adverbRate": 0.15901060070671377, "coordRate": 0.04063604240282685, "partsRate": 2.0980392156862746, "clauseRate": 4.857142857142857, "simpleRate": 0.047619047619047616, "complexRate": 0.9523809523809523, "complexity1Rate": 0.047619047619047616, "complexity2Rate": 0.2857142857142857, "complexity3Rate": 0.14285714285714285, "complexClauseRate": 5.05, "sentencesPerParagraph": 0.0, "wordsLengthRate": 4.809110629067245, "compoundRate": 0.0, "positiveNum": 0, "negativeNum": 0, "precoPositiveNum": 0, "precoNegativeNum": 0, "negemoNum": 0, "negationNum": 18, "functionNum": 316, "contentNum": 250, "vulgarNum": 0, "racistNum": 0, "specStyleNum": 0, "addressingNum": 0, "closingNum": 0, "postscriptNum": 0, "brutalNum": 0, "positiveRate": 0.0, "negativeRate": 0.0, "precoPositiveRate": 0.0, "precoNegativeRate": 0.0, "negemoRate": 0.0, "negationRate": 0.03180212014134275, "functionRate": 0.558303886925795, "contentRate": 0.4416961130742049, "vulgarRate": 0.0, "racistRate": 0.0, "specStyleRate": 0.0, "addressingRate": 0.0, "closingRate": 0.0, "postscriptRate": 0.0, "brutalRate": 0.0, "epistemicNum": 0, "investNum": 0, "conditionNum": 0, "weaselNum": 0, "peacockNum": 0, "hedgeNum": 0, "doxasticNum": 0, "epistemicRate": 0.0, "investRate": 0.0, "conditionRate": 0.0, "weaselRate": 0.0, "peacockRate": 0.0, "hedgeRate": 0.0, "doxasticRate": 0.0, "loveNum": 0, "anxietyNum": 0, "sorrowNum": 0, "joyNum": 0, "disgustNum": 0, "fearNum": 0, "surpriseNum": 0, "angerNum": 0, "loveRate": 0.0, "anxietyRate": 0.0, "sorrowRate": 0.0, "joyRate": 0.0, "disgustRate": 0.0, "fearRate": 0.0, "surpriseRate": 0.0, "angerRate": 0.0, "slangBeGeneralNum": 0, "slangBeCigaretteNum": 0, "slangBeHumanNum": 0, "slangBeVehicleNum": 0, "slangBeDrugNum": 0, "slangBvNum": 0, "slangBeGeneralRate": 0.0, "slangBeCigaretteRate": 0.0, "slangBeHumanRate": 0.0, "slangBeVehicleRate": 0.0, "slangBeDrugRate": 0.0, "slangBvRate": 0.0, "speechactNum": 0, "quoteNum": 1, "dashNum": 1, "publicNum": 0, "privateNum": 0, "suasiveNum": 0, "discMarkerNum": 0, "smileyNum": 0, "dateNum": 0, "hesitationNum": 0, "restartNum": 0, "repeatNum": 0, "conjBeforeDiscNum": 0, "conjAfterDiscNum": 0, "wordBeforeHesitationNum": 0, "wordAfterHesitationNum": 0, "otherCollocationNum": 0, "speechactRate": 0.0, "quoteRate": 0.0017667844522968198, "dashRate": 0.0017667844522968198, "publicRate": 0.0, "privateRate": 0.0, "suasiveRate": 0.0, "discMarkerRate": 0.0, "smileyRate": 0.0, "dateRate": 0.0, "hesitationRate": 0.0, "restartRate": 0.0, "repeatRate": 0.0, "conjBeforeDiscRate": 0.0, "conjAfterDiscRate": 0.0, "wordBeforeHesitationRate": 0.0, "wordAfterHesitationRate": 0.0, "otherCollocationRate": 0.0, "easyWordNum": 546, "hardWordNum": 20, "easyWordRate": 0.9646643109540636, "hardWordRate": 0.0353356890459364, "fleschReadingEaseScore": 68.72108951707895, "gunningFogIndex": 10.795086656570756, "fleschKincaidGradeLevel": 10.369838465421505, "colemanLiauIndex": 8.353051236749117, "smogIndex": 7.793537801064561, "automatedReadabilityIndex": 11.3605190980986, "linsearWriteIndex": 1.5450109372370857, "author": "", "locationNameNum": 0, "locationNameRate": 0.0, "personNameNum": 0, "personNameRate": 0.0, "organizationNameNum": 0, "organizationNameRate": 0.0, "misspelledNum": 12, "misspelledRate": 0.02120141342756184, "missingAccentNum": 2, "missingAccentRate": 0.0035335689045936395, "foreignAccentNum": 0, "foreignAccentRate": 0.0, "wordConcatNum": 1, "wordConcatRate": 0.0017667844522968198, "jLyMistakeNum": 0, "jLyMistakeRate": 0.0, "freqSuffixNum": 0, "partsNum": 214, "privateVNum": 0, "publicVNum": 0, "clauseWordNum": 102}