{"tokenNum": 512, "sentenceNum": 40, "lemmaNum": 212, "lemmaRate": 0.4140625, "sentenceLength": 12.8, "allUpperNum": 1, "firstUpperNum": 42, "allUpperRate": 0.001953125, "firstUpperRate": 0.08203125, "declarSentNum": 17, "imperSentNum": 16, "questionNum": 7, "declarSentRate": 0.425, "imperSentRate": 0.4, "questionRate": 0.175, "accent": true, "saturation": 2.185567010309278, "paragraphNum": 4, "nounNum": 79, "verbNum": 79, "adjNum": 43, "infNum": 11, "partPastNum": 1, "partPresNum": 1, "partFutNum": 0, "transNum": 0, "xNum": 4, "advNum": 53, "properNounNum": 3, "numNum": 0, "conjNum": 43, "punctNum": 100, "pronNum": 37, "relPronNum": 2, "demPronNum": 33, "adposNum": 3, "multiplePunctNum": 5, "phraseNum": 0, "nounRate": 0.154296875, "verbRate": 0.154296875, "adjRate": 0.083984375, "infRate": 0.021484375, "partPastRate": 0.001953125, "partPresRate": 0.001953125, "partFutRate": 0.0, "transRate": 0.0, "xRate": 0.0078125, "advRate": 0.103515625, "properNounRate": 0.005859375, "numRate": 0.0, "conjRate": 0.083984375, "punctRate": 0.1953125, "pronRate": 0.072265625, "relPronRate": 0.00390625, "demPronRate": 0.064453125, "adposRate": 0.005859375, "multiplePunctRate": 0.05, "partsDensityRate": 2.618556701030928, "contentfulness": 6.35, "phraseRate": 0.0, "pastTenseNum": 6, "presentTenseNum": 62, "condNum": 2, "impNum": 10, "freqNum": 0, "causNum": 0, "modalNum": 2, "sg1VerbNum": 18, "sg2VerbNum": 8, "sg3VerbNum": 58, "pl1VerbNum": 19, "pl2VerbNum": 0, "pl3VerbNum": 9, "superlatNum": 1, "comparatNum": 1, "specDerivSuffixNum": 0, "pluralNounNum": 14, "pastTenseRate": 0.0759493670886076, "presentTenseRate": 0.7848101265822784, "condRate": 0.02531645569620253, "impRate": 0.12658227848101267, "freqRate": 0.0, "causRate": 0.0, "modalRate": 0.02531645569620253, "sg1VerbRate": 0.22784810126582278, "sg2VerbRate": 0.10126582278481013, "sg3VerbRate": 0.7341772151898734, "pl1VerbRate": 0.24050632911392406, "pl2VerbRate": 0.0, "pl3VerbRate": 0.11392405063291139, "superlatRate": 0.023255813953488372, "comparatRate": 0.023255813953488372, "specDerivSuffixRate": 0.0, "pluralNounRate": 0.17721518987341772, "subjNum": 32, "objNum": 18, "attNum": 24, "subordNum": 25, "adverbNum": 61, "coordNum": 26, "clauseNum": 97, "simpleNum": 14, "complexNum": 26, "complexity1Num": 10, "complexity2Num": 8, "complexity3Num": 5, "compoundNum": 0, "subjRate": 0.0625, "objRate": 0.03515625, "attRate": 0.046875, "subordRate": 0.048828125, "adverbRate": 0.119140625, "coordRate": 0.05078125, "partsRate": 1.6597938144329898, "clauseRate": 2.425, "simpleRate": 0.35, "complexRate": 0.65, "complexity1Rate": 0.25, "complexity2Rate": 0.2, "complexity3Rate": 0.125, "complexClauseRate": 3.1923076923076925, "sentencesPerParagraph": 10.0, "wordsLengthRate": 5.101941747572815, "compoundRate": 0.0, "positiveNum": 0, "negativeNum": 0, "precoPositiveNum": 0, "precoNegativeNum": 0, "negemoNum": 0, "negationNum": 9, "functionNum": 258, "contentNum": 254, "vulgarNum": 0, "racistNum": 0, "specStyleNum": 0, "addressingNum": 0, "closingNum": 0, "postscriptNum": 0, "brutalNum": 0, "positiveRate": 0.0, "negativeRate": 0.0, "precoPositiveRate": 0.0, "precoNegativeRate": 0.0, "negemoRate": 0.0, "negationRate": 0.017578125, "functionRate": 0.50390625, "contentRate": 0.49609375, "vulgarRate": 0.0, "racistRate": 0.0, "specStyleRate": 0.0, "addressingRate": 0.0, "closingRate": 0.0, "postscriptRate": 0.0, "brutalRate": 0.0, "epistemicNum": 0, "investNum": 0, "conditionNum": 0, "weaselNum": 0, "peacockNum": 0, "hedgeNum": 0, "doxasticNum": 0, "epistemicRate": 0.0, "investRate": 0.0, "conditionRate": 0.0, "weaselRate": 0.0, "peacockRate": 0.0, "hedgeRate": 0.0, "doxasticRate": 0.0, "loveNum": 0, "anxietyNum": 0, "sorrowNum": 0, "joyNum": 0, "disgustNum": 0, "fearNum": 0, "surpriseNum": 0, "angerNum": 0, "loveRate": 0.0, "anxietyRate": 0.0, "sorrowRate": 0.0, "joyRate": 0.0, "disgustRate": 0.0, "fearRate": 0.0, "surpriseRate": 0.0, "angerRate": 0.0, "slangBeGeneralNum": 0, "slangBeCigaretteNum": 0, "slangBeHumanNum": 0, "slangBeVehicleNum": 0, "slangBeDrugNum": 0, "slangBvNum": 0, "slangBeGeneralRate": 0.0, "slangBeCigaretteRate": 0.0, "slangBeHumanRate": 0.0, "slangBeVehicleRate": 0.0, "slangBeDrugRate": 0.0, "slangBvRate": 0.0, "speechactNum": 0, "quoteNum": 2, "dashNum": 0, "publicNum": 0, "privateNum": 0, "suasiveNum": 0, "discMarkerNum": 0, "smileyNum": 0, "dateNum": 0, "hesitationNum": 0, "restartNum": 1, "repeatNum": 0, "conjBeforeDiscNum": 0, "conjAfterDiscNum": 0, "wordBeforeHesitationNum": 0, "wordAfterHesitationNum": 0, "otherCollocationNum": 0, "speechactRate": 0.0, "quoteRate": 0.00390625, "dashRate": 0.0, "publicRate": 0.0, "privateRate": 0.0, "suasiveRate": 0.0, "discMarkerRate": 0.0, "smileyRate": 0.0, "dateRate": 0.0, "hesitationRate": 0.0, "restartRate": 0.001953125, "repeatRate": 0.0, "conjBeforeDiscRate": 0.0, "conjAfterDiscRate": 0.0, "wordBeforeHesitationRate": 0.0, "wordAfterHesitationRate": 0.0, "otherCollocationRate": 0.0, "easyWordNum": 484, "hardWordNum": 28, "easyWordRate": 0.9453125, "hardWordRate": 0.0546875, "fleschReadingEaseScore": 82.30979687500003, "gunningFogIndex": 5.141875000000001, "fleschKincaidGradeLevel": 4.958640625000005, "colemanLiauIndex": 9.554374999999997, "smogIndex": 7.908726449838941, "automatedReadabilityIndex": 5.245078124999999, "linsearWriteIndex": 0.376953125, "author": "", "locationNameNum": 0, "locationNameRate": 0.0, "personNameNum": 0, "personNameRate": 0.0, "organizationNameNum": 0, "organizationNameRate": 0.0, "misspelledNum": 8, "misspelledRate": 0.015625, "missingAccentNum": 1, "missingAccentRate": 0.001953125, "foreignAccentNum": 0, "foreignAccentRate": 0.0, "wordConcatNum": 1, "wordConcatRate": 0.001953125, "jLyMistakeNum": 1, "jLyMistakeRate": 0.001953125, "freqSuffixNum": 0, "partsNum": 161, "privateVNum": 0, "publicVNum": 0, "clauseWordNum": 97}