{"tokenNum": 409, "sentenceNum": 27, "lemmaNum": 189, "lemmaRate": 0.4621026894865526, "sentenceLength": 15.148148148148149, "allUpperNum": 0, "firstUpperNum": 31, "allUpperRate": 0.0, "firstUpperRate": 0.07579462102689487, "declarSentNum": 19, "imperSentNum": 6, "questionNum": 2, "declarSentRate": 0.7037037037037037, "imperSentRate": 0.2222222222222222, "questionRate": 0.07407407407407407, "accent": true, "saturation": 2.7794117647058822, "paragraphNum": 0, "nounNum": 67, "verbNum": 59, "adjNum": 41, "infNum": 8, "partPastNum": 1, "partPresNum": 0, "partFutNum": 0, "transNum": 0, "xNum": 3, "advNum": 32, "properNounNum": 2, "numNum": 0, "conjNum": 37, "punctNum": 86, "pronNum": 30, "relPronNum": 4, "demPronNum": 14, "adposNum": 2, "multiplePunctNum": 0, "phraseNum": 0, "nounRate": 0.16381418092909536, "verbRate": 0.14425427872860636, "adjRate": 0.10024449877750612, "infRate": 0.019559902200488997, "partPastRate": 0.0024449877750611247, "partPresRate": 0.0, "partFutRate": 0.0, "transRate": 0.0, "xRate": 0.007334963325183374, "advRate": 0.07823960880195599, "properNounRate": 0.004889975550122249, "numRate": 0.0, "conjRate": 0.09046454767726161, "punctRate": 0.21026894865525672, "pronRate": 0.07334963325183375, "relPronRate": 0.009779951100244499, "demPronRate": 0.034229828850855744, "adposRate": 0.004889975550122249, "multiplePunctRate": 0.0, "partsDensityRate": 2.926470588235294, "contentfulness": 7.37037037037037, "phraseRate": 0.0, "pastTenseNum": 1, "presentTenseNum": 50, "condNum": 2, "impNum": 4, "freqNum": 0, "causNum": 0, "modalNum": 4, "sg1VerbNum": 23, "sg2VerbNum": 3, "sg3VerbNum": 33, "pl1VerbNum": 2, "pl2VerbNum": 0, "pl3VerbNum": 23, "superlatNum": 1, "comparatNum": 1, "specDerivSuffixNum": 0, "pluralNounNum": 14, "pastTenseRate": 0.01694915254237288, "presentTenseRate": 0.847457627118644, "condRate": 0.03389830508474576, "impRate": 0.06779661016949153, "freqRate": 0.0, "causRate": 0.0, "modalRate": 0.06779661016949153, "sg1VerbRate": 0.3898305084745763, "sg2VerbRate": 0.05084745762711865, "sg3VerbRate": 0.559322033898305, "pl1VerbRate": 0.03389830508474576, "pl2VerbRate": 0.0, "pl3VerbRate": 0.3898305084745763, "superlatRate": 0.024390243902439025, "comparatRate": 0.024390243902439025, "specDerivSuffixRate": 0.0, "pluralNounRate": 0.208955223880597, "subjNum": 28, "objNum": 20, "attNum": 23, "subordNum": 23, "adverbNum": 47, "coordNum": 22, "clauseNum": 68, "simpleNum": 7, "complexNum": 20, "complexity1Num": 12, "complexity2Num": 1, "complexity3Num": 5, "compoundNum": 0, "subjRate": 0.06845965770171149, "objRate": 0.0488997555012225, "attRate": 0.05623471882640587, "subordRate": 0.05623471882640587, "adverbRate": 0.11491442542787286, "coordRate": 0.05378973105134474, "partsRate": 2.0588235294117645, "clauseRate": 2.5185185185185186, "simpleRate": 0.25925925925925924, "complexRate": 0.7407407407407407, "complexity1Rate": 0.4444444444444444, "complexity2Rate": 0.037037037037037035, "complexity3Rate": 0.18518518518518517, "complexClauseRate": 3.05, "sentencesPerParagraph": 0.0, "wordsLengthRate": 5.513931888544891, "compoundRate": 0.0, "positiveNum": 0, "negativeNum": 0, "precoPositiveNum": 0, "precoNegativeNum": 0, "negemoNum": 0, "negationNum": 9, "functionNum": 210, "contentNum": 199, "vulgarNum": 0, "racistNum": 0, "specStyleNum": 0, "addressingNum": 0, "closingNum": 0, "postscriptNum": 0, "brutalNum": 0, "positiveRate": 0.0, "negativeRate": 0.0, "precoPositiveRate": 0.0, "precoNegativeRate": 0.0, "negemoRate": 0.0, "negationRate": 0.022004889975550123, "functionRate": 0.5134474327628362, "contentRate": 0.48655256723716384, "vulgarRate": 0.0, "racistRate": 0.0, "specStyleRate": 0.0, "addressingRate": 0.0, "closingRate": 0.0, "postscriptRate": 0.0, "brutalRate": 0.0, "epistemicNum": 0, "investNum": 0, "conditionNum": 0, "weaselNum": 0, "peacockNum": 0, "hedgeNum": 0, "doxasticNum": 0, "epistemicRate": 0.0, "investRate": 0.0, "conditionRate": 0.0, "weaselRate": 0.0, "peacockRate": 0.0, "hedgeRate": 0.0, "doxasticRate": 0.0, "loveNum": 0, "anxietyNum": 0, "sorrowNum": 0, "joyNum": 0, "disgustNum": 0, "fearNum": 0, "surpriseNum": 0, "angerNum": 0, "loveRate": 0.0, "anxietyRate": 0.0, "sorrowRate": 0.0, "joyRate": 0.0, "disgustRate": 0.0, "fearRate": 0.0, "surpriseRate": 0.0, "angerRate": 0.0, "slangBeGeneralNum": 0, "slangBeCigaretteNum": 0, "slangBeHumanNum": 0, "slangBeVehicleNum": 0, "slangBeDrugNum": 0, "slangBvNum": 0, "slangBeGeneralRate": 0.0, "slangBeCigaretteRate": 0.0, "slangBeHumanRate": 0.0, "slangBeVehicleRate": 0.0, "slangBeDrugRate": 0.0, "slangBvRate": 0.0, "speechactNum": 0, "quoteNum": 1, "dashNum": 0, "publicNum": 0, "privateNum": 0, "suasiveNum": 0, "discMarkerNum": 0, "smileyNum": 0, "dateNum": 0, "hesitationNum": 0, "restartNum": 0, "repeatNum": 0, "conjBeforeDiscNum": 0, "conjAfterDiscNum": 0, "wordBeforeHesitationNum": 0, "wordAfterHesitationNum": 0, "otherCollocationNum": 0, "speechactRate": 0.0, "quoteRate": 0.0024449877750611247, "dashRate": 0.0, "publicRate": 0.0, "privateRate": 0.0, "suasiveRate": 0.0, "discMarkerRate": 0.0, "smileyRate": 0.0, "dateRate": 0.0, "hesitationRate": 0.0, "restartRate": 0.0, "repeatRate": 0.0, "conjBeforeDiscRate": 0.0, "conjAfterDiscRate": 0.0, "wordBeforeHesitationRate": 0.0, "wordAfterHesitationRate": 0.0, "otherCollocationRate": 0.0, "easyWordNum": 393, "hardWordNum": 16, "easyWordRate": 0.960880195599022, "hardWordRate": 0.039119804400977995, "fleschReadingEaseScore": 73.97112107217244, "gunningFogIndex": 6.07490718101965, "fleschKincaidGradeLevel": 6.70506384134746, "colemanLiauIndex": 11.086427872860636, "smogIndex": 7.3011, "automatedReadabilityIndex": 7.644245223218327, "linsearWriteIndex": 0.9967400162999185, "author": "", "locationNameNum": 0, "locationNameRate": 0.0, "personNameNum": 1, "personNameRate": 0.0024449877750611247, "organizationNameNum": 0, "organizationNameRate": 0.0, "misspelledNum": 8, "misspelledRate": 0.019559902200488997, "missingAccentNum": 3, "missingAccentRate": 0.007334963325183374, "foreignAccentNum": 0, "foreignAccentRate": 0.0, "wordConcatNum": 0, "wordConcatRate": 0.0, "jLyMistakeNum": 0, "jLyMistakeRate": 0.0, "freqSuffixNum": 0, "partsNum": 140, "privateVNum": 0, "publicVNum": 0, "clauseWordNum": 68}