{"tokenNum": 380, "sentenceNum": 23, "lemmaNum": 187, "lemmaRate": 0.4921052631578947, "sentenceLength": 16.52173913043478, "allUpperNum": 1, "firstUpperNum": 23, "allUpperRate": 0.002631578947368421, "firstUpperRate": 0.060526315789473685, "declarSentNum": 10, "imperSentNum": 7, "questionNum": 6, "declarSentRate": 0.43478260869565216, "imperSentRate": 0.30434782608695654, "questionRate": 0.2608695652173913, "accent": true, "saturation": 2.876923076923077, "paragraphNum": 0, "nounNum": 55, "verbNum": 55, "adjNum": 27, "infNum": 8, "partPastNum": 1, "partPresNum": 3, "partFutNum": 0, "transNum": 6, "xNum": 2, "advNum": 53, "properNounNum": 0, "numNum": 2, "conjNum": 32, "punctNum": 84, "pronNum": 18, "relPronNum": 5, "demPronNum": 14, "adposNum": 4, "multiplePunctNum": 1, "phraseNum": 0, "nounRate": 0.14473684210526316, "verbRate": 0.14473684210526316, "adjRate": 0.07105263157894737, "infRate": 0.021052631578947368, "partPastRate": 0.002631578947368421, "partPresRate": 0.007894736842105263, "partFutRate": 0.0, "transRate": 0.015789473684210527, "xRate": 0.005263157894736842, "advRate": 0.1394736842105263, "properNounRate": 0.0, "numRate": 0.005263157894736842, "conjRate": 0.08421052631578947, "punctRate": 0.22105263157894736, "pronRate": 0.04736842105263158, "relPronRate": 0.013157894736842105, "demPronRate": 0.03684210526315789, "adposRate": 0.010526315789473684, "multiplePunctRate": 0.011904761904761904, "partsDensityRate": 2.923076923076923, "contentfulness": 8.26086956521739, "phraseRate": 0.0, "pastTenseNum": 14, "presentTenseNum": 33, "condNum": 1, "impNum": 5, "freqNum": 0, "causNum": 0, "modalNum": 2, "sg1VerbNum": 27, "sg2VerbNum": 2, "sg3VerbNum": 33, "pl1VerbNum": 0, "pl2VerbNum": 3, "pl3VerbNum": 3, "superlatNum": 0, "comparatNum": 0, "specDerivSuffixNum": 0, "pluralNounNum": 12, "pastTenseRate": 0.2545454545454545, "presentTenseRate": 0.6, "condRate": 0.01818181818181818, "impRate": 0.09090909090909091, "freqRate": 0.0, "causRate": 0.0, "modalRate": 0.03636363636363636, "sg1VerbRate": 0.4909090909090909, "sg2VerbRate": 0.03636363636363636, "sg3VerbRate": 0.6, "pl1VerbRate": 0.0, "pl2VerbRate": 0.05454545454545454, "pl3VerbRate": 0.05454545454545454, "superlatRate": 0.0, "comparatRate": 0.0, "specDerivSuffixRate": 0.0, "pluralNounRate": 0.21818181818181817, "subjNum": 15, "objNum": 14, "attNum": 15, "subordNum": 20, "adverbNum": 64, "coordNum": 23, "clauseNum": 65, "simpleNum": 7, "complexNum": 16, "complexity1Num": 5, "complexity2Num": 4, "complexity3Num": 1, "compoundNum": 0, "subjRate": 0.039473684210526314, "objRate": 0.03684210526315789, "attRate": 0.039473684210526314, "subordRate": 0.05263157894736842, "adverbRate": 0.16842105263157894, "coordRate": 0.060526315789473685, "partsRate": 2.0153846153846153, "clauseRate": 2.8260869565217392, "simpleRate": 0.30434782608695654, "complexRate": 0.6956521739130435, "complexity1Rate": 0.21739130434782608, "complexity2Rate": 0.17391304347826086, "complexity3Rate": 0.043478260869565216, "complexClauseRate": 3.625, "sentencesPerParagraph": 0.0, "wordsLengthRate": 5.408783783783784, "compoundRate": 0.0, "positiveNum": 0, "negativeNum": 0, "precoPositiveNum": 0, "precoNegativeNum": 0, "negemoNum": 0, "negationNum": 3, "functionNum": 190, "contentNum": 190, "vulgarNum": 0, "racistNum": 0, "specStyleNum": 0, "addressingNum": 0, "closingNum": 0, "postscriptNum": 0, "brutalNum": 0, "positiveRate": 0.0, "negativeRate": 0.0, "precoPositiveRate": 0.0, "precoNegativeRate": 0.0, "negemoRate": 0.0, "negationRate": 0.007894736842105263, "functionRate": 0.5, "contentRate": 0.5, "vulgarRate": 0.0, "racistRate": 0.0, "specStyleRate": 0.0, "addressingRate": 0.0, "closingRate": 0.0, "postscriptRate": 0.0, "brutalRate": 0.0, "epistemicNum": 0, "investNum": 0, "conditionNum": 0, "weaselNum": 0, "peacockNum": 0, "hedgeNum": 0, "doxasticNum": 0, "epistemicRate": 0.0, "investRate": 0.0, "conditionRate": 0.0, "weaselRate": 0.0, "peacockRate": 0.0, "hedgeRate": 0.0, "doxasticRate": 0.0, "loveNum": 0, "anxietyNum": 0, "sorrowNum": 0, "joyNum": 0, "disgustNum": 0, "fearNum": 0, "surpriseNum": 0, "angerNum": 0, "loveRate": 0.0, "anxietyRate": 0.0, "sorrowRate": 0.0, "joyRate": 0.0, "disgustRate": 0.0, "fearRate": 0.0, "surpriseRate": 0.0, "angerRate": 0.0, "slangBeGeneralNum": 0, "slangBeCigaretteNum": 0, "slangBeHumanNum": 0, "slangBeVehicleNum": 0, "slangBeDrugNum": 0, "slangBvNum": 0, "slangBeGeneralRate": 0.0, "slangBeCigaretteRate": 0.0, "slangBeHumanRate": 0.0, "slangBeVehicleRate": 0.0, "slangBeDrugRate": 0.0, "slangBvRate": 0.0, "speechactNum": 0, "quoteNum": 1, "dashNum": 0, "publicNum": 0, "privateNum": 0, "suasiveNum": 0, "discMarkerNum": 0, "smileyNum": 0, "dateNum": 0, "hesitationNum": 0, "restartNum": 0, "repeatNum": 0, "conjBeforeDiscNum": 0, "conjAfterDiscNum": 0, "wordBeforeHesitationNum": 0, "wordAfterHesitationNum": 0, "otherCollocationNum": 0, "speechactRate": 0.0, "quoteRate": 0.002631578947368421, "dashRate": 0.0, "publicRate": 0.0, "privateRate": 0.0, "suasiveRate": 0.0, "discMarkerRate": 0.0, "smileyRate": 0.0, "dateRate": 0.0, "hesitationRate": 0.0, "restartRate": 0.0, "repeatRate": 0.0, "conjBeforeDiscRate": 0.0, "conjAfterDiscRate": 0.0, "wordBeforeHesitationRate": 0.0, "wordAfterHesitationRate": 0.0, "otherCollocationRate": 0.0, "easyWordNum": 350, "hardWordNum": 30, "easyWordRate": 0.9210526315789473, "hardWordRate": 0.07894736842105263, "fleschReadingEaseScore": 67.3954347826087, "gunningFogIndex": 6.640274599542334, "fleschKincaidGradeLevel": 7.9634782608695645, "colemanLiauIndex": 10.348318421052628, "smogIndex": 8.841846274778883, "automatedReadabilityIndex": 7.740790617848969, "linsearWriteIndex": 1.517162471395881, "author": "", "locationNameNum": 0, "locationNameRate": 0.0, "personNameNum": 0, "personNameRate": 0.0, "organizationNameNum": 0, "organizationNameRate": 0.0, "misspelledNum": 19, "misspelledRate": 0.05, "missingAccentNum": 4, "missingAccentRate": 0.010526315789473684, "foreignAccentNum": 0, "foreignAccentRate": 0.0, "wordConcatNum": 2, "wordConcatRate": 0.005263157894736842, "jLyMistakeNum": 0, "jLyMistakeRate": 0.0, "freqSuffixNum": 0, "partsNum": 131, "privateVNum": 0, "publicVNum": 0, "clauseWordNum": 65}