{"tokenNum": 358, "sentenceNum": 24, "lemmaNum": 182, "lemmaRate": 0.5083798882681564, "sentenceLength": 14.916666666666666, "allUpperNum": 1, "firstUpperNum": 27, "allUpperRate": 0.002793296089385475, "firstUpperRate": 0.07541899441340782, "declarSentNum": 13, "imperSentNum": 11, "questionNum": 0, "declarSentRate": 0.5416666666666666, "imperSentRate": 0.4583333333333333, "questionRate": 0.0, "accent": true, "saturation": 3.0847457627118646, "paragraphNum": 0, "nounNum": 70, "verbNum": 53, "adjNum": 38, "infNum": 7, "partPastNum": 1, "partPresNum": 3, "partFutNum": 0, "transNum": 0, "xNum": 0, "advNum": 28, "properNounNum": 3, "numNum": 1, "conjNum": 25, "punctNum": 71, "pronNum": 24, "relPronNum": 4, "demPronNum": 15, "adposNum": 0, "multiplePunctNum": 2, "phraseNum": 0, "nounRate": 0.19553072625698323, "verbRate": 0.14804469273743018, "adjRate": 0.10614525139664804, "infRate": 0.019553072625698324, "partPastRate": 0.002793296089385475, "partPresRate": 0.008379888268156424, "partFutRate": 0.0, "transRate": 0.0, "xRate": 0.0, "advRate": 0.0782122905027933, "properNounRate": 0.008379888268156424, "numRate": 0.002793296089385475, "conjRate": 0.06983240223463687, "punctRate": 0.19832402234636873, "pronRate": 0.0670391061452514, "relPronRate": 0.0111731843575419, "demPronRate": 0.04189944134078212, "adposRate": 0.0, "multiplePunctRate": 0.028169014084507043, "partsDensityRate": 3.2033898305084745, "contentfulness": 7.875, "phraseRate": 0.0, "pastTenseNum": 2, "presentTenseNum": 44, "condNum": 3, "impNum": 6, "freqNum": 0, "causNum": 0, "modalNum": 1, "sg1VerbNum": 20, "sg2VerbNum": 3, "sg3VerbNum": 41, "pl1VerbNum": 3, "pl2VerbNum": 2, "pl3VerbNum": 10, "superlatNum": 0, "comparatNum": 2, "specDerivSuffixNum": 0, "pluralNounNum": 10, "pastTenseRate": 0.03773584905660377, "presentTenseRate": 0.8301886792452831, "condRate": 0.05660377358490566, "impRate": 0.11320754716981132, "freqRate": 0.0, "causRate": 0.0, "modalRate": 0.018867924528301886, "sg1VerbRate": 0.37735849056603776, "sg2VerbRate": 0.05660377358490566, "sg3VerbRate": 0.7735849056603774, "pl1VerbRate": 0.05660377358490566, "pl2VerbRate": 0.03773584905660377, "pl3VerbRate": 0.18867924528301888, "superlatRate": 0.0, "comparatRate": 0.05263157894736842, "specDerivSuffixRate": 0.0, "pluralNounRate": 0.14285714285714285, "subjNum": 26, "objNum": 19, "attNum": 25, "subordNum": 14, "adverbNum": 32, "coordNum": 27, "clauseNum": 59, "simpleNum": 7, "complexNum": 17, "complexity1Num": 6, "complexity2Num": 5, "complexity3Num": 5, "compoundNum": 0, "subjRate": 0.07262569832402235, "objRate": 0.05307262569832402, "attRate": 0.06983240223463687, "subordRate": 0.03910614525139665, "adverbRate": 0.0893854748603352, "coordRate": 0.07541899441340782, "partsRate": 2.1864406779661016, "clauseRate": 2.4583333333333335, "simpleRate": 0.2916666666666667, "complexRate": 0.7083333333333334, "complexity1Rate": 0.25, "complexity2Rate": 0.20833333333333334, "complexity3Rate": 0.20833333333333334, "complexClauseRate": 3.0588235294117645, "sentencesPerParagraph": 0.0, "wordsLengthRate": 5.473867595818815, "compoundRate": 0.0, "positiveNum": 0, "negativeNum": 0, "precoPositiveNum": 0, "precoNegativeNum": 0, "negemoNum": 0, "negationNum": 6, "functionNum": 169, "contentNum": 189, "vulgarNum": 0, "racistNum": 0, "specStyleNum": 0, "addressingNum": 0, "closingNum": 0, "postscriptNum": 0, "brutalNum": 0, "positiveRate": 0.0, "negativeRate": 0.0, "precoPositiveRate": 0.0, "precoNegativeRate": 0.0, "negemoRate": 0.0, "negationRate": 0.01675977653631285, "functionRate": 0.4720670391061452, "contentRate": 0.5279329608938548, "vulgarRate": 0.0, "racistRate": 0.0, "specStyleRate": 0.0, "addressingRate": 0.0, "closingRate": 0.0, "postscriptRate": 0.0, "brutalRate": 0.0, "epistemicNum": 0, "investNum": 0, "conditionNum": 0, "weaselNum": 0, "peacockNum": 0, "hedgeNum": 0, "doxasticNum": 0, "epistemicRate": 0.0, "investRate": 0.0, "conditionRate": 0.0, "weaselRate": 0.0, "peacockRate": 0.0, "hedgeRate": 0.0, "doxasticRate": 0.0, "loveNum": 0, "anxietyNum": 0, "sorrowNum": 0, "joyNum": 0, "disgustNum": 0, "fearNum": 0, "surpriseNum": 0, "angerNum": 0, "loveRate": 0.0, "anxietyRate": 0.0, "sorrowRate": 0.0, "joyRate": 0.0, "disgustRate": 0.0, "fearRate": 0.0, "surpriseRate": 0.0, "angerRate": 0.0, "slangBeGeneralNum": 0, "slangBeCigaretteNum": 0, "slangBeHumanNum": 0, "slangBeVehicleNum": 0, "slangBeDrugNum": 0, "slangBvNum": 0, "slangBeGeneralRate": 0.0, "slangBeCigaretteRate": 0.0, "slangBeHumanRate": 0.0, "slangBeVehicleRate": 0.0, "slangBeDrugRate": 0.0, "slangBvRate": 0.0, "speechactNum": 0, "quoteNum": 0, "dashNum": 0, "publicNum": 0, "privateNum": 0, "suasiveNum": 0, "discMarkerNum": 0, "smileyNum": 0, "dateNum": 0, "hesitationNum": 0, "restartNum": 0, "repeatNum": 0, "conjBeforeDiscNum": 0, "conjAfterDiscNum": 0, "wordBeforeHesitationNum": 0, "wordAfterHesitationNum": 0, "otherCollocationNum": 0, "speechactRate": 0.0, "quoteRate": 0.0, "dashRate": 0.0, "publicRate": 0.0, "privateRate": 0.0, "suasiveRate": 0.0, "discMarkerRate": 0.0, "smileyRate": 0.0, "dateRate": 0.0, "hesitationRate": 0.0, "restartRate": 0.0, "repeatRate": 0.0, "conjBeforeDiscRate": 0.0, "conjAfterDiscRate": 0.0, "wordBeforeHesitationRate": 0.0, "wordAfterHesitationRate": 0.0, "otherCollocationRate": 0.0, "easyWordNum": 334, "hardWordNum": 24, "easyWordRate": 0.9329608938547486, "hardWordRate": 0.0670391061452514, "fleschReadingEaseScore": 66.92139897579146, "gunningFogIndex": 5.993482309124768, "fleschKincaidGradeLevel": 7.630851955307264, "colemanLiauIndex": 11.280636871508378, "smogIndex": 8.238735603445708, "automatedReadabilityIndex": 7.683808193668529, "linsearWriteIndex": 1.3626629422718808, "author": "", "locationNameNum": 0, "locationNameRate": 0.0, "personNameNum": 1, "personNameRate": 0.002793296089385475, "organizationNameNum": 0, "organizationNameRate": 0.0, "misspelledNum": 18, "misspelledRate": 0.05027932960893855, "missingAccentNum": 6, "missingAccentRate": 0.01675977653631285, "foreignAccentNum": 0, "foreignAccentRate": 0.0, "wordConcatNum": 2, "wordConcatRate": 0.00558659217877095, "jLyMistakeNum": 0, "jLyMistakeRate": 0.0, "freqSuffixNum": 0, "partsNum": 129, "privateVNum": 0, "publicVNum": 0, "clauseWordNum": 59}