{"tokenNum": 462, "sentenceNum": 22, "lemmaNum": 210, "lemmaRate": 0.45454545454545453, "sentenceLength": 21.0, "allUpperNum": 0, "firstUpperNum": 22, "allUpperRate": 0.0, "firstUpperRate": 0.047619047619047616, "declarSentNum": 15, "imperSentNum": 5, "questionNum": 2, "declarSentRate": 0.6818181818181818, "imperSentRate": 0.22727272727272727, "questionRate": 0.09090909090909091, "accent": true, "saturation": 3.3870967741935485, "paragraphNum": 4, "nounNum": 75, "verbNum": 60, "adjNum": 49, "infNum": 13, "partPastNum": 1, "partPresNum": 1, "partFutNum": 0, "transNum": 2, "xNum": 5, "advNum": 57, "properNounNum": 0, "numNum": 1, "conjNum": 52, "punctNum": 70, "pronNum": 35, "relPronNum": 5, "demPronNum": 23, "adposNum": 3, "multiplePunctNum": 0, "phraseNum": 0, "nounRate": 0.16233766233766234, "verbRate": 0.12987012987012986, "adjRate": 0.10606060606060606, "infRate": 0.02813852813852814, "partPastRate": 0.0021645021645021645, "partPresRate": 0.0021645021645021645, "partFutRate": 0.0, "transRate": 0.004329004329004329, "xRate": 0.010822510822510822, "advRate": 0.12337662337662338, "properNounRate": 0.0, "numRate": 0.0021645021645021645, "conjRate": 0.11255411255411256, "punctRate": 0.15151515151515152, "pronRate": 0.07575757575757576, "relPronRate": 0.010822510822510822, "demPronRate": 0.049783549783549784, "adposRate": 0.006493506493506494, "multiplePunctRate": 0.0, "partsDensityRate": 3.8870967741935485, "contentfulness": 10.954545454545455, "phraseRate": 0.0, "pastTenseNum": 4, "presentTenseNum": 43, "condNum": 4, "impNum": 6, "freqNum": 0, "causNum": 0, "modalNum": 0, "sg1VerbNum": 9, "sg2VerbNum": 0, "sg3VerbNum": 44, "pl1VerbNum": 22, "pl2VerbNum": 1, "pl3VerbNum": 12, "superlatNum": 3, "comparatNum": 1, "specDerivSuffixNum": 0, "pluralNounNum": 33, "pastTenseRate": 0.06666666666666667, "presentTenseRate": 0.7166666666666667, "condRate": 0.06666666666666667, "impRate": 0.1, "freqRate": 0.0, "causRate": 0.0, "modalRate": 0.0, "sg1VerbRate": 0.15, "sg2VerbRate": 0.0, "sg3VerbRate": 0.7333333333333333, "pl1VerbRate": 0.36666666666666664, "pl2VerbRate": 0.016666666666666666, "pl3VerbRate": 0.2, "superlatRate": 0.061224489795918366, "comparatRate": 0.02040816326530612, "specDerivSuffixRate": 0.0, "pluralNounRate": 0.44, "subjNum": 28, "objNum": 26, "attNum": 34, "subordNum": 22, "adverbNum": 65, "coordNum": 19, "clauseNum": 62, "simpleNum": 2, "complexNum": 20, "complexity1Num": 7, "complexity2Num": 7, "complexity3Num": 5, "compoundNum": 0, "subjRate": 0.06060606060606061, "objRate": 0.05627705627705628, "attRate": 0.0735930735930736, "subordRate": 0.047619047619047616, "adverbRate": 0.1406926406926407, "coordRate": 0.04112554112554113, "partsRate": 2.774193548387097, "clauseRate": 2.8181818181818183, "simpleRate": 0.09090909090909091, "complexRate": 0.9090909090909091, "complexity1Rate": 0.3181818181818182, "complexity2Rate": 0.3181818181818182, "complexity3Rate": 0.22727272727272727, "complexClauseRate": 3.0, "sentencesPerParagraph": 5.5, "wordsLengthRate": 5.346938775510204, "compoundRate": 0.0, "positiveNum": 0, "negativeNum": 0, "precoPositiveNum": 0, "precoNegativeNum": 0, "negemoNum": 0, "negationNum": 12, "functionNum": 221, "contentNum": 241, "vulgarNum": 0, "racistNum": 0, "specStyleNum": 0, "addressingNum": 0, "closingNum": 0, "postscriptNum": 0, "brutalNum": 0, "positiveRate": 0.0, "negativeRate": 0.0, "precoPositiveRate": 0.0, "precoNegativeRate": 0.0, "negemoRate": 0.0, "negationRate": 0.025974025974025976, "functionRate": 0.47835497835497837, "contentRate": 0.5216450216450217, "vulgarRate": 0.0, "racistRate": 0.0, "specStyleRate": 0.0, "addressingRate": 0.0, "closingRate": 0.0, "postscriptRate": 0.0, "brutalRate": 0.0, "epistemicNum": 0, "investNum": 0, "conditionNum": 0, "weaselNum": 0, "peacockNum": 0, "hedgeNum": 0, "doxasticNum": 0, "epistemicRate": 0.0, "investRate": 0.0, "conditionRate": 0.0, "weaselRate": 0.0, "peacockRate": 0.0, "hedgeRate": 0.0, "doxasticRate": 0.0, "loveNum": 0, "anxietyNum": 0, "sorrowNum": 0, "joyNum": 0, "disgustNum": 0, "fearNum": 0, "surpriseNum": 0, "angerNum": 0, "loveRate": 0.0, "anxietyRate": 0.0, "sorrowRate": 0.0, "joyRate": 0.0, "disgustRate": 0.0, "fearRate": 0.0, "surpriseRate": 0.0, "angerRate": 0.0, "slangBeGeneralNum": 0, "slangBeCigaretteNum": 0, "slangBeHumanNum": 0, "slangBeVehicleNum": 0, "slangBeDrugNum": 0, "slangBvNum": 0, "slangBeGeneralRate": 0.0, "slangBeCigaretteRate": 0.0, "slangBeHumanRate": 0.0, "slangBeVehicleRate": 0.0, "slangBeDrugRate": 0.0, "slangBvRate": 0.0, "speechactNum": 0, "quoteNum": 1, "dashNum": 0, "publicNum": 0, "privateNum": 0, "suasiveNum": 0, "discMarkerNum": 0, "smileyNum": 0, "dateNum": 0, "hesitationNum": 0, "restartNum": 0, "repeatNum": 0, "conjBeforeDiscNum": 0, "conjAfterDiscNum": 0, "wordBeforeHesitationNum": 0, "wordAfterHesitationNum": 0, "otherCollocationNum": 0, "speechactRate": 0.0, "quoteRate": 0.0021645021645021645, "dashRate": 0.0, "publicRate": 0.0, "privateRate": 0.0, "suasiveRate": 0.0, "discMarkerRate": 0.0, "smileyRate": 0.0, "dateRate": 0.0, "hesitationRate": 0.0, "restartRate": 0.0, "repeatRate": 0.0, "conjBeforeDiscRate": 0.0, "conjAfterDiscRate": 0.0, "wordBeforeHesitationRate": 0.0, "wordAfterHesitationRate": 0.0, "otherCollocationRate": 0.0, "easyWordNum": 437, "hardWordNum": 25, "easyWordRate": 0.9458874458874459, "hardWordRate": 0.05411255411255411, "fleschReadingEaseScore": 62.28233766233768, "gunningFogIndex": 8.421645021645022, "fleschKincaidGradeLevel": 9.789177489177487, "colemanLiauIndex": 11.712021645021643, "smogIndex": 8.344100000000001, "automatedReadabilityIndex": 11.070389610389611, "linsearWriteIndex": 1.499016135379772, "author": "", "locationNameNum": 0, "locationNameRate": 0.0, "personNameNum": 0, "personNameRate": 0.0, "organizationNameNum": 0, "organizationNameRate": 0.0, "misspelledNum": 7, "misspelledRate": 0.015151515151515152, "missingAccentNum": 1, "missingAccentRate": 0.0021645021645021645, "foreignAccentNum": 0, "foreignAccentRate": 0.0, "wordConcatNum": 0, "wordConcatRate": 0.0, "jLyMistakeNum": 0, "jLyMistakeRate": 0.0, "freqSuffixNum": 0, "partsNum": 172, "privateVNum": 0, "publicVNum": 0, "clauseWordNum": 62}