{"tokenNum": 420, "sentenceNum": 29, "lemmaNum": 181, "lemmaRate": 0.430952380952381, "sentenceLength": 14.482758620689655, "allUpperNum": 0, "firstUpperNum": 29, "allUpperRate": 0.0, "firstUpperRate": 0.06904761904761905, "declarSentNum": 7, "imperSentNum": 18, "questionNum": 4, "declarSentRate": 0.2413793103448276, "imperSentRate": 0.6206896551724138, "questionRate": 0.13793103448275862, "accent": true, "saturation": 2.585714285714286, "paragraphNum": 0, "nounNum": 68, "verbNum": 53, "adjNum": 49, "infNum": 2, "partPastNum": 7, "partPresNum": 2, "partFutNum": 0, "transNum": 0, "xNum": 1, "advNum": 44, "properNounNum": 2, "numNum": 0, "conjNum": 28, "punctNum": 87, "pronNum": 37, "relPronNum": 7, "demPronNum": 22, "adposNum": 2, "multiplePunctNum": 1, "phraseNum": 0, "nounRate": 0.1619047619047619, "verbRate": 0.1261904761904762, "adjRate": 0.11666666666666667, "infRate": 0.004761904761904762, "partPastRate": 0.016666666666666666, "partPresRate": 0.004761904761904762, "partFutRate": 0.0, "transRate": 0.0, "xRate": 0.002380952380952381, "advRate": 0.10476190476190476, "properNounRate": 0.004761904761904762, "numRate": 0.0, "conjRate": 0.06666666666666667, "punctRate": 0.20714285714285716, "pronRate": 0.0880952380952381, "relPronRate": 0.016666666666666666, "demPronRate": 0.05238095238095238, "adposRate": 0.004761904761904762, "multiplePunctRate": 0.011494252873563218, "partsDensityRate": 3.057142857142857, "contentfulness": 7.379310344827586, "phraseRate": 0.0, "pastTenseNum": 3, "presentTenseNum": 48, "condNum": 1, "impNum": 4, "freqNum": 0, "causNum": 0, "modalNum": 1, "sg1VerbNum": 22, "sg2VerbNum": 2, "sg3VerbNum": 44, "pl1VerbNum": 6, "pl2VerbNum": 0, "pl3VerbNum": 18, "superlatNum": 2, "comparatNum": 0, "specDerivSuffixNum": 0, "pluralNounNum": 6, "pastTenseRate": 0.05660377358490566, "presentTenseRate": 0.9056603773584906, "condRate": 0.018867924528301886, "impRate": 0.07547169811320754, "freqRate": 0.0, "causRate": 0.0, "modalRate": 0.018867924528301886, "sg1VerbRate": 0.41509433962264153, "sg2VerbRate": 0.03773584905660377, "sg3VerbRate": 0.8301886792452831, "pl1VerbRate": 0.11320754716981132, "pl2VerbRate": 0.0, "pl3VerbRate": 0.33962264150943394, "superlatRate": 0.04081632653061224, "comparatRate": 0.0, "specDerivSuffixRate": 0.0, "pluralNounRate": 0.08823529411764706, "subjNum": 31, "objNum": 21, "attNum": 30, "subordNum": 23, "adverbNum": 62, "coordNum": 27, "clauseNum": 70, "simpleNum": 7, "complexNum": 22, "complexity1Num": 12, "complexity2Num": 5, "complexity3Num": 3, "compoundNum": 0, "subjRate": 0.07380952380952381, "objRate": 0.05, "attRate": 0.07142857142857142, "subordRate": 0.05476190476190476, "adverbRate": 0.14761904761904762, "coordRate": 0.06428571428571428, "partsRate": 2.442857142857143, "clauseRate": 2.413793103448276, "simpleRate": 0.2413793103448276, "complexRate": 0.7586206896551724, "complexity1Rate": 0.41379310344827586, "complexity2Rate": 0.1724137931034483, "complexity3Rate": 0.10344827586206896, "complexClauseRate": 2.8636363636363638, "sentencesPerParagraph": 0.0, "wordsLengthRate": 5.228228228228228, "compoundRate": 0.0, "positiveNum": 0, "negativeNum": 0, "precoPositiveNum": 0, "precoNegativeNum": 0, "negemoNum": 0, "negationNum": 7, "functionNum": 206, "contentNum": 214, "vulgarNum": 0, "racistNum": 0, "specStyleNum": 0, "addressingNum": 0, "closingNum": 0, "postscriptNum": 0, "brutalNum": 0, "positiveRate": 0.0, "negativeRate": 0.0, "precoPositiveRate": 0.0, "precoNegativeRate": 0.0, "negemoRate": 0.0, "negationRate": 0.016666666666666666, "functionRate": 0.49047619047619045, "contentRate": 0.5095238095238095, "vulgarRate": 0.0, "racistRate": 0.0, "specStyleRate": 0.0, "addressingRate": 0.0, "closingRate": 0.0, "postscriptRate": 0.0, "brutalRate": 0.0, "epistemicNum": 0, "investNum": 0, "conditionNum": 0, "weaselNum": 0, "peacockNum": 0, "hedgeNum": 0, "doxasticNum": 0, "epistemicRate": 0.0, "investRate": 0.0, "conditionRate": 0.0, "weaselRate": 0.0, "peacockRate": 0.0, "hedgeRate": 0.0, "doxasticRate": 0.0, "loveNum": 0, "anxietyNum": 0, "sorrowNum": 0, "joyNum": 0, "disgustNum": 0, "fearNum": 0, "surpriseNum": 0, "angerNum": 0, "loveRate": 0.0, "anxietyRate": 0.0, "sorrowRate": 0.0, "joyRate": 0.0, "disgustRate": 0.0, "fearRate": 0.0, "surpriseRate": 0.0, "angerRate": 0.0, "slangBeGeneralNum": 0, "slangBeCigaretteNum": 0, "slangBeHumanNum": 0, "slangBeVehicleNum": 0, "slangBeDrugNum": 0, "slangBvNum": 0, "slangBeGeneralRate": 0.0, "slangBeCigaretteRate": 0.0, "slangBeHumanRate": 0.0, "slangBeVehicleRate": 0.0, "slangBeDrugRate": 0.0, "slangBvRate": 0.0, "speechactNum": 0, "quoteNum": 0, "dashNum": 0, "publicNum": 0, "privateNum": 0, "suasiveNum": 0, "discMarkerNum": 0, "smileyNum": 0, "dateNum": 0, "hesitationNum": 0, "restartNum": 0, "repeatNum": 1, "conjBeforeDiscNum": 0, "conjAfterDiscNum": 0, "wordBeforeHesitationNum": 0, "wordAfterHesitationNum": 0, "otherCollocationNum": 0, "speechactRate": 0.0, "quoteRate": 0.0, "dashRate": 0.0, "publicRate": 0.0, "privateRate": 0.0, "suasiveRate": 0.0, "discMarkerRate": 0.0, "smileyRate": 0.0, "dateRate": 0.0, "hesitationRate": 0.0, "restartRate": 0.0, "repeatRate": 0.002380952380952381, "conjBeforeDiscRate": 0.0, "conjAfterDiscRate": 0.0, "wordBeforeHesitationRate": 0.0, "wordAfterHesitationRate": 0.0, "otherCollocationRate": 0.0, "easyWordNum": 401, "hardWordNum": 19, "easyWordRate": 0.9547619047619048, "hardWordRate": 0.04523809523809524, "fleschReadingEaseScore": 75.9107142857143, "gunningFogIndex": 5.8111986863711005, "fleschKincaidGradeLevel": 6.269228243021349, "colemanLiauIndex": 9.849340476190473, "smogIndex": 7.675431598112922, "automatedReadabilityIndex": 6.322307881773398, "linsearWriteIndex": 0.8801313628899834, "author": "", "locationNameNum": 0, "locationNameRate": 0.0, "personNameNum": 0, "personNameRate": 0.0, "organizationNameNum": 0, "organizationNameRate": 0.0, "misspelledNum": 9, "misspelledRate": 0.02142857142857143, "missingAccentNum": 1, "missingAccentRate": 0.002380952380952381, "foreignAccentNum": 1, "foreignAccentRate": 0.002380952380952381, "wordConcatNum": 1, "wordConcatRate": 0.002380952380952381, "jLyMistakeNum": 0, "jLyMistakeRate": 0.0, "freqSuffixNum": 0, "partsNum": 171, "privateVNum": 0, "publicVNum": 0, "clauseWordNum": 70}