{"tokenNum": 348, "sentenceNum": 25, "lemmaNum": 173, "lemmaRate": 0.49712643678160917, "sentenceLength": 13.92, "allUpperNum": 0, "firstUpperNum": 24, "allUpperRate": 0.0, "firstUpperRate": 0.06896551724137931, "declarSentNum": 11, "imperSentNum": 11, "questionNum": 3, "declarSentRate": 0.44, "imperSentRate": 0.44, "questionRate": 0.12, "accent": true, "saturation": 2.8360655737704916, "paragraphNum": 0, "nounNum": 56, "verbNum": 49, "adjNum": 34, "infNum": 8, "partPastNum": 0, "partPresNum": 1, "partFutNum": 0, "transNum": 1, "xNum": 1, "advNum": 37, "properNounNum": 0, "numNum": 0, "conjNum": 32, "punctNum": 63, "pronNum": 25, "relPronNum": 10, "demPronNum": 17, "adposNum": 0, "multiplePunctNum": 0, "phraseNum": 0, "nounRate": 0.16091954022988506, "verbRate": 0.14080459770114942, "adjRate": 0.09770114942528736, "infRate": 0.022988505747126436, "partPastRate": 0.0, "partPresRate": 0.0028735632183908046, "partFutRate": 0.0, "transRate": 0.0028735632183908046, "xRate": 0.0028735632183908046, "advRate": 0.10632183908045977, "properNounRate": 0.0, "numRate": 0.0, "conjRate": 0.09195402298850575, "punctRate": 0.1810344827586207, "pronRate": 0.07183908045977011, "relPronRate": 0.028735632183908046, "demPronRate": 0.04885057471264368, "adposRate": 0.0, "multiplePunctRate": 0.0, "partsDensityRate": 2.8852459016393444, "contentfulness": 7.04, "phraseRate": 0.0, "pastTenseNum": 0, "presentTenseNum": 41, "condNum": 2, "impNum": 3, "freqNum": 0, "causNum": 0, "modalNum": 0, "sg1VerbNum": 17, "sg2VerbNum": 2, "sg3VerbNum": 41, "pl1VerbNum": 5, "pl2VerbNum": 0, "pl3VerbNum": 8, "superlatNum": 0, "comparatNum": 2, "specDerivSuffixNum": 0, "pluralNounNum": 16, "pastTenseRate": 0.0, "presentTenseRate": 0.8367346938775511, "condRate": 0.04081632653061224, "impRate": 0.061224489795918366, "freqRate": 0.0, "causRate": 0.0, "modalRate": 0.0, "sg1VerbRate": 0.3469387755102041, "sg2VerbRate": 0.04081632653061224, "sg3VerbRate": 0.8367346938775511, "pl1VerbRate": 0.10204081632653061, "pl2VerbRate": 0.0, "pl3VerbRate": 0.16326530612244897, "superlatRate": 0.0, "comparatRate": 0.058823529411764705, "specDerivSuffixRate": 0.0, "pluralNounRate": 0.2857142857142857, "subjNum": 29, "objNum": 13, "attNum": 16, "subordNum": 18, "adverbNum": 48, "coordNum": 17, "clauseNum": 61, "simpleNum": 6, "complexNum": 19, "complexity1Num": 9, "complexity2Num": 5, "complexity3Num": 3, "compoundNum": 0, "subjRate": 0.08333333333333333, "objRate": 0.03735632183908046, "attRate": 0.04597701149425287, "subordRate": 0.05172413793103448, "adverbRate": 0.13793103448275862, "coordRate": 0.04885057471264368, "partsRate": 2.0163934426229506, "clauseRate": 2.44, "simpleRate": 0.24, "complexRate": 0.76, "complexity1Rate": 0.36, "complexity2Rate": 0.2, "complexity3Rate": 0.12, "complexClauseRate": 2.8947368421052633, "sentencesPerParagraph": 0.0, "wordsLengthRate": 5.5473684210526315, "compoundRate": 0.0, "positiveNum": 0, "negativeNum": 0, "precoPositiveNum": 0, "precoNegativeNum": 0, "negemoNum": 0, "negationNum": 7, "functionNum": 172, "contentNum": 176, "vulgarNum": 0, "racistNum": 0, "specStyleNum": 0, "addressingNum": 0, "closingNum": 0, "postscriptNum": 0, "brutalNum": 0, "positiveRate": 0.0, "negativeRate": 0.0, "precoPositiveRate": 0.0, "precoNegativeRate": 0.0, "negemoRate": 0.0, "negationRate": 0.020114942528735632, "functionRate": 0.4942528735632184, "contentRate": 0.5057471264367817, "vulgarRate": 0.0, "racistRate": 0.0, "specStyleRate": 0.0, "addressingRate": 0.0, "closingRate": 0.0, "postscriptRate": 0.0, "brutalRate": 0.0, "epistemicNum": 0, "investNum": 0, "conditionNum": 0, "weaselNum": 0, "peacockNum": 0, "hedgeNum": 0, "doxasticNum": 0, "epistemicRate": 0.0, "investRate": 0.0, "conditionRate": 0.0, "weaselRate": 0.0, "peacockRate": 0.0, "hedgeRate": 0.0, "doxasticRate": 0.0, "loveNum": 0, "anxietyNum": 0, "sorrowNum": 0, "joyNum": 0, "disgustNum": 0, "fearNum": 0, "surpriseNum": 0, "angerNum": 0, "loveRate": 0.0, "anxietyRate": 0.0, "sorrowRate": 0.0, "joyRate": 0.0, "disgustRate": 0.0, "fearRate": 0.0, "surpriseRate": 0.0, "angerRate": 0.0, "slangBeGeneralNum": 0, "slangBeCigaretteNum": 0, "slangBeHumanNum": 0, "slangBeVehicleNum": 0, "slangBeDrugNum": 0, "slangBvNum": 0, "slangBeGeneralRate": 0.0, "slangBeCigaretteRate": 0.0, "slangBeHumanRate": 0.0, "slangBeVehicleRate": 0.0, "slangBeDrugRate": 0.0, "slangBvRate": 0.0, "speechactNum": 0, "quoteNum": 2, "dashNum": 0, "publicNum": 0, "privateNum": 0, "suasiveNum": 0, "discMarkerNum": 0, "smileyNum": 0, "dateNum": 0, "hesitationNum": 0, "restartNum": 0, "repeatNum": 0, "conjBeforeDiscNum": 0, "conjAfterDiscNum": 0, "wordBeforeHesitationNum": 0, "wordAfterHesitationNum": 0, "otherCollocationNum": 0, "speechactRate": 0.0, "quoteRate": 0.005747126436781609, "dashRate": 0.0, "publicRate": 0.0, "privateRate": 0.0, "suasiveRate": 0.0, "discMarkerRate": 0.0, "smileyRate": 0.0, "dateRate": 0.0, "hesitationRate": 0.0, "restartRate": 0.0, "repeatRate": 0.0, "conjBeforeDiscRate": 0.0, "conjAfterDiscRate": 0.0, "wordBeforeHesitationRate": 0.0, "wordAfterHesitationRate": 0.0, "otherCollocationRate": 0.0, "easyWordNum": 319, "hardWordNum": 29, "easyWordRate": 0.9166666666666666, "hardWordRate": 0.08333333333333333, "fleschReadingEaseScore": 62.64585517241383, "gunningFogIndex": 5.600183908045977, "fleschKincaidGradeLevel": 7.979604597701151, "colemanLiauIndex": 12.024956896551725, "smogIndex": 8.745826893841286, "automatedReadabilityIndex": 7.7806896551724165, "linsearWriteIndex": 1.333333333333333, "author": "", "locationNameNum": 0, "locationNameRate": 0.0, "personNameNum": 0, "personNameRate": 0.0, "organizationNameNum": 0, "organizationNameRate": 0.0, "misspelledNum": 9, "misspelledRate": 0.02586206896551724, "missingAccentNum": 3, "missingAccentRate": 0.008620689655172414, "foreignAccentNum": 0, "foreignAccentRate": 0.0, "wordConcatNum": 3, "wordConcatRate": 0.008620689655172414, "jLyMistakeNum": 0, "jLyMistakeRate": 0.0, "freqSuffixNum": 0, "partsNum": 123, "privateVNum": 0, "publicVNum": 0, "clauseWordNum": 61}