{"tokenNum": 379, "sentenceNum": 36, "lemmaNum": 181, "lemmaRate": 0.47757255936675463, "sentenceLength": 10.527777777777779, "allUpperNum": 0, "firstUpperNum": 46, "allUpperRate": 0.0, "firstUpperRate": 0.12137203166226913, "declarSentNum": 35, "imperSentNum": 1, "questionNum": 0, "declarSentRate": 0.9722222222222222, "imperSentRate": 0.027777777777777776, "questionRate": 0.0, "accent": true, "saturation": 2.5492957746478875, "paragraphNum": 0, "nounNum": 53, "verbNum": 63, "adjNum": 23, "infNum": 4, "partPastNum": 0, "partPresNum": 1, "partFutNum": 0, "transNum": 2, "xNum": 34, "advNum": 50, "properNounNum": 13, "numNum": 2, "conjNum": 26, "punctNum": 77, "pronNum": 26, "relPronNum": 3, "demPronNum": 12, "adposNum": 5, "multiplePunctNum": 3, "phraseNum": 0, "nounRate": 0.13984168865435356, "verbRate": 0.1662269129287599, "adjRate": 0.06068601583113457, "infRate": 0.010554089709762533, "partPastRate": 0.0, "partPresRate": 0.002638522427440633, "partFutRate": 0.0, "transRate": 0.005277044854881266, "xRate": 0.08970976253298153, "advRate": 0.13192612137203166, "properNounRate": 0.03430079155672823, "numRate": 0.005277044854881266, "conjRate": 0.06860158311345646, "punctRate": 0.20316622691292877, "pronRate": 0.06860158311345646, "relPronRate": 0.0079155672823219, "demPronRate": 0.0316622691292876, "adposRate": 0.013192612137203167, "multiplePunctRate": 0.03896103896103896, "partsDensityRate": 2.6619718309859155, "contentfulness": 5.25, "phraseRate": 0.0, "pastTenseNum": 7, "presentTenseNum": 52, "condNum": 1, "impNum": 17, "freqNum": 0, "causNum": 0, "modalNum": 1, "sg1VerbNum": 23, "sg2VerbNum": 18, "sg3VerbNum": 21, "pl1VerbNum": 1, "pl2VerbNum": 3, "pl3VerbNum": 20, "superlatNum": 1, "comparatNum": 2, "specDerivSuffixNum": 0, "pluralNounNum": 5, "pastTenseRate": 0.1111111111111111, "presentTenseRate": 0.8253968253968254, "condRate": 0.015873015873015872, "impRate": 0.2698412698412698, "freqRate": 0.0, "causRate": 0.0, "modalRate": 0.015873015873015872, "sg1VerbRate": 0.36507936507936506, "sg2VerbRate": 0.2857142857142857, "sg3VerbRate": 0.3333333333333333, "pl1VerbRate": 0.015873015873015872, "pl2VerbRate": 0.047619047619047616, "pl3VerbRate": 0.31746031746031744, "superlatRate": 0.043478260869565216, "comparatRate": 0.08695652173913043, "specDerivSuffixRate": 0.0, "pluralNounRate": 0.09433962264150944, "subjNum": 15, "objNum": 13, "attNum": 15, "subordNum": 19, "adverbNum": 64, "coordNum": 20, "clauseNum": 71, "simpleNum": 14, "complexNum": 22, "complexity1Num": 13, "complexity2Num": 6, "complexity3Num": 2, "compoundNum": 0, "subjRate": 0.0395778364116095, "objRate": 0.03430079155672823, "attRate": 0.0395778364116095, "subordRate": 0.05013192612137203, "adverbRate": 0.16886543535620052, "coordRate": 0.052770448548812667, "partsRate": 1.7887323943661972, "clauseRate": 1.9722222222222223, "simpleRate": 0.3888888888888889, "complexRate": 0.6111111111111112, "complexity1Rate": 0.3611111111111111, "complexity2Rate": 0.16666666666666666, "complexity3Rate": 0.05555555555555555, "complexClauseRate": 2.590909090909091, "sentencesPerParagraph": 0.0, "wordsLengthRate": 4.894039735099338, "compoundRate": 0.0, "positiveNum": 0, "negativeNum": 0, "precoPositiveNum": 0, "precoNegativeNum": 0, "negemoNum": 0, "negationNum": 21, "functionNum": 190, "contentNum": 189, "vulgarNum": 0, "racistNum": 0, "specStyleNum": 0, "addressingNum": 0, "closingNum": 0, "postscriptNum": 0, "brutalNum": 0, "positiveRate": 0.0, "negativeRate": 0.0, "precoPositiveRate": 0.0, "precoNegativeRate": 0.0, "negemoRate": 0.0, "negationRate": 0.055408970976253295, "functionRate": 0.5013192612137203, "contentRate": 0.49868073878627966, "vulgarRate": 0.0, "racistRate": 0.0, "specStyleRate": 0.0, "addressingRate": 0.0, "closingRate": 0.0, "postscriptRate": 0.0, "brutalRate": 0.0, "epistemicNum": 0, "investNum": 0, "conditionNum": 0, "weaselNum": 0, "peacockNum": 0, "hedgeNum": 0, "doxasticNum": 0, "epistemicRate": 0.0, "investRate": 0.0, "conditionRate": 0.0, "weaselRate": 0.0, "peacockRate": 0.0, "hedgeRate": 0.0, "doxasticRate": 0.0, "loveNum": 0, "anxietyNum": 0, "sorrowNum": 0, "joyNum": 0, "disgustNum": 0, "fearNum": 0, "surpriseNum": 0, "angerNum": 0, "loveRate": 0.0, "anxietyRate": 0.0, "sorrowRate": 0.0, "joyRate": 0.0, "disgustRate": 0.0, "fearRate": 0.0, "surpriseRate": 0.0, "angerRate": 0.0, "slangBeGeneralNum": 0, "slangBeCigaretteNum": 0, "slangBeHumanNum": 0, "slangBeVehicleNum": 0, "slangBeDrugNum": 0, "slangBvNum": 0, "slangBeGeneralRate": 0.0, "slangBeCigaretteRate": 0.0, "slangBeHumanRate": 0.0, "slangBeVehicleRate": 0.0, "slangBeDrugRate": 0.0, "slangBvRate": 0.0, "speechactNum": 0, "quoteNum": 0, "dashNum": 0, "publicNum": 0, "privateNum": 0, "suasiveNum": 0, "discMarkerNum": 0, "smileyNum": 0, "dateNum": 0, "hesitationNum": 0, "restartNum": 0, "repeatNum": 1, "conjBeforeDiscNum": 0, "conjAfterDiscNum": 0, "wordBeforeHesitationNum": 0, "wordAfterHesitationNum": 0, "otherCollocationNum": 0, "speechactRate": 0.0, "quoteRate": 0.0, "dashRate": 0.0, "publicRate": 0.0, "privateRate": 0.0, "suasiveRate": 0.0, "discMarkerRate": 0.0, "smileyRate": 0.0, "dateRate": 0.0, "hesitationRate": 0.0, "restartRate": 0.0, "repeatRate": 0.002638522427440633, "conjBeforeDiscRate": 0.0, "conjAfterDiscRate": 0.0, "wordBeforeHesitationRate": 0.0, "wordAfterHesitationRate": 0.0, "otherCollocationRate": 0.0, "easyWordNum": 362, "hardWordNum": 17, "easyWordRate": 0.9551451187335093, "hardWordRate": 0.044854881266490766, "fleschReadingEaseScore": 93.02212877455293, "gunningFogIndex": 4.229053063617708, "fleschKincaidGradeLevel": 2.900002198768693, "colemanLiauIndex": 7.86850131926121, "smogIndex": 7.054809383877857, "automatedReadabilityIndex": 2.7608809733216084, "linsearWriteIndex": 0.38888888888888884, "author": "", "locationNameNum": 0, "locationNameRate": 0.0, "personNameNum": 6, "personNameRate": 0.0158311345646438, "organizationNameNum": 0, "organizationNameRate": 0.0, "misspelledNum": 9, "misspelledRate": 0.023746701846965697, "missingAccentNum": 7, "missingAccentRate": 0.018469656992084433, "foreignAccentNum": 0, "foreignAccentRate": 0.0, "wordConcatNum": 1, "wordConcatRate": 0.002638522427440633, "jLyMistakeNum": 0, "jLyMistakeRate": 0.0, "freqSuffixNum": 0, "partsNum": 127, "privateVNum": 0, "publicVNum": 0, "clauseWordNum": 71}