{"tokenNum": 349, "sentenceNum": 14, "lemmaNum": 200, "lemmaRate": 0.5730659025787965, "sentenceLength": 24.928571428571427, "allUpperNum": 5, "firstUpperNum": 38, "allUpperRate": 0.014326647564469915, "firstUpperRate": 0.10888252148997135, "declarSentNum": 13, "imperSentNum": 1, "questionNum": 0, "declarSentRate": 0.9285714285714286, "imperSentRate": 0.07142857142857142, "questionRate": 0.0, "accent": true, "saturation": 5.2631578947368425, "paragraphNum": 0, "nounNum": 81, "verbNum": 43, "adjNum": 31, "infNum": 9, "partPastNum": 0, "partPresNum": 0, "partFutNum": 0, "transNum": 1, "xNum": 13, "advNum": 31, "properNounNum": 26, "numNum": 2, "conjNum": 27, "punctNum": 48, "pronNum": 19, "relPronNum": 7, "demPronNum": 13, "adposNum": 5, "multiplePunctNum": 1, "phraseNum": 0, "nounRate": 0.23209169054441262, "verbRate": 0.12320916905444126, "adjRate": 0.08882521489971347, "infRate": 0.025787965616045846, "partPastRate": 0.0, "partPresRate": 0.0, "partFutRate": 0.0, "transRate": 0.0028653295128939827, "xRate": 0.03724928366762178, "advRate": 0.08882521489971347, "properNounRate": 0.07449856733524356, "numRate": 0.0057306590257879654, "conjRate": 0.07736389684813753, "punctRate": 0.13753581661891118, "pronRate": 0.054441260744985676, "relPronRate": 0.02005730659025788, "demPronRate": 0.03724928366762178, "adposRate": 0.014326647564469915, "multiplePunctRate": 0.020833333333333332, "partsDensityRate": 4.894736842105263, "contentfulness": 13.285714285714286, "phraseRate": 0.0, "pastTenseNum": 14, "presentTenseNum": 20, "condNum": 3, "impNum": 4, "freqNum": 0, "causNum": 0, "modalNum": 2, "sg1VerbNum": 11, "sg2VerbNum": 0, "sg3VerbNum": 29, "pl1VerbNum": 7, "pl2VerbNum": 0, "pl3VerbNum": 10, "superlatNum": 0, "comparatNum": 1, "specDerivSuffixNum": 0, "pluralNounNum": 8, "pastTenseRate": 0.32558139534883723, "presentTenseRate": 0.46511627906976744, "condRate": 0.06976744186046512, "impRate": 0.09302325581395349, "freqRate": 0.0, "causRate": 0.0, "modalRate": 0.046511627906976744, "sg1VerbRate": 0.2558139534883721, "sg2VerbRate": 0.0, "sg3VerbRate": 0.6744186046511628, "pl1VerbRate": 0.16279069767441862, "pl2VerbRate": 0.0, "pl3VerbRate": 0.23255813953488372, "superlatRate": 0.0, "comparatRate": 0.03225806451612903, "specDerivSuffixRate": 0.0, "pluralNounRate": 0.09876543209876543, "subjNum": 16, "objNum": 19, "attNum": 19, "subordNum": 14, "adverbNum": 42, "coordNum": 14, "clauseNum": 38, "simpleNum": 3, "complexNum": 11, "complexity1Num": 5, "complexity2Num": 3, "complexity3Num": 0, "compoundNum": 0, "subjRate": 0.045845272206303724, "objRate": 0.054441260744985676, "attRate": 0.054441260744985676, "subordRate": 0.04011461318051576, "adverbRate": 0.12034383954154727, "coordRate": 0.04011461318051576, "partsRate": 2.8947368421052633, "clauseRate": 2.7142857142857144, "simpleRate": 0.21428571428571427, "complexRate": 0.7857142857142857, "complexity1Rate": 0.35714285714285715, "complexity2Rate": 0.21428571428571427, "complexity3Rate": 0.0, "complexClauseRate": 3.1818181818181817, "sentencesPerParagraph": 0.0, "wordsLengthRate": 5.401993355481728, "compoundRate": 0.0, "positiveNum": 0, "negativeNum": 0, "precoPositiveNum": 0, "precoNegativeNum": 0, "negemoNum": 0, "negationNum": 5, "functionNum": 163, "contentNum": 186, "vulgarNum": 0, "racistNum": 0, "specStyleNum": 0, "addressingNum": 0, "closingNum": 0, "postscriptNum": 0, "brutalNum": 0, "positiveRate": 0.0, "negativeRate": 0.0, "precoPositiveRate": 0.0, "precoNegativeRate": 0.0, "negemoRate": 0.0, "negationRate": 0.014326647564469915, "functionRate": 0.4670487106017192, "contentRate": 0.5329512893982808, "vulgarRate": 0.0, "racistRate": 0.0, "specStyleRate": 0.0, "addressingRate": 0.0, "closingRate": 0.0, "postscriptRate": 0.0, "brutalRate": 0.0, "epistemicNum": 0, "investNum": 0, "conditionNum": 0, "weaselNum": 0, "peacockNum": 0, "hedgeNum": 0, "doxasticNum": 0, "epistemicRate": 0.0, "investRate": 0.0, "conditionRate": 0.0, "weaselRate": 0.0, "peacockRate": 0.0, "hedgeRate": 0.0, "doxasticRate": 0.0, "loveNum": 0, "anxietyNum": 0, "sorrowNum": 0, "joyNum": 0, "disgustNum": 0, "fearNum": 0, "surpriseNum": 0, "angerNum": 0, "loveRate": 0.0, "anxietyRate": 0.0, "sorrowRate": 0.0, "joyRate": 0.0, "disgustRate": 0.0, "fearRate": 0.0, "surpriseRate": 0.0, "angerRate": 0.0, "slangBeGeneralNum": 0, "slangBeCigaretteNum": 0, "slangBeHumanNum": 0, "slangBeVehicleNum": 0, "slangBeDrugNum": 0, "slangBvNum": 0, "slangBeGeneralRate": 0.0, "slangBeCigaretteRate": 0.0, "slangBeHumanRate": 0.0, "slangBeVehicleRate": 0.0, "slangBeDrugRate": 0.0, "slangBvRate": 0.0, "speechactNum": 0, "quoteNum": 0, "dashNum": 0, "publicNum": 0, "privateNum": 0, "suasiveNum": 0, "discMarkerNum": 0, "smileyNum": 0, "dateNum": 0, "hesitationNum": 0, "restartNum": 1, "repeatNum": 0, "conjBeforeDiscNum": 0, "conjAfterDiscNum": 0, "wordBeforeHesitationNum": 0, "wordAfterHesitationNum": 0, "otherCollocationNum": 0, "speechactRate": 0.0, "quoteRate": 0.0, "dashRate": 0.0, "publicRate": 0.0, "privateRate": 0.0, "suasiveRate": 0.0, "discMarkerRate": 0.0, "smileyRate": 0.0, "dateRate": 0.0, "hesitationRate": 0.0, "restartRate": 0.0028653295128939827, "repeatRate": 0.0, "conjBeforeDiscRate": 0.0, "conjAfterDiscRate": 0.0, "wordBeforeHesitationRate": 0.0, "wordAfterHesitationRate": 0.0, "otherCollocationRate": 0.0, "easyWordNum": 326, "hardWordNum": 23, "easyWordRate": 0.9340974212034384, "hardWordRate": 0.0659025787965616, "fleschReadingEaseScore": 53.784075931232124, "gunningFogIndex": 9.997789602947195, "fleschKincaidGradeLevel": 11.950480966025381, "colemanLiauIndex": 12.215352435530086, "smogIndex": 8.131152278815165, "automatedReadabilityIndex": 13.437151043798607, "linsearWriteIndex": 2.9091281211625053, "author": "", "locationNameNum": 4, "locationNameRate": 0.011461318051575931, "personNameNum": 3, "personNameRate": 0.008595988538681949, "organizationNameNum": 1, "organizationNameRate": 0.0028653295128939827, "misspelledNum": 5, "misspelledRate": 0.014326647564469915, "missingAccentNum": 2, "missingAccentRate": 0.0057306590257879654, "foreignAccentNum": 0, "foreignAccentRate": 0.0, "wordConcatNum": 0, "wordConcatRate": 0.0, "jLyMistakeNum": 0, "jLyMistakeRate": 0.0, "freqSuffixNum": 0, "partsNum": 110, "privateVNum": 0, "publicVNum": 0, "clauseWordNum": 38}