{"tokenNum": 435, "sentenceNum": 32, "lemmaNum": 211, "lemmaRate": 0.4850574712643678, "sentenceLength": 13.59375, "allUpperNum": 0, "firstUpperNum": 34, "allUpperRate": 0.0, "firstUpperRate": 0.07816091954022988, "declarSentNum": 32, "imperSentNum": 0, "questionNum": 0, "declarSentRate": 1.0, "imperSentRate": 0.0, "questionRate": 0.0, "accent": true, "saturation": 2.6049382716049383, "paragraphNum": 0, "nounNum": 59, "verbNum": 71, "adjNum": 26, "infNum": 8, "partPastNum": 0, "partPresNum": 0, "partFutNum": 0, "transNum": 0, "xNum": 31, "advNum": 55, "properNounNum": 7, "numNum": 2, "conjNum": 36, "punctNum": 86, "pronNum": 28, "relPronNum": 2, "demPronNum": 14, "adposNum": 2, "multiplePunctNum": 4, "phraseNum": 0, "nounRate": 0.135632183908046, "verbRate": 0.1632183908045977, "adjRate": 0.059770114942528735, "infRate": 0.01839080459770115, "partPastRate": 0.0, "partPresRate": 0.0, "partFutRate": 0.0, "transRate": 0.0, "xRate": 0.07126436781609195, "advRate": 0.12643678160919541, "properNounRate": 0.016091954022988506, "numRate": 0.004597701149425287, "conjRate": 0.08275862068965517, "punctRate": 0.19770114942528735, "pronRate": 0.06436781609195402, "relPronRate": 0.004597701149425287, "demPronRate": 0.03218390804597701, "adposRate": 0.004597701149425287, "multiplePunctRate": 0.046511627906976744, "partsDensityRate": 2.567901234567901, "contentfulness": 6.5, "phraseRate": 0.0, "pastTenseNum": 4, "presentTenseNum": 59, "condNum": 2, "impNum": 6, "freqNum": 0, "causNum": 1, "modalNum": 0, "sg1VerbNum": 33, "sg2VerbNum": 1, "sg3VerbNum": 35, "pl1VerbNum": 10, "pl2VerbNum": 0, "pl3VerbNum": 15, "superlatNum": 0, "comparatNum": 0, "specDerivSuffixNum": 0, "pluralNounNum": 12, "pastTenseRate": 0.056338028169014086, "presentTenseRate": 0.8309859154929577, "condRate": 0.028169014084507043, "impRate": 0.08450704225352113, "freqRate": 0.0, "causRate": 0.014084507042253521, "modalRate": 0.0, "sg1VerbRate": 0.4647887323943662, "sg2VerbRate": 0.014084507042253521, "sg3VerbRate": 0.49295774647887325, "pl1VerbRate": 0.14084507042253522, "pl2VerbRate": 0.0, "pl3VerbRate": 0.2112676056338028, "superlatRate": 0.0, "comparatRate": 0.0, "specDerivSuffixRate": 0.0, "pluralNounRate": 0.2033898305084746, "subjNum": 32, "objNum": 14, "attNum": 7, "subordNum": 18, "adverbNum": 66, "coordNum": 30, "clauseNum": 81, "simpleNum": 14, "complexNum": 18, "complexity1Num": 9, "complexity2Num": 2, "complexity3Num": 2, "compoundNum": 0, "subjRate": 0.0735632183908046, "objRate": 0.03218390804597701, "attRate": 0.016091954022988506, "subordRate": 0.041379310344827586, "adverbRate": 0.15172413793103448, "coordRate": 0.06896551724137931, "partsRate": 1.8395061728395061, "clauseRate": 2.53125, "simpleRate": 0.4375, "complexRate": 0.5625, "complexity1Rate": 0.28125, "complexity2Rate": 0.0625, "complexity3Rate": 0.0625, "complexClauseRate": 3.7222222222222223, "sentencesPerParagraph": 0.0, "wordsLengthRate": 4.991404011461318, "compoundRate": 0.0, "positiveNum": 0, "negativeNum": 0, "precoPositiveNum": 0, "precoNegativeNum": 0, "negemoNum": 0, "negationNum": 10, "functionNum": 227, "contentNum": 208, "vulgarNum": 0, "racistNum": 0, "specStyleNum": 0, "addressingNum": 0, "closingNum": 0, "postscriptNum": 0, "brutalNum": 0, "positiveRate": 0.0, "negativeRate": 0.0, "precoPositiveRate": 0.0, "precoNegativeRate": 0.0, "negemoRate": 0.0, "negationRate": 0.022988505747126436, "functionRate": 0.5218390804597701, "contentRate": 0.4781609195402299, "vulgarRate": 0.0, "racistRate": 0.0, "specStyleRate": 0.0, "addressingRate": 0.0, "closingRate": 0.0, "postscriptRate": 0.0, "brutalRate": 0.0, "epistemicNum": 0, "investNum": 0, "conditionNum": 0, "weaselNum": 0, "peacockNum": 0, "hedgeNum": 0, "doxasticNum": 0, "epistemicRate": 0.0, "investRate": 0.0, "conditionRate": 0.0, "weaselRate": 0.0, "peacockRate": 0.0, "hedgeRate": 0.0, "doxasticRate": 0.0, "loveNum": 0, "anxietyNum": 0, "sorrowNum": 0, "joyNum": 0, "disgustNum": 0, "fearNum": 0, "surpriseNum": 0, "angerNum": 0, "loveRate": 0.0, "anxietyRate": 0.0, "sorrowRate": 0.0, "joyRate": 0.0, "disgustRate": 0.0, "fearRate": 0.0, "surpriseRate": 0.0, "angerRate": 0.0, "slangBeGeneralNum": 0, "slangBeCigaretteNum": 0, "slangBeHumanNum": 0, "slangBeVehicleNum": 0, "slangBeDrugNum": 0, "slangBvNum": 0, "slangBeGeneralRate": 0.0, "slangBeCigaretteRate": 0.0, "slangBeHumanRate": 0.0, "slangBeVehicleRate": 0.0, "slangBeDrugRate": 0.0, "slangBvRate": 0.0, "speechactNum": 0, "quoteNum": 0, "dashNum": 0, "publicNum": 0, "privateNum": 0, "suasiveNum": 0, "discMarkerNum": 0, "smileyNum": 2, "dateNum": 0, "hesitationNum": 0, "restartNum": 0, "repeatNum": 0, "conjBeforeDiscNum": 0, "conjAfterDiscNum": 0, "wordBeforeHesitationNum": 0, "wordAfterHesitationNum": 0, "otherCollocationNum": 0, "speechactRate": 0.0, "quoteRate": 0.0, "dashRate": 0.0, "publicRate": 0.0, "privateRate": 0.0, "suasiveRate": 0.0, "discMarkerRate": 0.0, "smileyRate": 0.004597701149425287, "dateRate": 0.0, "hesitationRate": 0.0, "restartRate": 0.0, "repeatRate": 0.0, "conjBeforeDiscRate": 0.0, "conjAfterDiscRate": 0.0, "wordBeforeHesitationRate": 0.0, "wordAfterHesitationRate": 0.0, "otherCollocationRate": 0.0, "easyWordNum": 417, "hardWordNum": 18, "easyWordRate": 0.9586206896551724, "hardWordRate": 0.041379310344827586, "fleschReadingEaseScore": 86.2663092672414, "gunningFogIndex": 5.454051724137932, "fleschKincaidGradeLevel": 4.60397629310345, "colemanLiauIndex": 8.612813793103445, "smogIndex": 7.413659706084162, "automatedReadabilityIndex": 4.8890129310344825, "linsearWriteIndex": 0.5804597701149425, "author": "", "locationNameNum": 2, "locationNameRate": 0.004597701149425287, "personNameNum": 0, "personNameRate": 0.0, "organizationNameNum": 0, "organizationNameRate": 0.0, "misspelledNum": 5, "misspelledRate": 0.011494252873563218, "missingAccentNum": 0, "missingAccentRate": 0.0, "foreignAccentNum": 0, "foreignAccentRate": 0.0, "wordConcatNum": 1, "wordConcatRate": 0.0022988505747126436, "jLyMistakeNum": 0, "jLyMistakeRate": 0.0, "freqSuffixNum": 0, "partsNum": 149, "privateVNum": 0, "publicVNum": 0, "clauseWordNum": 81}