{"tokenNum": 397, "sentenceNum": 22, "lemmaNum": 223, "lemmaRate": 0.5617128463476071, "sentenceLength": 18.045454545454547, "allUpperNum": 2, "firstUpperNum": 29, "allUpperRate": 0.005037783375314861, "firstUpperRate": 0.07304785894206549, "declarSentNum": 21, "imperSentNum": 1, "questionNum": 0, "declarSentRate": 0.9545454545454546, "imperSentRate": 0.045454545454545456, "questionRate": 0.0, "accent": true, "saturation": 4.46, "paragraphNum": 0, "nounNum": 84, "verbNum": 39, "adjNum": 41, "infNum": 8, "partPastNum": 4, "partPresNum": 2, "partFutNum": 0, "transNum": 0, "xNum": 21, "advNum": 48, "properNounNum": 4, "numNum": 2, "conjNum": 30, "punctNum": 53, "pronNum": 22, "relPronNum": 5, "demPronNum": 17, "adposNum": 4, "multiplePunctNum": 3, "phraseNum": 0, "nounRate": 0.21158690176322417, "verbRate": 0.0982367758186398, "adjRate": 0.10327455919395466, "infRate": 0.020151133501259445, "partPastRate": 0.010075566750629723, "partPresRate": 0.005037783375314861, "partFutRate": 0.0, "transRate": 0.0, "xRate": 0.05289672544080604, "advRate": 0.12090680100755667, "properNounRate": 0.010075566750629723, "numRate": 0.005037783375314861, "conjRate": 0.07556675062972293, "punctRate": 0.13350125944584382, "pronRate": 0.055415617128463476, "relPronRate": 0.012594458438287154, "demPronRate": 0.042821158690176324, "adposRate": 0.010075566750629723, "multiplePunctRate": 0.05660377358490566, "partsDensityRate": 4.24, "contentfulness": 9.636363636363637, "phraseRate": 0.0, "pastTenseNum": 1, "presentTenseNum": 30, "condNum": 1, "impNum": 4, "freqNum": 0, "causNum": 0, "modalNum": 1, "sg1VerbNum": 1, "sg2VerbNum": 0, "sg3VerbNum": 49, "pl1VerbNum": 1, "pl2VerbNum": 0, "pl3VerbNum": 3, "superlatNum": 1, "comparatNum": 0, "specDerivSuffixNum": 0, "pluralNounNum": 13, "pastTenseRate": 0.02564102564102564, "presentTenseRate": 0.7692307692307693, "condRate": 0.02564102564102564, "impRate": 0.10256410256410256, "freqRate": 0.0, "causRate": 0.0, "modalRate": 0.02564102564102564, "sg1VerbRate": 0.02564102564102564, "sg2VerbRate": 0.0, "sg3VerbRate": 1.2564102564102564, "pl1VerbRate": 0.02564102564102564, "pl2VerbRate": 0.0, "pl3VerbRate": 0.07692307692307693, "superlatRate": 0.024390243902439025, "comparatRate": 0.0, "specDerivSuffixRate": 0.0, "pluralNounRate": 0.15476190476190477, "subjNum": 28, "objNum": 11, "attNum": 28, "subordNum": 16, "adverbNum": 56, "coordNum": 19, "clauseNum": 50, "simpleNum": 10, "complexNum": 12, "complexity1Num": 3, "complexity2Num": 5, "complexity3Num": 2, "compoundNum": 0, "subjRate": 0.07052896725440806, "objRate": 0.027707808564231738, "attRate": 0.07052896725440806, "subordRate": 0.04030226700251889, "adverbRate": 0.14105793450881612, "coordRate": 0.04785894206549118, "partsRate": 2.84, "clauseRate": 2.272727272727273, "simpleRate": 0.45454545454545453, "complexRate": 0.5454545454545454, "complexity1Rate": 0.13636363636363635, "complexity2Rate": 0.22727272727272727, "complexity3Rate": 0.09090909090909091, "complexClauseRate": 3.3333333333333335, "sentencesPerParagraph": 0.0, "wordsLengthRate": 5.473837209302325, "compoundRate": 0.0, "positiveNum": 0, "negativeNum": 0, "precoPositiveNum": 0, "precoNegativeNum": 0, "negemoNum": 0, "negationNum": 10, "functionNum": 185, "contentNum": 212, "vulgarNum": 0, "racistNum": 0, "specStyleNum": 0, "addressingNum": 0, "closingNum": 0, "postscriptNum": 0, "brutalNum": 0, "positiveRate": 0.0, "negativeRate": 0.0, "precoPositiveRate": 0.0, "precoNegativeRate": 0.0, "negemoRate": 0.0, "negationRate": 0.02518891687657431, "functionRate": 0.4659949622166247, "contentRate": 0.5340050377833753, "vulgarRate": 0.0, "racistRate": 0.0, "specStyleRate": 0.0, "addressingRate": 0.0, "closingRate": 0.0, "postscriptRate": 0.0, "brutalRate": 0.0, "epistemicNum": 0, "investNum": 0, "conditionNum": 0, "weaselNum": 0, "peacockNum": 0, "hedgeNum": 0, "doxasticNum": 0, "epistemicRate": 0.0, "investRate": 0.0, "conditionRate": 0.0, "weaselRate": 0.0, "peacockRate": 0.0, "hedgeRate": 0.0, "doxasticRate": 0.0, "loveNum": 0, "anxietyNum": 0, "sorrowNum": 0, "joyNum": 0, "disgustNum": 0, "fearNum": 0, "surpriseNum": 0, "angerNum": 0, "loveRate": 0.0, "anxietyRate": 0.0, "sorrowRate": 0.0, "joyRate": 0.0, "disgustRate": 0.0, "fearRate": 0.0, "surpriseRate": 0.0, "angerRate": 0.0, "slangBeGeneralNum": 0, "slangBeCigaretteNum": 0, "slangBeHumanNum": 0, "slangBeVehicleNum": 0, "slangBeDrugNum": 0, "slangBvNum": 0, "slangBeGeneralRate": 0.0, "slangBeCigaretteRate": 0.0, "slangBeHumanRate": 0.0, "slangBeVehicleRate": 0.0, "slangBeDrugRate": 0.0, "slangBvRate": 0.0, "speechactNum": 0, "quoteNum": 0, "dashNum": 0, "publicNum": 0, "privateNum": 0, "suasiveNum": 0, "discMarkerNum": 0, "smileyNum": 0, "dateNum": 0, "hesitationNum": 0, "restartNum": 2, "repeatNum": 0, "conjBeforeDiscNum": 0, "conjAfterDiscNum": 0, "wordBeforeHesitationNum": 0, "wordAfterHesitationNum": 0, "otherCollocationNum": 0, "speechactRate": 0.0, "quoteRate": 0.0, "dashRate": 0.0, "publicRate": 0.0, "privateRate": 0.0, "suasiveRate": 0.0, "discMarkerRate": 0.0, "smileyRate": 0.0, "dateRate": 0.0, "hesitationRate": 0.0, "restartRate": 0.005037783375314861, "repeatRate": 0.0, "conjBeforeDiscRate": 0.0, "conjAfterDiscRate": 0.0, "wordBeforeHesitationRate": 0.0, "wordAfterHesitationRate": 0.0, "otherCollocationRate": 0.0, "easyWordNum": 364, "hardWordNum": 33, "easyWordRate": 0.9168765743073047, "hardWordRate": 0.08312342569269521, "fleschReadingEaseScore": 51.28359915273646, "gunningFogIndex": 7.251431188458897, "fleschKincaidGradeLevel": 10.58928898557362, "colemanLiauIndex": 12.715148614609571, "smogIndex": 9.120678840339163, "automatedReadabilityIndex": 10.395296542248683, "linsearWriteIndex": 1.5303411953286008, "author": "", "locationNameNum": 0, "locationNameRate": 0.0, "personNameNum": 0, "personNameRate": 0.0, "organizationNameNum": 0, "organizationNameRate": 0.0, "misspelledNum": 8, "misspelledRate": 0.020151133501259445, "missingAccentNum": 1, "missingAccentRate": 0.0025188916876574307, "foreignAccentNum": 0, "foreignAccentRate": 0.0, "wordConcatNum": 1, "wordConcatRate": 0.0025188916876574307, "jLyMistakeNum": 0, "jLyMistakeRate": 0.0, "freqSuffixNum": 0, "partsNum": 142, "privateVNum": 0, "publicVNum": 0, "clauseWordNum": 50}