{"tokenNum": 334, "sentenceNum": 11, "lemmaNum": 212, "lemmaRate": 0.6347305389221557, "sentenceLength": 30.363636363636363, "allUpperNum": 2, "firstUpperNum": 35, "allUpperRate": 0.005988023952095809, "firstUpperRate": 0.10479041916167664, "declarSentNum": 11, "imperSentNum": 0, "questionNum": 0, "declarSentRate": 1.0, "imperSentRate": 0.0, "questionRate": 0.0, "accent": true, "saturation": 7.066666666666666, "paragraphNum": 0, "nounNum": 90, "verbNum": 31, "adjNum": 34, "infNum": 6, "partPastNum": 6, "partPresNum": 6, "partFutNum": 0, "transNum": 1, "xNum": 7, "advNum": 36, "properNounNum": 23, "numNum": 3, "conjNum": 34, "punctNum": 49, "pronNum": 14, "relPronNum": 2, "demPronNum": 17, "adposNum": 6, "multiplePunctNum": 5, "phraseNum": 0, "nounRate": 0.2694610778443114, "verbRate": 0.09281437125748503, "adjRate": 0.10179640718562874, "infRate": 0.017964071856287425, "partPastRate": 0.017964071856287425, "partPresRate": 0.017964071856287425, "partFutRate": 0.0, "transRate": 0.0029940119760479044, "xRate": 0.020958083832335328, "advRate": 0.10778443113772455, "properNounRate": 0.0688622754491018, "numRate": 0.008982035928143712, "conjRate": 0.10179640718562874, "punctRate": 0.1467065868263473, "pronRate": 0.041916167664670656, "relPronRate": 0.005988023952095809, "demPronRate": 0.05089820359281437, "adposRate": 0.017964071856287425, "multiplePunctRate": 0.10204081632653061, "partsDensityRate": 6.366666666666666, "contentfulness": 17.363636363636363, "phraseRate": 0.0, "pastTenseNum": 11, "presentTenseNum": 14, "condNum": 1, "impNum": 2, "freqNum": 0, "causNum": 0, "modalNum": 3, "sg1VerbNum": 3, "sg2VerbNum": 1, "sg3VerbNum": 32, "pl1VerbNum": 0, "pl2VerbNum": 0, "pl3VerbNum": 7, "superlatNum": 1, "comparatNum": 0, "specDerivSuffixNum": 0, "pluralNounNum": 11, "pastTenseRate": 0.3548387096774194, "presentTenseRate": 0.45161290322580644, "condRate": 0.03225806451612903, "impRate": 0.06451612903225806, "freqRate": 0.0, "causRate": 0.0, "modalRate": 0.0967741935483871, "sg1VerbRate": 0.0967741935483871, "sg2VerbRate": 0.03225806451612903, "sg3VerbRate": 1.032258064516129, "pl1VerbRate": 0.0, "pl2VerbRate": 0.0, "pl3VerbRate": 0.22580645161290322, "superlatRate": 0.029411764705882353, "comparatRate": 0.0, "specDerivSuffixRate": 0.0, "pluralNounRate": 0.12222222222222222, "subjNum": 18, "objNum": 13, "attNum": 23, "subordNum": 13, "adverbNum": 40, "coordNum": 12, "clauseNum": 30, "simpleNum": 1, "complexNum": 9, "complexity1Num": 3, "complexity2Num": 2, "complexity3Num": 3, "compoundNum": 0, "subjRate": 0.05389221556886228, "objRate": 0.038922155688622756, "attRate": 0.0688622754491018, "subordRate": 0.038922155688622756, "adverbRate": 0.11976047904191617, "coordRate": 0.03592814371257485, "partsRate": 3.533333333333333, "clauseRate": 2.727272727272727, "simpleRate": 0.09090909090909091, "complexRate": 0.8181818181818182, "complexity1Rate": 0.2727272727272727, "complexity2Rate": 0.18181818181818182, "complexity3Rate": 0.2727272727272727, "complexClauseRate": 3.2222222222222223, "sentencesPerParagraph": 0.0, "wordsLengthRate": 6.2, "compoundRate": 0.0, "positiveNum": 0, "negativeNum": 0, "precoPositiveNum": 0, "precoNegativeNum": 0, "negemoNum": 0, "negationNum": 6, "functionNum": 143, "contentNum": 191, "vulgarNum": 0, "racistNum": 0, "specStyleNum": 0, "addressingNum": 0, "closingNum": 0, "postscriptNum": 0, "brutalNum": 0, "positiveRate": 0.0, "negativeRate": 0.0, "precoPositiveRate": 0.0, "precoNegativeRate": 0.0, "negemoRate": 0.0, "negationRate": 0.017964071856287425, "functionRate": 0.4281437125748503, "contentRate": 0.5718562874251497, "vulgarRate": 0.0, "racistRate": 0.0, "specStyleRate": 0.0, "addressingRate": 0.0, "closingRate": 0.0, "postscriptRate": 0.0, "brutalRate": 0.0, "epistemicNum": 0, "investNum": 0, "conditionNum": 0, "weaselNum": 0, "peacockNum": 0, "hedgeNum": 0, "doxasticNum": 0, "epistemicRate": 0.0, "investRate": 0.0, "conditionRate": 0.0, "weaselRate": 0.0, "peacockRate": 0.0, "hedgeRate": 0.0, "doxasticRate": 0.0, "loveNum": 0, "anxietyNum": 0, "sorrowNum": 0, "joyNum": 0, "disgustNum": 0, "fearNum": 0, "surpriseNum": 0, "angerNum": 0, "loveRate": 0.0, "anxietyRate": 0.0, "sorrowRate": 0.0, "joyRate": 0.0, "disgustRate": 0.0, "fearRate": 0.0, "surpriseRate": 0.0, "angerRate": 0.0, "slangBeGeneralNum": 0, "slangBeCigaretteNum": 0, "slangBeHumanNum": 0, "slangBeVehicleNum": 0, "slangBeDrugNum": 0, "slangBvNum": 0, "slangBeGeneralRate": 0.0, "slangBeCigaretteRate": 0.0, "slangBeHumanRate": 0.0, "slangBeVehicleRate": 0.0, "slangBeDrugRate": 0.0, "slangBvRate": 0.0, "speechactNum": 0, "quoteNum": 0, "dashNum": 0, "publicNum": 0, "privateNum": 0, "suasiveNum": 0, "discMarkerNum": 0, "smileyNum": 0, "dateNum": 0, "hesitationNum": 0, "restartNum": 0, "repeatNum": 0, "conjBeforeDiscNum": 0, "conjAfterDiscNum": 0, "wordBeforeHesitationNum": 0, "wordAfterHesitationNum": 0, "otherCollocationNum": 0, "speechactRate": 0.0, "quoteRate": 0.0, "dashRate": 0.0, "publicRate": 0.0, "privateRate": 0.0, "suasiveRate": 0.0, "discMarkerRate": 0.0, "smileyRate": 0.0, "dateRate": 0.0, "hesitationRate": 0.0, "restartRate": 0.0, "repeatRate": 0.0, "conjBeforeDiscRate": 0.0, "conjAfterDiscRate": 0.0, "wordBeforeHesitationRate": 0.0, "wordAfterHesitationRate": 0.0, "otherCollocationRate": 0.0, "easyWordNum": 293, "hardWordNum": 41, "easyWordRate": 0.8772455089820359, "hardWordRate": 0.12275449101796407, "fleschReadingEaseScore": 27.332675557974994, "gunningFogIndex": 12.194556341861732, "fleschKincaidGradeLevel": 16.990141535111594, "colemanLiauIndex": 16.383284431137728, "smogIndex": 9.80755857964246, "automatedReadabilityIndex": 19.487596624931953, "linsearWriteIndex": 4.593358737071312, "author": "", "locationNameNum": 5, "locationNameRate": 0.014970059880239521, "personNameNum": 6, "personNameRate": 0.017964071856287425, "organizationNameNum": 3, "organizationNameRate": 0.008982035928143712, "misspelledNum": 22, "misspelledRate": 0.0658682634730539, "missingAccentNum": 9, "missingAccentRate": 0.02694610778443114, "foreignAccentNum": 0, "foreignAccentRate": 0.0, "wordConcatNum": 6, "wordConcatRate": 0.017964071856287425, "jLyMistakeNum": 0, "jLyMistakeRate": 0.0, "freqSuffixNum": 0, "partsNum": 106, "privateVNum": 0, "publicVNum": 0, "clauseWordNum": 30}