{"tokenNum": 411, "sentenceNum": 20, "lemmaNum": 193, "lemmaRate": 0.46958637469586373, "sentenceLength": 20.55, "allUpperNum": 0, "firstUpperNum": 23, "allUpperRate": 0.0, "firstUpperRate": 0.05596107055961071, "declarSentNum": 19, "imperSentNum": 1, "questionNum": 0, "declarSentRate": 0.95, "imperSentRate": 0.05, "questionRate": 0.0, "accent": true, "saturation": 3.4464285714285716, "paragraphNum": 0, "nounNum": 69, "verbNum": 50, "adjNum": 27, "infNum": 7, "partPastNum": 1, "partPresNum": 0, "partFutNum": 0, "transNum": 0, "xNum": 19, "advNum": 43, "properNounNum": 2, "numNum": 0, "conjNum": 43, "punctNum": 70, "pronNum": 39, "relPronNum": 6, "demPronNum": 23, "adposNum": 4, "multiplePunctNum": 2, "phraseNum": 0, "nounRate": 0.1678832116788321, "verbRate": 0.12165450121654502, "adjRate": 0.06569343065693431, "infRate": 0.0170316301703163, "partPastRate": 0.0024330900243309003, "partPresRate": 0.0, "partFutRate": 0.0, "transRate": 0.0, "xRate": 0.046228710462287104, "advRate": 0.10462287104622871, "properNounRate": 0.004866180048661801, "numRate": 0.0, "conjRate": 0.10462287104622871, "punctRate": 0.170316301703163, "pronRate": 0.0948905109489051, "relPronRate": 0.014598540145985401, "demPronRate": 0.05596107055961071, "adposRate": 0.009732360097323601, "multiplePunctRate": 0.02857142857142857, "partsDensityRate": 3.375, "contentfulness": 9.45, "phraseRate": 0.0, "pastTenseNum": 6, "presentTenseNum": 38, "condNum": 1, "impNum": 6, "freqNum": 0, "causNum": 0, "modalNum": 2, "sg1VerbNum": 16, "sg2VerbNum": 1, "sg3VerbNum": 48, "pl1VerbNum": 1, "pl2VerbNum": 0, "pl3VerbNum": 19, "superlatNum": 1, "comparatNum": 1, "specDerivSuffixNum": 0, "pluralNounNum": 20, "pastTenseRate": 0.12, "presentTenseRate": 0.76, "condRate": 0.02, "impRate": 0.12, "freqRate": 0.0, "causRate": 0.0, "modalRate": 0.04, "sg1VerbRate": 0.32, "sg2VerbRate": 0.02, "sg3VerbRate": 0.96, "pl1VerbRate": 0.02, "pl2VerbRate": 0.0, "pl3VerbRate": 0.38, "superlatRate": 0.037037037037037035, "comparatRate": 0.037037037037037035, "specDerivSuffixRate": 0.0, "pluralNounRate": 0.2898550724637681, "subjNum": 29, "objNum": 13, "attNum": 17, "subordNum": 21, "adverbNum": 56, "coordNum": 19, "clauseNum": 56, "simpleNum": 4, "complexNum": 16, "complexity1Num": 6, "complexity2Num": 3, "complexity3Num": 5, "compoundNum": 0, "subjRate": 0.0705596107055961, "objRate": 0.031630170316301706, "attRate": 0.0413625304136253, "subordRate": 0.051094890510948905, "adverbRate": 0.1362530413625304, "coordRate": 0.046228710462287104, "partsRate": 2.392857142857143, "clauseRate": 2.8, "simpleRate": 0.2, "complexRate": 0.8, "complexity1Rate": 0.3, "complexity2Rate": 0.15, "complexity3Rate": 0.25, "complexClauseRate": 3.25, "sentencesPerParagraph": 0.0, "wordsLengthRate": 5.5659824046920825, "compoundRate": 0.0, "positiveNum": 0, "negativeNum": 0, "precoPositiveNum": 0, "precoNegativeNum": 0, "negemoNum": 0, "negationNum": 13, "functionNum": 222, "contentNum": 189, "vulgarNum": 0, "racistNum": 0, "specStyleNum": 0, "addressingNum": 0, "closingNum": 0, "postscriptNum": 0, "brutalNum": 0, "positiveRate": 0.0, "negativeRate": 0.0, "precoPositiveRate": 0.0, "precoNegativeRate": 0.0, "negemoRate": 0.0, "negationRate": 0.031630170316301706, "functionRate": 0.5401459854014599, "contentRate": 0.45985401459854014, "vulgarRate": 0.0, "racistRate": 0.0, "specStyleRate": 0.0, "addressingRate": 0.0, "closingRate": 0.0, "postscriptRate": 0.0, "brutalRate": 0.0, "epistemicNum": 0, "investNum": 0, "conditionNum": 0, "weaselNum": 0, "peacockNum": 0, "hedgeNum": 0, "doxasticNum": 0, "epistemicRate": 0.0, "investRate": 0.0, "conditionRate": 0.0, "weaselRate": 0.0, "peacockRate": 0.0, "hedgeRate": 0.0, "doxasticRate": 0.0, "loveNum": 0, "anxietyNum": 0, "sorrowNum": 0, "joyNum": 0, "disgustNum": 0, "fearNum": 0, "surpriseNum": 0, "angerNum": 0, "loveRate": 0.0, "anxietyRate": 0.0, "sorrowRate": 0.0, "joyRate": 0.0, "disgustRate": 0.0, "fearRate": 0.0, "surpriseRate": 0.0, "angerRate": 0.0, "slangBeGeneralNum": 0, "slangBeCigaretteNum": 0, "slangBeHumanNum": 0, "slangBeVehicleNum": 0, "slangBeDrugNum": 0, "slangBvNum": 0, "slangBeGeneralRate": 0.0, "slangBeCigaretteRate": 0.0, "slangBeHumanRate": 0.0, "slangBeVehicleRate": 0.0, "slangBeDrugRate": 0.0, "slangBvRate": 0.0, "speechactNum": 0, "quoteNum": 0, "dashNum": 0, "publicNum": 0, "privateNum": 0, "suasiveNum": 0, "discMarkerNum": 0, "smileyNum": 0, "dateNum": 0, "hesitationNum": 0, "restartNum": 0, "repeatNum": 0, "conjBeforeDiscNum": 0, "conjAfterDiscNum": 0, "wordBeforeHesitationNum": 0, "wordAfterHesitationNum": 0, "otherCollocationNum": 0, "speechactRate": 0.0, "quoteRate": 0.0, "dashRate": 0.0, "publicRate": 0.0, "privateRate": 0.0, "suasiveRate": 0.0, "discMarkerRate": 0.0, "smileyRate": 0.0, "dateRate": 0.0, "hesitationRate": 0.0, "restartRate": 0.0, "repeatRate": 0.0, "conjBeforeDiscRate": 0.0, "conjAfterDiscRate": 0.0, "wordBeforeHesitationRate": 0.0, "wordAfterHesitationRate": 0.0, "otherCollocationRate": 0.0, "easyWordNum": 370, "hardWordNum": 41, "easyWordRate": 0.9002433090024331, "hardWordRate": 0.09975669099756691, "fleschReadingEaseScore": 59.591348540146, "gunningFogIndex": 8.259902676399028, "fleschKincaidGradeLevel": 10.052723844282237, "colemanLiauIndex": 12.188102189781016, "smogIndex": 9.80755857964246, "automatedReadabilityIndex": 11.22609489051095, "linsearWriteIndex": 1.883211678832117, "author": "", "locationNameNum": 0, "locationNameRate": 0.0, "personNameNum": 1, "personNameRate": 0.0024330900243309003, "organizationNameNum": 0, "organizationNameRate": 0.0, "misspelledNum": 6, "misspelledRate": 0.014598540145985401, "missingAccentNum": 3, "missingAccentRate": 0.0072992700729927005, "foreignAccentNum": 0, "foreignAccentRate": 0.0, "wordConcatNum": 0, "wordConcatRate": 0.0, "jLyMistakeNum": 0, "jLyMistakeRate": 0.0, "freqSuffixNum": 0, "partsNum": 134, "privateVNum": 0, "publicVNum": 0, "clauseWordNum": 56}