{"tokenNum": 449, "sentenceNum": 28, "lemmaNum": 233, "lemmaRate": 0.5189309576837416, "sentenceLength": 16.035714285714285, "allUpperNum": 2, "firstUpperNum": 37, "allUpperRate": 0.004454342984409799, "firstUpperRate": 0.08240534521158129, "declarSentNum": 26, "imperSentNum": 2, "questionNum": 0, "declarSentRate": 0.9285714285714286, "imperSentRate": 0.07142857142857142, "questionRate": 0.0, "accent": true, "saturation": 3.7580645161290325, "paragraphNum": 0, "nounNum": 83, "verbNum": 64, "adjNum": 29, "infNum": 7, "partPastNum": 2, "partPresNum": 5, "partFutNum": 0, "transNum": 1, "xNum": 25, "advNum": 47, "properNounNum": 12, "numNum": 0, "conjNum": 35, "punctNum": 71, "pronNum": 31, "relPronNum": 2, "demPronNum": 23, "adposNum": 5, "multiplePunctNum": 0, "phraseNum": 0, "nounRate": 0.18485523385300667, "verbRate": 0.14253897550111358, "adjRate": 0.0645879732739421, "infRate": 0.015590200445434299, "partPastRate": 0.004454342984409799, "partPresRate": 0.011135857461024499, "partFutRate": 0.0, "transRate": 0.0022271714922048997, "xRate": 0.0556792873051225, "advRate": 0.10467706013363029, "properNounRate": 0.026726057906458798, "numRate": 0.0, "conjRate": 0.0779510022271715, "punctRate": 0.15812917594654788, "pronRate": 0.06904231625835189, "relPronRate": 0.004454342984409799, "demPronRate": 0.051224944320712694, "adposRate": 0.011135857461024499, "multiplePunctRate": 0.0, "partsDensityRate": 3.596774193548387, "contentfulness": 7.964285714285714, "phraseRate": 0.0, "pastTenseNum": 27, "presentTenseNum": 30, "condNum": 5, "impNum": 12, "freqNum": 0, "causNum": 0, "modalNum": 2, "sg1VerbNum": 1, "sg2VerbNum": 1, "sg3VerbNum": 64, "pl1VerbNum": 2, "pl2VerbNum": 0, "pl3VerbNum": 21, "superlatNum": 1, "comparatNum": 1, "specDerivSuffixNum": 0, "pluralNounNum": 19, "pastTenseRate": 0.421875, "presentTenseRate": 0.46875, "condRate": 0.078125, "impRate": 0.1875, "freqRate": 0.0, "causRate": 0.0, "modalRate": 0.03125, "sg1VerbRate": 0.015625, "sg2VerbRate": 0.015625, "sg3VerbRate": 1.0, "pl1VerbRate": 0.03125, "pl2VerbRate": 0.0, "pl3VerbRate": 0.328125, "superlatRate": 0.034482758620689655, "comparatRate": 0.034482758620689655, "specDerivSuffixRate": 0.0, "pluralNounRate": 0.2289156626506024, "subjNum": 27, "objNum": 26, "attNum": 20, "subordNum": 17, "adverbNum": 49, "coordNum": 16, "clauseNum": 62, "simpleNum": 12, "complexNum": 16, "complexity1Num": 9, "complexity2Num": 4, "complexity3Num": 0, "compoundNum": 0, "subjRate": 0.060133630289532294, "objRate": 0.05790645879732739, "attRate": 0.044543429844097995, "subordRate": 0.0378619153674833, "adverbRate": 0.1091314031180401, "coordRate": 0.035634743875278395, "partsRate": 2.225806451612903, "clauseRate": 2.2142857142857144, "simpleRate": 0.42857142857142855, "complexRate": 0.5714285714285714, "complexity1Rate": 0.32142857142857145, "complexity2Rate": 0.14285714285714285, "complexity3Rate": 0.0, "complexClauseRate": 3.125, "sentencesPerParagraph": 0.0, "wordsLengthRate": 5.595238095238095, "compoundRate": 0.0, "positiveNum": 0, "negativeNum": 0, "precoPositiveNum": 0, "precoNegativeNum": 0, "negemoNum": 0, "negationNum": 11, "functionNum": 226, "contentNum": 223, "vulgarNum": 0, "racistNum": 0, "specStyleNum": 0, "addressingNum": 0, "closingNum": 0, "postscriptNum": 0, "brutalNum": 0, "positiveRate": 0.0, "negativeRate": 0.0, "precoPositiveRate": 0.0, "precoNegativeRate": 0.0, "negemoRate": 0.0, "negationRate": 0.024498886414253896, "functionRate": 0.5033407572383074, "contentRate": 0.49665924276169265, "vulgarRate": 0.0, "racistRate": 0.0, "specStyleRate": 0.0, "addressingRate": 0.0, "closingRate": 0.0, "postscriptRate": 0.0, "brutalRate": 0.0, "epistemicNum": 0, "investNum": 0, "conditionNum": 0, "weaselNum": 0, "peacockNum": 0, "hedgeNum": 0, "doxasticNum": 0, "epistemicRate": 0.0, "investRate": 0.0, "conditionRate": 0.0, "weaselRate": 0.0, "peacockRate": 0.0, "hedgeRate": 0.0, "doxasticRate": 0.0, "loveNum": 0, "anxietyNum": 0, "sorrowNum": 0, "joyNum": 0, "disgustNum": 0, "fearNum": 0, "surpriseNum": 0, "angerNum": 0, "loveRate": 0.0, "anxietyRate": 0.0, "sorrowRate": 0.0, "joyRate": 0.0, "disgustRate": 0.0, "fearRate": 0.0, "surpriseRate": 0.0, "angerRate": 0.0, "slangBeGeneralNum": 0, "slangBeCigaretteNum": 0, "slangBeHumanNum": 0, "slangBeVehicleNum": 0, "slangBeDrugNum": 0, "slangBvNum": 0, "slangBeGeneralRate": 0.0, "slangBeCigaretteRate": 0.0, "slangBeHumanRate": 0.0, "slangBeVehicleRate": 0.0, "slangBeDrugRate": 0.0, "slangBvRate": 0.0, "speechactNum": 0, "quoteNum": 0, "dashNum": 0, "publicNum": 0, "privateNum": 0, "suasiveNum": 0, "discMarkerNum": 0, "smileyNum": 0, "dateNum": 0, "hesitationNum": 0, "restartNum": 0, "repeatNum": 2, "conjBeforeDiscNum": 0, "conjAfterDiscNum": 0, "wordBeforeHesitationNum": 0, "wordAfterHesitationNum": 0, "otherCollocationNum": 0, "speechactRate": 0.0, "quoteRate": 0.0, "dashRate": 0.0, "publicRate": 0.0, "privateRate": 0.0, "suasiveRate": 0.0, "discMarkerRate": 0.0, "smileyRate": 0.0, "dateRate": 0.0, "hesitationRate": 0.0, "restartRate": 0.0, "repeatRate": 0.004454342984409799, "conjBeforeDiscRate": 0.0, "conjAfterDiscRate": 0.0, "wordBeforeHesitationRate": 0.0, "wordAfterHesitationRate": 0.0, "otherCollocationRate": 0.0, "easyWordNum": 410, "hardWordNum": 39, "easyWordRate": 0.9131403118040089, "hardWordRate": 0.08685968819599109, "fleschReadingEaseScore": 61.86877227171493, "gunningFogIndex": 6.44902958956411, "fleschKincaidGradeLevel": 8.613594495704742, "colemanLiauIndex": 12.534779510022268, "smogIndex": 9.642632912329528, "automatedReadabilityIndex": 9.246209035952909, "linsearWriteIndex": 0.9965001590836782, "author": "", "locationNameNum": 1, "locationNameRate": 0.0022271714922048997, "personNameNum": 7, "personNameRate": 0.015590200445434299, "organizationNameNum": 4, "organizationNameRate": 0.008908685968819599, "misspelledNum": 4, "misspelledRate": 0.008908685968819599, "missingAccentNum": 0, "missingAccentRate": 0.0, "foreignAccentNum": 0, "foreignAccentRate": 0.0, "wordConcatNum": 1, "wordConcatRate": 0.0022271714922048997, "jLyMistakeNum": 0, "jLyMistakeRate": 0.0, "freqSuffixNum": 0, "partsNum": 138, "privateVNum": 0, "publicVNum": 0, "clauseWordNum": 62}