{"tokenNum": 455, "sentenceNum": 35, "lemmaNum": 228, "lemmaRate": 0.5010989010989011, "sentenceLength": 13.0, "allUpperNum": 8, "firstUpperNum": 59, "allUpperRate": 0.017582417582417582, "firstUpperRate": 0.12967032967032968, "declarSentNum": 35, "imperSentNum": 0, "questionNum": 0, "declarSentRate": 1.0, "imperSentRate": 0.0, "questionRate": 0.0, "accent": false, "saturation": 3.1232876712328768, "paragraphNum": 0, "nounNum": 117, "verbNum": 51, "adjNum": 33, "infNum": 2, "partPastNum": 2, "partPresNum": 3, "partFutNum": 0, "transNum": 0, "xNum": 34, "advNum": 33, "properNounNum": 30, "numNum": 1, "conjNum": 17, "punctNum": 109, "pronNum": 8, "relPronNum": 2, "demPronNum": 9, "adposNum": 1, "multiplePunctNum": 4, "phraseNum": 0, "nounRate": 0.2571428571428571, "verbRate": 0.11208791208791209, "adjRate": 0.07252747252747253, "infRate": 0.004395604395604396, "partPastRate": 0.004395604395604396, "partPresRate": 0.006593406593406593, "partFutRate": 0.0, "transRate": 0.0, "xRate": 0.07472527472527472, "advRate": 0.07252747252747253, "properNounRate": 0.06593406593406594, "numRate": 0.002197802197802198, "conjRate": 0.03736263736263736, "punctRate": 0.23956043956043957, "pronRate": 0.017582417582417582, "relPronRate": 0.004395604395604396, "demPronRate": 0.01978021978021978, "adposRate": 0.002197802197802198, "multiplePunctRate": 0.03669724770642202, "partsDensityRate": 3.191780821917808, "contentfulness": 6.6571428571428575, "phraseRate": 0.0, "pastTenseNum": 9, "presentTenseNum": 40, "condNum": 1, "impNum": 4, "freqNum": 0, "causNum": 0, "modalNum": 3, "sg1VerbNum": 9, "sg2VerbNum": 0, "sg3VerbNum": 23, "pl1VerbNum": 9, "pl2VerbNum": 0, "pl3VerbNum": 16, "superlatNum": 0, "comparatNum": 2, "specDerivSuffixNum": 0, "pluralNounNum": 17, "pastTenseRate": 0.17647058823529413, "presentTenseRate": 0.7843137254901961, "condRate": 0.0196078431372549, "impRate": 0.0784313725490196, "freqRate": 0.0, "causRate": 0.0, "modalRate": 0.058823529411764705, "sg1VerbRate": 0.17647058823529413, "sg2VerbRate": 0.0, "sg3VerbRate": 0.45098039215686275, "pl1VerbRate": 0.17647058823529413, "pl2VerbRate": 0.0, "pl3VerbRate": 0.3137254901960784, "superlatRate": 0.0, "comparatRate": 0.06060606060606061, "specDerivSuffixRate": 0.0, "pluralNounRate": 0.1452991452991453, "subjNum": 26, "objNum": 18, "attNum": 20, "subordNum": 12, "adverbNum": 37, "coordNum": 27, "clauseNum": 73, "simpleNum": 17, "complexNum": 18, "complexity1Num": 8, "complexity2Num": 3, "complexity3Num": 5, "compoundNum": 0, "subjRate": 0.05714285714285714, "objRate": 0.03956043956043956, "attRate": 0.04395604395604396, "subordRate": 0.026373626373626374, "adverbRate": 0.08131868131868132, "coordRate": 0.05934065934065934, "partsRate": 1.7534246575342465, "clauseRate": 2.085714285714286, "simpleRate": 0.4857142857142857, "complexRate": 0.5142857142857142, "complexity1Rate": 0.22857142857142856, "complexity2Rate": 0.08571428571428572, "complexity3Rate": 0.14285714285714285, "complexClauseRate": 3.111111111111111, "sentencesPerParagraph": 0.0, "wordsLengthRate": 5.361271676300578, "compoundRate": 0.0, "positiveNum": 0, "negativeNum": 0, "precoPositiveNum": 0, "precoNegativeNum": 0, "negemoNum": 0, "negationNum": 10, "functionNum": 222, "contentNum": 233, "vulgarNum": 0, "racistNum": 0, "specStyleNum": 0, "addressingNum": 0, "closingNum": 0, "postscriptNum": 0, "brutalNum": 0, "positiveRate": 0.0, "negativeRate": 0.0, "precoPositiveRate": 0.0, "precoNegativeRate": 0.0, "negemoRate": 0.0, "negationRate": 0.02197802197802198, "functionRate": 0.4879120879120879, "contentRate": 0.512087912087912, "vulgarRate": 0.0, "racistRate": 0.0, "specStyleRate": 0.0, "addressingRate": 0.0, "closingRate": 0.0, "postscriptRate": 0.0, "brutalRate": 0.0, "epistemicNum": 0, "investNum": 0, "conditionNum": 0, "weaselNum": 0, "peacockNum": 0, "hedgeNum": 0, "doxasticNum": 0, "epistemicRate": 0.0, "investRate": 0.0, "conditionRate": 0.0, "weaselRate": 0.0, "peacockRate": 0.0, "hedgeRate": 0.0, "doxasticRate": 0.0, "loveNum": 0, "anxietyNum": 0, "sorrowNum": 0, "joyNum": 0, "disgustNum": 0, "fearNum": 0, "surpriseNum": 0, "angerNum": 0, "loveRate": 0.0, "anxietyRate": 0.0, "sorrowRate": 0.0, "joyRate": 0.0, "disgustRate": 0.0, "fearRate": 0.0, "surpriseRate": 0.0, "angerRate": 0.0, "slangBeGeneralNum": 0, "slangBeCigaretteNum": 0, "slangBeHumanNum": 0, "slangBeVehicleNum": 0, "slangBeDrugNum": 0, "slangBvNum": 0, "slangBeGeneralRate": 0.0, "slangBeCigaretteRate": 0.0, "slangBeHumanRate": 0.0, "slangBeVehicleRate": 0.0, "slangBeDrugRate": 0.0, "slangBvRate": 0.0, "speechactNum": 0, "quoteNum": 0, "dashNum": 0, "publicNum": 0, "privateNum": 0, "suasiveNum": 0, "discMarkerNum": 0, "smileyNum": 0, "dateNum": 0, "hesitationNum": 0, "restartNum": 1, "repeatNum": 5, "conjBeforeDiscNum": 0, "conjAfterDiscNum": 0, "wordBeforeHesitationNum": 0, "wordAfterHesitationNum": 0, "otherCollocationNum": 0, "speechactRate": 0.0, "quoteRate": 0.0, "dashRate": 0.0, "publicRate": 0.0, "privateRate": 0.0, "suasiveRate": 0.0, "discMarkerRate": 0.0, "smileyRate": 0.0, "dateRate": 0.0, "hesitationRate": 0.0, "restartRate": 0.002197802197802198, "repeatRate": 0.01098901098901099, "conjBeforeDiscRate": 0.0, "conjAfterDiscRate": 0.0, "wordBeforeHesitationRate": 0.0, "wordAfterHesitationRate": 0.0, "otherCollocationRate": 0.0, "easyWordNum": 420, "hardWordNum": 35, "easyWordRate": 0.9230769230769231, "hardWordRate": 0.07692307692307693, "fleschReadingEaseScore": 78.73274725274727, "gunningFogIndex": 5.230769230769231, "fleschKincaidGradeLevel": 5.50725274725275, "colemanLiauIndex": 9.235505494505492, "smogIndex": 8.841846274778883, "automatedReadabilityIndex": 5.090087912087913, "linsearWriteIndex": 0.5447409733124018, "author": "", "locationNameNum": 4, "locationNameRate": 0.008791208791208791, "personNameNum": 9, "personNameRate": 0.01978021978021978, "organizationNameNum": 1, "organizationNameRate": 0.002197802197802198, "misspelledNum": 95, "misspelledRate": 0.2087912087912088, "missingAccentNum": 87, "missingAccentRate": 0.1912087912087912, "foreignAccentNum": 0, "foreignAccentRate": 0.0, "wordConcatNum": 0, "wordConcatRate": 0.0, "jLyMistakeNum": 0, "jLyMistakeRate": 0.0, "freqSuffixNum": 0, "partsNum": 128, "privateVNum": 0, "publicVNum": 0, "clauseWordNum": 73}