{"tokenNum": 379, "sentenceNum": 21, "lemmaNum": 196, "lemmaRate": 0.5171503957783641, "sentenceLength": 18.047619047619047, "allUpperNum": 7, "firstUpperNum": 36, "allUpperRate": 0.018469656992084433, "firstUpperRate": 0.09498680738786279, "declarSentNum": 21, "imperSentNum": 0, "questionNum": 0, "declarSentRate": 1.0, "imperSentRate": 0.0, "questionRate": 0.0, "accent": true, "saturation": 4.260869565217392, "paragraphNum": 0, "nounNum": 78, "verbNum": 50, "adjNum": 27, "infNum": 5, "partPastNum": 1, "partPresNum": 1, "partFutNum": 0, "transNum": 1, "xNum": 20, "advNum": 35, "properNounNum": 14, "numNum": 15, "conjNum": 25, "punctNum": 58, "pronNum": 25, "relPronNum": 6, "demPronNum": 18, "adposNum": 3, "multiplePunctNum": 0, "phraseNum": 0, "nounRate": 0.20580474934036938, "verbRate": 0.13192612137203166, "adjRate": 0.0712401055408971, "infRate": 0.013192612137203167, "partPastRate": 0.002638522427440633, "partPresRate": 0.002638522427440633, "partFutRate": 0.0, "transRate": 0.002638522427440633, "xRate": 0.052770448548812667, "advRate": 0.09234828496042216, "properNounRate": 0.036939313984168866, "numRate": 0.0395778364116095, "conjRate": 0.06596306068601583, "punctRate": 0.15303430079155672, "pronRate": 0.06596306068601583, "relPronRate": 0.0158311345646438, "demPronRate": 0.047493403693931395, "adposRate": 0.0079155672823219, "multiplePunctRate": 0.0, "partsDensityRate": 4.108695652173913, "contentfulness": 9.0, "phraseRate": 0.0, "pastTenseNum": 41, "presentTenseNum": 4, "condNum": 0, "impNum": 1, "freqNum": 0, "causNum": 0, "modalNum": 0, "sg1VerbNum": 20, "sg2VerbNum": 1, "sg3VerbNum": 48, "pl1VerbNum": 1, "pl2VerbNum": 1, "pl3VerbNum": 2, "superlatNum": 0, "comparatNum": 0, "specDerivSuffixNum": 0, "pluralNounNum": 7, "pastTenseRate": 0.82, "presentTenseRate": 0.08, "condRate": 0.0, "impRate": 0.02, "freqRate": 0.0, "causRate": 0.0, "modalRate": 0.0, "sg1VerbRate": 0.4, "sg2VerbRate": 0.02, "sg3VerbRate": 0.96, "pl1VerbRate": 0.02, "pl2VerbRate": 0.02, "pl3VerbRate": 0.04, "superlatRate": 0.0, "comparatRate": 0.0, "specDerivSuffixRate": 0.0, "pluralNounRate": 0.08974358974358974, "subjNum": 26, "objNum": 22, "attNum": 22, "subordNum": 13, "adverbNum": 42, "coordNum": 16, "clauseNum": 46, "simpleNum": 7, "complexNum": 14, "complexity1Num": 8, "complexity2Num": 2, "complexity3Num": 3, "compoundNum": 0, "subjRate": 0.06860158311345646, "objRate": 0.05804749340369393, "attRate": 0.05804749340369393, "subordRate": 0.03430079155672823, "adverbRate": 0.11081794195250659, "coordRate": 0.04221635883905013, "partsRate": 2.782608695652174, "clauseRate": 2.1904761904761907, "simpleRate": 0.3333333333333333, "complexRate": 0.6666666666666666, "complexity1Rate": 0.38095238095238093, "complexity2Rate": 0.09523809523809523, "complexity3Rate": 0.14285714285714285, "complexClauseRate": 2.7857142857142856, "sentencesPerParagraph": 0.0, "wordsLengthRate": 5.168224299065421, "compoundRate": 0.0, "positiveNum": 0, "negativeNum": 0, "precoPositiveNum": 0, "precoNegativeNum": 0, "negemoNum": 0, "negationNum": 6, "functionNum": 190, "contentNum": 189, "vulgarNum": 0, "racistNum": 0, "specStyleNum": 0, "addressingNum": 0, "closingNum": 0, "postscriptNum": 0, "brutalNum": 0, "positiveRate": 0.0, "negativeRate": 0.0, "precoPositiveRate": 0.0, "precoNegativeRate": 0.0, "negemoRate": 0.0, "negationRate": 0.0158311345646438, "functionRate": 0.5013192612137203, "contentRate": 0.49868073878627966, "vulgarRate": 0.0, "racistRate": 0.0, "specStyleRate": 0.0, "addressingRate": 0.0, "closingRate": 0.0, "postscriptRate": 0.0, "brutalRate": 0.0, "epistemicNum": 0, "investNum": 0, "conditionNum": 0, "weaselNum": 0, "peacockNum": 0, "hedgeNum": 0, "doxasticNum": 0, "epistemicRate": 0.0, "investRate": 0.0, "conditionRate": 0.0, "weaselRate": 0.0, "peacockRate": 0.0, "hedgeRate": 0.0, "doxasticRate": 0.0, "loveNum": 0, "anxietyNum": 0, "sorrowNum": 0, "joyNum": 0, "disgustNum": 0, "fearNum": 0, "surpriseNum": 0, "angerNum": 0, "loveRate": 0.0, "anxietyRate": 0.0, "sorrowRate": 0.0, "joyRate": 0.0, "disgustRate": 0.0, "fearRate": 0.0, "surpriseRate": 0.0, "angerRate": 0.0, "slangBeGeneralNum": 0, "slangBeCigaretteNum": 0, "slangBeHumanNum": 0, "slangBeVehicleNum": 0, "slangBeDrugNum": 0, "slangBvNum": 0, "slangBeGeneralRate": 0.0, "slangBeCigaretteRate": 0.0, "slangBeHumanRate": 0.0, "slangBeVehicleRate": 0.0, "slangBeDrugRate": 0.0, "slangBvRate": 0.0, "speechactNum": 0, "quoteNum": 0, "dashNum": 0, "publicNum": 0, "privateNum": 0, "suasiveNum": 0, "discMarkerNum": 0, "smileyNum": 0, "dateNum": 0, "hesitationNum": 0, "restartNum": 0, "repeatNum": 5, "conjBeforeDiscNum": 0, "conjAfterDiscNum": 0, "wordBeforeHesitationNum": 0, "wordAfterHesitationNum": 0, "otherCollocationNum": 0, "speechactRate": 0.0, "quoteRate": 0.0, "dashRate": 0.0, "publicRate": 0.0, "privateRate": 0.0, "suasiveRate": 0.0, "discMarkerRate": 0.0, "smileyRate": 0.0, "dateRate": 0.0, "hesitationRate": 0.0, "restartRate": 0.0, "repeatRate": 0.013192612137203167, "conjBeforeDiscRate": 0.0, "conjAfterDiscRate": 0.0, "wordBeforeHesitationRate": 0.0, "wordAfterHesitationRate": 0.0, "otherCollocationRate": 0.0, "easyWordNum": 358, "hardWordNum": 21, "easyWordRate": 0.9445910290237467, "hardWordRate": 0.055408970976253295, "fleschReadingEaseScore": 76.01429199648199, "gunningFogIndex": 7.24121120743812, "fleschKincaidGradeLevel": 7.140392009046366, "colemanLiauIndex": 10.510572559366754, "smogIndex": 7.908726449838941, "automatedReadabilityIndex": 8.633466515893957, "linsearWriteIndex": 1.5191606985802237, "author": "", "locationNameNum": 0, "locationNameRate": 0.0, "personNameNum": 0, "personNameRate": 0.0, "organizationNameNum": 3, "organizationNameRate": 0.0079155672823219, "misspelledNum": 8, "misspelledRate": 0.021108179419525065, "missingAccentNum": 2, "missingAccentRate": 0.005277044854881266, "foreignAccentNum": 0, "foreignAccentRate": 0.0, "wordConcatNum": 3, "wordConcatRate": 0.0079155672823219, "jLyMistakeNum": 0, "jLyMistakeRate": 0.0, "freqSuffixNum": 0, "partsNum": 128, "privateVNum": 0, "publicVNum": 0, "clauseWordNum": 46}