{"tokenNum": 404, "sentenceNum": 26, "lemmaNum": 204, "lemmaRate": 0.504950495049505, "sentenceLength": 15.538461538461538, "allUpperNum": 2, "firstUpperNum": 34, "allUpperRate": 0.0049504950495049506, "firstUpperRate": 0.08415841584158416, "declarSentNum": 25, "imperSentNum": 1, "questionNum": 0, "declarSentRate": 0.9615384615384616, "imperSentRate": 0.038461538461538464, "questionRate": 0.0, "accent": true, "saturation": 3.7777777777777777, "paragraphNum": 0, "nounNum": 65, "verbNum": 45, "adjNum": 28, "infNum": 4, "partPastNum": 1, "partPresNum": 1, "partFutNum": 0, "transNum": 1, "xNum": 25, "advNum": 50, "properNounNum": 11, "numNum": 9, "conjNum": 39, "punctNum": 66, "pronNum": 24, "relPronNum": 4, "demPronNum": 13, "adposNum": 6, "multiplePunctNum": 0, "phraseNum": 0, "nounRate": 0.1608910891089109, "verbRate": 0.11138613861386139, "adjRate": 0.06930693069306931, "infRate": 0.009900990099009901, "partPastRate": 0.0024752475247524753, "partPresRate": 0.0024752475247524753, "partFutRate": 0.0, "transRate": 0.0024752475247524753, "xRate": 0.06188118811881188, "advRate": 0.12376237623762376, "properNounRate": 0.027227722772277228, "numRate": 0.022277227722772276, "conjRate": 0.09653465346534654, "punctRate": 0.16336633663366337, "pronRate": 0.0594059405940594, "relPronRate": 0.009900990099009901, "demPronRate": 0.03217821782178218, "adposRate": 0.01485148514851485, "multiplePunctRate": 0.0, "partsDensityRate": 3.462962962962963, "contentfulness": 7.1923076923076925, "phraseRate": 0.0, "pastTenseNum": 11, "presentTenseNum": 30, "condNum": 5, "impNum": 2, "freqNum": 0, "causNum": 0, "modalNum": 1, "sg1VerbNum": 29, "sg2VerbNum": 2, "sg3VerbNum": 30, "pl1VerbNum": 3, "pl2VerbNum": 0, "pl3VerbNum": 4, "superlatNum": 1, "comparatNum": 1, "specDerivSuffixNum": 0, "pluralNounNum": 8, "pastTenseRate": 0.24444444444444444, "presentTenseRate": 0.6666666666666666, "condRate": 0.1111111111111111, "impRate": 0.044444444444444446, "freqRate": 0.0, "causRate": 0.0, "modalRate": 0.022222222222222223, "sg1VerbRate": 0.6444444444444445, "sg2VerbRate": 0.044444444444444446, "sg3VerbRate": 0.6666666666666666, "pl1VerbRate": 0.06666666666666667, "pl2VerbRate": 0.0, "pl3VerbRate": 0.08888888888888889, "superlatRate": 0.03571428571428571, "comparatRate": 0.03571428571428571, "specDerivSuffixRate": 0.0, "pluralNounRate": 0.12307692307692308, "subjNum": 22, "objNum": 13, "attNum": 17, "subordNum": 14, "adverbNum": 67, "coordNum": 17, "clauseNum": 54, "simpleNum": 13, "complexNum": 12, "complexity1Num": 2, "complexity2Num": 7, "complexity3Num": 1, "compoundNum": 0, "subjRate": 0.054455445544554455, "objRate": 0.03217821782178218, "attRate": 0.04207920792079208, "subordRate": 0.034653465346534656, "adverbRate": 0.16584158415841585, "coordRate": 0.04207920792079208, "partsRate": 2.5185185185185186, "clauseRate": 2.076923076923077, "simpleRate": 0.5, "complexRate": 0.46153846153846156, "complexity1Rate": 0.07692307692307693, "complexity2Rate": 0.2692307692307692, "complexity3Rate": 0.038461538461538464, "complexClauseRate": 3.4166666666666665, "sentencesPerParagraph": 0.0, "wordsLengthRate": 4.784023668639053, "compoundRate": 0.0, "positiveNum": 0, "negativeNum": 0, "precoPositiveNum": 0, "precoNegativeNum": 0, "negemoNum": 0, "negationNum": 9, "functionNum": 217, "contentNum": 187, "vulgarNum": 0, "racistNum": 0, "specStyleNum": 0, "addressingNum": 0, "closingNum": 0, "postscriptNum": 0, "brutalNum": 0, "positiveRate": 0.0, "negativeRate": 0.0, "precoPositiveRate": 0.0, "precoNegativeRate": 0.0, "negemoRate": 0.0, "negationRate": 0.022277227722772276, "functionRate": 0.5371287128712872, "contentRate": 0.4628712871287129, "vulgarRate": 0.0, "racistRate": 0.0, "specStyleRate": 0.0, "addressingRate": 0.0, "closingRate": 0.0, "postscriptRate": 0.0, "brutalRate": 0.0, "epistemicNum": 0, "investNum": 0, "conditionNum": 0, "weaselNum": 0, "peacockNum": 0, "hedgeNum": 0, "doxasticNum": 0, "epistemicRate": 0.0, "investRate": 0.0, "conditionRate": 0.0, "weaselRate": 0.0, "peacockRate": 0.0, "hedgeRate": 0.0, "doxasticRate": 0.0, "loveNum": 0, "anxietyNum": 0, "sorrowNum": 0, "joyNum": 0, "disgustNum": 0, "fearNum": 0, "surpriseNum": 0, "angerNum": 0, "loveRate": 0.0, "anxietyRate": 0.0, "sorrowRate": 0.0, "joyRate": 0.0, "disgustRate": 0.0, "fearRate": 0.0, "surpriseRate": 0.0, "angerRate": 0.0, "slangBeGeneralNum": 0, "slangBeCigaretteNum": 0, "slangBeHumanNum": 0, "slangBeVehicleNum": 0, "slangBeDrugNum": 0, "slangBvNum": 0, "slangBeGeneralRate": 0.0, "slangBeCigaretteRate": 0.0, "slangBeHumanRate": 0.0, "slangBeVehicleRate": 0.0, "slangBeDrugRate": 0.0, "slangBvRate": 0.0, "speechactNum": 0, "quoteNum": 0, "dashNum": 0, "publicNum": 0, "privateNum": 0, "suasiveNum": 0, "discMarkerNum": 0, "smileyNum": 0, "dateNum": 0, "hesitationNum": 0, "restartNum": 0, "repeatNum": 0, "conjBeforeDiscNum": 0, "conjAfterDiscNum": 0, "wordBeforeHesitationNum": 0, "wordAfterHesitationNum": 0, "otherCollocationNum": 0, "speechactRate": 0.0, "quoteRate": 0.0, "dashRate": 0.0, "publicRate": 0.0, "privateRate": 0.0, "suasiveRate": 0.0, "discMarkerRate": 0.0, "smileyRate": 0.0, "dateRate": 0.0, "hesitationRate": 0.0, "restartRate": 0.0, "repeatRate": 0.0, "conjBeforeDiscRate": 0.0, "conjAfterDiscRate": 0.0, "wordBeforeHesitationRate": 0.0, "wordAfterHesitationRate": 0.0, "otherCollocationRate": 0.0, "easyWordNum": 380, "hardWordNum": 24, "easyWordRate": 0.9405940594059405, "hardWordRate": 0.0594059405940594, "fleschReadingEaseScore": 78.19365955826353, "gunningFogIndex": 6.239146991622239, "fleschKincaidGradeLevel": 6.213069306930695, "colemanLiauIndex": 8.386712871287127, "smogIndex": 8.238735603445708, "automatedReadabilityIndex": 5.680542650418889, "linsearWriteIndex": 1.0373191165270375, "author": "", "locationNameNum": 1, "locationNameRate": 0.0024752475247524753, "personNameNum": 1, "personNameRate": 0.0024752475247524753, "organizationNameNum": 0, "organizationNameRate": 0.0, "misspelledNum": 17, "misspelledRate": 0.04207920792079208, "missingAccentNum": 11, "missingAccentRate": 0.027227722772277228, "foreignAccentNum": 0, "foreignAccentRate": 0.0, "wordConcatNum": 4, "wordConcatRate": 0.009900990099009901, "jLyMistakeNum": 0, "jLyMistakeRate": 0.0, "freqSuffixNum": 0, "partsNum": 136, "privateVNum": 0, "publicVNum": 0, "clauseWordNum": 54}