{"tokenNum": 511, "sentenceNum": 36, "lemmaNum": 270, "lemmaRate": 0.5283757338551859, "sentenceLength": 14.194444444444445, "allUpperNum": 6, "firstUpperNum": 51, "allUpperRate": 0.011741682974559686, "firstUpperRate": 0.09980430528375733, "declarSentNum": 36, "imperSentNum": 0, "questionNum": 0, "declarSentRate": 1.0, "imperSentRate": 0.0, "questionRate": 0.0, "accent": true, "saturation": 3.5526315789473686, "paragraphNum": 0, "nounNum": 99, "verbNum": 69, "adjNum": 77, "infNum": 12, "partPastNum": 4, "partPresNum": 4, "partFutNum": 0, "transNum": 5, "xNum": 36, "advNum": 42, "properNounNum": 14, "numNum": 2, "conjNum": 39, "punctNum": 87, "pronNum": 24, "relPronNum": 5, "demPronNum": 14, "adposNum": 1, "multiplePunctNum": 1, "phraseNum": 0, "nounRate": 0.19373776908023482, "verbRate": 0.1350293542074364, "adjRate": 0.1506849315068493, "infRate": 0.023483365949119372, "partPastRate": 0.007827788649706457, "partPresRate": 0.007827788649706457, "partFutRate": 0.0, "transRate": 0.009784735812133072, "xRate": 0.07045009784735812, "advRate": 0.0821917808219178, "properNounRate": 0.0273972602739726, "numRate": 0.003913894324853229, "conjRate": 0.07632093933463796, "punctRate": 0.17025440313111545, "pronRate": 0.046966731898238745, "relPronRate": 0.009784735812133072, "demPronRate": 0.0273972602739726, "adposRate": 0.0019569471624266144, "multiplePunctRate": 0.011494252873563218, "partsDensityRate": 3.776315789473684, "contentfulness": 7.972222222222222, "phraseRate": 0.0, "pastTenseNum": 18, "presentTenseNum": 39, "condNum": 9, "impNum": 3, "freqNum": 0, "causNum": 0, "modalNum": 1, "sg1VerbNum": 8, "sg2VerbNum": 0, "sg3VerbNum": 60, "pl1VerbNum": 1, "pl2VerbNum": 0, "pl3VerbNum": 12, "superlatNum": 0, "comparatNum": 2, "specDerivSuffixNum": 0, "pluralNounNum": 33, "pastTenseRate": 0.2608695652173913, "presentTenseRate": 0.5652173913043478, "condRate": 0.13043478260869565, "impRate": 0.043478260869565216, "freqRate": 0.0, "causRate": 0.0, "modalRate": 0.014492753623188406, "sg1VerbRate": 0.11594202898550725, "sg2VerbRate": 0.0, "sg3VerbRate": 0.8695652173913043, "pl1VerbRate": 0.014492753623188406, "pl2VerbRate": 0.0, "pl3VerbRate": 0.17391304347826086, "superlatRate": 0.0, "comparatRate": 0.025974025974025976, "specDerivSuffixRate": 0.0, "pluralNounRate": 0.3333333333333333, "subjNum": 35, "objNum": 21, "attNum": 42, "subordNum": 16, "adverbNum": 55, "coordNum": 30, "clauseNum": 76, "simpleNum": 18, "complexNum": 18, "complexity1Num": 5, "complexity2Num": 7, "complexity3Num": 3, "compoundNum": 0, "subjRate": 0.0684931506849315, "objRate": 0.0410958904109589, "attRate": 0.0821917808219178, "subordRate": 0.03131115459882583, "adverbRate": 0.10763209393346379, "coordRate": 0.05870841487279843, "partsRate": 2.4078947368421053, "clauseRate": 2.111111111111111, "simpleRate": 0.5, "complexRate": 0.5, "complexity1Rate": 0.1388888888888889, "complexity2Rate": 0.19444444444444445, "complexity3Rate": 0.08333333333333333, "complexClauseRate": 3.2222222222222223, "sentencesPerParagraph": 0.0, "wordsLengthRate": 5.879716981132075, "compoundRate": 0.0, "positiveNum": 0, "negativeNum": 0, "precoPositiveNum": 0, "precoNegativeNum": 0, "negemoNum": 0, "negationNum": 11, "functionNum": 224, "contentNum": 287, "vulgarNum": 0, "racistNum": 0, "specStyleNum": 0, "addressingNum": 0, "closingNum": 0, "postscriptNum": 0, "brutalNum": 0, "positiveRate": 0.0, "negativeRate": 0.0, "precoPositiveRate": 0.0, "precoNegativeRate": 0.0, "negemoRate": 0.0, "negationRate": 0.021526418786692758, "functionRate": 0.4383561643835616, "contentRate": 0.5616438356164384, "vulgarRate": 0.0, "racistRate": 0.0, "specStyleRate": 0.0, "addressingRate": 0.0, "closingRate": 0.0, "postscriptRate": 0.0, "brutalRate": 0.0, "epistemicNum": 0, "investNum": 0, "conditionNum": 0, "weaselNum": 0, "peacockNum": 0, "hedgeNum": 0, "doxasticNum": 0, "epistemicRate": 0.0, "investRate": 0.0, "conditionRate": 0.0, "weaselRate": 0.0, "peacockRate": 0.0, "hedgeRate": 0.0, "doxasticRate": 0.0, "loveNum": 0, "anxietyNum": 0, "sorrowNum": 0, "joyNum": 0, "disgustNum": 0, "fearNum": 0, "surpriseNum": 0, "angerNum": 0, "loveRate": 0.0, "anxietyRate": 0.0, "sorrowRate": 0.0, "joyRate": 0.0, "disgustRate": 0.0, "fearRate": 0.0, "surpriseRate": 0.0, "angerRate": 0.0, "slangBeGeneralNum": 0, "slangBeCigaretteNum": 0, "slangBeHumanNum": 0, "slangBeVehicleNum": 0, "slangBeDrugNum": 0, "slangBvNum": 0, "slangBeGeneralRate": 0.0, "slangBeCigaretteRate": 0.0, "slangBeHumanRate": 0.0, "slangBeVehicleRate": 0.0, "slangBeDrugRate": 0.0, "slangBvRate": 0.0, "speechactNum": 0, "quoteNum": 0, "dashNum": 0, "publicNum": 0, "privateNum": 0, "suasiveNum": 0, "discMarkerNum": 0, "smileyNum": 0, "dateNum": 0, "hesitationNum": 0, "restartNum": 0, "repeatNum": 0, "conjBeforeDiscNum": 0, "conjAfterDiscNum": 0, "wordBeforeHesitationNum": 0, "wordAfterHesitationNum": 0, "otherCollocationNum": 0, "speechactRate": 0.0, "quoteRate": 0.0, "dashRate": 0.0, "publicRate": 0.0, "privateRate": 0.0, "suasiveRate": 0.0, "discMarkerRate": 0.0, "smileyRate": 0.0, "dateRate": 0.0, "hesitationRate": 0.0, "restartRate": 0.0, "repeatRate": 0.0, "conjBeforeDiscRate": 0.0, "conjAfterDiscRate": 0.0, "wordBeforeHesitationRate": 0.0, "wordAfterHesitationRate": 0.0, "otherCollocationRate": 0.0, "easyWordNum": 459, "hardWordNum": 52, "easyWordRate": 0.898238747553816, "hardWordRate": 0.10176125244618395, "fleschReadingEaseScore": 60.14701266579695, "gunningFogIndex": 5.718482278756252, "fleschKincaidGradeLevel": 8.396322570123939, "colemanLiauIndex": 13.522998043052834, "smogIndex": 9.994966539143718, "automatedReadabilityIndex": 9.115832789736896, "linsearWriteIndex": 0.5737116764514023, "author": "", "locationNameNum": 0, "locationNameRate": 0.0, "personNameNum": 10, "personNameRate": 0.019569471624266144, "organizationNameNum": 0, "organizationNameRate": 0.0, "misspelledNum": 14, "misspelledRate": 0.0273972602739726, "missingAccentNum": 9, "missingAccentRate": 0.01761252446183953, "foreignAccentNum": 0, "foreignAccentRate": 0.0, "wordConcatNum": 2, "wordConcatRate": 0.003913894324853229, "jLyMistakeNum": 0, "jLyMistakeRate": 0.0, "freqSuffixNum": 0, "partsNum": 183, "privateVNum": 0, "publicVNum": 0, "clauseWordNum": 76}