{"tokenNum": 336, "sentenceNum": 19, "lemmaNum": 181, "lemmaRate": 0.5386904761904762, "sentenceLength": 17.68421052631579, "allUpperNum": 0, "firstUpperNum": 30, "allUpperRate": 0.0, "firstUpperRate": 0.08928571428571429, "declarSentNum": 19, "imperSentNum": 0, "questionNum": 0, "declarSentRate": 1.0, "imperSentRate": 0.0, "questionRate": 0.0, "accent": true, "saturation": 4.525, "paragraphNum": 0, "nounNum": 76, "verbNum": 41, "adjNum": 37, "infNum": 11, "partPastNum": 0, "partPresNum": 3, "partFutNum": 0, "transNum": 1, "xNum": 18, "advNum": 31, "properNounNum": 8, "numNum": 3, "conjNum": 21, "punctNum": 40, "pronNum": 23, "relPronNum": 6, "demPronNum": 17, "adposNum": 1, "multiplePunctNum": 0, "phraseNum": 0, "nounRate": 0.2261904761904762, "verbRate": 0.12202380952380952, "adjRate": 0.11011904761904762, "infRate": 0.03273809523809524, "partPastRate": 0.0, "partPresRate": 0.008928571428571428, "partFutRate": 0.0, "transRate": 0.002976190476190476, "xRate": 0.05357142857142857, "advRate": 0.09226190476190477, "properNounRate": 0.023809523809523808, "numRate": 0.008928571428571428, "conjRate": 0.0625, "punctRate": 0.11904761904761904, "pronRate": 0.06845238095238096, "relPronRate": 0.017857142857142856, "demPronRate": 0.050595238095238096, "adposRate": 0.002976190476190476, "multiplePunctRate": 0.0, "partsDensityRate": 4.625, "contentfulness": 9.736842105263158, "phraseRate": 0.0, "pastTenseNum": 3, "presentTenseNum": 27, "condNum": 2, "impNum": 0, "freqNum": 0, "causNum": 0, "modalNum": 2, "sg1VerbNum": 6, "sg2VerbNum": 0, "sg3VerbNum": 40, "pl1VerbNum": 0, "pl2VerbNum": 0, "pl3VerbNum": 9, "superlatNum": 2, "comparatNum": 3, "specDerivSuffixNum": 0, "pluralNounNum": 13, "pastTenseRate": 0.07317073170731707, "presentTenseRate": 0.6585365853658537, "condRate": 0.04878048780487805, "impRate": 0.0, "freqRate": 0.0, "causRate": 0.0, "modalRate": 0.04878048780487805, "sg1VerbRate": 0.14634146341463414, "sg2VerbRate": 0.0, "sg3VerbRate": 0.975609756097561, "pl1VerbRate": 0.0, "pl2VerbRate": 0.0, "pl3VerbRate": 0.21951219512195122, "superlatRate": 0.05405405405405406, "comparatRate": 0.08108108108108109, "specDerivSuffixRate": 0.0, "pluralNounRate": 0.17105263157894737, "subjNum": 24, "objNum": 19, "attNum": 25, "subordNum": 16, "adverbNum": 43, "coordNum": 7, "clauseNum": 40, "simpleNum": 12, "complexNum": 7, "complexity1Num": 3, "complexity2Num": 1, "complexity3Num": 2, "compoundNum": 0, "subjRate": 0.07142857142857142, "objRate": 0.05654761904761905, "attRate": 0.0744047619047619, "subordRate": 0.047619047619047616, "adverbRate": 0.12797619047619047, "coordRate": 0.020833333333333332, "partsRate": 2.95, "clauseRate": 2.1052631578947367, "simpleRate": 0.631578947368421, "complexRate": 0.3684210526315789, "complexity1Rate": 0.15789473684210525, "complexity2Rate": 0.05263157894736842, "complexity3Rate": 0.10526315789473684, "complexClauseRate": 4.0, "sentencesPerParagraph": 0.0, "wordsLengthRate": 5.54054054054054, "compoundRate": 0.0, "positiveNum": 0, "negativeNum": 0, "precoPositiveNum": 0, "precoNegativeNum": 0, "negemoNum": 0, "negationNum": 9, "functionNum": 151, "contentNum": 185, "vulgarNum": 0, "racistNum": 0, "specStyleNum": 0, "addressingNum": 0, "closingNum": 0, "postscriptNum": 0, "brutalNum": 0, "positiveRate": 0.0, "negativeRate": 0.0, "precoPositiveRate": 0.0, "precoNegativeRate": 0.0, "negemoRate": 0.0, "negationRate": 0.026785714285714284, "functionRate": 0.4494047619047619, "contentRate": 0.5505952380952381, "vulgarRate": 0.0, "racistRate": 0.0, "specStyleRate": 0.0, "addressingRate": 0.0, "closingRate": 0.0, "postscriptRate": 0.0, "brutalRate": 0.0, "epistemicNum": 0, "investNum": 0, "conditionNum": 0, "weaselNum": 0, "peacockNum": 0, "hedgeNum": 0, "doxasticNum": 0, "epistemicRate": 0.0, "investRate": 0.0, "conditionRate": 0.0, "weaselRate": 0.0, "peacockRate": 0.0, "hedgeRate": 0.0, "doxasticRate": 0.0, "loveNum": 0, "anxietyNum": 0, "sorrowNum": 0, "joyNum": 0, "disgustNum": 0, "fearNum": 0, "surpriseNum": 0, "angerNum": 0, "loveRate": 0.0, "anxietyRate": 0.0, "sorrowRate": 0.0, "joyRate": 0.0, "disgustRate": 0.0, "fearRate": 0.0, "surpriseRate": 0.0, "angerRate": 0.0, "slangBeGeneralNum": 0, "slangBeCigaretteNum": 0, "slangBeHumanNum": 0, "slangBeVehicleNum": 0, "slangBeDrugNum": 0, "slangBvNum": 0, "slangBeGeneralRate": 0.0, "slangBeCigaretteRate": 0.0, "slangBeHumanRate": 0.0, "slangBeVehicleRate": 0.0, "slangBeDrugRate": 0.0, "slangBvRate": 0.0, "speechactNum": 0, "quoteNum": 0, "dashNum": 0, "publicNum": 0, "privateNum": 0, "suasiveNum": 0, "discMarkerNum": 0, "smileyNum": 0, "dateNum": 0, "hesitationNum": 0, "restartNum": 0, "repeatNum": 0, "conjBeforeDiscNum": 0, "conjAfterDiscNum": 0, "wordBeforeHesitationNum": 0, "wordAfterHesitationNum": 0, "otherCollocationNum": 0, "speechactRate": 0.0, "quoteRate": 0.0, "dashRate": 0.0, "publicRate": 0.0, "privateRate": 0.0, "suasiveRate": 0.0, "discMarkerRate": 0.0, "smileyRate": 0.0, "dateRate": 0.0, "hesitationRate": 0.0, "restartRate": 0.0, "repeatRate": 0.0, "conjBeforeDiscRate": 0.0, "conjAfterDiscRate": 0.0, "wordBeforeHesitationRate": 0.0, "wordAfterHesitationRate": 0.0, "otherCollocationRate": 0.0, "easyWordNum": 305, "hardWordNum": 31, "easyWordRate": 0.9077380952380952, "hardWordRate": 0.09226190476190477, "fleschReadingEaseScore": 54.9355263157895, "gunningFogIndex": 7.110588972431079, "fleschKincaidGradeLevel": 9.990175438596491, "colemanLiauIndex": 13.316764880952384, "smogIndex": 8.936278230431713, "automatedReadabilityIndex": 10.695765977443614, "linsearWriteIndex": 1.9761904761904758, "author": "", "locationNameNum": 0, "locationNameRate": 0.0, "personNameNum": 3, "personNameRate": 0.008928571428571428, "organizationNameNum": 0, "organizationNameRate": 0.0, "misspelledNum": 10, "misspelledRate": 0.02976190476190476, "missingAccentNum": 8, "missingAccentRate": 0.023809523809523808, "foreignAccentNum": 0, "foreignAccentRate": 0.0, "wordConcatNum": 1, "wordConcatRate": 0.002976190476190476, "jLyMistakeNum": 0, "jLyMistakeRate": 0.0, "freqSuffixNum": 0, "partsNum": 118, "privateVNum": 0, "publicVNum": 0, "clauseWordNum": 40}