{"tokenNum": 322, "sentenceNum": 24, "lemmaNum": 169, "lemmaRate": 0.5248447204968945, "sentenceLength": 13.416666666666666, "allUpperNum": 0, "firstUpperNum": 38, "allUpperRate": 0.0, "firstUpperRate": 0.11801242236024845, "declarSentNum": 24, "imperSentNum": 0, "questionNum": 0, "declarSentRate": 1.0, "imperSentRate": 0.0, "questionRate": 0.0, "accent": true, "saturation": 3.7555555555555555, "paragraphNum": 0, "nounNum": 74, "verbNum": 37, "adjNum": 21, "infNum": 3, "partPastNum": 0, "partPresNum": 1, "partFutNum": 0, "transNum": 1, "xNum": 23, "advNum": 34, "properNounNum": 14, "numNum": 1, "conjNum": 18, "punctNum": 53, "pronNum": 16, "relPronNum": 2, "demPronNum": 15, "adposNum": 3, "multiplePunctNum": 0, "phraseNum": 0, "nounRate": 0.22981366459627328, "verbRate": 0.11490683229813664, "adjRate": 0.06521739130434782, "infRate": 0.009316770186335404, "partPastRate": 0.0, "partPresRate": 0.003105590062111801, "partFutRate": 0.0, "transRate": 0.003105590062111801, "xRate": 0.07142857142857142, "advRate": 0.10559006211180125, "properNounRate": 0.043478260869565216, "numRate": 0.003105590062111801, "conjRate": 0.055900621118012424, "punctRate": 0.16459627329192547, "pronRate": 0.049689440993788817, "relPronRate": 0.006211180124223602, "demPronRate": 0.046583850931677016, "adposRate": 0.009316770186335404, "multiplePunctRate": 0.0, "partsDensityRate": 3.688888888888889, "contentfulness": 6.916666666666667, "phraseRate": 0.0, "pastTenseNum": 27, "presentTenseNum": 7, "condNum": 2, "impNum": 1, "freqNum": 0, "causNum": 0, "modalNum": 0, "sg1VerbNum": 6, "sg2VerbNum": 0, "sg3VerbNum": 42, "pl1VerbNum": 0, "pl2VerbNum": 1, "pl3VerbNum": 1, "superlatNum": 0, "comparatNum": 0, "specDerivSuffixNum": 0, "pluralNounNum": 0, "pastTenseRate": 0.7297297297297297, "presentTenseRate": 0.1891891891891892, "condRate": 0.05405405405405406, "impRate": 0.02702702702702703, "freqRate": 0.0, "causRate": 0.0, "modalRate": 0.0, "sg1VerbRate": 0.16216216216216217, "sg2VerbRate": 0.0, "sg3VerbRate": 1.135135135135135, "pl1VerbRate": 0.0, "pl2VerbRate": 0.02702702702702703, "pl3VerbRate": 0.02702702702702703, "superlatRate": 0.0, "comparatRate": 0.0, "specDerivSuffixRate": 0.0, "pluralNounRate": 0.0, "subjNum": 24, "objNum": 10, "attNum": 17, "subordNum": 9, "adverbNum": 40, "coordNum": 8, "clauseNum": 45, "simpleNum": 11, "complexNum": 12, "complexity1Num": 7, "complexity2Num": 3, "complexity3Num": 0, "compoundNum": 0, "subjRate": 0.07453416149068323, "objRate": 0.031055900621118012, "attRate": 0.052795031055900624, "subordRate": 0.027950310559006212, "adverbRate": 0.12422360248447205, "coordRate": 0.024844720496894408, "partsRate": 2.2, "clauseRate": 1.875, "simpleRate": 0.4583333333333333, "complexRate": 0.5, "complexity1Rate": 0.2916666666666667, "complexity2Rate": 0.125, "complexity3Rate": 0.0, "complexClauseRate": 2.8333333333333335, "sentencesPerParagraph": 0.0, "wordsLengthRate": 5.163568773234201, "compoundRate": 0.0, "positiveNum": 0, "negativeNum": 0, "precoPositiveNum": 0, "precoNegativeNum": 0, "negemoNum": 0, "negationNum": 7, "functionNum": 156, "contentNum": 166, "vulgarNum": 0, "racistNum": 0, "specStyleNum": 0, "addressingNum": 0, "closingNum": 0, "postscriptNum": 0, "brutalNum": 0, "positiveRate": 0.0, "negativeRate": 0.0, "precoPositiveRate": 0.0, "precoNegativeRate": 0.0, "negemoRate": 0.0, "negationRate": 0.021739130434782608, "functionRate": 0.484472049689441, "contentRate": 0.515527950310559, "vulgarRate": 0.0, "racistRate": 0.0, "specStyleRate": 0.0, "addressingRate": 0.0, "closingRate": 0.0, "postscriptRate": 0.0, "brutalRate": 0.0, "epistemicNum": 0, "investNum": 0, "conditionNum": 0, "weaselNum": 0, "peacockNum": 0, "hedgeNum": 0, "doxasticNum": 0, "epistemicRate": 0.0, "investRate": 0.0, "conditionRate": 0.0, "weaselRate": 0.0, "peacockRate": 0.0, "hedgeRate": 0.0, "doxasticRate": 0.0, "loveNum": 0, "anxietyNum": 0, "sorrowNum": 0, "joyNum": 0, "disgustNum": 0, "fearNum": 0, "surpriseNum": 0, "angerNum": 0, "loveRate": 0.0, "anxietyRate": 0.0, "sorrowRate": 0.0, "joyRate": 0.0, "disgustRate": 0.0, "fearRate": 0.0, "surpriseRate": 0.0, "angerRate": 0.0, "slangBeGeneralNum": 0, "slangBeCigaretteNum": 0, "slangBeHumanNum": 0, "slangBeVehicleNum": 0, "slangBeDrugNum": 0, "slangBvNum": 0, "slangBeGeneralRate": 0.0, "slangBeCigaretteRate": 0.0, "slangBeHumanRate": 0.0, "slangBeVehicleRate": 0.0, "slangBeDrugRate": 0.0, "slangBvRate": 0.0, "speechactNum": 0, "quoteNum": 1, "dashNum": 0, "publicNum": 0, "privateNum": 0, "suasiveNum": 0, "discMarkerNum": 0, "smileyNum": 0, "dateNum": 0, "hesitationNum": 0, "restartNum": 0, "repeatNum": 0, "conjBeforeDiscNum": 0, "conjAfterDiscNum": 0, "wordBeforeHesitationNum": 0, "wordAfterHesitationNum": 0, "otherCollocationNum": 0, "speechactRate": 0.0, "quoteRate": 0.003105590062111801, "dashRate": 0.0, "publicRate": 0.0, "privateRate": 0.0, "suasiveRate": 0.0, "discMarkerRate": 0.0, "smileyRate": 0.0, "dateRate": 0.0, "hesitationRate": 0.0, "restartRate": 0.0, "repeatRate": 0.0, "conjBeforeDiscRate": 0.0, "conjAfterDiscRate": 0.0, "wordBeforeHesitationRate": 0.0, "wordAfterHesitationRate": 0.0, "otherCollocationRate": 0.0, "easyWordNum": 300, "hardWordNum": 22, "easyWordRate": 0.9316770186335404, "hardWordRate": 0.06832298136645963, "fleschReadingEaseScore": 68.41894668737062, "gunningFogIndex": 5.393995859213251, "fleschKincaidGradeLevel": 7.049332298136644, "colemanLiauIndex": 10.174310559006209, "smogIndex": 8.021203637495837, "automatedReadabilityIndex": 6.049140786749479, "linsearWriteIndex": 1.2256728778467907, "author": "", "locationNameNum": 0, "locationNameRate": 0.0, "personNameNum": 4, "personNameRate": 0.012422360248447204, "organizationNameNum": 0, "organizationNameRate": 0.0, "misspelledNum": 5, "misspelledRate": 0.015527950310559006, "missingAccentNum": 0, "missingAccentRate": 0.0, "foreignAccentNum": 0, "foreignAccentRate": 0.0, "wordConcatNum": 2, "wordConcatRate": 0.006211180124223602, "jLyMistakeNum": 0, "jLyMistakeRate": 0.0, "freqSuffixNum": 0, "partsNum": 99, "privateVNum": 0, "publicVNum": 0, "clauseWordNum": 45}