{"tokenNum": 410, "sentenceNum": 28, "lemmaNum": 170, "lemmaRate": 0.4146341463414634, "sentenceLength": 14.642857142857142, "allUpperNum": 1, "firstUpperNum": 40, "allUpperRate": 0.0024390243902439024, "firstUpperRate": 0.0975609756097561, "declarSentNum": 28, "imperSentNum": 0, "questionNum": 0, "declarSentRate": 1.0, "imperSentRate": 0.0, "questionRate": 0.0, "accent": false, "saturation": 2.5757575757575757, "paragraphNum": 0, "nounNum": 63, "verbNum": 61, "adjNum": 16, "infNum": 7, "partPastNum": 0, "partPresNum": 0, "partFutNum": 0, "transNum": 1, "xNum": 28, "advNum": 47, "properNounNum": 14, "numNum": 3, "conjNum": 36, "punctNum": 87, "pronNum": 34, "relPronNum": 3, "demPronNum": 23, "adposNum": 4, "multiplePunctNum": 5, "phraseNum": 0, "nounRate": 0.15365853658536585, "verbRate": 0.14878048780487804, "adjRate": 0.03902439024390244, "infRate": 0.01707317073170732, "partPastRate": 0.0, "partPresRate": 0.0, "partFutRate": 0.0, "transRate": 0.0024390243902439024, "xRate": 0.06829268292682927, "advRate": 0.11463414634146342, "properNounRate": 0.03414634146341464, "numRate": 0.007317073170731708, "conjRate": 0.08780487804878048, "punctRate": 0.2121951219512195, "pronRate": 0.08292682926829269, "relPronRate": 0.007317073170731708, "demPronRate": 0.05609756097560976, "adposRate": 0.00975609756097561, "multiplePunctRate": 0.05747126436781609, "partsDensityRate": 2.8333333333333335, "contentfulness": 6.678571428571429, "phraseRate": 0.0, "pastTenseNum": 4, "presentTenseNum": 50, "condNum": 8, "impNum": 3, "freqNum": 0, "causNum": 0, "modalNum": 2, "sg1VerbNum": 25, "sg2VerbNum": 3, "sg3VerbNum": 55, "pl1VerbNum": 2, "pl2VerbNum": 0, "pl3VerbNum": 7, "superlatNum": 0, "comparatNum": 2, "specDerivSuffixNum": 0, "pluralNounNum": 9, "pastTenseRate": 0.06557377049180328, "presentTenseRate": 0.819672131147541, "condRate": 0.13114754098360656, "impRate": 0.04918032786885246, "freqRate": 0.0, "causRate": 0.0, "modalRate": 0.03278688524590164, "sg1VerbRate": 0.4098360655737705, "sg2VerbRate": 0.04918032786885246, "sg3VerbRate": 0.9016393442622951, "pl1VerbRate": 0.03278688524590164, "pl2VerbRate": 0.0, "pl3VerbRate": 0.11475409836065574, "superlatRate": 0.0, "comparatRate": 0.125, "specDerivSuffixRate": 0.0, "pluralNounRate": 0.14285714285714285, "subjNum": 26, "objNum": 19, "attNum": 5, "subordNum": 17, "adverbNum": 51, "coordNum": 11, "clauseNum": 66, "simpleNum": 13, "complexNum": 15, "complexity1Num": 6, "complexity2Num": 3, "complexity3Num": 2, "compoundNum": 0, "subjRate": 0.06341463414634146, "objRate": 0.046341463414634146, "attRate": 0.012195121951219513, "subordRate": 0.041463414634146344, "adverbRate": 0.12439024390243902, "coordRate": 0.026829268292682926, "partsRate": 1.696969696969697, "clauseRate": 2.357142857142857, "simpleRate": 0.4642857142857143, "complexRate": 0.5357142857142857, "complexity1Rate": 0.21428571428571427, "complexity2Rate": 0.10714285714285714, "complexity3Rate": 0.07142857142857142, "complexClauseRate": 3.533333333333333, "sentencesPerParagraph": 0.0, "wordsLengthRate": 4.718266253869969, "compoundRate": 0.0, "positiveNum": 0, "negativeNum": 0, "precoPositiveNum": 0, "precoNegativeNum": 0, "negemoNum": 0, "negationNum": 12, "functionNum": 223, "contentNum": 187, "vulgarNum": 0, "racistNum": 0, "specStyleNum": 0, "addressingNum": 0, "closingNum": 0, "postscriptNum": 0, "brutalNum": 0, "positiveRate": 0.0, "negativeRate": 0.0, "precoPositiveRate": 0.0, "precoNegativeRate": 0.0, "negemoRate": 0.0, "negationRate": 0.02926829268292683, "functionRate": 0.5439024390243903, "contentRate": 0.4560975609756098, "vulgarRate": 0.0, "racistRate": 0.0, "specStyleRate": 0.0, "addressingRate": 0.0, "closingRate": 0.0, "postscriptRate": 0.0, "brutalRate": 0.0, "epistemicNum": 0, "investNum": 0, "conditionNum": 0, "weaselNum": 0, "peacockNum": 0, "hedgeNum": 0, "doxasticNum": 0, "epistemicRate": 0.0, "investRate": 0.0, "conditionRate": 0.0, "weaselRate": 0.0, "peacockRate": 0.0, "hedgeRate": 0.0, "doxasticRate": 0.0, "loveNum": 0, "anxietyNum": 0, "sorrowNum": 0, "joyNum": 0, "disgustNum": 0, "fearNum": 0, "surpriseNum": 0, "angerNum": 0, "loveRate": 0.0, "anxietyRate": 0.0, "sorrowRate": 0.0, "joyRate": 0.0, "disgustRate": 0.0, "fearRate": 0.0, "surpriseRate": 0.0, "angerRate": 0.0, "slangBeGeneralNum": 0, "slangBeCigaretteNum": 0, "slangBeHumanNum": 0, "slangBeVehicleNum": 0, "slangBeDrugNum": 0, "slangBvNum": 0, "slangBeGeneralRate": 0.0, "slangBeCigaretteRate": 0.0, "slangBeHumanRate": 0.0, "slangBeVehicleRate": 0.0, "slangBeDrugRate": 0.0, "slangBvRate": 0.0, "speechactNum": 0, "quoteNum": 0, "dashNum": 0, "publicNum": 0, "privateNum": 0, "suasiveNum": 0, "discMarkerNum": 0, "smileyNum": 0, "dateNum": 0, "hesitationNum": 0, "restartNum": 0, "repeatNum": 11, "conjBeforeDiscNum": 0, "conjAfterDiscNum": 0, "wordBeforeHesitationNum": 0, "wordAfterHesitationNum": 0, "otherCollocationNum": 0, "speechactRate": 0.0, "quoteRate": 0.0, "dashRate": 0.0, "publicRate": 0.0, "privateRate": 0.0, "suasiveRate": 0.0, "discMarkerRate": 0.0, "smileyRate": 0.0, "dateRate": 0.0, "hesitationRate": 0.0, "restartRate": 0.0, "repeatRate": 0.026829268292682926, "conjBeforeDiscRate": 0.0, "conjAfterDiscRate": 0.0, "wordBeforeHesitationRate": 0.0, "wordAfterHesitationRate": 0.0, "otherCollocationRate": 0.0, "easyWordNum": 386, "hardWordNum": 24, "easyWordRate": 0.9414634146341463, "hardWordRate": 0.05853658536585366, "fleschReadingEaseScore": 89.62713414634148, "gunningFogIndex": 5.880557491289199, "fleschKincaidGradeLevel": 4.3958362369338, "colemanLiauIndex": 7.070234146341463, "smogIndex": 8.238735603445708, "automatedReadabilityIndex": 4.180013937282233, "linsearWriteIndex": 0.877177700348432, "author": "", "locationNameNum": 0, "locationNameRate": 0.0, "personNameNum": 9, "personNameRate": 0.02195121951219512, "organizationNameNum": 0, "organizationNameRate": 0.0, "misspelledNum": 97, "misspelledRate": 0.23658536585365852, "missingAccentNum": 93, "missingAccentRate": 0.22682926829268293, "foreignAccentNum": 0, "foreignAccentRate": 0.0, "wordConcatNum": 0, "wordConcatRate": 0.0, "jLyMistakeNum": 0, "jLyMistakeRate": 0.0, "freqSuffixNum": 0, "partsNum": 112, "privateVNum": 0, "publicVNum": 0, "clauseWordNum": 66}