{"tokenNum": 385, "sentenceNum": 30, "lemmaNum": 190, "lemmaRate": 0.4935064935064935, "sentenceLength": 12.833333333333334, "allUpperNum": 0, "firstUpperNum": 29, "allUpperRate": 0.0, "firstUpperRate": 0.07532467532467532, "declarSentNum": 30, "imperSentNum": 0, "questionNum": 0, "declarSentRate": 1.0, "imperSentRate": 0.0, "questionRate": 0.0, "accent": true, "saturation": 3.2203389830508473, "paragraphNum": 0, "nounNum": 54, "verbNum": 57, "adjNum": 22, "infNum": 4, "partPastNum": 0, "partPresNum": 1, "partFutNum": 0, "transNum": 0, "xNum": 29, "advNum": 51, "properNounNum": 1, "numNum": 5, "conjNum": 29, "punctNum": 65, "pronNum": 18, "relPronNum": 7, "demPronNum": 18, "adposNum": 4, "multiplePunctNum": 4, "phraseNum": 0, "nounRate": 0.14025974025974025, "verbRate": 0.14805194805194805, "adjRate": 0.05714285714285714, "infRate": 0.01038961038961039, "partPastRate": 0.0, "partPresRate": 0.0025974025974025974, "partFutRate": 0.0, "transRate": 0.0, "xRate": 0.07532467532467532, "advRate": 0.13246753246753246, "properNounRate": 0.0025974025974025974, "numRate": 0.012987012987012988, "conjRate": 0.07532467532467532, "punctRate": 0.16883116883116883, "pronRate": 0.046753246753246755, "relPronRate": 0.01818181818181818, "demPronRate": 0.046753246753246755, "adposRate": 0.01038961038961039, "multiplePunctRate": 0.06153846153846154, "partsDensityRate": 3.1186440677966103, "contentfulness": 6.133333333333334, "phraseRate": 0.0, "pastTenseNum": 38, "presentTenseNum": 15, "condNum": 0, "impNum": 1, "freqNum": 0, "causNum": 0, "modalNum": 0, "sg1VerbNum": 9, "sg2VerbNum": 0, "sg3VerbNum": 58, "pl1VerbNum": 3, "pl2VerbNum": 0, "pl3VerbNum": 3, "superlatNum": 0, "comparatNum": 1, "specDerivSuffixNum": 0, "pluralNounNum": 6, "pastTenseRate": 0.6666666666666666, "presentTenseRate": 0.2631578947368421, "condRate": 0.0, "impRate": 0.017543859649122806, "freqRate": 0.0, "causRate": 0.0, "modalRate": 0.0, "sg1VerbRate": 0.15789473684210525, "sg2VerbRate": 0.0, "sg3VerbRate": 1.0175438596491229, "pl1VerbRate": 0.05263157894736842, "pl2VerbRate": 0.0, "pl3VerbRate": 0.05263157894736842, "superlatRate": 0.0, "comparatRate": 0.045454545454545456, "specDerivSuffixRate": 0.0, "pluralNounRate": 0.1111111111111111, "subjNum": 24, "objNum": 9, "attNum": 9, "subordNum": 14, "adverbNum": 66, "coordNum": 17, "clauseNum": 59, "simpleNum": 16, "complexNum": 14, "complexity1Num": 5, "complexity2Num": 5, "complexity3Num": 2, "compoundNum": 0, "subjRate": 0.06233766233766234, "objRate": 0.023376623376623377, "attRate": 0.023376623376623377, "subordRate": 0.03636363636363636, "adverbRate": 0.17142857142857143, "coordRate": 0.04415584415584416, "partsRate": 2.1186440677966103, "clauseRate": 1.9666666666666666, "simpleRate": 0.5333333333333333, "complexRate": 0.4666666666666667, "complexity1Rate": 0.16666666666666666, "complexity2Rate": 0.16666666666666666, "complexity3Rate": 0.06666666666666667, "complexClauseRate": 3.0714285714285716, "sentencesPerParagraph": 0.0, "wordsLengthRate": 4.9625, "compoundRate": 0.0, "positiveNum": 0, "negativeNum": 0, "precoPositiveNum": 0, "precoNegativeNum": 0, "negemoNum": 0, "negationNum": 6, "functionNum": 201, "contentNum": 184, "vulgarNum": 0, "racistNum": 0, "specStyleNum": 0, "addressingNum": 0, "closingNum": 0, "postscriptNum": 0, "brutalNum": 0, "positiveRate": 0.0, "negativeRate": 0.0, "precoPositiveRate": 0.0, "precoNegativeRate": 0.0, "negemoRate": 0.0, "negationRate": 0.015584415584415584, "functionRate": 0.522077922077922, "contentRate": 0.4779220779220779, "vulgarRate": 0.0, "racistRate": 0.0, "specStyleRate": 0.0, "addressingRate": 0.0, "closingRate": 0.0, "postscriptRate": 0.0, "brutalRate": 0.0, "epistemicNum": 0, "investNum": 0, "conditionNum": 0, "weaselNum": 0, "peacockNum": 0, "hedgeNum": 0, "doxasticNum": 0, "epistemicRate": 0.0, "investRate": 0.0, "conditionRate": 0.0, "weaselRate": 0.0, "peacockRate": 0.0, "hedgeRate": 0.0, "doxasticRate": 0.0, "loveNum": 0, "anxietyNum": 0, "sorrowNum": 0, "joyNum": 0, "disgustNum": 0, "fearNum": 0, "surpriseNum": 0, "angerNum": 0, "loveRate": 0.0, "anxietyRate": 0.0, "sorrowRate": 0.0, "joyRate": 0.0, "disgustRate": 0.0, "fearRate": 0.0, "surpriseRate": 0.0, "angerRate": 0.0, "slangBeGeneralNum": 0, "slangBeCigaretteNum": 0, "slangBeHumanNum": 0, "slangBeVehicleNum": 0, "slangBeDrugNum": 0, "slangBvNum": 0, "slangBeGeneralRate": 0.0, "slangBeCigaretteRate": 0.0, "slangBeHumanRate": 0.0, "slangBeVehicleRate": 0.0, "slangBeDrugRate": 0.0, "slangBvRate": 0.0, "speechactNum": 0, "quoteNum": 0, "dashNum": 0, "publicNum": 0, "privateNum": 0, "suasiveNum": 0, "discMarkerNum": 0, "smileyNum": 0, "dateNum": 0, "hesitationNum": 0, "restartNum": 0, "repeatNum": 0, "conjBeforeDiscNum": 0, "conjAfterDiscNum": 0, "wordBeforeHesitationNum": 0, "wordAfterHesitationNum": 0, "otherCollocationNum": 0, "speechactRate": 0.0, "quoteRate": 0.0, "dashRate": 0.0, "publicRate": 0.0, "privateRate": 0.0, "suasiveRate": 0.0, "discMarkerRate": 0.0, "smileyRate": 0.0, "dateRate": 0.0, "hesitationRate": 0.0, "restartRate": 0.0, "repeatRate": 0.0, "conjBeforeDiscRate": 0.0, "conjAfterDiscRate": 0.0, "wordBeforeHesitationRate": 0.0, "wordAfterHesitationRate": 0.0, "otherCollocationRate": 0.0, "easyWordNum": 371, "hardWordNum": 14, "easyWordRate": 0.9636363636363636, "hardWordRate": 0.03636363636363636, "fleschReadingEaseScore": 80.42319264069265, "gunningFogIndex": 5.147878787878788, "fleschKincaidGradeLevel": 5.230064935064934, "colemanLiauIndex": 9.060155844155844, "smogIndex": 7.03164865440522, "automatedReadabilityIndex": 4.866536796536799, "linsearWriteIndex": 0.6666666666666665, "author": "", "locationNameNum": 0, "locationNameRate": 0.0, "personNameNum": 0, "personNameRate": 0.0, "organizationNameNum": 0, "organizationNameRate": 0.0, "misspelledNum": 14, "misspelledRate": 0.03636363636363636, "missingAccentNum": 0, "missingAccentRate": 0.0, "foreignAccentNum": 0, "foreignAccentRate": 0.0, "wordConcatNum": 1, "wordConcatRate": 0.0025974025974025974, "jLyMistakeNum": 0, "jLyMistakeRate": 0.0, "freqSuffixNum": 0, "partsNum": 125, "privateVNum": 0, "publicVNum": 0, "clauseWordNum": 59}