{"tokenNum": 338, "sentenceNum": 14, "lemmaNum": 184, "lemmaRate": 0.5443786982248521, "sentenceLength": 24.142857142857142, "allUpperNum": 1, "firstUpperNum": 16, "allUpperRate": 0.0029585798816568047, "firstUpperRate": 0.047337278106508875, "declarSentNum": 13, "imperSentNum": 0, "questionNum": 1, "declarSentRate": 0.9285714285714286, "imperSentRate": 0.0, "questionRate": 0.07142857142857142, "accent": false, "saturation": 3.1724137931034484, "paragraphNum": 0, "nounNum": 44, "verbNum": 62, "adjNum": 24, "infNum": 12, "partPastNum": 0, "partPresNum": 0, "partFutNum": 0, "transNum": 1, "xNum": 13, "advNum": 46, "properNounNum": 3, "numNum": 1, "conjNum": 37, "punctNum": 58, "pronNum": 29, "relPronNum": 6, "demPronNum": 22, "adposNum": 3, "multiplePunctNum": 1, "phraseNum": 0, "nounRate": 0.1301775147928994, "verbRate": 0.1834319526627219, "adjRate": 0.07100591715976332, "infRate": 0.03550295857988166, "partPastRate": 0.0, "partPresRate": 0.0, "partFutRate": 0.0, "transRate": 0.0029585798816568047, "xRate": 0.038461538461538464, "advRate": 0.13609467455621302, "properNounRate": 0.008875739644970414, "numRate": 0.0029585798816568047, "conjRate": 0.10946745562130178, "punctRate": 0.17159763313609466, "pronRate": 0.08579881656804733, "relPronRate": 0.01775147928994083, "demPronRate": 0.0650887573964497, "adposRate": 0.008875739644970414, "multiplePunctRate": 0.017241379310344827, "partsDensityRate": 3.0344827586206895, "contentfulness": 12.571428571428571, "phraseRate": 0.0, "pastTenseNum": 14, "presentTenseNum": 37, "condNum": 1, "impNum": 7, "freqNum": 0, "causNum": 0, "modalNum": 5, "sg1VerbNum": 17, "sg2VerbNum": 12, "sg3VerbNum": 42, "pl1VerbNum": 4, "pl2VerbNum": 0, "pl3VerbNum": 7, "superlatNum": 1, "comparatNum": 2, "specDerivSuffixNum": 0, "pluralNounNum": 5, "pastTenseRate": 0.22580645161290322, "presentTenseRate": 0.5967741935483871, "condRate": 0.016129032258064516, "impRate": 0.11290322580645161, "freqRate": 0.0, "causRate": 0.0, "modalRate": 0.08064516129032258, "sg1VerbRate": 0.27419354838709675, "sg2VerbRate": 0.1935483870967742, "sg3VerbRate": 0.6774193548387096, "pl1VerbRate": 0.06451612903225806, "pl2VerbRate": 0.0, "pl3VerbRate": 0.11290322580645161, "superlatRate": 0.041666666666666664, "comparatRate": 0.08333333333333333, "specDerivSuffixRate": 0.0, "pluralNounRate": 0.11363636363636363, "subjNum": 18, "objNum": 8, "attNum": 9, "subordNum": 23, "adverbNum": 65, "coordNum": 14, "clauseNum": 58, "simpleNum": 1, "complexNum": 13, "complexity1Num": 2, "complexity2Num": 4, "complexity3Num": 3, "compoundNum": 0, "subjRate": 0.05325443786982249, "objRate": 0.023668639053254437, "attRate": 0.026627218934911243, "subordRate": 0.06804733727810651, "adverbRate": 0.19230769230769232, "coordRate": 0.04142011834319527, "partsRate": 1.9655172413793103, "clauseRate": 4.142857142857143, "simpleRate": 0.07142857142857142, "complexRate": 0.9285714285714286, "complexity1Rate": 0.14285714285714285, "complexity2Rate": 0.2857142857142857, "complexity3Rate": 0.21428571428571427, "complexClauseRate": 4.384615384615385, "sentencesPerParagraph": 0.0, "wordsLengthRate": 5.275, "compoundRate": 0.0, "positiveNum": 0, "negativeNum": 0, "precoPositiveNum": 0, "precoNegativeNum": 0, "negemoNum": 0, "negationNum": 11, "functionNum": 162, "contentNum": 176, "vulgarNum": 0, "racistNum": 0, "specStyleNum": 0, "addressingNum": 0, "closingNum": 0, "postscriptNum": 1, "brutalNum": 0, "positiveRate": 0.0, "negativeRate": 0.0, "precoPositiveRate": 0.0, "precoNegativeRate": 0.0, "negemoRate": 0.0, "negationRate": 0.03254437869822485, "functionRate": 0.47928994082840237, "contentRate": 0.5207100591715976, "vulgarRate": 0.0, "racistRate": 0.0, "specStyleRate": 0.0, "addressingRate": 0.0, "closingRate": 0.0, "postscriptRate": 0.0029585798816568047, "brutalRate": 0.0, "epistemicNum": 0, "investNum": 0, "conditionNum": 0, "weaselNum": 0, "peacockNum": 0, "hedgeNum": 0, "doxasticNum": 0, "epistemicRate": 0.0, "investRate": 0.0, "conditionRate": 0.0, "weaselRate": 0.0, "peacockRate": 0.0, "hedgeRate": 0.0, "doxasticRate": 0.0, "loveNum": 0, "anxietyNum": 0, "sorrowNum": 0, "joyNum": 0, "disgustNum": 0, "fearNum": 0, "surpriseNum": 0, "angerNum": 0, "loveRate": 0.0, "anxietyRate": 0.0, "sorrowRate": 0.0, "joyRate": 0.0, "disgustRate": 0.0, "fearRate": 0.0, "surpriseRate": 0.0, "angerRate": 0.0, "slangBeGeneralNum": 0, "slangBeCigaretteNum": 0, "slangBeHumanNum": 0, "slangBeVehicleNum": 0, "slangBeDrugNum": 0, "slangBvNum": 0, "slangBeGeneralRate": 0.0, "slangBeCigaretteRate": 0.0, "slangBeHumanRate": 0.0, "slangBeVehicleRate": 0.0, "slangBeDrugRate": 0.0, "slangBvRate": 0.0, "speechactNum": 0, "quoteNum": 0, "dashNum": 0, "publicNum": 0, "privateNum": 0, "suasiveNum": 0, "discMarkerNum": 0, "smileyNum": 0, "dateNum": 0, "hesitationNum": 0, "restartNum": 0, "repeatNum": 0, "conjBeforeDiscNum": 0, "conjAfterDiscNum": 0, "wordBeforeHesitationNum": 0, "wordAfterHesitationNum": 0, "otherCollocationNum": 0, "speechactRate": 0.0, "quoteRate": 0.0, "dashRate": 0.0, "publicRate": 0.0, "privateRate": 0.0, "suasiveRate": 0.0, "discMarkerRate": 0.0, "smileyRate": 0.0, "dateRate": 0.0, "hesitationRate": 0.0, "restartRate": 0.0, "repeatRate": 0.0, "conjBeforeDiscRate": 0.0, "conjAfterDiscRate": 0.0, "wordBeforeHesitationRate": 0.0, "wordAfterHesitationRate": 0.0, "otherCollocationRate": 0.0, "easyWordNum": 326, "hardWordNum": 12, "easyWordRate": 0.9644970414201184, "hardWordRate": 0.03550295857988166, "fleschReadingEaseScore": 61.186804733727826, "gunningFogIndex": 9.67134404057481, "fleschKincaidGradeLevel": 10.722755705832629, "colemanLiauIndex": 10.704875739644969, "smogIndex": 6.742157984588678, "automatedReadabilityIndex": 11.83642857142857, "linsearWriteIndex": 2.6876584953508034, "author": "", "locationNameNum": 0, "locationNameRate": 0.0, "personNameNum": 1, "personNameRate": 0.0029585798816568047, "organizationNameNum": 0, "organizationNameRate": 0.0, "misspelledNum": 95, "misspelledRate": 0.28106508875739644, "missingAccentNum": 91, "missingAccentRate": 0.2692307692307692, "foreignAccentNum": 0, "foreignAccentRate": 0.0, "wordConcatNum": 1, "wordConcatRate": 0.0029585798816568047, "jLyMistakeNum": 0, "jLyMistakeRate": 0.0, "freqSuffixNum": 0, "partsNum": 114, "privateVNum": 0, "publicVNum": 0, "clauseWordNum": 58}