{"tokenNum": 151, "sentenceNum": 6, "lemmaNum": 98, "lemmaRate": 0.6490066225165563, "sentenceLength": 25.166666666666668, "allUpperNum": 4, "firstUpperNum": 12, "allUpperRate": 0.026490066225165563, "firstUpperRate": 0.07947019867549669, "declarSentNum": 6, "imperSentNum": 0, "questionNum": 0, "declarSentRate": 1.0, "imperSentRate": 0.0, "questionRate": 0.0, "accent": false, "saturation": 5.444444444444445, "paragraphNum": 0, "nounNum": 37, "verbNum": 20, "adjNum": 14, "infNum": 1, "partPastNum": 0, "partPresNum": 1, "partFutNum": 0, "transNum": 1, "xNum": 4, "advNum": 17, "properNounNum": 9, "numNum": 0, "conjNum": 15, "punctNum": 13, "pronNum": 9, "relPronNum": 3, "demPronNum": 7, "adposNum": 0, "multiplePunctNum": 0, "phraseNum": 0, "nounRate": 0.24503311258278146, "verbRate": 0.13245033112582782, "adjRate": 0.09271523178807947, "infRate": 0.006622516556291391, "partPastRate": 0.0, "partPresRate": 0.006622516556291391, "partFutRate": 0.0, "transRate": 0.006622516556291391, "xRate": 0.026490066225165563, "advRate": 0.11258278145695365, "properNounRate": 0.059602649006622516, "numRate": 0.0, "conjRate": 0.09933774834437085, "punctRate": 0.08609271523178808, "pronRate": 0.059602649006622516, "relPronRate": 0.019867549668874173, "demPronRate": 0.046357615894039736, "adposRate": 0.0, "multiplePunctRate": 0.0, "partsDensityRate": 4.888888888888889, "contentfulness": 14.666666666666666, "phraseRate": 0.0, "pastTenseNum": 2, "presentTenseNum": 17, "condNum": 0, "impNum": 4, "freqNum": 0, "causNum": 0, "modalNum": 1, "sg1VerbNum": 3, "sg2VerbNum": 4, "sg3VerbNum": 21, "pl1VerbNum": 0, "pl2VerbNum": 0, "pl3VerbNum": 2, "superlatNum": 0, "comparatNum": 0, "specDerivSuffixNum": 0, "pluralNounNum": 1, "pastTenseRate": 0.1, "presentTenseRate": 0.85, "condRate": 0.0, "impRate": 0.2, "freqRate": 0.0, "causRate": 0.0, "modalRate": 0.05, "sg1VerbRate": 0.15, "sg2VerbRate": 0.2, "sg3VerbRate": 1.05, "pl1VerbRate": 0.0, "pl2VerbRate": 0.0, "pl3VerbRate": 0.1, "superlatRate": 0.0, "comparatRate": 0.0, "specDerivSuffixRate": 0.0, "pluralNounRate": 0.02702702702702703, "subjNum": 17, "objNum": 8, "attNum": 7, "subordNum": 8, "adverbNum": 24, "coordNum": 10, "clauseNum": 18, "simpleNum": 1, "complexNum": 5, "complexity1Num": 3, "complexity2Num": 0, "complexity3Num": 0, "compoundNum": 0, "subjRate": 0.11258278145695365, "objRate": 0.052980132450331126, "attRate": 0.046357615894039736, "subordRate": 0.052980132450331126, "adverbRate": 0.15894039735099338, "coordRate": 0.06622516556291391, "partsRate": 3.6666666666666665, "clauseRate": 3.0, "simpleRate": 0.16666666666666666, "complexRate": 0.8333333333333334, "complexity1Rate": 0.5, "complexity2Rate": 0.0, "complexity3Rate": 0.0, "complexClauseRate": 3.4, "sentencesPerParagraph": 0.0, "wordsLengthRate": 5.13768115942029, "compoundRate": 0.0, "positiveNum": 0, "negativeNum": 0, "precoPositiveNum": 0, "precoNegativeNum": 0, "negemoNum": 0, "negationNum": 8, "functionNum": 63, "contentNum": 88, "vulgarNum": 0, "racistNum": 0, "specStyleNum": 0, "addressingNum": 0, "closingNum": 0, "postscriptNum": 0, "brutalNum": 0, "positiveRate": 0.0, "negativeRate": 0.0, "precoPositiveRate": 0.0, "precoNegativeRate": 0.0, "negemoRate": 0.0, "negationRate": 0.052980132450331126, "functionRate": 0.41721854304635764, "contentRate": 0.5827814569536424, "vulgarRate": 0.0, "racistRate": 0.0, "specStyleRate": 0.0, "addressingRate": 0.0, "closingRate": 0.0, "postscriptRate": 0.0, "brutalRate": 0.0, "epistemicNum": 0, "investNum": 0, "conditionNum": 0, "weaselNum": 0, "peacockNum": 0, "hedgeNum": 0, "doxasticNum": 0, "epistemicRate": 0.0, "investRate": 0.0, "conditionRate": 0.0, "weaselRate": 0.0, "peacockRate": 0.0, "hedgeRate": 0.0, "doxasticRate": 0.0, "loveNum": 0, "anxietyNum": 0, "sorrowNum": 0, "joyNum": 0, "disgustNum": 0, "fearNum": 0, "surpriseNum": 0, "angerNum": 0, "loveRate": 0.0, "anxietyRate": 0.0, "sorrowRate": 0.0, "joyRate": 0.0, "disgustRate": 0.0, "fearRate": 0.0, "surpriseRate": 0.0, "angerRate": 0.0, "slangBeGeneralNum": 0, "slangBeCigaretteNum": 0, "slangBeHumanNum": 0, "slangBeVehicleNum": 0, "slangBeDrugNum": 0, "slangBvNum": 0, "slangBeGeneralRate": 0.0, "slangBeCigaretteRate": 0.0, "slangBeHumanRate": 0.0, "slangBeVehicleRate": 0.0, "slangBeDrugRate": 0.0, "slangBvRate": 0.0, "speechactNum": 0, "quoteNum": 0, "dashNum": 0, "publicNum": 0, "privateNum": 0, "suasiveNum": 0, "discMarkerNum": 0, "smileyNum": 0, "dateNum": 0, "hesitationNum": 0, "restartNum": 0, "repeatNum": 0, "conjBeforeDiscNum": 0, "conjAfterDiscNum": 0, "wordBeforeHesitationNum": 0, "wordAfterHesitationNum": 0, "otherCollocationNum": 0, "speechactRate": 0.0, "quoteRate": 0.0, "dashRate": 0.0, "publicRate": 0.0, "privateRate": 0.0, "suasiveRate": 0.0, "discMarkerRate": 0.0, "smileyRate": 0.0, "dateRate": 0.0, "hesitationRate": 0.0, "restartRate": 0.0, "repeatRate": 0.0, "conjBeforeDiscRate": 0.0, "conjAfterDiscRate": 0.0, "wordBeforeHesitationRate": 0.0, "wordAfterHesitationRate": 0.0, "otherCollocationRate": 0.0, "easyWordNum": 139, "hardWordNum": 12, "easyWordRate": 0.9205298013245033, "hardWordRate": 0.07947019867549669, "fleschReadingEaseScore": 44.025932671081705, "gunningFogIndex": 10.098454746136866, "fleschKincaidGradeLevel": 13.370695364238415, "colemanLiauIndex": 12.284649006622516, "smogIndex": 6.742157984588678, "automatedReadabilityIndex": 13.611611479028703, "linsearWriteIndex": 8.547461368653423, "author": "", "locationNameNum": 0, "locationNameRate": 0.0, "personNameNum": 3, "personNameRate": 0.019867549668874173, "organizationNameNum": 1, "organizationNameRate": 0.006622516556291391, "misspelledNum": 45, "misspelledRate": 0.2980132450331126, "missingAccentNum": 36, "missingAccentRate": 0.23841059602649006, "foreignAccentNum": 0, "foreignAccentRate": 0.0, "wordConcatNum": 0, "wordConcatRate": 0.0, "jLyMistakeNum": 0, "jLyMistakeRate": 0.0, "freqSuffixNum": 0, "partsNum": 66, "privateVNum": 0, "publicVNum": 0, "clauseWordNum": 18}