{"tokenNum": 383, "sentenceNum": 34, "lemmaNum": 229, "lemmaRate": 0.597911227154047, "sentenceLength": 11.264705882352942, "allUpperNum": 0, "firstUpperNum": 57, "allUpperRate": 0.0, "firstUpperRate": 0.14882506527415143, "declarSentNum": 34, "imperSentNum": 0, "questionNum": 0, "declarSentRate": 1.0, "imperSentRate": 0.0, "questionRate": 0.0, "accent": true, "saturation": 4.872340425531915, "paragraphNum": 0, "nounNum": 121, "verbNum": 45, "adjNum": 32, "infNum": 1, "partPastNum": 3, "partPresNum": 0, "partFutNum": 0, "transNum": 2, "xNum": 35, "advNum": 20, "properNounNum": 31, "numNum": 3, "conjNum": 14, "punctNum": 46, "pronNum": 7, "relPronNum": 2, "demPronNum": 4, "adposNum": 5, "multiplePunctNum": 0, "phraseNum": 0, "nounRate": 0.31592689295039167, "verbRate": 0.1174934725848564, "adjRate": 0.0835509138381201, "infRate": 0.0026109660574412533, "partPastRate": 0.007832898172323759, "partPresRate": 0.0, "partFutRate": 0.0, "transRate": 0.005221932114882507, "xRate": 0.09138381201044386, "advRate": 0.05221932114882506, "properNounRate": 0.08093994778067885, "numRate": 0.007832898172323759, "conjRate": 0.03655352480417755, "punctRate": 0.12010443864229765, "pronRate": 0.018276762402088774, "relPronRate": 0.005221932114882507, "demPronRate": 0.010443864229765013, "adposRate": 0.013054830287206266, "multiplePunctRate": 0.0, "partsDensityRate": 4.638297872340425, "contentfulness": 6.411764705882353, "phraseRate": 0.0, "pastTenseNum": 40, "presentTenseNum": 4, "condNum": 0, "impNum": 1, "freqNum": 0, "causNum": 0, "modalNum": 0, "sg1VerbNum": 0, "sg2VerbNum": 0, "sg3VerbNum": 47, "pl1VerbNum": 1, "pl2VerbNum": 0, "pl3VerbNum": 3, "superlatNum": 1, "comparatNum": 1, "specDerivSuffixNum": 0, "pluralNounNum": 10, "pastTenseRate": 0.8888888888888888, "presentTenseRate": 0.08888888888888889, "condRate": 0.0, "impRate": 0.022222222222222223, "freqRate": 0.0, "causRate": 0.0, "modalRate": 0.0, "sg1VerbRate": 0.0, "sg2VerbRate": 0.0, "sg3VerbRate": 1.0444444444444445, "pl1VerbRate": 0.022222222222222223, "pl2VerbRate": 0.0, "pl3VerbRate": 0.06666666666666667, "superlatRate": 0.03125, "comparatRate": 0.03125, "specDerivSuffixRate": 0.0, "pluralNounRate": 0.08264462809917356, "subjNum": 41, "objNum": 15, "attNum": 23, "subordNum": 5, "adverbNum": 26, "coordNum": 13, "clauseNum": 47, "simpleNum": 23, "complexNum": 11, "complexity1Num": 9, "complexity2Num": 2, "complexity3Num": 0, "compoundNum": 0, "subjRate": 0.10704960835509138, "objRate": 0.0391644908616188, "attRate": 0.06005221932114883, "subordRate": 0.013054830287206266, "adverbRate": 0.06788511749347259, "coordRate": 0.033942558746736295, "partsRate": 2.5106382978723403, "clauseRate": 1.3823529411764706, "simpleRate": 0.6764705882352942, "complexRate": 0.3235294117647059, "complexity1Rate": 0.2647058823529412, "complexity2Rate": 0.058823529411764705, "complexity3Rate": 0.0, "complexClauseRate": 2.1818181818181817, "sentencesPerParagraph": 0.0, "wordsLengthRate": 5.376854599406528, "compoundRate": 0.0, "positiveNum": 0, "negativeNum": 0, "precoPositiveNum": 0, "precoNegativeNum": 0, "negemoNum": 0, "negationNum": 1, "functionNum": 165, "contentNum": 218, "vulgarNum": 0, "racistNum": 0, "specStyleNum": 0, "addressingNum": 0, "closingNum": 0, "postscriptNum": 0, "brutalNum": 0, "positiveRate": 0.0, "negativeRate": 0.0, "precoPositiveRate": 0.0, "precoNegativeRate": 0.0, "negemoRate": 0.0, "negationRate": 0.0026109660574412533, "functionRate": 0.4308093994778068, "contentRate": 0.5691906005221932, "vulgarRate": 0.0, "racistRate": 0.0, "specStyleRate": 0.0, "addressingRate": 0.0, "closingRate": 0.0, "postscriptRate": 0.0, "brutalRate": 0.0, "epistemicNum": 0, "investNum": 0, "conditionNum": 0, "weaselNum": 0, "peacockNum": 0, "hedgeNum": 0, "doxasticNum": 0, "epistemicRate": 0.0, "investRate": 0.0, "conditionRate": 0.0, "weaselRate": 0.0, "peacockRate": 0.0, "hedgeRate": 0.0, "doxasticRate": 0.0, "loveNum": 0, "anxietyNum": 0, "sorrowNum": 0, "joyNum": 0, "disgustNum": 0, "fearNum": 0, "surpriseNum": 0, "angerNum": 0, "loveRate": 0.0, "anxietyRate": 0.0, "sorrowRate": 0.0, "joyRate": 0.0, "disgustRate": 0.0, "fearRate": 0.0, "surpriseRate": 0.0, "angerRate": 0.0, "slangBeGeneralNum": 0, "slangBeCigaretteNum": 0, "slangBeHumanNum": 0, "slangBeVehicleNum": 0, "slangBeDrugNum": 0, "slangBvNum": 0, "slangBeGeneralRate": 0.0, "slangBeCigaretteRate": 0.0, "slangBeHumanRate": 0.0, "slangBeVehicleRate": 0.0, "slangBeDrugRate": 0.0, "slangBvRate": 0.0, "speechactNum": 0, "quoteNum": 0, "dashNum": 0, "publicNum": 0, "privateNum": 0, "suasiveNum": 0, "discMarkerNum": 0, "smileyNum": 0, "dateNum": 1, "hesitationNum": 0, "restartNum": 0, "repeatNum": 1, "conjBeforeDiscNum": 0, "conjAfterDiscNum": 0, "wordBeforeHesitationNum": 0, "wordAfterHesitationNum": 0, "otherCollocationNum": 0, "speechactRate": 0.0, "quoteRate": 0.0, "dashRate": 0.0, "publicRate": 0.0, "privateRate": 0.0, "suasiveRate": 0.0, "discMarkerRate": 0.0, "smileyRate": 0.0, "dateRate": 0.0026109660574412533, "hesitationRate": 0.0, "restartRate": 0.0, "repeatRate": 0.0026109660574412533, "conjBeforeDiscRate": 0.0, "conjAfterDiscRate": 0.0, "wordBeforeHesitationRate": 0.0, "wordAfterHesitationRate": 0.0, "otherCollocationRate": 0.0, "easyWordNum": 343, "hardWordNum": 40, "easyWordRate": 0.8955613577023499, "hardWordRate": 0.10443864229765012, "fleschReadingEaseScore": 60.43892144063892, "gunningFogIndex": 4.547657809860237, "fleschKincaidGradeLevel": 7.6277783750575985, "colemanLiauIndex": 12.204146214099215, "smogIndex": 9.325443323948027, "automatedReadabilityIndex": 6.59637382890493, "linsearWriteIndex": 0.6472124097680849, "author": "", "locationNameNum": 0, "locationNameRate": 0.0, "personNameNum": 26, "personNameRate": 0.06788511749347259, "organizationNameNum": 1, "organizationNameRate": 0.0026109660574412533, "misspelledNum": 13, "misspelledRate": 0.033942558746736295, "missingAccentNum": 2, "missingAccentRate": 0.005221932114882507, "foreignAccentNum": 0, "foreignAccentRate": 0.0, "wordConcatNum": 2, "wordConcatRate": 0.005221932114882507, "jLyMistakeNum": 0, "jLyMistakeRate": 0.0, "freqSuffixNum": 0, "partsNum": 118, "privateVNum": 0, "publicVNum": 0, "clauseWordNum": 47}