{"tokenNum": 329, "sentenceNum": 24, "lemmaNum": 177, "lemmaRate": 0.5379939209726444, "sentenceLength": 13.708333333333334, "allUpperNum": 5, "firstUpperNum": 31, "allUpperRate": 0.015197568389057751, "firstUpperRate": 0.09422492401215805, "declarSentNum": 22, "imperSentNum": 1, "questionNum": 1, "declarSentRate": 0.9166666666666666, "imperSentRate": 0.041666666666666664, "questionRate": 0.041666666666666664, "accent": true, "saturation": 3.54, "paragraphNum": 0, "nounNum": 69, "verbNum": 38, "adjNum": 14, "infNum": 0, "partPastNum": 0, "partPresNum": 3, "partFutNum": 0, "transNum": 0, "xNum": 22, "advNum": 33, "properNounNum": 10, "numNum": 4, "conjNum": 26, "punctNum": 64, "pronNum": 18, "relPronNum": 1, "demPronNum": 18, "adposNum": 1, "multiplePunctNum": 5, "phraseNum": 0, "nounRate": 0.20972644376899696, "verbRate": 0.11550151975683891, "adjRate": 0.0425531914893617, "infRate": 0.0, "partPastRate": 0.0, "partPresRate": 0.00911854103343465, "partFutRate": 0.0, "transRate": 0.0, "xRate": 0.0668693009118541, "advRate": 0.10030395136778116, "properNounRate": 0.030395136778115502, "numRate": 0.0121580547112462, "conjRate": 0.0790273556231003, "punctRate": 0.1945288753799392, "pronRate": 0.0547112462006079, "relPronRate": 0.00303951367781155, "demPronRate": 0.0547112462006079, "adposRate": 0.00303951367781155, "multiplePunctRate": 0.078125, "partsDensityRate": 3.08, "contentfulness": 6.416666666666667, "phraseRate": 0.0, "pastTenseNum": 5, "presentTenseNum": 33, "condNum": 2, "impNum": 4, "freqNum": 0, "causNum": 0, "modalNum": 4, "sg1VerbNum": 19, "sg2VerbNum": 4, "sg3VerbNum": 32, "pl1VerbNum": 1, "pl2VerbNum": 0, "pl3VerbNum": 5, "superlatNum": 1, "comparatNum": 1, "specDerivSuffixNum": 0, "pluralNounNum": 7, "pastTenseRate": 0.13157894736842105, "presentTenseRate": 0.868421052631579, "condRate": 0.05263157894736842, "impRate": 0.10526315789473684, "freqRate": 0.0, "causRate": 0.0, "modalRate": 0.10526315789473684, "sg1VerbRate": 0.5, "sg2VerbRate": 0.10526315789473684, "sg3VerbRate": 0.8421052631578947, "pl1VerbRate": 0.02631578947368421, "pl2VerbRate": 0.0, "pl3VerbRate": 0.13157894736842105, "superlatRate": 0.07142857142857142, "comparatRate": 0.07142857142857142, "specDerivSuffixRate": 0.0, "pluralNounRate": 0.10144927536231885, "subjNum": 22, "objNum": 10, "attNum": 10, "subordNum": 13, "adverbNum": 39, "coordNum": 14, "clauseNum": 50, "simpleNum": 11, "complexNum": 13, "complexity1Num": 8, "complexity2Num": 2, "complexity3Num": 1, "compoundNum": 0, "subjRate": 0.0668693009118541, "objRate": 0.030395136778115502, "attRate": 0.030395136778115502, "subordRate": 0.03951367781155015, "adverbRate": 0.11854103343465046, "coordRate": 0.0425531914893617, "partsRate": 1.9, "clauseRate": 2.0833333333333335, "simpleRate": 0.4583333333333333, "complexRate": 0.5416666666666666, "complexity1Rate": 0.3333333333333333, "complexity2Rate": 0.08333333333333333, "complexity3Rate": 0.041666666666666664, "complexClauseRate": 3.0, "sentencesPerParagraph": 0.0, "wordsLengthRate": 4.9849056603773585, "compoundRate": 0.0, "positiveNum": 0, "negativeNum": 0, "precoPositiveNum": 0, "precoNegativeNum": 0, "negemoNum": 0, "negationNum": 5, "functionNum": 175, "contentNum": 154, "vulgarNum": 0, "racistNum": 0, "specStyleNum": 0, "addressingNum": 0, "closingNum": 0, "postscriptNum": 0, "brutalNum": 0, "positiveRate": 0.0, "negativeRate": 0.0, "precoPositiveRate": 0.0, "precoNegativeRate": 0.0, "negemoRate": 0.0, "negationRate": 0.015197568389057751, "functionRate": 0.5319148936170213, "contentRate": 0.46808510638297873, "vulgarRate": 0.0, "racistRate": 0.0, "specStyleRate": 0.0, "addressingRate": 0.0, "closingRate": 0.0, "postscriptRate": 0.0, "brutalRate": 0.0, "epistemicNum": 0, "investNum": 0, "conditionNum": 0, "weaselNum": 0, "peacockNum": 0, "hedgeNum": 0, "doxasticNum": 0, "epistemicRate": 0.0, "investRate": 0.0, "conditionRate": 0.0, "weaselRate": 0.0, "peacockRate": 0.0, "hedgeRate": 0.0, "doxasticRate": 0.0, "loveNum": 0, "anxietyNum": 0, "sorrowNum": 0, "joyNum": 0, "disgustNum": 0, "fearNum": 0, "surpriseNum": 0, "angerNum": 0, "loveRate": 0.0, "anxietyRate": 0.0, "sorrowRate": 0.0, "joyRate": 0.0, "disgustRate": 0.0, "fearRate": 0.0, "surpriseRate": 0.0, "angerRate": 0.0, "slangBeGeneralNum": 0, "slangBeCigaretteNum": 0, "slangBeHumanNum": 0, "slangBeVehicleNum": 0, "slangBeDrugNum": 0, "slangBvNum": 0, "slangBeGeneralRate": 0.0, "slangBeCigaretteRate": 0.0, "slangBeHumanRate": 0.0, "slangBeVehicleRate": 0.0, "slangBeDrugRate": 0.0, "slangBvRate": 0.0, "speechactNum": 0, "quoteNum": 0, "dashNum": 0, "publicNum": 0, "privateNum": 0, "suasiveNum": 0, "discMarkerNum": 0, "smileyNum": 0, "dateNum": 0, "hesitationNum": 0, "restartNum": 0, "repeatNum": 0, "conjBeforeDiscNum": 0, "conjAfterDiscNum": 0, "wordBeforeHesitationNum": 0, "wordAfterHesitationNum": 0, "otherCollocationNum": 0, "speechactRate": 0.0, "quoteRate": 0.0, "dashRate": 0.0, "publicRate": 0.0, "privateRate": 0.0, "suasiveRate": 0.0, "discMarkerRate": 0.0, "smileyRate": 0.0, "dateRate": 0.0, "hesitationRate": 0.0, "restartRate": 0.0, "repeatRate": 0.0, "conjBeforeDiscRate": 0.0, "conjAfterDiscRate": 0.0, "wordBeforeHesitationRate": 0.0, "wordAfterHesitationRate": 0.0, "otherCollocationRate": 0.0, "easyWordNum": 306, "hardWordNum": 23, "easyWordRate": 0.9300911854103343, "hardWordRate": 0.06990881458966565, "fleschReadingEaseScore": 82.09247023809523, "gunningFogIndex": 5.5112968591691995, "fleschKincaidGradeLevel": 5.214608662613983, "colemanLiauIndex": 8.744431610942247, "smogIndex": 8.131152278815165, "automatedReadabilityIndex": 5.051552684903751, "linsearWriteIndex": 1.2416413373860182, "author": "", "locationNameNum": 2, "locationNameRate": 0.0060790273556231, "personNameNum": 2, "personNameRate": 0.0060790273556231, "organizationNameNum": 2, "organizationNameRate": 0.0060790273556231, "misspelledNum": 17, "misspelledRate": 0.05167173252279635, "missingAccentNum": 7, "missingAccentRate": 0.02127659574468085, "foreignAccentNum": 0, "foreignAccentRate": 0.0, "wordConcatNum": 1, "wordConcatRate": 0.00303951367781155, "jLyMistakeNum": 0, "jLyMistakeRate": 0.0, "freqSuffixNum": 0, "partsNum": 95, "privateVNum": 0, "publicVNum": 0, "clauseWordNum": 50}