{"tokenNum": 151, "sentenceNum": 9, "lemmaNum": 87, "lemmaRate": 0.5761589403973509, "sentenceLength": 16.77777777777778, "allUpperNum": 0, "firstUpperNum": 15, "allUpperRate": 0.0, "firstUpperRate": 0.09933774834437085, "declarSentNum": 9, "imperSentNum": 0, "questionNum": 0, "declarSentRate": 1.0, "imperSentRate": 0.0, "questionRate": 0.0, "accent": true, "saturation": 4.35, "paragraphNum": 0, "nounNum": 27, "verbNum": 21, "adjNum": 11, "infNum": 4, "partPastNum": 1, "partPresNum": 0, "partFutNum": 0, "transNum": 1, "xNum": 7, "advNum": 19, "properNounNum": 5, "numNum": 2, "conjNum": 14, "punctNum": 23, "pronNum": 9, "relPronNum": 1, "demPronNum": 6, "adposNum": 0, "multiplePunctNum": 0, "phraseNum": 0, "nounRate": 0.17880794701986755, "verbRate": 0.1390728476821192, "adjRate": 0.0728476821192053, "infRate": 0.026490066225165563, "partPastRate": 0.006622516556291391, "partPresRate": 0.0, "partFutRate": 0.0, "transRate": 0.006622516556291391, "xRate": 0.046357615894039736, "advRate": 0.12582781456953643, "properNounRate": 0.033112582781456956, "numRate": 0.013245033112582781, "conjRate": 0.09271523178807947, "punctRate": 0.152317880794702, "pronRate": 0.059602649006622516, "relPronRate": 0.006622516556291391, "demPronRate": 0.039735099337748346, "adposRate": 0.0, "multiplePunctRate": 0.0, "partsDensityRate": 3.9, "contentfulness": 8.666666666666666, "phraseRate": 0.0, "pastTenseNum": 5, "presentTenseNum": 12, "condNum": 5, "impNum": 1, "freqNum": 0, "causNum": 0, "modalNum": 6, "sg1VerbNum": 4, "sg2VerbNum": 0, "sg3VerbNum": 19, "pl1VerbNum": 2, "pl2VerbNum": 0, "pl3VerbNum": 1, "superlatNum": 0, "comparatNum": 0, "specDerivSuffixNum": 0, "pluralNounNum": 3, "pastTenseRate": 0.23809523809523808, "presentTenseRate": 0.5714285714285714, "condRate": 0.23809523809523808, "impRate": 0.047619047619047616, "freqRate": 0.0, "causRate": 0.0, "modalRate": 0.2857142857142857, "sg1VerbRate": 0.19047619047619047, "sg2VerbRate": 0.0, "sg3VerbRate": 0.9047619047619048, "pl1VerbRate": 0.09523809523809523, "pl2VerbRate": 0.0, "pl3VerbRate": 0.047619047619047616, "superlatRate": 0.0, "comparatRate": 0.0, "specDerivSuffixRate": 0.0, "pluralNounRate": 0.1111111111111111, "subjNum": 8, "objNum": 8, "attNum": 7, "subordNum": 9, "adverbNum": 20, "coordNum": 4, "clauseNum": 20, "simpleNum": 1, "complexNum": 8, "complexity1Num": 5, "complexity2Num": 3, "complexity3Num": 0, "compoundNum": 0, "subjRate": 0.052980132450331126, "objRate": 0.052980132450331126, "attRate": 0.046357615894039736, "subordRate": 0.059602649006622516, "adverbRate": 0.13245033112582782, "coordRate": 0.026490066225165563, "partsRate": 2.35, "clauseRate": 2.2222222222222223, "simpleRate": 0.1111111111111111, "complexRate": 0.8888888888888888, "complexity1Rate": 0.5555555555555556, "complexity2Rate": 0.3333333333333333, "complexity3Rate": 0.0, "complexClauseRate": 2.375, "sentencesPerParagraph": 0.0, "wordsLengthRate": 5.3359375, "compoundRate": 0.0, "positiveNum": 0, "negativeNum": 0, "precoPositiveNum": 0, "precoNegativeNum": 0, "negemoNum": 0, "negationNum": 6, "functionNum": 73, "contentNum": 78, "vulgarNum": 0, "racistNum": 0, "specStyleNum": 0, "addressingNum": 0, "closingNum": 0, "postscriptNum": 0, "brutalNum": 0, "positiveRate": 0.0, "negativeRate": 0.0, "precoPositiveRate": 0.0, "precoNegativeRate": 0.0, "negemoRate": 0.0, "negationRate": 0.039735099337748346, "functionRate": 0.48344370860927155, "contentRate": 0.5165562913907285, "vulgarRate": 0.0, "racistRate": 0.0, "specStyleRate": 0.0, "addressingRate": 0.0, "closingRate": 0.0, "postscriptRate": 0.0, "brutalRate": 0.0, "epistemicNum": 0, "investNum": 0, "conditionNum": 0, "weaselNum": 0, "peacockNum": 0, "hedgeNum": 0, "doxasticNum": 0, "epistemicRate": 0.0, "investRate": 0.0, "conditionRate": 0.0, "weaselRate": 0.0, "peacockRate": 0.0, "hedgeRate": 0.0, "doxasticRate": 0.0, "loveNum": 0, "anxietyNum": 0, "sorrowNum": 0, "joyNum": 0, "disgustNum": 0, "fearNum": 0, "surpriseNum": 0, "angerNum": 0, "loveRate": 0.0, "anxietyRate": 0.0, "sorrowRate": 0.0, "joyRate": 0.0, "disgustRate": 0.0, "fearRate": 0.0, "surpriseRate": 0.0, "angerRate": 0.0, "slangBeGeneralNum": 0, "slangBeCigaretteNum": 0, "slangBeHumanNum": 0, "slangBeVehicleNum": 0, "slangBeDrugNum": 0, "slangBvNum": 0, "slangBeGeneralRate": 0.0, "slangBeCigaretteRate": 0.0, "slangBeHumanRate": 0.0, "slangBeVehicleRate": 0.0, "slangBeDrugRate": 0.0, "slangBvRate": 0.0, "speechactNum": 0, "quoteNum": 0, "dashNum": 0, "publicNum": 0, "privateNum": 0, "suasiveNum": 0, "discMarkerNum": 0, "smileyNum": 0, "dateNum": 0, "hesitationNum": 0, "restartNum": 0, "repeatNum": 0, "conjBeforeDiscNum": 0, "conjAfterDiscNum": 0, "wordBeforeHesitationNum": 0, "wordAfterHesitationNum": 0, "otherCollocationNum": 0, "speechactRate": 0.0, "quoteRate": 0.0, "dashRate": 0.0, "publicRate": 0.0, "privateRate": 0.0, "suasiveRate": 0.0, "discMarkerRate": 0.0, "smileyRate": 0.0, "dateRate": 0.0, "hesitationRate": 0.0, "restartRate": 0.0, "repeatRate": 0.0, "conjBeforeDiscRate": 0.0, "conjAfterDiscRate": 0.0, "wordBeforeHesitationRate": 0.0, "wordAfterHesitationRate": 0.0, "otherCollocationRate": 0.0, "easyWordNum": 136, "hardWordNum": 15, "easyWordRate": 0.9006622516556292, "hardWordRate": 0.09933774834437085, "fleschReadingEaseScore": 59.82409860191319, "gunningFogIndex": 6.75084621044886, "fleschKincaidGradeLevel": 9.083134657836645, "colemanLiauIndex": 11.465450331125826, "smogIndex": 7.168621630094336, "automatedReadabilityIndex": 8.762133922001471, "linsearWriteIndex": 5.401766004415012, "author": "", "locationNameNum": 1, "locationNameRate": 0.006622516556291391, "personNameNum": 0, "personNameRate": 0.0, "organizationNameNum": 0, "organizationNameRate": 0.0, "misspelledNum": 12, "misspelledRate": 0.07947019867549669, "missingAccentNum": 9, "missingAccentRate": 0.059602649006622516, "foreignAccentNum": 0, "foreignAccentRate": 0.0, "wordConcatNum": 0, "wordConcatRate": 0.0, "jLyMistakeNum": 0, "jLyMistakeRate": 0.0, "freqSuffixNum": 0, "partsNum": 47, "privateVNum": 0, "publicVNum": 0, "clauseWordNum": 20}