{"tokenNum": 345, "sentenceNum": 18, "lemmaNum": 167, "lemmaRate": 0.48405797101449277, "sentenceLength": 19.166666666666668, "allUpperNum": 0, "firstUpperNum": 20, "allUpperRate": 0.0, "firstUpperRate": 0.057971014492753624, "declarSentNum": 18, "imperSentNum": 0, "questionNum": 0, "declarSentRate": 1.0, "imperSentRate": 0.0, "questionRate": 0.0, "accent": true, "saturation": 2.982142857142857, "paragraphNum": 0, "nounNum": 41, "verbNum": 50, "adjNum": 23, "infNum": 5, "partPastNum": 0, "partPresNum": 2, "partFutNum": 0, "transNum": 0, "xNum": 16, "advNum": 46, "properNounNum": 3, "numNum": 1, "conjNum": 34, "punctNum": 71, "pronNum": 34, "relPronNum": 3, "demPronNum": 14, "adposNum": 1, "multiplePunctNum": 0, "phraseNum": 0, "nounRate": 0.11884057971014493, "verbRate": 0.14492753623188406, "adjRate": 0.06666666666666667, "infRate": 0.014492753623188406, "partPastRate": 0.0, "partPresRate": 0.005797101449275362, "partFutRate": 0.0, "transRate": 0.0, "xRate": 0.0463768115942029, "advRate": 0.13333333333333333, "properNounRate": 0.008695652173913044, "numRate": 0.002898550724637681, "conjRate": 0.09855072463768116, "punctRate": 0.20579710144927535, "pronRate": 0.09855072463768116, "relPronRate": 0.008695652173913044, "demPronRate": 0.04057971014492753, "adposRate": 0.002898550724637681, "multiplePunctRate": 0.0, "partsDensityRate": 2.857142857142857, "contentfulness": 8.88888888888889, "phraseRate": 0.0, "pastTenseNum": 6, "presentTenseNum": 39, "condNum": 0, "impNum": 5, "freqNum": 0, "causNum": 1, "modalNum": 1, "sg1VerbNum": 37, "sg2VerbNum": 2, "sg3VerbNum": 33, "pl1VerbNum": 2, "pl2VerbNum": 0, "pl3VerbNum": 8, "superlatNum": 0, "comparatNum": 2, "specDerivSuffixNum": 0, "pluralNounNum": 9, "pastTenseRate": 0.12, "presentTenseRate": 0.78, "condRate": 0.0, "impRate": 0.1, "freqRate": 0.0, "causRate": 0.02, "modalRate": 0.02, "sg1VerbRate": 0.74, "sg2VerbRate": 0.04, "sg3VerbRate": 0.66, "pl1VerbRate": 0.04, "pl2VerbRate": 0.0, "pl3VerbRate": 0.16, "superlatRate": 0.0, "comparatRate": 0.08695652173913043, "specDerivSuffixRate": 0.0, "pluralNounRate": 0.21951219512195122, "subjNum": 24, "objNum": 13, "attNum": 15, "subordNum": 20, "adverbNum": 53, "coordNum": 16, "clauseNum": 56, "simpleNum": 5, "complexNum": 13, "complexity1Num": 5, "complexity2Num": 3, "complexity3Num": 0, "compoundNum": 0, "subjRate": 0.06956521739130435, "objRate": 0.03768115942028986, "attRate": 0.043478260869565216, "subordRate": 0.057971014492753624, "adverbRate": 0.1536231884057971, "coordRate": 0.0463768115942029, "partsRate": 2.1607142857142856, "clauseRate": 3.111111111111111, "simpleRate": 0.2777777777777778, "complexRate": 0.7222222222222222, "complexity1Rate": 0.2777777777777778, "complexity2Rate": 0.16666666666666666, "complexity3Rate": 0.0, "complexClauseRate": 3.923076923076923, "sentencesPerParagraph": 0.0, "wordsLengthRate": 5.131386861313868, "compoundRate": 0.0, "positiveNum": 0, "negativeNum": 0, "precoPositiveNum": 0, "precoNegativeNum": 0, "negemoNum": 0, "negationNum": 12, "functionNum": 185, "contentNum": 160, "vulgarNum": 0, "racistNum": 0, "specStyleNum": 0, "addressingNum": 0, "closingNum": 0, "postscriptNum": 0, "brutalNum": 0, "positiveRate": 0.0, "negativeRate": 0.0, "precoPositiveRate": 0.0, "precoNegativeRate": 0.0, "negemoRate": 0.0, "negationRate": 0.034782608695652174, "functionRate": 0.5362318840579711, "contentRate": 0.463768115942029, "vulgarRate": 0.0, "racistRate": 0.0, "specStyleRate": 0.0, "addressingRate": 0.0, "closingRate": 0.0, "postscriptRate": 0.0, "brutalRate": 0.0, "epistemicNum": 0, "investNum": 0, "conditionNum": 0, "weaselNum": 0, "peacockNum": 0, "hedgeNum": 0, "doxasticNum": 0, "epistemicRate": 0.0, "investRate": 0.0, "conditionRate": 0.0, "weaselRate": 0.0, "peacockRate": 0.0, "hedgeRate": 0.0, "doxasticRate": 0.0, "loveNum": 0, "anxietyNum": 0, "sorrowNum": 0, "joyNum": 0, "disgustNum": 0, "fearNum": 0, "surpriseNum": 0, "angerNum": 0, "loveRate": 0.0, "anxietyRate": 0.0, "sorrowRate": 0.0, "joyRate": 0.0, "disgustRate": 0.0, "fearRate": 0.0, "surpriseRate": 0.0, "angerRate": 0.0, "slangBeGeneralNum": 0, "slangBeCigaretteNum": 0, "slangBeHumanNum": 0, "slangBeVehicleNum": 0, "slangBeDrugNum": 0, "slangBvNum": 0, "slangBeGeneralRate": 0.0, "slangBeCigaretteRate": 0.0, "slangBeHumanRate": 0.0, "slangBeVehicleRate": 0.0, "slangBeDrugRate": 0.0, "slangBvRate": 0.0, "speechactNum": 0, "quoteNum": 0, "dashNum": 0, "publicNum": 0, "privateNum": 0, "suasiveNum": 0, "discMarkerNum": 0, "smileyNum": 0, "dateNum": 0, "hesitationNum": 0, "restartNum": 0, "repeatNum": 7, "conjBeforeDiscNum": 0, "conjAfterDiscNum": 0, "wordBeforeHesitationNum": 0, "wordAfterHesitationNum": 0, "otherCollocationNum": 0, "speechactRate": 0.0, "quoteRate": 0.0, "dashRate": 0.0, "publicRate": 0.0, "privateRate": 0.0, "suasiveRate": 0.0, "discMarkerRate": 0.0, "smileyRate": 0.0, "dateRate": 0.0, "hesitationRate": 0.0, "restartRate": 0.0, "repeatRate": 0.020289855072463767, "conjBeforeDiscRate": 0.0, "conjAfterDiscRate": 0.0, "wordBeforeHesitationRate": 0.0, "wordAfterHesitationRate": 0.0, "otherCollocationRate": 0.0, "easyWordNum": 328, "hardWordNum": 17, "easyWordRate": 0.9507246376811594, "hardWordRate": 0.04927536231884058, "fleschReadingEaseScore": 72.12865942028985, "gunningFogIndex": 7.686376811594204, "fleschKincaidGradeLevel": 7.960362318840584, "colemanLiauIndex": 9.074423188405795, "smogIndex": 7.42949916751922, "automatedReadabilityIndex": 8.04455072463768, "linsearWriteIndex": 1.9307568438003222, "author": "", "locationNameNum": 0, "locationNameRate": 0.0, "personNameNum": 1, "personNameRate": 0.002898550724637681, "organizationNameNum": 0, "organizationNameRate": 0.0, "misspelledNum": 5, "misspelledRate": 0.014492753623188406, "missingAccentNum": 0, "missingAccentRate": 0.0, "foreignAccentNum": 0, "foreignAccentRate": 0.0, "wordConcatNum": 2, "wordConcatRate": 0.005797101449275362, "jLyMistakeNum": 0, "jLyMistakeRate": 0.0, "freqSuffixNum": 0, "partsNum": 121, "privateVNum": 0, "publicVNum": 0, "clauseWordNum": 56}