{"tokenNum": 484, "sentenceNum": 21, "lemmaNum": 234, "lemmaRate": 0.4834710743801653, "sentenceLength": 23.047619047619047, "allUpperNum": 3, "firstUpperNum": 30, "allUpperRate": 0.006198347107438017, "firstUpperRate": 0.06198347107438017, "declarSentNum": 20, "imperSentNum": 0, "questionNum": 1, "declarSentRate": 0.9523809523809523, "imperSentRate": 0.0, "questionRate": 0.047619047619047616, "accent": true, "saturation": 3.5454545454545454, "paragraphNum": 0, "nounNum": 79, "verbNum": 66, "adjNum": 30, "infNum": 10, "partPastNum": 1, "partPresNum": 1, "partFutNum": 0, "transNum": 2, "xNum": 20, "advNum": 56, "properNounNum": 15, "numNum": 0, "conjNum": 46, "punctNum": 107, "pronNum": 35, "relPronNum": 4, "demPronNum": 23, "adposNum": 5, "multiplePunctNum": 10, "phraseNum": 0, "nounRate": 0.16322314049586778, "verbRate": 0.13636363636363635, "adjRate": 0.06198347107438017, "infRate": 0.02066115702479339, "partPastRate": 0.002066115702479339, "partPresRate": 0.002066115702479339, "partFutRate": 0.0, "transRate": 0.004132231404958678, "xRate": 0.04132231404958678, "advRate": 0.11570247933884298, "properNounRate": 0.030991735537190084, "numRate": 0.0, "conjRate": 0.09504132231404959, "punctRate": 0.22107438016528927, "pronRate": 0.07231404958677685, "relPronRate": 0.008264462809917356, "demPronRate": 0.047520661157024795, "adposRate": 0.010330578512396695, "multiplePunctRate": 0.09345794392523364, "partsDensityRate": 3.5, "contentfulness": 11.0, "phraseRate": 0.0, "pastTenseNum": 8, "presentTenseNum": 48, "condNum": 4, "impNum": 8, "freqNum": 0, "causNum": 0, "modalNum": 3, "sg1VerbNum": 16, "sg2VerbNum": 7, "sg3VerbNum": 54, "pl1VerbNum": 1, "pl2VerbNum": 0, "pl3VerbNum": 14, "superlatNum": 1, "comparatNum": 1, "specDerivSuffixNum": 0, "pluralNounNum": 13, "pastTenseRate": 0.12121212121212122, "presentTenseRate": 0.7272727272727273, "condRate": 0.06060606060606061, "impRate": 0.12121212121212122, "freqRate": 0.0, "causRate": 0.0, "modalRate": 0.045454545454545456, "sg1VerbRate": 0.24242424242424243, "sg2VerbRate": 0.10606060606060606, "sg3VerbRate": 0.8181818181818182, "pl1VerbRate": 0.015151515151515152, "pl2VerbRate": 0.0, "pl3VerbRate": 0.21212121212121213, "superlatRate": 0.03333333333333333, "comparatRate": 0.03333333333333333, "specDerivSuffixRate": 0.0, "pluralNounRate": 0.16455696202531644, "subjNum": 29, "objNum": 13, "attNum": 19, "subordNum": 25, "adverbNum": 68, "coordNum": 23, "clauseNum": 66, "simpleNum": 6, "complexNum": 15, "complexity1Num": 6, "complexity2Num": 3, "complexity3Num": 0, "compoundNum": 0, "subjRate": 0.05991735537190083, "objRate": 0.026859504132231406, "attRate": 0.03925619834710744, "subordRate": 0.05165289256198347, "adverbRate": 0.14049586776859505, "coordRate": 0.047520661157024795, "partsRate": 2.303030303030303, "clauseRate": 3.142857142857143, "simpleRate": 0.2857142857142857, "complexRate": 0.7142857142857143, "complexity1Rate": 0.2857142857142857, "complexity2Rate": 0.14285714285714285, "complexity3Rate": 0.0, "complexClauseRate": 4.0, "sentencesPerParagraph": 0.0, "wordsLengthRate": 5.323607427055703, "compoundRate": 0.0, "positiveNum": 0, "negativeNum": 0, "precoPositiveNum": 0, "precoNegativeNum": 0, "negemoNum": 0, "negationNum": 16, "functionNum": 253, "contentNum": 231, "vulgarNum": 0, "racistNum": 0, "specStyleNum": 0, "addressingNum": 0, "closingNum": 0, "postscriptNum": 0, "brutalNum": 0, "positiveRate": 0.0, "negativeRate": 0.0, "precoPositiveRate": 0.0, "precoNegativeRate": 0.0, "negemoRate": 0.0, "negationRate": 0.03305785123966942, "functionRate": 0.5227272727272727, "contentRate": 0.4772727272727273, "vulgarRate": 0.0, "racistRate": 0.0, "specStyleRate": 0.0, "addressingRate": 0.0, "closingRate": 0.0, "postscriptRate": 0.0, "brutalRate": 0.0, "epistemicNum": 0, "investNum": 0, "conditionNum": 0, "weaselNum": 0, "peacockNum": 0, "hedgeNum": 0, "doxasticNum": 0, "epistemicRate": 0.0, "investRate": 0.0, "conditionRate": 0.0, "weaselRate": 0.0, "peacockRate": 0.0, "hedgeRate": 0.0, "doxasticRate": 0.0, "loveNum": 0, "anxietyNum": 0, "sorrowNum": 0, "joyNum": 0, "disgustNum": 0, "fearNum": 0, "surpriseNum": 0, "angerNum": 0, "loveRate": 0.0, "anxietyRate": 0.0, "sorrowRate": 0.0, "joyRate": 0.0, "disgustRate": 0.0, "fearRate": 0.0, "surpriseRate": 0.0, "angerRate": 0.0, "slangBeGeneralNum": 0, "slangBeCigaretteNum": 0, "slangBeHumanNum": 0, "slangBeVehicleNum": 0, "slangBeDrugNum": 0, "slangBvNum": 0, "slangBeGeneralRate": 0.0, "slangBeCigaretteRate": 0.0, "slangBeHumanRate": 0.0, "slangBeVehicleRate": 0.0, "slangBeDrugRate": 0.0, "slangBvRate": 0.0, "speechactNum": 0, "quoteNum": 0, "dashNum": 0, "publicNum": 0, "privateNum": 0, "suasiveNum": 0, "discMarkerNum": 0, "smileyNum": 4, "dateNum": 0, "hesitationNum": 0, "restartNum": 0, "repeatNum": 1, "conjBeforeDiscNum": 0, "conjAfterDiscNum": 0, "wordBeforeHesitationNum": 0, "wordAfterHesitationNum": 0, "otherCollocationNum": 0, "speechactRate": 0.0, "quoteRate": 0.0, "dashRate": 0.0, "publicRate": 0.0, "privateRate": 0.0, "suasiveRate": 0.0, "discMarkerRate": 0.0, "smileyRate": 0.008264462809917356, "dateRate": 0.0, "hesitationRate": 0.0, "restartRate": 0.0, "repeatRate": 0.002066115702479339, "conjBeforeDiscRate": 0.0, "conjAfterDiscRate": 0.0, "wordBeforeHesitationRate": 0.0, "wordAfterHesitationRate": 0.0, "otherCollocationRate": 0.0, "easyWordNum": 459, "hardWordNum": 25, "easyWordRate": 0.9483471074380165, "hardWordRate": 0.05165289256198347, "fleschReadingEaseScore": 70.87472451790634, "gunningFogIndex": 9.239708776072412, "fleschKincaidGradeLevel": 9.099397874852425, "colemanLiauIndex": 10.059890495867766, "smogIndex": 8.344100000000001, "automatedReadabilityIndex": 10.773045060999607, "linsearWriteIndex": 1.5383707201889019, "author": "", "locationNameNum": 4, "locationNameRate": 0.008264462809917356, "personNameNum": 2, "personNameRate": 0.004132231404958678, "organizationNameNum": 3, "organizationNameRate": 0.006198347107438017, "misspelledNum": 6, "misspelledRate": 0.012396694214876033, "missingAccentNum": 1, "missingAccentRate": 0.002066115702479339, "foreignAccentNum": 0, "foreignAccentRate": 0.0, "wordConcatNum": 2, "wordConcatRate": 0.004132231404958678, "jLyMistakeNum": 1, "jLyMistakeRate": 0.002066115702479339, "freqSuffixNum": 0, "partsNum": 152, "privateVNum": 0, "publicVNum": 0, "clauseWordNum": 66}