{"tokenNum": 139, "sentenceNum": 11, "lemmaNum": 79, "lemmaRate": 0.5683453237410072, "sentenceLength": 12.636363636363637, "allUpperNum": 1, "firstUpperNum": 14, "allUpperRate": 0.007194244604316547, "firstUpperRate": 0.10071942446043165, "declarSentNum": 11, "imperSentNum": 0, "questionNum": 0, "declarSentRate": 1.0, "imperSentRate": 0.0, "questionRate": 0.0, "accent": true, "saturation": 4.157894736842105, "paragraphNum": 0, "nounNum": 22, "verbNum": 14, "adjNum": 10, "infNum": 1, "partPastNum": 2, "partPresNum": 0, "partFutNum": 0, "transNum": 1, "xNum": 12, "advNum": 25, "properNounNum": 2, "numNum": 2, "conjNum": 3, "punctNum": 24, "pronNum": 6, "relPronNum": 1, "demPronNum": 5, "adposNum": 0, "multiplePunctNum": 2, "phraseNum": 0, "nounRate": 0.15827338129496402, "verbRate": 0.10071942446043165, "adjRate": 0.07194244604316546, "infRate": 0.007194244604316547, "partPastRate": 0.014388489208633094, "partPresRate": 0.0, "partFutRate": 0.0, "transRate": 0.007194244604316547, "xRate": 0.08633093525179857, "advRate": 0.17985611510791366, "properNounRate": 0.014388489208633094, "numRate": 0.014388489208633094, "conjRate": 0.02158273381294964, "punctRate": 0.17266187050359713, "pronRate": 0.04316546762589928, "relPronRate": 0.007194244604316547, "demPronRate": 0.03597122302158273, "adposRate": 0.0, "multiplePunctRate": 0.08333333333333333, "partsDensityRate": 3.736842105263158, "contentfulness": 6.454545454545454, "phraseRate": 0.0, "pastTenseNum": 3, "presentTenseNum": 10, "condNum": 0, "impNum": 0, "freqNum": 0, "causNum": 0, "modalNum": 0, "sg1VerbNum": 1, "sg2VerbNum": 0, "sg3VerbNum": 14, "pl1VerbNum": 0, "pl2VerbNum": 0, "pl3VerbNum": 4, "superlatNum": 0, "comparatNum": 1, "specDerivSuffixNum": 0, "pluralNounNum": 4, "pastTenseRate": 0.21428571428571427, "presentTenseRate": 0.7142857142857143, "condRate": 0.0, "impRate": 0.0, "freqRate": 0.0, "causRate": 0.0, "modalRate": 0.0, "sg1VerbRate": 0.07142857142857142, "sg2VerbRate": 0.0, "sg3VerbRate": 1.0, "pl1VerbRate": 0.0, "pl2VerbRate": 0.0, "pl3VerbRate": 0.2857142857142857, "superlatRate": 0.0, "comparatRate": 0.1, "specDerivSuffixRate": 0.0, "pluralNounRate": 0.18181818181818182, "subjNum": 6, "objNum": 8, "attNum": 7, "subordNum": 2, "adverbNum": 25, "coordNum": 4, "clauseNum": 19, "simpleNum": 5, "complexNum": 6, "complexity1Num": 4, "complexity2Num": 2, "complexity3Num": 0, "compoundNum": 0, "subjRate": 0.04316546762589928, "objRate": 0.05755395683453238, "attRate": 0.050359712230215826, "subordRate": 0.014388489208633094, "adverbRate": 0.17985611510791366, "coordRate": 0.02877697841726619, "partsRate": 2.6315789473684212, "clauseRate": 1.7272727272727273, "simpleRate": 0.45454545454545453, "complexRate": 0.5454545454545454, "complexity1Rate": 0.36363636363636365, "complexity2Rate": 0.18181818181818182, "complexity3Rate": 0.0, "complexClauseRate": 2.3333333333333335, "sentencesPerParagraph": 0.0, "wordsLengthRate": 4.860869565217391, "compoundRate": 0.0, "positiveNum": 0, "negativeNum": 0, "precoPositiveNum": 0, "precoNegativeNum": 0, "negemoNum": 0, "negationNum": 6, "functionNum": 68, "contentNum": 71, "vulgarNum": 0, "racistNum": 0, "specStyleNum": 0, "addressingNum": 0, "closingNum": 0, "postscriptNum": 0, "brutalNum": 0, "positiveRate": 0.0, "negativeRate": 0.0, "precoPositiveRate": 0.0, "precoNegativeRate": 0.0, "negemoRate": 0.0, "negationRate": 0.04316546762589928, "functionRate": 0.4892086330935252, "contentRate": 0.5107913669064749, "vulgarRate": 0.0, "racistRate": 0.0, "specStyleRate": 0.0, "addressingRate": 0.0, "closingRate": 0.0, "postscriptRate": 0.0, "brutalRate": 0.0, "epistemicNum": 0, "investNum": 0, "conditionNum": 0, "weaselNum": 0, "peacockNum": 0, "hedgeNum": 0, "doxasticNum": 0, "epistemicRate": 0.0, "investRate": 0.0, "conditionRate": 0.0, "weaselRate": 0.0, "peacockRate": 0.0, "hedgeRate": 0.0, "doxasticRate": 0.0, "loveNum": 0, "anxietyNum": 0, "sorrowNum": 0, "joyNum": 0, "disgustNum": 0, "fearNum": 0, "surpriseNum": 0, "angerNum": 0, "loveRate": 0.0, "anxietyRate": 0.0, "sorrowRate": 0.0, "joyRate": 0.0, "disgustRate": 0.0, "fearRate": 0.0, "surpriseRate": 0.0, "angerRate": 0.0, "slangBeGeneralNum": 0, "slangBeCigaretteNum": 0, "slangBeHumanNum": 0, "slangBeVehicleNum": 0, "slangBeDrugNum": 0, "slangBvNum": 0, "slangBeGeneralRate": 0.0, "slangBeCigaretteRate": 0.0, "slangBeHumanRate": 0.0, "slangBeVehicleRate": 0.0, "slangBeDrugRate": 0.0, "slangBvRate": 0.0, "speechactNum": 0, "quoteNum": 0, "dashNum": 0, "publicNum": 0, "privateNum": 0, "suasiveNum": 0, "discMarkerNum": 0, "smileyNum": 0, "dateNum": 0, "hesitationNum": 0, "restartNum": 0, "repeatNum": 0, "conjBeforeDiscNum": 0, "conjAfterDiscNum": 0, "wordBeforeHesitationNum": 0, "wordAfterHesitationNum": 0, "otherCollocationNum": 0, "speechactRate": 0.0, "quoteRate": 0.0, "dashRate": 0.0, "publicRate": 0.0, "privateRate": 0.0, "suasiveRate": 0.0, "discMarkerRate": 0.0, "smileyRate": 0.0, "dateRate": 0.0, "hesitationRate": 0.0, "restartRate": 0.0, "repeatRate": 0.0, "conjBeforeDiscRate": 0.0, "conjAfterDiscRate": 0.0, "wordBeforeHesitationRate": 0.0, "wordAfterHesitationRate": 0.0, "otherCollocationRate": 0.0, "easyWordNum": 133, "hardWordNum": 6, "easyWordRate": 0.9568345323741008, "hardWordRate": 0.04316546762589928, "fleschReadingEaseScore": 83.2378678875082, "gunningFogIndex": 5.071811641595815, "fleschKincaidGradeLevel": 4.7885415304120365, "colemanLiauIndex": 8.64961870503597, "smogIndex": 5.683917801722854, "automatedReadabilityIndex": 4.43976455199477, "linsearWriteIndex": 3.6108567691301507, "author": "", "locationNameNum": 0, "locationNameRate": 0.0, "personNameNum": 0, "personNameRate": 0.0, "organizationNameNum": 1, "organizationNameRate": 0.007194244604316547, "misspelledNum": 2, "misspelledRate": 0.014388489208633094, "missingAccentNum": 0, "missingAccentRate": 0.0, "foreignAccentNum": 0, "foreignAccentRate": 0.0, "wordConcatNum": 0, "wordConcatRate": 0.0, "jLyMistakeNum": 0, "jLyMistakeRate": 0.0, "freqSuffixNum": 0, "partsNum": 50, "privateVNum": 0, "publicVNum": 0, "clauseWordNum": 19}