{"tokenNum": 348, "sentenceNum": 18, "lemmaNum": 178, "lemmaRate": 0.5114942528735632, "sentenceLength": 19.333333333333332, "allUpperNum": 4, "firstUpperNum": 25, "allUpperRate": 0.011494252873563218, "firstUpperRate": 0.07183908045977011, "declarSentNum": 18, "imperSentNum": 0, "questionNum": 0, "declarSentRate": 1.0, "imperSentRate": 0.0, "questionRate": 0.0, "accent": true, "saturation": 3.358490566037736, "paragraphNum": 0, "nounNum": 39, "verbNum": 56, "adjNum": 23, "infNum": 7, "partPastNum": 3, "partPresNum": 1, "partFutNum": 0, "transNum": 0, "xNum": 16, "advNum": 53, "properNounNum": 7, "numNum": 0, "conjNum": 37, "punctNum": 69, "pronNum": 28, "relPronNum": 5, "demPronNum": 15, "adposNum": 0, "multiplePunctNum": 8, "phraseNum": 0, "nounRate": 0.11206896551724138, "verbRate": 0.16091954022988506, "adjRate": 0.06609195402298851, "infRate": 0.020114942528735632, "partPastRate": 0.008620689655172414, "partPresRate": 0.0028735632183908046, "partFutRate": 0.0, "transRate": 0.0, "xRate": 0.04597701149425287, "advRate": 0.15229885057471265, "properNounRate": 0.020114942528735632, "numRate": 0.0, "conjRate": 0.10632183908045977, "punctRate": 0.19827586206896552, "pronRate": 0.08045977011494253, "relPronRate": 0.014367816091954023, "demPronRate": 0.04310344827586207, "adposRate": 0.0, "multiplePunctRate": 0.11594202898550725, "partsDensityRate": 3.2264150943396226, "contentfulness": 9.5, "phraseRate": 0.0, "pastTenseNum": 11, "presentTenseNum": 38, "condNum": 3, "impNum": 8, "freqNum": 0, "causNum": 1, "modalNum": 2, "sg1VerbNum": 28, "sg2VerbNum": 9, "sg3VerbNum": 38, "pl1VerbNum": 0, "pl2VerbNum": 1, "pl3VerbNum": 1, "superlatNum": 1, "comparatNum": 1, "specDerivSuffixNum": 0, "pluralNounNum": 8, "pastTenseRate": 0.19642857142857142, "presentTenseRate": 0.6785714285714286, "condRate": 0.05357142857142857, "impRate": 0.14285714285714285, "freqRate": 0.0, "causRate": 0.017857142857142856, "modalRate": 0.03571428571428571, "sg1VerbRate": 0.5, "sg2VerbRate": 0.16071428571428573, "sg3VerbRate": 0.6785714285714286, "pl1VerbRate": 0.0, "pl2VerbRate": 0.017857142857142856, "pl3VerbRate": 0.017857142857142856, "superlatRate": 0.043478260869565216, "comparatRate": 0.043478260869565216, "specDerivSuffixRate": 0.0, "pluralNounRate": 0.20512820512820512, "subjNum": 18, "objNum": 16, "attNum": 9, "subordNum": 23, "adverbNum": 77, "coordNum": 11, "clauseNum": 53, "simpleNum": 5, "complexNum": 13, "complexity1Num": 7, "complexity2Num": 2, "complexity3Num": 0, "compoundNum": 0, "subjRate": 0.05172413793103448, "objRate": 0.04597701149425287, "attRate": 0.02586206896551724, "subordRate": 0.06609195402298851, "adverbRate": 0.22126436781609196, "coordRate": 0.031609195402298854, "partsRate": 2.4716981132075473, "clauseRate": 2.9444444444444446, "simpleRate": 0.2777777777777778, "complexRate": 0.7222222222222222, "complexity1Rate": 0.3888888888888889, "complexity2Rate": 0.1111111111111111, "complexity3Rate": 0.0, "complexClauseRate": 3.6923076923076925, "sentencesPerParagraph": 0.0, "wordsLengthRate": 5.161290322580645, "compoundRate": 0.0, "positiveNum": 0, "negativeNum": 0, "precoPositiveNum": 0, "precoNegativeNum": 0, "negemoNum": 0, "negationNum": 13, "functionNum": 177, "contentNum": 171, "vulgarNum": 0, "racistNum": 0, "specStyleNum": 0, "addressingNum": 0, "closingNum": 0, "postscriptNum": 0, "brutalNum": 0, "positiveRate": 0.0, "negativeRate": 0.0, "precoPositiveRate": 0.0, "precoNegativeRate": 0.0, "negemoRate": 0.0, "negationRate": 0.03735632183908046, "functionRate": 0.5086206896551724, "contentRate": 0.49137931034482757, "vulgarRate": 0.0, "racistRate": 0.0, "specStyleRate": 0.0, "addressingRate": 0.0, "closingRate": 0.0, "postscriptRate": 0.0, "brutalRate": 0.0, "epistemicNum": 0, "investNum": 0, "conditionNum": 0, "weaselNum": 0, "peacockNum": 0, "hedgeNum": 0, "doxasticNum": 0, "epistemicRate": 0.0, "investRate": 0.0, "conditionRate": 0.0, "weaselRate": 0.0, "peacockRate": 0.0, "hedgeRate": 0.0, "doxasticRate": 0.0, "loveNum": 0, "anxietyNum": 0, "sorrowNum": 0, "joyNum": 0, "disgustNum": 0, "fearNum": 0, "surpriseNum": 0, "angerNum": 0, "loveRate": 0.0, "anxietyRate": 0.0, "sorrowRate": 0.0, "joyRate": 0.0, "disgustRate": 0.0, "fearRate": 0.0, "surpriseRate": 0.0, "angerRate": 0.0, "slangBeGeneralNum": 0, "slangBeCigaretteNum": 0, "slangBeHumanNum": 0, "slangBeVehicleNum": 0, "slangBeDrugNum": 0, "slangBvNum": 0, "slangBeGeneralRate": 0.0, "slangBeCigaretteRate": 0.0, "slangBeHumanRate": 0.0, "slangBeVehicleRate": 0.0, "slangBeDrugRate": 0.0, "slangBvRate": 0.0, "speechactNum": 0, "quoteNum": 0, "dashNum": 0, "publicNum": 0, "privateNum": 0, "suasiveNum": 0, "discMarkerNum": 0, "smileyNum": 0, "dateNum": 0, "hesitationNum": 0, "restartNum": 0, "repeatNum": 0, "conjBeforeDiscNum": 0, "conjAfterDiscNum": 0, "wordBeforeHesitationNum": 0, "wordAfterHesitationNum": 0, "otherCollocationNum": 0, "speechactRate": 0.0, "quoteRate": 0.0, "dashRate": 0.0, "publicRate": 0.0, "privateRate": 0.0, "suasiveRate": 0.0, "discMarkerRate": 0.0, "smileyRate": 0.0, "dateRate": 0.0, "hesitationRate": 0.0, "restartRate": 0.0, "repeatRate": 0.0, "conjBeforeDiscRate": 0.0, "conjAfterDiscRate": 0.0, "wordBeforeHesitationRate": 0.0, "wordAfterHesitationRate": 0.0, "otherCollocationRate": 0.0, "easyWordNum": 330, "hardWordNum": 18, "easyWordRate": 0.9482758620689655, "hardWordRate": 0.05172413793103448, "fleschReadingEaseScore": 76.59959770114943, "gunningFogIndex": 7.7540229885057474, "fleschKincaidGradeLevel": 7.378160919540232, "colemanLiauIndex": 9.689327586206893, "smogIndex": 7.554174236665414, "automatedReadabilityIndex": 8.619597701149424, "linsearWriteIndex": 1.9533844189016603, "author": "", "locationNameNum": 0, "locationNameRate": 0.0, "personNameNum": 5, "personNameRate": 0.014367816091954023, "organizationNameNum": 0, "organizationNameRate": 0.0, "misspelledNum": 28, "misspelledRate": 0.08045977011494253, "missingAccentNum": 21, "missingAccentRate": 0.0603448275862069, "foreignAccentNum": 0, "foreignAccentRate": 0.0, "wordConcatNum": 1, "wordConcatRate": 0.0028735632183908046, "jLyMistakeNum": 0, "jLyMistakeRate": 0.0, "freqSuffixNum": 0, "partsNum": 131, "privateVNum": 0, "publicVNum": 0, "clauseWordNum": 53}