{"tokenNum": 358, "sentenceNum": 28, "lemmaNum": 188, "lemmaRate": 0.5251396648044693, "sentenceLength": 12.785714285714286, "allUpperNum": 0, "firstUpperNum": 29, "allUpperRate": 0.0, "firstUpperRate": 0.08100558659217877, "declarSentNum": 27, "imperSentNum": 1, "questionNum": 0, "declarSentRate": 0.9642857142857143, "imperSentRate": 0.03571428571428571, "questionRate": 0.0, "accent": false, "saturation": 2.8923076923076922, "paragraphNum": 0, "nounNum": 53, "verbNum": 49, "adjNum": 21, "infNum": 7, "partPastNum": 1, "partPresNum": 2, "partFutNum": 0, "transNum": 0, "xNum": 26, "advNum": 39, "properNounNum": 6, "numNum": 1, "conjNum": 33, "punctNum": 71, "pronNum": 32, "relPronNum": 2, "demPronNum": 18, "adposNum": 2, "multiplePunctNum": 18, "phraseNum": 0, "nounRate": 0.14804469273743018, "verbRate": 0.13687150837988826, "adjRate": 0.05865921787709497, "infRate": 0.019553072625698324, "partPastRate": 0.002793296089385475, "partPresRate": 0.00558659217877095, "partFutRate": 0.0, "transRate": 0.0, "xRate": 0.07262569832402235, "advRate": 0.10893854748603352, "properNounRate": 0.01675977653631285, "numRate": 0.002793296089385475, "conjRate": 0.09217877094972067, "punctRate": 0.19832402234636873, "pronRate": 0.0893854748603352, "relPronRate": 0.00558659217877095, "demPronRate": 0.05027932960893855, "adposRate": 0.00558659217877095, "multiplePunctRate": 0.2535211267605634, "partsDensityRate": 2.4923076923076923, "contentfulness": 5.785714285714286, "phraseRate": 0.0, "pastTenseNum": 14, "presentTenseNum": 29, "condNum": 3, "impNum": 4, "freqNum": 0, "causNum": 0, "modalNum": 4, "sg1VerbNum": 30, "sg2VerbNum": 1, "sg3VerbNum": 35, "pl1VerbNum": 4, "pl2VerbNum": 2, "pl3VerbNum": 5, "superlatNum": 1, "comparatNum": 0, "specDerivSuffixNum": 0, "pluralNounNum": 8, "pastTenseRate": 0.2857142857142857, "presentTenseRate": 0.5918367346938775, "condRate": 0.061224489795918366, "impRate": 0.08163265306122448, "freqRate": 0.0, "causRate": 0.0, "modalRate": 0.08163265306122448, "sg1VerbRate": 0.6122448979591837, "sg2VerbRate": 0.02040816326530612, "sg3VerbRate": 0.7142857142857143, "pl1VerbRate": 0.08163265306122448, "pl2VerbRate": 0.04081632653061224, "pl3VerbRate": 0.10204081632653061, "superlatRate": 0.047619047619047616, "comparatRate": 0.0, "specDerivSuffixRate": 0.0, "pluralNounRate": 0.1509433962264151, "subjNum": 18, "objNum": 14, "attNum": 10, "subordNum": 10, "adverbNum": 45, "coordNum": 10, "clauseNum": 65, "simpleNum": 11, "complexNum": 17, "complexity1Num": 6, "complexity2Num": 6, "complexity3Num": 2, "compoundNum": 0, "subjRate": 0.05027932960893855, "objRate": 0.03910614525139665, "attRate": 0.027932960893854747, "subordRate": 0.027932960893854747, "adverbRate": 0.12569832402234637, "coordRate": 0.027932960893854747, "partsRate": 1.4923076923076923, "clauseRate": 2.3214285714285716, "simpleRate": 0.39285714285714285, "complexRate": 0.6071428571428571, "complexity1Rate": 0.21428571428571427, "complexity2Rate": 0.21428571428571427, "complexity3Rate": 0.07142857142857142, "complexClauseRate": 3.176470588235294, "sentencesPerParagraph": 0.0, "wordsLengthRate": 4.965156794425087, "compoundRate": 0.0, "positiveNum": 0, "negativeNum": 0, "precoPositiveNum": 0, "precoNegativeNum": 0, "negemoNum": 0, "negationNum": 10, "functionNum": 196, "contentNum": 162, "vulgarNum": 0, "racistNum": 0, "specStyleNum": 0, "addressingNum": 0, "closingNum": 0, "postscriptNum": 0, "brutalNum": 0, "positiveRate": 0.0, "negativeRate": 0.0, "precoPositiveRate": 0.0, "precoNegativeRate": 0.0, "negemoRate": 0.0, "negationRate": 0.027932960893854747, "functionRate": 0.547486033519553, "contentRate": 0.45251396648044695, "vulgarRate": 0.0, "racistRate": 0.0, "specStyleRate": 0.0, "addressingRate": 0.0, "closingRate": 0.0, "postscriptRate": 0.0, "brutalRate": 0.0, "epistemicNum": 0, "investNum": 0, "conditionNum": 0, "weaselNum": 0, "peacockNum": 0, "hedgeNum": 0, "doxasticNum": 0, "epistemicRate": 0.0, "investRate": 0.0, "conditionRate": 0.0, "weaselRate": 0.0, "peacockRate": 0.0, "hedgeRate": 0.0, "doxasticRate": 0.0, "loveNum": 0, "anxietyNum": 0, "sorrowNum": 0, "joyNum": 0, "disgustNum": 0, "fearNum": 0, "surpriseNum": 0, "angerNum": 0, "loveRate": 0.0, "anxietyRate": 0.0, "sorrowRate": 0.0, "joyRate": 0.0, "disgustRate": 0.0, "fearRate": 0.0, "surpriseRate": 0.0, "angerRate": 0.0, "slangBeGeneralNum": 0, "slangBeCigaretteNum": 0, "slangBeHumanNum": 0, "slangBeVehicleNum": 0, "slangBeDrugNum": 0, "slangBvNum": 0, "slangBeGeneralRate": 0.0, "slangBeCigaretteRate": 0.0, "slangBeHumanRate": 0.0, "slangBeVehicleRate": 0.0, "slangBeDrugRate": 0.0, "slangBvRate": 0.0, "speechactNum": 0, "quoteNum": 0, "dashNum": 0, "publicNum": 0, "privateNum": 0, "suasiveNum": 0, "discMarkerNum": 0, "smileyNum": 0, "dateNum": 1, "hesitationNum": 0, "restartNum": 0, "repeatNum": 3, "conjBeforeDiscNum": 0, "conjAfterDiscNum": 0, "wordBeforeHesitationNum": 0, "wordAfterHesitationNum": 0, "otherCollocationNum": 0, "speechactRate": 0.0, "quoteRate": 0.0, "dashRate": 0.0, "publicRate": 0.0, "privateRate": 0.0, "suasiveRate": 0.0, "discMarkerRate": 0.0, "smileyRate": 0.0, "dateRate": 0.002793296089385475, "hesitationRate": 0.0, "restartRate": 0.0, "repeatRate": 0.008379888268156424, "conjBeforeDiscRate": 0.0, "conjAfterDiscRate": 0.0, "wordBeforeHesitationRate": 0.0, "wordAfterHesitationRate": 0.0, "otherCollocationRate": 0.0, "easyWordNum": 334, "hardWordNum": 24, "easyWordRate": 0.9329608938547486, "hardWordRate": 0.0670391061452514, "fleschReadingEaseScore": 81.3725837988827, "gunningFogIndex": 5.141101356743816, "fleschKincaidGradeLevel": 5.08581404628891, "colemanLiauIndex": 8.87853631284916, "smogIndex": 8.238735603445708, "automatedReadabilityIndex": 4.697494014365521, "linsearWriteIndex": 0.9104150039904229, "author": "", "locationNameNum": 0, "locationNameRate": 0.0, "personNameNum": 2, "personNameRate": 0.00558659217877095, "organizationNameNum": 0, "organizationNameRate": 0.0, "misspelledNum": 99, "misspelledRate": 0.276536312849162, "missingAccentNum": 91, "missingAccentRate": 0.2541899441340782, "foreignAccentNum": 0, "foreignAccentRate": 0.0, "wordConcatNum": 2, "wordConcatRate": 0.00558659217877095, "jLyMistakeNum": 2, "jLyMistakeRate": 0.00558659217877095, "freqSuffixNum": 0, "partsNum": 97, "privateVNum": 0, "publicVNum": 0, "clauseWordNum": 65}