{"tokenNum": 384, "sentenceNum": 26, "lemmaNum": 191, "lemmaRate": 0.4973958333333333, "sentenceLength": 14.76923076923077, "allUpperNum": 0, "firstUpperNum": 32, "allUpperRate": 0.0, "firstUpperRate": 0.08333333333333333, "declarSentNum": 26, "imperSentNum": 0, "questionNum": 0, "declarSentRate": 1.0, "imperSentRate": 0.0, "questionRate": 0.0, "accent": true, "saturation": 2.9384615384615387, "paragraphNum": 0, "nounNum": 58, "verbNum": 64, "adjNum": 19, "infNum": 4, "partPastNum": 0, "partPresNum": 0, "partFutNum": 0, "transNum": 0, "xNum": 25, "advNum": 48, "properNounNum": 6, "numNum": 5, "conjNum": 32, "punctNum": 70, "pronNum": 19, "relPronNum": 2, "demPronNum": 16, "adposNum": 7, "multiplePunctNum": 0, "phraseNum": 0, "nounRate": 0.15104166666666666, "verbRate": 0.16666666666666666, "adjRate": 0.049479166666666664, "infRate": 0.010416666666666666, "partPastRate": 0.0, "partPresRate": 0.0, "partFutRate": 0.0, "transRate": 0.0, "xRate": 0.06510416666666667, "advRate": 0.125, "properNounRate": 0.015625, "numRate": 0.013020833333333334, "conjRate": 0.08333333333333333, "punctRate": 0.18229166666666666, "pronRate": 0.049479166666666664, "relPronRate": 0.005208333333333333, "demPronRate": 0.041666666666666664, "adposRate": 0.018229166666666668, "multiplePunctRate": 0.0, "partsDensityRate": 2.9076923076923076, "contentfulness": 7.269230769230769, "phraseRate": 0.0, "pastTenseNum": 46, "presentTenseNum": 14, "condNum": 0, "impNum": 3, "freqNum": 0, "causNum": 0, "modalNum": 1, "sg1VerbNum": 32, "sg2VerbNum": 0, "sg3VerbNum": 36, "pl1VerbNum": 0, "pl2VerbNum": 0, "pl3VerbNum": 11, "superlatNum": 0, "comparatNum": 0, "specDerivSuffixNum": 0, "pluralNounNum": 3, "pastTenseRate": 0.71875, "presentTenseRate": 0.21875, "condRate": 0.0, "impRate": 0.046875, "freqRate": 0.0, "causRate": 0.0, "modalRate": 0.015625, "sg1VerbRate": 0.5, "sg2VerbRate": 0.0, "sg3VerbRate": 0.5625, "pl1VerbRate": 0.0, "pl2VerbRate": 0.0, "pl3VerbRate": 0.171875, "superlatRate": 0.0, "comparatRate": 0.0, "specDerivSuffixRate": 0.0, "pluralNounRate": 0.05172413793103448, "subjNum": 20, "objNum": 17, "attNum": 14, "subordNum": 14, "adverbNum": 54, "coordNum": 22, "clauseNum": 65, "simpleNum": 8, "complexNum": 18, "complexity1Num": 6, "complexity2Num": 7, "complexity3Num": 2, "compoundNum": 0, "subjRate": 0.052083333333333336, "objRate": 0.044270833333333336, "attRate": 0.036458333333333336, "subordRate": 0.036458333333333336, "adverbRate": 0.140625, "coordRate": 0.057291666666666664, "partsRate": 1.9538461538461538, "clauseRate": 2.5, "simpleRate": 0.3076923076923077, "complexRate": 0.6923076923076923, "complexity1Rate": 0.23076923076923078, "complexity2Rate": 0.2692307692307692, "complexity3Rate": 0.07692307692307693, "complexClauseRate": 3.1666666666666665, "sentencesPerParagraph": 0.0, "wordsLengthRate": 5.140127388535032, "compoundRate": 0.0, "positiveNum": 0, "negativeNum": 0, "precoPositiveNum": 0, "precoNegativeNum": 0, "negemoNum": 0, "negationNum": 11, "functionNum": 195, "contentNum": 189, "vulgarNum": 0, "racistNum": 0, "specStyleNum": 0, "addressingNum": 0, "closingNum": 0, "postscriptNum": 0, "brutalNum": 0, "positiveRate": 0.0, "negativeRate": 0.0, "precoPositiveRate": 0.0, "precoNegativeRate": 0.0, "negemoRate": 0.0, "negationRate": 0.028645833333333332, "functionRate": 0.5078125, "contentRate": 0.4921875, "vulgarRate": 0.0, "racistRate": 0.0, "specStyleRate": 0.0, "addressingRate": 0.0, "closingRate": 0.0, "postscriptRate": 0.0, "brutalRate": 0.0, "epistemicNum": 0, "investNum": 0, "conditionNum": 0, "weaselNum": 0, "peacockNum": 0, "hedgeNum": 0, "doxasticNum": 0, "epistemicRate": 0.0, "investRate": 0.0, "conditionRate": 0.0, "weaselRate": 0.0, "peacockRate": 0.0, "hedgeRate": 0.0, "doxasticRate": 0.0, "loveNum": 0, "anxietyNum": 0, "sorrowNum": 0, "joyNum": 0, "disgustNum": 0, "fearNum": 0, "surpriseNum": 0, "angerNum": 0, "loveRate": 0.0, "anxietyRate": 0.0, "sorrowRate": 0.0, "joyRate": 0.0, "disgustRate": 0.0, "fearRate": 0.0, "surpriseRate": 0.0, "angerRate": 0.0, "slangBeGeneralNum": 0, "slangBeCigaretteNum": 0, "slangBeHumanNum": 0, "slangBeVehicleNum": 0, "slangBeDrugNum": 0, "slangBvNum": 0, "slangBeGeneralRate": 0.0, "slangBeCigaretteRate": 0.0, "slangBeHumanRate": 0.0, "slangBeVehicleRate": 0.0, "slangBeDrugRate": 0.0, "slangBvRate": 0.0, "speechactNum": 0, "quoteNum": 0, "dashNum": 0, "publicNum": 0, "privateNum": 0, "suasiveNum": 0, "discMarkerNum": 0, "smileyNum": 0, "dateNum": 0, "hesitationNum": 0, "restartNum": 0, "repeatNum": 0, "conjBeforeDiscNum": 0, "conjAfterDiscNum": 0, "wordBeforeHesitationNum": 0, "wordAfterHesitationNum": 0, "otherCollocationNum": 0, "speechactRate": 0.0, "quoteRate": 0.0, "dashRate": 0.0, "publicRate": 0.0, "privateRate": 0.0, "suasiveRate": 0.0, "discMarkerRate": 0.0, "smileyRate": 0.0, "dateRate": 0.0, "hesitationRate": 0.0, "restartRate": 0.0, "repeatRate": 0.0, "conjBeforeDiscRate": 0.0, "conjAfterDiscRate": 0.0, "wordBeforeHesitationRate": 0.0, "wordAfterHesitationRate": 0.0, "otherCollocationRate": 0.0, "easyWordNum": 367, "hardWordNum": 17, "easyWordRate": 0.9557291666666666, "hardWordRate": 0.044270833333333336, "fleschReadingEaseScore": 79.04423076923081, "gunningFogIndex": 5.925400641025642, "fleschKincaidGradeLevel": 5.903333333333336, "colemanLiauIndex": 9.631098958333332, "smogIndex": 7.42949916751922, "automatedReadabilityIndex": 6.291021634615383, "linsearWriteIndex": 0.9681490384615388, "author": "", "locationNameNum": 6, "locationNameRate": 0.015625, "personNameNum": 0, "personNameRate": 0.0, "organizationNameNum": 0, "organizationNameRate": 0.0, "misspelledNum": 5, "misspelledRate": 0.013020833333333334, "missingAccentNum": 1, "missingAccentRate": 0.0026041666666666665, "foreignAccentNum": 0, "foreignAccentRate": 0.0, "wordConcatNum": 1, "wordConcatRate": 0.0026041666666666665, "jLyMistakeNum": 0, "jLyMistakeRate": 0.0, "freqSuffixNum": 0, "partsNum": 127, "privateVNum": 0, "publicVNum": 0, "clauseWordNum": 65}