{"tokenNum": 336, "sentenceNum": 25, "lemmaNum": 179, "lemmaRate": 0.5327380952380952, "sentenceLength": 13.44, "allUpperNum": 10, "firstUpperNum": 50, "allUpperRate": 0.02976190476190476, "firstUpperRate": 0.1488095238095238, "declarSentNum": 24, "imperSentNum": 0, "questionNum": 1, "declarSentRate": 0.96, "imperSentRate": 0.0, "questionRate": 0.04, "accent": true, "saturation": 3.977777777777778, "paragraphNum": 0, "nounNum": 75, "verbNum": 37, "adjNum": 20, "infNum": 5, "partPastNum": 1, "partPresNum": 1, "partFutNum": 0, "transNum": 1, "xNum": 24, "advNum": 31, "properNounNum": 24, "numNum": 1, "conjNum": 19, "punctNum": 58, "pronNum": 19, "relPronNum": 7, "demPronNum": 12, "adposNum": 4, "multiplePunctNum": 2, "phraseNum": 0, "nounRate": 0.22321428571428573, "verbRate": 0.11011904761904762, "adjRate": 0.05952380952380952, "infRate": 0.01488095238095238, "partPastRate": 0.002976190476190476, "partPresRate": 0.002976190476190476, "partFutRate": 0.0, "transRate": 0.002976190476190476, "xRate": 0.07142857142857142, "advRate": 0.09226190476190477, "properNounRate": 0.07142857142857142, "numRate": 0.002976190476190476, "conjRate": 0.05654761904761905, "punctRate": 0.17261904761904762, "pronRate": 0.05654761904761905, "relPronRate": 0.020833333333333332, "demPronRate": 0.03571428571428571, "adposRate": 0.011904761904761904, "multiplePunctRate": 0.034482758620689655, "partsDensityRate": 3.6222222222222222, "contentfulness": 6.52, "phraseRate": 0.0, "pastTenseNum": 5, "presentTenseNum": 27, "condNum": 0, "impNum": 6, "freqNum": 0, "causNum": 0, "modalNum": 3, "sg1VerbNum": 6, "sg2VerbNum": 3, "sg3VerbNum": 35, "pl1VerbNum": 1, "pl2VerbNum": 0, "pl3VerbNum": 7, "superlatNum": 1, "comparatNum": 0, "specDerivSuffixNum": 0, "pluralNounNum": 12, "pastTenseRate": 0.13513513513513514, "presentTenseRate": 0.7297297297297297, "condRate": 0.0, "impRate": 0.16216216216216217, "freqRate": 0.0, "causRate": 0.0, "modalRate": 0.08108108108108109, "sg1VerbRate": 0.16216216216216217, "sg2VerbRate": 0.08108108108108109, "sg3VerbRate": 0.9459459459459459, "pl1VerbRate": 0.02702702702702703, "pl2VerbRate": 0.0, "pl3VerbRate": 0.1891891891891892, "superlatRate": 0.05, "comparatRate": 0.0, "specDerivSuffixRate": 0.0, "pluralNounRate": 0.16, "subjNum": 30, "objNum": 11, "attNum": 12, "subordNum": 15, "adverbNum": 33, "coordNum": 11, "clauseNum": 45, "simpleNum": 12, "complexNum": 13, "complexity1Num": 8, "complexity2Num": 3, "complexity3Num": 2, "compoundNum": 0, "subjRate": 0.08928571428571429, "objRate": 0.03273809523809524, "attRate": 0.03571428571428571, "subordRate": 0.044642857142857144, "adverbRate": 0.09821428571428571, "coordRate": 0.03273809523809524, "partsRate": 2.1555555555555554, "clauseRate": 1.8, "simpleRate": 0.48, "complexRate": 0.52, "complexity1Rate": 0.32, "complexity2Rate": 0.12, "complexity3Rate": 0.08, "complexClauseRate": 2.5384615384615383, "sentencesPerParagraph": 0.0, "wordsLengthRate": 5.0, "compoundRate": 0.0, "positiveNum": 0, "negativeNum": 0, "precoPositiveNum": 0, "precoNegativeNum": 0, "negemoNum": 0, "negationNum": 4, "functionNum": 173, "contentNum": 163, "vulgarNum": 0, "racistNum": 0, "specStyleNum": 0, "addressingNum": 0, "closingNum": 0, "postscriptNum": 0, "brutalNum": 0, "positiveRate": 0.0, "negativeRate": 0.0, "precoPositiveRate": 0.0, "precoNegativeRate": 0.0, "negemoRate": 0.0, "negationRate": 0.011904761904761904, "functionRate": 0.5148809523809523, "contentRate": 0.4851190476190476, "vulgarRate": 0.0, "racistRate": 0.0, "specStyleRate": 0.0, "addressingRate": 0.0, "closingRate": 0.0, "postscriptRate": 0.0, "brutalRate": 0.0, "epistemicNum": 0, "investNum": 0, "conditionNum": 0, "weaselNum": 0, "peacockNum": 0, "hedgeNum": 0, "doxasticNum": 0, "epistemicRate": 0.0, "investRate": 0.0, "conditionRate": 0.0, "weaselRate": 0.0, "peacockRate": 0.0, "hedgeRate": 0.0, "doxasticRate": 0.0, "loveNum": 0, "anxietyNum": 0, "sorrowNum": 0, "joyNum": 0, "disgustNum": 0, "fearNum": 0, "surpriseNum": 0, "angerNum": 0, "loveRate": 0.0, "anxietyRate": 0.0, "sorrowRate": 0.0, "joyRate": 0.0, "disgustRate": 0.0, "fearRate": 0.0, "surpriseRate": 0.0, "angerRate": 0.0, "slangBeGeneralNum": 0, "slangBeCigaretteNum": 0, "slangBeHumanNum": 0, "slangBeVehicleNum": 0, "slangBeDrugNum": 0, "slangBvNum": 0, "slangBeGeneralRate": 0.0, "slangBeCigaretteRate": 0.0, "slangBeHumanRate": 0.0, "slangBeVehicleRate": 0.0, "slangBeDrugRate": 0.0, "slangBvRate": 0.0, "speechactNum": 0, "quoteNum": 0, "dashNum": 0, "publicNum": 0, "privateNum": 0, "suasiveNum": 0, "discMarkerNum": 0, "smileyNum": 1, "dateNum": 0, "hesitationNum": 0, "restartNum": 0, "repeatNum": 4, "conjBeforeDiscNum": 0, "conjAfterDiscNum": 0, "wordBeforeHesitationNum": 0, "wordAfterHesitationNum": 0, "otherCollocationNum": 0, "speechactRate": 0.0, "quoteRate": 0.0, "dashRate": 0.0, "publicRate": 0.0, "privateRate": 0.0, "suasiveRate": 0.0, "discMarkerRate": 0.0, "smileyRate": 0.002976190476190476, "dateRate": 0.0, "hesitationRate": 0.0, "restartRate": 0.0, "repeatRate": 0.011904761904761904, "conjBeforeDiscRate": 0.0, "conjAfterDiscRate": 0.0, "wordBeforeHesitationRate": 0.0, "wordAfterHesitationRate": 0.0, "otherCollocationRate": 0.0, "easyWordNum": 315, "hardWordNum": 21, "easyWordRate": 0.9375, "hardWordRate": 0.0625, "fleschReadingEaseScore": 79.13447142857143, "gunningFogIndex": 5.401, "fleschKincaidGradeLevel": 5.5605285714285735, "colemanLiauIndex": 9.109568452380952, "smogIndex": 7.908726449838941, "automatedReadabilityIndex": 5.209375000000001, "linsearWriteIndex": 1.1071428571428572, "author": "", "locationNameNum": 0, "locationNameRate": 0.0, "personNameNum": 2, "personNameRate": 0.005952380952380952, "organizationNameNum": 4, "organizationNameRate": 0.011904761904761904, "misspelledNum": 22, "misspelledRate": 0.06547619047619048, "missingAccentNum": 15, "missingAccentRate": 0.044642857142857144, "foreignAccentNum": 0, "foreignAccentRate": 0.0, "wordConcatNum": 1, "wordConcatRate": 0.002976190476190476, "jLyMistakeNum": 0, "jLyMistakeRate": 0.0, "freqSuffixNum": 0, "partsNum": 97, "privateVNum": 0, "publicVNum": 0, "clauseWordNum": 45}