{"tokenNum": 409, "sentenceNum": 21, "lemmaNum": 182, "lemmaRate": 0.4449877750611247, "sentenceLength": 19.476190476190474, "allUpperNum": 1, "firstUpperNum": 25, "allUpperRate": 0.0024449877750611247, "firstUpperRate": 0.061124694376528114, "declarSentNum": 20, "imperSentNum": 1, "questionNum": 0, "declarSentRate": 0.9523809523809523, "imperSentRate": 0.047619047619047616, "questionRate": 0.0, "accent": true, "saturation": 2.935483870967742, "paragraphNum": 0, "nounNum": 68, "verbNum": 52, "adjNum": 20, "infNum": 6, "partPastNum": 0, "partPresNum": 0, "partFutNum": 0, "transNum": 0, "xNum": 21, "advNum": 43, "properNounNum": 3, "numNum": 5, "conjNum": 39, "punctNum": 78, "pronNum": 36, "relPronNum": 5, "demPronNum": 26, "adposNum": 4, "multiplePunctNum": 1, "phraseNum": 0, "nounRate": 0.16625916870415647, "verbRate": 0.1271393643031785, "adjRate": 0.0488997555012225, "infRate": 0.014669926650366748, "partPastRate": 0.0, "partPresRate": 0.0, "partFutRate": 0.0, "transRate": 0.0, "xRate": 0.05134474327628362, "advRate": 0.10513447432762836, "properNounRate": 0.007334963325183374, "numRate": 0.012224938875305624, "conjRate": 0.09535452322738386, "punctRate": 0.19070904645476772, "pronRate": 0.08801955990220049, "relPronRate": 0.012224938875305624, "demPronRate": 0.06356968215158924, "adposRate": 0.009779951100244499, "multiplePunctRate": 0.01282051282051282, "partsDensityRate": 2.9516129032258065, "contentfulness": 8.714285714285714, "phraseRate": 0.0, "pastTenseNum": 2, "presentTenseNum": 44, "condNum": 4, "impNum": 10, "freqNum": 0, "causNum": 0, "modalNum": 2, "sg1VerbNum": 7, "sg2VerbNum": 10, "sg3VerbNum": 44, "pl1VerbNum": 9, "pl2VerbNum": 0, "pl3VerbNum": 15, "superlatNum": 0, "comparatNum": 1, "specDerivSuffixNum": 0, "pluralNounNum": 14, "pastTenseRate": 0.038461538461538464, "presentTenseRate": 0.8461538461538461, "condRate": 0.07692307692307693, "impRate": 0.19230769230769232, "freqRate": 0.0, "causRate": 0.0, "modalRate": 0.038461538461538464, "sg1VerbRate": 0.1346153846153846, "sg2VerbRate": 0.19230769230769232, "sg3VerbRate": 0.8461538461538461, "pl1VerbRate": 0.17307692307692307, "pl2VerbRate": 0.0, "pl3VerbRate": 0.28846153846153844, "superlatRate": 0.0, "comparatRate": 0.05, "specDerivSuffixRate": 0.0, "pluralNounRate": 0.20588235294117646, "subjNum": 30, "objNum": 18, "attNum": 7, "subordNum": 20, "adverbNum": 52, "coordNum": 21, "clauseNum": 62, "simpleNum": 5, "complexNum": 16, "complexity1Num": 6, "complexity2Num": 3, "complexity3Num": 2, "compoundNum": 0, "subjRate": 0.07334963325183375, "objRate": 0.044009779951100246, "attRate": 0.017114914425427872, "subordRate": 0.0488997555012225, "adverbRate": 0.1271393643031785, "coordRate": 0.05134474327628362, "partsRate": 2.064516129032258, "clauseRate": 2.9523809523809526, "simpleRate": 0.23809523809523808, "complexRate": 0.7619047619047619, "complexity1Rate": 0.2857142857142857, "complexity2Rate": 0.14285714285714285, "complexity3Rate": 0.09523809523809523, "complexClauseRate": 3.5625, "sentencesPerParagraph": 0.0, "wordsLengthRate": 4.8217522658610275, "compoundRate": 0.0, "positiveNum": 0, "negativeNum": 0, "precoPositiveNum": 0, "precoNegativeNum": 0, "negemoNum": 0, "negationNum": 13, "functionNum": 226, "contentNum": 183, "vulgarNum": 0, "racistNum": 0, "specStyleNum": 0, "addressingNum": 0, "closingNum": 0, "postscriptNum": 0, "brutalNum": 0, "positiveRate": 0.0, "negativeRate": 0.0, "precoPositiveRate": 0.0, "precoNegativeRate": 0.0, "negemoRate": 0.0, "negationRate": 0.03178484107579462, "functionRate": 0.5525672371638142, "contentRate": 0.4474327628361858, "vulgarRate": 0.0, "racistRate": 0.0, "specStyleRate": 0.0, "addressingRate": 0.0, "closingRate": 0.0, "postscriptRate": 0.0, "brutalRate": 0.0, "epistemicNum": 0, "investNum": 0, "conditionNum": 0, "weaselNum": 0, "peacockNum": 0, "hedgeNum": 0, "doxasticNum": 0, "epistemicRate": 0.0, "investRate": 0.0, "conditionRate": 0.0, "weaselRate": 0.0, "peacockRate": 0.0, "hedgeRate": 0.0, "doxasticRate": 0.0, "loveNum": 0, "anxietyNum": 0, "sorrowNum": 0, "joyNum": 0, "disgustNum": 0, "fearNum": 0, "surpriseNum": 0, "angerNum": 0, "loveRate": 0.0, "anxietyRate": 0.0, "sorrowRate": 0.0, "joyRate": 0.0, "disgustRate": 0.0, "fearRate": 0.0, "surpriseRate": 0.0, "angerRate": 0.0, "slangBeGeneralNum": 0, "slangBeCigaretteNum": 0, "slangBeHumanNum": 0, "slangBeVehicleNum": 0, "slangBeDrugNum": 0, "slangBvNum": 0, "slangBeGeneralRate": 0.0, "slangBeCigaretteRate": 0.0, "slangBeHumanRate": 0.0, "slangBeVehicleRate": 0.0, "slangBeDrugRate": 0.0, "slangBvRate": 0.0, "speechactNum": 0, "quoteNum": 0, "dashNum": 0, "publicNum": 0, "privateNum": 0, "suasiveNum": 0, "discMarkerNum": 0, "smileyNum": 0, "dateNum": 0, "hesitationNum": 0, "restartNum": 0, "repeatNum": 1, "conjBeforeDiscNum": 0, "conjAfterDiscNum": 0, "wordBeforeHesitationNum": 0, "wordAfterHesitationNum": 0, "otherCollocationNum": 0, "speechactRate": 0.0, "quoteRate": 0.0, "dashRate": 0.0, "publicRate": 0.0, "privateRate": 0.0, "suasiveRate": 0.0, "discMarkerRate": 0.0, "smileyRate": 0.0, "dateRate": 0.0, "hesitationRate": 0.0, "restartRate": 0.0, "repeatRate": 0.0024449877750611247, "conjBeforeDiscRate": 0.0, "conjAfterDiscRate": 0.0, "wordBeforeHesitationRate": 0.0, "wordAfterHesitationRate": 0.0, "otherCollocationRate": 0.0, "easyWordNum": 391, "hardWordNum": 18, "easyWordRate": 0.9559902200488998, "hardWordRate": 0.044009779951100246, "fleschReadingEaseScore": 78.88622656886716, "gunningFogIndex": 7.80808010245663, "fleschKincaidGradeLevel": 7.094711840726514, "colemanLiauIndex": 8.004662591687037, "smogIndex": 7.554174236665414, "automatedReadabilityIndex": 7.34386540924438, "linsearWriteIndex": 1.4682733729188495, "author": "", "locationNameNum": 0, "locationNameRate": 0.0, "personNameNum": 2, "personNameRate": 0.004889975550122249, "organizationNameNum": 0, "organizationNameRate": 0.0, "misspelledNum": 6, "misspelledRate": 0.014669926650366748, "missingAccentNum": 3, "missingAccentRate": 0.007334963325183374, "foreignAccentNum": 0, "foreignAccentRate": 0.0, "wordConcatNum": 1, "wordConcatRate": 0.0024449877750611247, "jLyMistakeNum": 0, "jLyMistakeRate": 0.0, "freqSuffixNum": 0, "partsNum": 128, "privateVNum": 0, "publicVNum": 0, "clauseWordNum": 62}