{"tokenNum": 373, "sentenceNum": 25, "lemmaNum": 185, "lemmaRate": 0.4959785522788204, "sentenceLength": 14.92, "allUpperNum": 4, "firstUpperNum": 33, "allUpperRate": 0.010723860589812333, "firstUpperRate": 0.08847184986595175, "declarSentNum": 25, "imperSentNum": 0, "questionNum": 0, "declarSentRate": 1.0, "imperSentRate": 0.0, "questionRate": 0.0, "accent": true, "saturation": 3.8541666666666665, "paragraphNum": 0, "nounNum": 78, "verbNum": 35, "adjNum": 26, "infNum": 3, "partPastNum": 1, "partPresNum": 0, "partFutNum": 0, "transNum": 1, "xNum": 22, "advNum": 45, "properNounNum": 5, "numNum": 3, "conjNum": 24, "punctNum": 71, "pronNum": 22, "relPronNum": 3, "demPronNum": 18, "adposNum": 9, "multiplePunctNum": 2, "phraseNum": 0, "nounRate": 0.20911528150134048, "verbRate": 0.0938337801608579, "adjRate": 0.06970509383378017, "infRate": 0.00804289544235925, "partPastRate": 0.002680965147453083, "partPresRate": 0.0, "partFutRate": 0.0, "transRate": 0.002680965147453083, "xRate": 0.058981233243967826, "advRate": 0.12064343163538874, "properNounRate": 0.013404825737265416, "numRate": 0.00804289544235925, "conjRate": 0.064343163538874, "punctRate": 0.1903485254691689, "pronRate": 0.058981233243967826, "relPronRate": 0.00804289544235925, "demPronRate": 0.04825737265415549, "adposRate": 0.024128686327077747, "multiplePunctRate": 0.028169014084507043, "partsDensityRate": 3.8333333333333335, "contentfulness": 7.36, "phraseRate": 0.0, "pastTenseNum": 8, "presentTenseNum": 24, "condNum": 5, "impNum": 2, "freqNum": 0, "causNum": 0, "modalNum": 4, "sg1VerbNum": 3, "sg2VerbNum": 2, "sg3VerbNum": 45, "pl1VerbNum": 3, "pl2VerbNum": 0, "pl3VerbNum": 1, "superlatNum": 0, "comparatNum": 3, "specDerivSuffixNum": 0, "pluralNounNum": 5, "pastTenseRate": 0.22857142857142856, "presentTenseRate": 0.6857142857142857, "condRate": 0.14285714285714285, "impRate": 0.05714285714285714, "freqRate": 0.0, "causRate": 0.0, "modalRate": 0.11428571428571428, "sg1VerbRate": 0.08571428571428572, "sg2VerbRate": 0.05714285714285714, "sg3VerbRate": 1.2857142857142858, "pl1VerbRate": 0.08571428571428572, "pl2VerbRate": 0.0, "pl3VerbRate": 0.02857142857142857, "superlatRate": 0.0, "comparatRate": 0.11538461538461539, "specDerivSuffixRate": 0.0, "pluralNounRate": 0.0641025641025641, "subjNum": 30, "objNum": 11, "attNum": 14, "subordNum": 13, "adverbNum": 49, "coordNum": 9, "clauseNum": 48, "simpleNum": 10, "complexNum": 15, "complexity1Num": 10, "complexity2Num": 4, "complexity3Num": 0, "compoundNum": 0, "subjRate": 0.08042895442359249, "objRate": 0.029490616621983913, "attRate": 0.03753351206434316, "subordRate": 0.03485254691689008, "adverbRate": 0.13136729222520108, "coordRate": 0.024128686327077747, "partsRate": 2.3541666666666665, "clauseRate": 1.92, "simpleRate": 0.4, "complexRate": 0.6, "complexity1Rate": 0.4, "complexity2Rate": 0.16, "complexity3Rate": 0.0, "complexClauseRate": 2.533333333333333, "sentencesPerParagraph": 0.0, "wordsLengthRate": 5.119205298013245, "compoundRate": 0.0, "positiveNum": 0, "negativeNum": 0, "precoPositiveNum": 0, "precoNegativeNum": 0, "negemoNum": 0, "negationNum": 13, "functionNum": 189, "contentNum": 184, "vulgarNum": 0, "racistNum": 0, "specStyleNum": 0, "addressingNum": 0, "closingNum": 0, "postscriptNum": 0, "brutalNum": 0, "positiveRate": 0.0, "negativeRate": 0.0, "precoPositiveRate": 0.0, "precoNegativeRate": 0.0, "negemoRate": 0.0, "negationRate": 0.03485254691689008, "functionRate": 0.5067024128686327, "contentRate": 0.4932975871313673, "vulgarRate": 0.0, "racistRate": 0.0, "specStyleRate": 0.0, "addressingRate": 0.0, "closingRate": 0.0, "postscriptRate": 0.0, "brutalRate": 0.0, "epistemicNum": 0, "investNum": 0, "conditionNum": 0, "weaselNum": 0, "peacockNum": 0, "hedgeNum": 0, "doxasticNum": 0, "epistemicRate": 0.0, "investRate": 0.0, "conditionRate": 0.0, "weaselRate": 0.0, "peacockRate": 0.0, "hedgeRate": 0.0, "doxasticRate": 0.0, "loveNum": 0, "anxietyNum": 0, "sorrowNum": 0, "joyNum": 0, "disgustNum": 0, "fearNum": 0, "surpriseNum": 0, "angerNum": 0, "loveRate": 0.0, "anxietyRate": 0.0, "sorrowRate": 0.0, "joyRate": 0.0, "disgustRate": 0.0, "fearRate": 0.0, "surpriseRate": 0.0, "angerRate": 0.0, "slangBeGeneralNum": 0, "slangBeCigaretteNum": 0, "slangBeHumanNum": 0, "slangBeVehicleNum": 0, "slangBeDrugNum": 0, "slangBvNum": 0, "slangBeGeneralRate": 0.0, "slangBeCigaretteRate": 0.0, "slangBeHumanRate": 0.0, "slangBeVehicleRate": 0.0, "slangBeDrugRate": 0.0, "slangBvRate": 0.0, "speechactNum": 0, "quoteNum": 0, "dashNum": 0, "publicNum": 0, "privateNum": 0, "suasiveNum": 0, "discMarkerNum": 0, "smileyNum": 0, "dateNum": 0, "hesitationNum": 0, "restartNum": 0, "repeatNum": 0, "conjBeforeDiscNum": 0, "conjAfterDiscNum": 0, "wordBeforeHesitationNum": 0, "wordAfterHesitationNum": 0, "otherCollocationNum": 0, "speechactRate": 0.0, "quoteRate": 0.0, "dashRate": 0.0, "publicRate": 0.0, "privateRate": 0.0, "suasiveRate": 0.0, "discMarkerRate": 0.0, "smileyRate": 0.0, "dateRate": 0.0, "hesitationRate": 0.0, "restartRate": 0.0, "repeatRate": 0.0, "conjBeforeDiscRate": 0.0, "conjAfterDiscRate": 0.0, "wordBeforeHesitationRate": 0.0, "wordAfterHesitationRate": 0.0, "otherCollocationRate": 0.0, "easyWordNum": 338, "hardWordNum": 35, "easyWordRate": 0.9061662198391421, "hardWordRate": 0.0938337801608579, "fleschReadingEaseScore": 69.89441715817695, "gunningFogIndex": 6.005533512064344, "fleschKincaidGradeLevel": 7.217003753351207, "colemanLiauIndex": 9.4178418230563, "smogIndex": 9.2995712137729, "automatedReadabilityIndex": 6.195871313672924, "linsearWriteIndex": 1.2573726541554961, "author": "", "locationNameNum": 2, "locationNameRate": 0.005361930294906166, "personNameNum": 1, "personNameRate": 0.002680965147453083, "organizationNameNum": 0, "organizationNameRate": 0.0, "misspelledNum": 88, "misspelledRate": 0.2359249329758713, "missingAccentNum": 79, "missingAccentRate": 0.21179624664879357, "foreignAccentNum": 0, "foreignAccentRate": 0.0, "wordConcatNum": 2, "wordConcatRate": 0.005361930294906166, "jLyMistakeNum": 0, "jLyMistakeRate": 0.0, "freqSuffixNum": 0, "partsNum": 113, "privateVNum": 0, "publicVNum": 0, "clauseWordNum": 48}