{"tokenNum": 341, "sentenceNum": 16, "lemmaNum": 199, "lemmaRate": 0.5835777126099707, "sentenceLength": 21.3125, "allUpperNum": 0, "firstUpperNum": 16, "allUpperRate": 0.0, "firstUpperRate": 0.0469208211143695, "declarSentNum": 16, "imperSentNum": 0, "questionNum": 0, "declarSentRate": 1.0, "imperSentRate": 0.0, "questionRate": 0.0, "accent": true, "saturation": 4.5227272727272725, "paragraphNum": 0, "nounNum": 73, "verbNum": 39, "adjNum": 37, "infNum": 6, "partPastNum": 1, "partPresNum": 8, "partFutNum": 0, "transNum": 3, "xNum": 14, "advNum": 33, "properNounNum": 0, "numNum": 9, "conjNum": 23, "punctNum": 61, "pronNum": 20, "relPronNum": 6, "demPronNum": 11, "adposNum": 2, "multiplePunctNum": 1, "phraseNum": 0, "nounRate": 0.21407624633431085, "verbRate": 0.11436950146627566, "adjRate": 0.10850439882697947, "infRate": 0.017595307917888565, "partPastRate": 0.002932551319648094, "partPresRate": 0.02346041055718475, "partFutRate": 0.0, "transRate": 0.008797653958944282, "xRate": 0.04105571847507331, "advRate": 0.0967741935483871, "properNounRate": 0.0, "numRate": 0.026392961876832845, "conjRate": 0.06744868035190615, "punctRate": 0.17888563049853373, "pronRate": 0.05865102639296188, "relPronRate": 0.017595307917888565, "demPronRate": 0.03225806451612903, "adposRate": 0.005865102639296188, "multiplePunctRate": 0.01639344262295082, "partsDensityRate": 4.136363636363637, "contentfulness": 11.375, "phraseRate": 0.0, "pastTenseNum": 10, "presentTenseNum": 23, "condNum": 1, "impNum": 1, "freqNum": 0, "causNum": 0, "modalNum": 1, "sg1VerbNum": 13, "sg2VerbNum": 0, "sg3VerbNum": 37, "pl1VerbNum": 0, "pl2VerbNum": 0, "pl3VerbNum": 4, "superlatNum": 0, "comparatNum": 1, "specDerivSuffixNum": 0, "pluralNounNum": 6, "pastTenseRate": 0.2564102564102564, "presentTenseRate": 0.5897435897435898, "condRate": 0.02564102564102564, "impRate": 0.02564102564102564, "freqRate": 0.0, "causRate": 0.0, "modalRate": 0.02564102564102564, "sg1VerbRate": 0.3333333333333333, "sg2VerbRate": 0.0, "sg3VerbRate": 0.9487179487179487, "pl1VerbRate": 0.0, "pl2VerbRate": 0.0, "pl3VerbRate": 0.10256410256410256, "superlatRate": 0.0, "comparatRate": 0.02702702702702703, "specDerivSuffixRate": 0.0, "pluralNounRate": 0.0821917808219178, "subjNum": 20, "objNum": 12, "attNum": 27, "subordNum": 12, "adverbNum": 39, "coordNum": 16, "clauseNum": 44, "simpleNum": 3, "complexNum": 12, "complexity1Num": 4, "complexity2Num": 4, "complexity3Num": 2, "compoundNum": 0, "subjRate": 0.05865102639296188, "objRate": 0.03519061583577713, "attRate": 0.07917888563049853, "subordRate": 0.03519061583577713, "adverbRate": 0.11436950146627566, "coordRate": 0.0469208211143695, "partsRate": 2.590909090909091, "clauseRate": 2.75, "simpleRate": 0.1875, "complexRate": 0.75, "complexity1Rate": 0.25, "complexity2Rate": 0.25, "complexity3Rate": 0.125, "complexClauseRate": 3.4166666666666665, "sentencesPerParagraph": 0.0, "wordsLengthRate": 5.807142857142857, "compoundRate": 0.0, "positiveNum": 0, "negativeNum": 0, "precoPositiveNum": 0, "precoNegativeNum": 0, "negemoNum": 0, "negationNum": 8, "functionNum": 159, "contentNum": 182, "vulgarNum": 0, "racistNum": 0, "specStyleNum": 0, "addressingNum": 0, "closingNum": 0, "postscriptNum": 0, "brutalNum": 0, "positiveRate": 0.0, "negativeRate": 0.0, "precoPositiveRate": 0.0, "precoNegativeRate": 0.0, "negemoRate": 0.0, "negationRate": 0.02346041055718475, "functionRate": 0.4662756598240469, "contentRate": 0.533724340175953, "vulgarRate": 0.0, "racistRate": 0.0, "specStyleRate": 0.0, "addressingRate": 0.0, "closingRate": 0.0, "postscriptRate": 0.0, "brutalRate": 0.0, "epistemicNum": 0, "investNum": 0, "conditionNum": 0, "weaselNum": 0, "peacockNum": 0, "hedgeNum": 0, "doxasticNum": 0, "epistemicRate": 0.0, "investRate": 0.0, "conditionRate": 0.0, "weaselRate": 0.0, "peacockRate": 0.0, "hedgeRate": 0.0, "doxasticRate": 0.0, "loveNum": 0, "anxietyNum": 0, "sorrowNum": 0, "joyNum": 0, "disgustNum": 0, "fearNum": 0, "surpriseNum": 0, "angerNum": 0, "loveRate": 0.0, "anxietyRate": 0.0, "sorrowRate": 0.0, "joyRate": 0.0, "disgustRate": 0.0, "fearRate": 0.0, "surpriseRate": 0.0, "angerRate": 0.0, "slangBeGeneralNum": 0, "slangBeCigaretteNum": 0, "slangBeHumanNum": 0, "slangBeVehicleNum": 0, "slangBeDrugNum": 0, "slangBvNum": 0, "slangBeGeneralRate": 0.0, "slangBeCigaretteRate": 0.0, "slangBeHumanRate": 0.0, "slangBeVehicleRate": 0.0, "slangBeDrugRate": 0.0, "slangBvRate": 0.0, "speechactNum": 0, "quoteNum": 0, "dashNum": 0, "publicNum": 0, "privateNum": 0, "suasiveNum": 0, "discMarkerNum": 0, "smileyNum": 0, "dateNum": 0, "hesitationNum": 0, "restartNum": 0, "repeatNum": 0, "conjBeforeDiscNum": 0, "conjAfterDiscNum": 0, "wordBeforeHesitationNum": 0, "wordAfterHesitationNum": 0, "otherCollocationNum": 0, "speechactRate": 0.0, "quoteRate": 0.0, "dashRate": 0.0, "publicRate": 0.0, "privateRate": 0.0, "suasiveRate": 0.0, "discMarkerRate": 0.0, "smileyRate": 0.0, "dateRate": 0.0, "hesitationRate": 0.0, "restartRate": 0.0, "repeatRate": 0.0, "conjBeforeDiscRate": 0.0, "conjAfterDiscRate": 0.0, "wordBeforeHesitationRate": 0.0, "wordAfterHesitationRate": 0.0, "otherCollocationRate": 0.0, "easyWordNum": 310, "hardWordNum": 31, "easyWordRate": 0.9090909090909091, "hardWordRate": 0.09090909090909091, "fleschReadingEaseScore": 47.510730388563076, "gunningFogIndex": 8.561363636363636, "fleschKincaidGradeLevel": 11.927153592375369, "colemanLiauIndex": 13.166222873900292, "smogIndex": 8.936278230431713, "automatedReadabilityIndex": 12.38950513196481, "linsearWriteIndex": 2.5740469208211145, "author": "", "locationNameNum": 0, "locationNameRate": 0.0, "personNameNum": 0, "personNameRate": 0.0, "organizationNameNum": 0, "organizationNameRate": 0.0, "misspelledNum": 19, "misspelledRate": 0.05571847507331378, "missingAccentNum": 16, "missingAccentRate": 0.0469208211143695, "foreignAccentNum": 0, "foreignAccentRate": 0.0, "wordConcatNum": 0, "wordConcatRate": 0.0, "jLyMistakeNum": 0, "jLyMistakeRate": 0.0, "freqSuffixNum": 0, "partsNum": 114, "privateVNum": 0, "publicVNum": 0, "clauseWordNum": 44}