{"tokenNum": 329, "sentenceNum": 20, "lemmaNum": 186, "lemmaRate": 0.5653495440729484, "sentenceLength": 16.45, "allUpperNum": 0, "firstUpperNum": 31, "allUpperRate": 0.0, "firstUpperRate": 0.09422492401215805, "declarSentNum": 20, "imperSentNum": 0, "questionNum": 0, "declarSentRate": 1.0, "imperSentRate": 0.0, "questionRate": 0.0, "accent": true, "saturation": 3.576923076923077, "paragraphNum": 0, "nounNum": 61, "verbNum": 45, "adjNum": 29, "infNum": 2, "partPastNum": 0, "partPresNum": 0, "partFutNum": 0, "transNum": 0, "xNum": 22, "advNum": 25, "properNounNum": 7, "numNum": 7, "conjNum": 22, "punctNum": 63, "pronNum": 19, "relPronNum": 6, "demPronNum": 15, "adposNum": 4, "multiplePunctNum": 0, "phraseNum": 0, "nounRate": 0.18541033434650456, "verbRate": 0.13677811550151975, "adjRate": 0.08814589665653495, "infRate": 0.0060790273556231, "partPastRate": 0.0, "partPresRate": 0.0, "partFutRate": 0.0, "transRate": 0.0, "xRate": 0.0668693009118541, "advRate": 0.07598784194528875, "properNounRate": 0.02127659574468085, "numRate": 0.02127659574468085, "conjRate": 0.0668693009118541, "punctRate": 0.19148936170212766, "pronRate": 0.057750759878419454, "relPronRate": 0.0182370820668693, "demPronRate": 0.04559270516717325, "adposRate": 0.0121580547112462, "multiplePunctRate": 0.0, "partsDensityRate": 3.076923076923077, "contentfulness": 8.0, "phraseRate": 0.0, "pastTenseNum": 24, "presentTenseNum": 19, "condNum": 2, "impNum": 4, "freqNum": 0, "causNum": 0, "modalNum": 0, "sg1VerbNum": 4, "sg2VerbNum": 2, "sg3VerbNum": 43, "pl1VerbNum": 0, "pl2VerbNum": 0, "pl3VerbNum": 16, "superlatNum": 0, "comparatNum": 0, "specDerivSuffixNum": 0, "pluralNounNum": 17, "pastTenseRate": 0.5333333333333333, "presentTenseRate": 0.4222222222222222, "condRate": 0.044444444444444446, "impRate": 0.08888888888888889, "freqRate": 0.0, "causRate": 0.0, "modalRate": 0.0, "sg1VerbRate": 0.08888888888888889, "sg2VerbRate": 0.044444444444444446, "sg3VerbRate": 0.9555555555555556, "pl1VerbRate": 0.0, "pl2VerbRate": 0.0, "pl3VerbRate": 0.35555555555555557, "superlatRate": 0.0, "comparatRate": 0.0, "specDerivSuffixRate": 0.0, "pluralNounRate": 0.2786885245901639, "subjNum": 27, "objNum": 16, "attNum": 19, "subordNum": 18, "adverbNum": 31, "coordNum": 10, "clauseNum": 52, "simpleNum": 4, "complexNum": 16, "complexity1Num": 9, "complexity2Num": 3, "complexity3Num": 2, "compoundNum": 0, "subjRate": 0.08206686930091185, "objRate": 0.0486322188449848, "attRate": 0.057750759878419454, "subordRate": 0.0547112462006079, "adverbRate": 0.09422492401215805, "coordRate": 0.030395136778115502, "partsRate": 1.9807692307692308, "clauseRate": 2.6, "simpleRate": 0.2, "complexRate": 0.8, "complexity1Rate": 0.45, "complexity2Rate": 0.15, "complexity3Rate": 0.1, "complexClauseRate": 3.0, "sentencesPerParagraph": 0.0, "wordsLengthRate": 5.676691729323308, "compoundRate": 0.0, "positiveNum": 0, "negativeNum": 0, "precoPositiveNum": 0, "precoNegativeNum": 0, "negemoNum": 0, "negationNum": 4, "functionNum": 169, "contentNum": 160, "vulgarNum": 0, "racistNum": 0, "specStyleNum": 0, "addressingNum": 0, "closingNum": 0, "postscriptNum": 0, "brutalNum": 0, "positiveRate": 0.0, "negativeRate": 0.0, "precoPositiveRate": 0.0, "precoNegativeRate": 0.0, "negemoRate": 0.0, "negationRate": 0.0121580547112462, "functionRate": 0.513677811550152, "contentRate": 0.48632218844984804, "vulgarRate": 0.0, "racistRate": 0.0, "specStyleRate": 0.0, "addressingRate": 0.0, "closingRate": 0.0, "postscriptRate": 0.0, "brutalRate": 0.0, "epistemicNum": 0, "investNum": 0, "conditionNum": 0, "weaselNum": 0, "peacockNum": 0, "hedgeNum": 0, "doxasticNum": 0, "epistemicRate": 0.0, "investRate": 0.0, "conditionRate": 0.0, "weaselRate": 0.0, "peacockRate": 0.0, "hedgeRate": 0.0, "doxasticRate": 0.0, "loveNum": 0, "anxietyNum": 0, "sorrowNum": 0, "joyNum": 0, "disgustNum": 0, "fearNum": 0, "surpriseNum": 0, "angerNum": 0, "loveRate": 0.0, "anxietyRate": 0.0, "sorrowRate": 0.0, "joyRate": 0.0, "disgustRate": 0.0, "fearRate": 0.0, "surpriseRate": 0.0, "angerRate": 0.0, "slangBeGeneralNum": 0, "slangBeCigaretteNum": 0, "slangBeHumanNum": 0, "slangBeVehicleNum": 0, "slangBeDrugNum": 0, "slangBvNum": 0, "slangBeGeneralRate": 0.0, "slangBeCigaretteRate": 0.0, "slangBeHumanRate": 0.0, "slangBeVehicleRate": 0.0, "slangBeDrugRate": 0.0, "slangBvRate": 0.0, "speechactNum": 0, "quoteNum": 0, "dashNum": 0, "publicNum": 0, "privateNum": 0, "suasiveNum": 0, "discMarkerNum": 0, "smileyNum": 0, "dateNum": 0, "hesitationNum": 0, "restartNum": 0, "repeatNum": 0, "conjBeforeDiscNum": 0, "conjAfterDiscNum": 0, "wordBeforeHesitationNum": 0, "wordAfterHesitationNum": 0, "otherCollocationNum": 0, "speechactRate": 0.0, "quoteRate": 0.0, "dashRate": 0.0, "publicRate": 0.0, "privateRate": 0.0, "suasiveRate": 0.0, "discMarkerRate": 0.0, "smileyRate": 0.0, "dateRate": 0.0, "hesitationRate": 0.0, "restartRate": 0.0, "repeatRate": 0.0, "conjBeforeDiscRate": 0.0, "conjAfterDiscRate": 0.0, "wordBeforeHesitationRate": 0.0, "wordAfterHesitationRate": 0.0, "otherCollocationRate": 0.0, "easyWordNum": 304, "hardWordNum": 25, "easyWordRate": 0.9240121580547113, "hardWordRate": 0.07598784194528875, "fleschReadingEaseScore": 69.53825, "gunningFogIndex": 6.6103951367781155, "fleschKincaidGradeLevel": 7.646776595744679, "colemanLiauIndex": 11.877446808510637, "smogIndex": 8.344100000000001, "automatedReadabilityIndex": 8.92770516717325, "linsearWriteIndex": 1.7127659574468082, "author": "", "locationNameNum": 1, "locationNameRate": 0.00303951367781155, "personNameNum": 4, "personNameRate": 0.0121580547112462, "organizationNameNum": 1, "organizationNameRate": 0.00303951367781155, "misspelledNum": 4, "misspelledRate": 0.0121580547112462, "missingAccentNum": 1, "missingAccentRate": 0.00303951367781155, "foreignAccentNum": 0, "foreignAccentRate": 0.0, "wordConcatNum": 0, "wordConcatRate": 0.0, "jLyMistakeNum": 0, "jLyMistakeRate": 0.0, "freqSuffixNum": 0, "partsNum": 103, "privateVNum": 0, "publicVNum": 0, "clauseWordNum": 52}