{"tokenNum": 403, "sentenceNum": 23, "lemmaNum": 199, "lemmaRate": 0.49379652605459057, "sentenceLength": 17.52173913043478, "allUpperNum": 0, "firstUpperNum": 24, "allUpperRate": 0.0, "firstUpperRate": 0.05955334987593052, "declarSentNum": 22, "imperSentNum": 0, "questionNum": 1, "declarSentRate": 0.9565217391304348, "imperSentRate": 0.0, "questionRate": 0.043478260869565216, "accent": true, "saturation": 2.970149253731343, "paragraphNum": 0, "nounNum": 54, "verbNum": 51, "adjNum": 36, "infNum": 6, "partPastNum": 0, "partPresNum": 1, "partFutNum": 0, "transNum": 1, "xNum": 28, "advNum": 45, "properNounNum": 2, "numNum": 2, "conjNum": 32, "punctNum": 87, "pronNum": 29, "relPronNum": 3, "demPronNum": 11, "adposNum": 4, "multiplePunctNum": 3, "phraseNum": 0, "nounRate": 0.13399503722084366, "verbRate": 0.12655086848635236, "adjRate": 0.08933002481389578, "infRate": 0.01488833746898263, "partPastRate": 0.0, "partPresRate": 0.0024813895781637717, "partFutRate": 0.0, "transRate": 0.0024813895781637717, "xRate": 0.06947890818858561, "advRate": 0.11166253101736973, "properNounRate": 0.004962779156327543, "numRate": 0.004962779156327543, "conjRate": 0.0794044665012407, "punctRate": 0.21588089330024815, "pronRate": 0.07196029776674938, "relPronRate": 0.007444168734491315, "demPronRate": 0.02729528535980149, "adposRate": 0.009925558312655087, "multiplePunctRate": 0.034482758620689655, "partsDensityRate": 2.7761194029850746, "contentfulness": 8.08695652173913, "phraseRate": 0.0, "pastTenseNum": 15, "presentTenseNum": 30, "condNum": 2, "impNum": 8, "freqNum": 0, "causNum": 0, "modalNum": 1, "sg1VerbNum": 25, "sg2VerbNum": 4, "sg3VerbNum": 42, "pl1VerbNum": 0, "pl2VerbNum": 0, "pl3VerbNum": 5, "superlatNum": 0, "comparatNum": 0, "specDerivSuffixNum": 0, "pluralNounNum": 5, "pastTenseRate": 0.29411764705882354, "presentTenseRate": 0.5882352941176471, "condRate": 0.0392156862745098, "impRate": 0.1568627450980392, "freqRate": 0.0, "causRate": 0.0, "modalRate": 0.0196078431372549, "sg1VerbRate": 0.49019607843137253, "sg2VerbRate": 0.0784313725490196, "sg3VerbRate": 0.8235294117647058, "pl1VerbRate": 0.0, "pl2VerbRate": 0.0, "pl3VerbRate": 0.09803921568627451, "superlatRate": 0.0, "comparatRate": 0.0, "specDerivSuffixRate": 0.0, "pluralNounRate": 0.09259259259259259, "subjNum": 21, "objNum": 16, "attNum": 15, "subordNum": 21, "adverbNum": 58, "coordNum": 14, "clauseNum": 67, "simpleNum": 5, "complexNum": 18, "complexity1Num": 5, "complexity2Num": 6, "complexity3Num": 3, "compoundNum": 0, "subjRate": 0.052109181141439205, "objRate": 0.03970223325062035, "attRate": 0.03722084367245657, "subordRate": 0.052109181141439205, "adverbRate": 0.14392059553349876, "coordRate": 0.034739454094292806, "partsRate": 1.8507462686567164, "clauseRate": 2.9130434782608696, "simpleRate": 0.21739130434782608, "complexRate": 0.782608695652174, "complexity1Rate": 0.21739130434782608, "complexity2Rate": 0.2608695652173913, "complexity3Rate": 0.13043478260869565, "complexClauseRate": 3.4444444444444446, "sentencesPerParagraph": 0.0, "wordsLengthRate": 4.9905063291139244, "compoundRate": 0.0, "positiveNum": 0, "negativeNum": 0, "precoPositiveNum": 0, "precoNegativeNum": 0, "negemoNum": 0, "negationNum": 7, "functionNum": 217, "contentNum": 186, "vulgarNum": 0, "racistNum": 0, "specStyleNum": 0, "addressingNum": 0, "closingNum": 0, "postscriptNum": 0, "brutalNum": 0, "positiveRate": 0.0, "negativeRate": 0.0, "precoPositiveRate": 0.0, "precoNegativeRate": 0.0, "negemoRate": 0.0, "negationRate": 0.017369727047146403, "functionRate": 0.5384615384615384, "contentRate": 0.46153846153846156, "vulgarRate": 0.0, "racistRate": 0.0, "specStyleRate": 0.0, "addressingRate": 0.0, "closingRate": 0.0, "postscriptRate": 0.0, "brutalRate": 0.0, "epistemicNum": 0, "investNum": 0, "conditionNum": 0, "weaselNum": 0, "peacockNum": 0, "hedgeNum": 0, "doxasticNum": 0, "epistemicRate": 0.0, "investRate": 0.0, "conditionRate": 0.0, "weaselRate": 0.0, "peacockRate": 0.0, "hedgeRate": 0.0, "doxasticRate": 0.0, "loveNum": 0, "anxietyNum": 0, "sorrowNum": 0, "joyNum": 0, "disgustNum": 0, "fearNum": 0, "surpriseNum": 0, "angerNum": 0, "loveRate": 0.0, "anxietyRate": 0.0, "sorrowRate": 0.0, "joyRate": 0.0, "disgustRate": 0.0, "fearRate": 0.0, "surpriseRate": 0.0, "angerRate": 0.0, "slangBeGeneralNum": 0, "slangBeCigaretteNum": 0, "slangBeHumanNum": 0, "slangBeVehicleNum": 0, "slangBeDrugNum": 0, "slangBvNum": 0, "slangBeGeneralRate": 0.0, "slangBeCigaretteRate": 0.0, "slangBeHumanRate": 0.0, "slangBeVehicleRate": 0.0, "slangBeDrugRate": 0.0, "slangBvRate": 0.0, "speechactNum": 0, "quoteNum": 0, "dashNum": 0, "publicNum": 0, "privateNum": 0, "suasiveNum": 0, "discMarkerNum": 0, "smileyNum": 0, "dateNum": 1, "hesitationNum": 0, "restartNum": 0, "repeatNum": 3, "conjBeforeDiscNum": 0, "conjAfterDiscNum": 0, "wordBeforeHesitationNum": 0, "wordAfterHesitationNum": 0, "otherCollocationNum": 0, "speechactRate": 0.0, "quoteRate": 0.0, "dashRate": 0.0, "publicRate": 0.0, "privateRate": 0.0, "suasiveRate": 0.0, "discMarkerRate": 0.0, "smileyRate": 0.0, "dateRate": 0.0024813895781637717, "hesitationRate": 0.0, "restartRate": 0.0, "repeatRate": 0.007444168734491315, "conjBeforeDiscRate": 0.0, "conjAfterDiscRate": 0.0, "wordBeforeHesitationRate": 0.0, "wordAfterHesitationRate": 0.0, "otherCollocationRate": 0.0, "easyWordNum": 386, "hardWordNum": 17, "easyWordRate": 0.9578163771712159, "hardWordRate": 0.04218362282878412, "fleschReadingEaseScore": 85.55713453446974, "gunningFogIndex": 7.024576545474161, "fleschKincaidGradeLevel": 5.678713992879491, "colemanLiauIndex": 8.052136476426796, "smogIndex": 7.42949916751922, "automatedReadabilityIndex": 6.404616463480419, "linsearWriteIndex": 1.2062789944977883, "author": "", "locationNameNum": 0, "locationNameRate": 0.0, "personNameNum": 1, "personNameRate": 0.0024813895781637717, "organizationNameNum": 1, "organizationNameRate": 0.0024813895781637717, "misspelledNum": 5, "misspelledRate": 0.01240694789081886, "missingAccentNum": 0, "missingAccentRate": 0.0, "foreignAccentNum": 0, "foreignAccentRate": 0.0, "wordConcatNum": 1, "wordConcatRate": 0.0024813895781637717, "jLyMistakeNum": 0, "jLyMistakeRate": 0.0, "freqSuffixNum": 0, "partsNum": 124, "privateVNum": 0, "publicVNum": 0, "clauseWordNum": 67}