{"tokenNum": 429, "sentenceNum": 21, "lemmaNum": 209, "lemmaRate": 0.48717948717948717, "sentenceLength": 20.428571428571427, "allUpperNum": 4, "firstUpperNum": 28, "allUpperRate": 0.009324009324009324, "firstUpperRate": 0.06526806526806526, "declarSentNum": 21, "imperSentNum": 0, "questionNum": 0, "declarSentRate": 1.0, "imperSentRate": 0.0, "questionRate": 0.0, "accent": true, "saturation": 3.6666666666666665, "paragraphNum": 0, "nounNum": 75, "verbNum": 59, "adjNum": 29, "infNum": 6, "partPastNum": 2, "partPresNum": 3, "partFutNum": 0, "transNum": 1, "xNum": 21, "advNum": 55, "properNounNum": 10, "numNum": 8, "conjNum": 41, "punctNum": 72, "pronNum": 35, "relPronNum": 6, "demPronNum": 31, "adposNum": 2, "multiplePunctNum": 3, "phraseNum": 0, "nounRate": 0.17482517482517482, "verbRate": 0.13752913752913754, "adjRate": 0.0675990675990676, "infRate": 0.013986013986013986, "partPastRate": 0.004662004662004662, "partPresRate": 0.006993006993006993, "partFutRate": 0.0, "transRate": 0.002331002331002331, "xRate": 0.04895104895104895, "advRate": 0.1282051282051282, "properNounRate": 0.023310023310023312, "numRate": 0.018648018648018648, "conjRate": 0.09557109557109557, "punctRate": 0.16783216783216784, "pronRate": 0.08158508158508158, "relPronRate": 0.013986013986013986, "demPronRate": 0.07226107226107226, "adposRate": 0.004662004662004662, "multiplePunctRate": 0.041666666666666664, "partsDensityRate": 3.824561403508772, "contentfulness": 10.380952380952381, "phraseRate": 0.0, "pastTenseNum": 7, "presentTenseNum": 46, "condNum": 12, "impNum": 4, "freqNum": 0, "causNum": 0, "modalNum": 7, "sg1VerbNum": 9, "sg2VerbNum": 0, "sg3VerbNum": 71, "pl1VerbNum": 3, "pl2VerbNum": 0, "pl3VerbNum": 9, "superlatNum": 0, "comparatNum": 1, "specDerivSuffixNum": 0, "pluralNounNum": 15, "pastTenseRate": 0.11864406779661017, "presentTenseRate": 0.7796610169491526, "condRate": 0.2033898305084746, "impRate": 0.06779661016949153, "freqRate": 0.0, "causRate": 0.0, "modalRate": 0.11864406779661017, "sg1VerbRate": 0.15254237288135594, "sg2VerbRate": 0.0, "sg3VerbRate": 1.2033898305084745, "pl1VerbRate": 0.05084745762711865, "pl2VerbRate": 0.0, "pl3VerbRate": 0.15254237288135594, "superlatRate": 0.0, "comparatRate": 0.034482758620689655, "specDerivSuffixRate": 0.0, "pluralNounRate": 0.2, "subjNum": 36, "objNum": 23, "attNum": 18, "subordNum": 24, "adverbNum": 71, "coordNum": 13, "clauseNum": 57, "simpleNum": 4, "complexNum": 17, "complexity1Num": 5, "complexity2Num": 7, "complexity3Num": 3, "compoundNum": 0, "subjRate": 0.08391608391608392, "objRate": 0.053613053613053616, "attRate": 0.04195804195804196, "subordRate": 0.055944055944055944, "adverbRate": 0.1655011655011655, "coordRate": 0.030303030303030304, "partsRate": 2.824561403508772, "clauseRate": 2.7142857142857144, "simpleRate": 0.19047619047619047, "complexRate": 0.8095238095238095, "complexity1Rate": 0.23809523809523808, "complexity2Rate": 0.3333333333333333, "complexity3Rate": 0.14285714285714285, "complexClauseRate": 3.1176470588235294, "sentencesPerParagraph": 0.0, "wordsLengthRate": 5.2296918767507, "compoundRate": 0.0, "positiveNum": 0, "negativeNum": 0, "precoPositiveNum": 0, "precoNegativeNum": 0, "negemoNum": 0, "negationNum": 18, "functionNum": 211, "contentNum": 218, "vulgarNum": 0, "racistNum": 0, "specStyleNum": 0, "addressingNum": 0, "closingNum": 0, "postscriptNum": 0, "brutalNum": 0, "positiveRate": 0.0, "negativeRate": 0.0, "precoPositiveRate": 0.0, "precoNegativeRate": 0.0, "negemoRate": 0.0, "negationRate": 0.04195804195804196, "functionRate": 0.49184149184149184, "contentRate": 0.5081585081585082, "vulgarRate": 0.0, "racistRate": 0.0, "specStyleRate": 0.0, "addressingRate": 0.0, "closingRate": 0.0, "postscriptRate": 0.0, "brutalRate": 0.0, "epistemicNum": 0, "investNum": 0, "conditionNum": 0, "weaselNum": 0, "peacockNum": 0, "hedgeNum": 0, "doxasticNum": 0, "epistemicRate": 0.0, "investRate": 0.0, "conditionRate": 0.0, "weaselRate": 0.0, "peacockRate": 0.0, "hedgeRate": 0.0, "doxasticRate": 0.0, "loveNum": 0, "anxietyNum": 0, "sorrowNum": 0, "joyNum": 0, "disgustNum": 0, "fearNum": 0, "surpriseNum": 0, "angerNum": 0, "loveRate": 0.0, "anxietyRate": 0.0, "sorrowRate": 0.0, "joyRate": 0.0, "disgustRate": 0.0, "fearRate": 0.0, "surpriseRate": 0.0, "angerRate": 0.0, "slangBeGeneralNum": 0, "slangBeCigaretteNum": 0, "slangBeHumanNum": 0, "slangBeVehicleNum": 0, "slangBeDrugNum": 0, "slangBvNum": 0, "slangBeGeneralRate": 0.0, "slangBeCigaretteRate": 0.0, "slangBeHumanRate": 0.0, "slangBeVehicleRate": 0.0, "slangBeDrugRate": 0.0, "slangBvRate": 0.0, "speechactNum": 0, "quoteNum": 0, "dashNum": 0, "publicNum": 0, "privateNum": 0, "suasiveNum": 0, "discMarkerNum": 0, "smileyNum": 0, "dateNum": 0, "hesitationNum": 0, "restartNum": 0, "repeatNum": 0, "conjBeforeDiscNum": 0, "conjAfterDiscNum": 0, "wordBeforeHesitationNum": 0, "wordAfterHesitationNum": 0, "otherCollocationNum": 0, "speechactRate": 0.0, "quoteRate": 0.0, "dashRate": 0.0, "publicRate": 0.0, "privateRate": 0.0, "suasiveRate": 0.0, "discMarkerRate": 0.0, "smileyRate": 0.0, "dateRate": 0.0, "hesitationRate": 0.0, "restartRate": 0.0, "repeatRate": 0.0, "conjBeforeDiscRate": 0.0, "conjAfterDiscRate": 0.0, "wordBeforeHesitationRate": 0.0, "wordAfterHesitationRate": 0.0, "otherCollocationRate": 0.0, "easyWordNum": 389, "hardWordNum": 40, "easyWordRate": 0.9067599067599068, "hardWordRate": 0.09324009324009325, "fleschReadingEaseScore": 61.66503496503499, "gunningFogIndex": 8.208724608724609, "fleschKincaidGradeLevel": 9.733320013320014, "colemanLiauIndex": 10.546962703962702, "smogIndex": 9.725611199111238, "automatedReadabilityIndex": 9.85302697302697, "linsearWriteIndex": 1.7139527139527138, "author": "", "locationNameNum": 0, "locationNameRate": 0.0, "personNameNum": 3, "personNameRate": 0.006993006993006993, "organizationNameNum": 1, "organizationNameRate": 0.002331002331002331, "misspelledNum": 115, "misspelledRate": 0.2680652680652681, "missingAccentNum": 108, "missingAccentRate": 0.2517482517482518, "foreignAccentNum": 0, "foreignAccentRate": 0.0, "wordConcatNum": 1, "wordConcatRate": 0.002331002331002331, "jLyMistakeNum": 0, "jLyMistakeRate": 0.0, "freqSuffixNum": 0, "partsNum": 161, "privateVNum": 0, "publicVNum": 0, "clauseWordNum": 57}