{"tokenNum": 345, "sentenceNum": 22, "lemmaNum": 156, "lemmaRate": 0.45217391304347826, "sentenceLength": 15.681818181818182, "allUpperNum": 0, "firstUpperNum": 29, "allUpperRate": 0.0, "firstUpperRate": 0.08405797101449275, "declarSentNum": 22, "imperSentNum": 0, "questionNum": 0, "declarSentRate": 1.0, "imperSentRate": 0.0, "questionRate": 0.0, "accent": true, "saturation": 2.8363636363636364, "paragraphNum": 0, "nounNum": 59, "verbNum": 56, "adjNum": 21, "infNum": 6, "partPastNum": 1, "partPresNum": 1, "partFutNum": 0, "transNum": 1, "xNum": 22, "advNum": 47, "properNounNum": 9, "numNum": 2, "conjNum": 28, "punctNum": 69, "pronNum": 22, "relPronNum": 4, "demPronNum": 14, "adposNum": 0, "multiplePunctNum": 0, "phraseNum": 0, "nounRate": 0.17101449275362318, "verbRate": 0.16231884057971013, "adjRate": 0.06086956521739131, "infRate": 0.017391304347826087, "partPastRate": 0.002898550724637681, "partPresRate": 0.002898550724637681, "partFutRate": 0.0, "transRate": 0.002898550724637681, "xRate": 0.06376811594202898, "advRate": 0.13623188405797101, "properNounRate": 0.02608695652173913, "numRate": 0.005797101449275362, "conjRate": 0.08115942028985507, "punctRate": 0.2, "pronRate": 0.06376811594202898, "relPronRate": 0.011594202898550725, "demPronRate": 0.04057971014492753, "adposRate": 0.0, "multiplePunctRate": 0.0, "partsDensityRate": 3.327272727272727, "contentfulness": 8.318181818181818, "phraseRate": 0.0, "pastTenseNum": 12, "presentTenseNum": 38, "condNum": 3, "impNum": 8, "freqNum": 0, "causNum": 0, "modalNum": 1, "sg1VerbNum": 23, "sg2VerbNum": 6, "sg3VerbNum": 39, "pl1VerbNum": 2, "pl2VerbNum": 0, "pl3VerbNum": 3, "superlatNum": 0, "comparatNum": 2, "specDerivSuffixNum": 0, "pluralNounNum": 4, "pastTenseRate": 0.21428571428571427, "presentTenseRate": 0.6785714285714286, "condRate": 0.05357142857142857, "impRate": 0.14285714285714285, "freqRate": 0.0, "causRate": 0.0, "modalRate": 0.017857142857142856, "sg1VerbRate": 0.4107142857142857, "sg2VerbRate": 0.10714285714285714, "sg3VerbRate": 0.6964285714285714, "pl1VerbRate": 0.03571428571428571, "pl2VerbRate": 0.0, "pl3VerbRate": 0.05357142857142857, "superlatRate": 0.0, "comparatRate": 0.09523809523809523, "specDerivSuffixRate": 0.0, "pluralNounRate": 0.06779661016949153, "subjNum": 20, "objNum": 12, "attNum": 11, "subordNum": 17, "adverbNum": 62, "coordNum": 23, "clauseNum": 55, "simpleNum": 8, "complexNum": 14, "complexity1Num": 4, "complexity2Num": 5, "complexity3Num": 2, "compoundNum": 0, "subjRate": 0.057971014492753624, "objRate": 0.034782608695652174, "attRate": 0.03188405797101449, "subordRate": 0.04927536231884058, "adverbRate": 0.17971014492753623, "coordRate": 0.06666666666666667, "partsRate": 2.327272727272727, "clauseRate": 2.5, "simpleRate": 0.36363636363636365, "complexRate": 0.6363636363636364, "complexity1Rate": 0.18181818181818182, "complexity2Rate": 0.22727272727272727, "complexity3Rate": 0.09090909090909091, "complexClauseRate": 3.357142857142857, "sentencesPerParagraph": 0.0, "wordsLengthRate": 5.420289855072464, "compoundRate": 0.0, "positiveNum": 0, "negativeNum": 0, "precoPositiveNum": 0, "precoNegativeNum": 0, "negemoNum": 0, "negationNum": 21, "functionNum": 162, "contentNum": 183, "vulgarNum": 0, "racistNum": 0, "specStyleNum": 0, "addressingNum": 0, "closingNum": 0, "postscriptNum": 0, "brutalNum": 0, "positiveRate": 0.0, "negativeRate": 0.0, "precoPositiveRate": 0.0, "precoNegativeRate": 0.0, "negemoRate": 0.0, "negationRate": 0.06086956521739131, "functionRate": 0.46956521739130436, "contentRate": 0.5304347826086957, "vulgarRate": 0.0, "racistRate": 0.0, "specStyleRate": 0.0, "addressingRate": 0.0, "closingRate": 0.0, "postscriptRate": 0.0, "brutalRate": 0.0, "epistemicNum": 0, "investNum": 0, "conditionNum": 0, "weaselNum": 0, "peacockNum": 0, "hedgeNum": 0, "doxasticNum": 0, "epistemicRate": 0.0, "investRate": 0.0, "conditionRate": 0.0, "weaselRate": 0.0, "peacockRate": 0.0, "hedgeRate": 0.0, "doxasticRate": 0.0, "loveNum": 0, "anxietyNum": 0, "sorrowNum": 0, "joyNum": 0, "disgustNum": 0, "fearNum": 0, "surpriseNum": 0, "angerNum": 0, "loveRate": 0.0, "anxietyRate": 0.0, "sorrowRate": 0.0, "joyRate": 0.0, "disgustRate": 0.0, "fearRate": 0.0, "surpriseRate": 0.0, "angerRate": 0.0, "slangBeGeneralNum": 0, "slangBeCigaretteNum": 0, "slangBeHumanNum": 0, "slangBeVehicleNum": 0, "slangBeDrugNum": 0, "slangBvNum": 0, "slangBeGeneralRate": 0.0, "slangBeCigaretteRate": 0.0, "slangBeHumanRate": 0.0, "slangBeVehicleRate": 0.0, "slangBeDrugRate": 0.0, "slangBvRate": 0.0, "speechactNum": 0, "quoteNum": 0, "dashNum": 0, "publicNum": 0, "privateNum": 0, "suasiveNum": 0, "discMarkerNum": 0, "smileyNum": 0, "dateNum": 0, "hesitationNum": 0, "restartNum": 0, "repeatNum": 0, "conjBeforeDiscNum": 0, "conjAfterDiscNum": 0, "wordBeforeHesitationNum": 0, "wordAfterHesitationNum": 0, "otherCollocationNum": 0, "speechactRate": 0.0, "quoteRate": 0.0, "dashRate": 0.0, "publicRate": 0.0, "privateRate": 0.0, "suasiveRate": 0.0, "discMarkerRate": 0.0, "smileyRate": 0.0, "dateRate": 0.0, "hesitationRate": 0.0, "restartRate": 0.0, "repeatRate": 0.0, "conjBeforeDiscRate": 0.0, "conjAfterDiscRate": 0.0, "wordBeforeHesitationRate": 0.0, "wordAfterHesitationRate": 0.0, "otherCollocationRate": 0.0, "easyWordNum": 318, "hardWordNum": 27, "easyWordRate": 0.9217391304347826, "hardWordRate": 0.0782608695652174, "fleschReadingEaseScore": 73.21360671936762, "gunningFogIndex": 6.30403162055336, "fleschKincaidGradeLevel": 6.943300395256919, "colemanLiauIndex": 10.457257971014489, "smogIndex": 8.548686976883017, "automatedReadabilityIndex": 7.407952569169957, "linsearWriteIndex": 1.4835309617918315, "author": "", "locationNameNum": 0, "locationNameRate": 0.0, "personNameNum": 9, "personNameRate": 0.02608695652173913, "organizationNameNum": 0, "organizationNameRate": 0.0, "misspelledNum": 8, "misspelledRate": 0.02318840579710145, "missingAccentNum": 0, "missingAccentRate": 0.0, "foreignAccentNum": 0, "foreignAccentRate": 0.0, "wordConcatNum": 1, "wordConcatRate": 0.002898550724637681, "jLyMistakeNum": 0, "jLyMistakeRate": 0.0, "freqSuffixNum": 0, "partsNum": 128, "privateVNum": 0, "publicVNum": 0, "clauseWordNum": 55}