{"tokenNum": 328, "sentenceNum": 22, "lemmaNum": 192, "lemmaRate": 0.5853658536585366, "sentenceLength": 14.909090909090908, "allUpperNum": 6, "firstUpperNum": 29, "allUpperRate": 0.018292682926829267, "firstUpperRate": 0.08841463414634146, "declarSentNum": 20, "imperSentNum": 2, "questionNum": 0, "declarSentRate": 0.9090909090909091, "imperSentRate": 0.09090909090909091, "questionRate": 0.0, "accent": true, "saturation": 3.9183673469387754, "paragraphNum": 0, "nounNum": 85, "verbNum": 24, "adjNum": 47, "infNum": 1, "partPastNum": 4, "partPresNum": 2, "partFutNum": 0, "transNum": 0, "xNum": 18, "advNum": 15, "properNounNum": 0, "numNum": 16, "conjNum": 11, "punctNum": 51, "pronNum": 6, "relPronNum": 3, "demPronNum": 4, "adposNum": 6, "multiplePunctNum": 1, "phraseNum": 0, "nounRate": 0.25914634146341464, "verbRate": 0.07317073170731707, "adjRate": 0.14329268292682926, "infRate": 0.003048780487804878, "partPastRate": 0.012195121951219513, "partPresRate": 0.006097560975609756, "partFutRate": 0.0, "transRate": 0.0, "xRate": 0.054878048780487805, "advRate": 0.04573170731707317, "properNounRate": 0.0, "numRate": 0.04878048780487805, "conjRate": 0.03353658536585366, "punctRate": 0.15548780487804878, "pronRate": 0.018292682926829267, "relPronRate": 0.009146341463414634, "demPronRate": 0.012195121951219513, "adposRate": 0.018292682926829267, "multiplePunctRate": 0.0196078431372549, "partsDensityRate": 3.489795918367347, "contentfulness": 7.7727272727272725, "phraseRate": 0.0, "pastTenseNum": 12, "presentTenseNum": 11, "condNum": 0, "impNum": 1, "freqNum": 0, "causNum": 0, "modalNum": 1, "sg1VerbNum": 0, "sg2VerbNum": 0, "sg3VerbNum": 19, "pl1VerbNum": 1, "pl2VerbNum": 1, "pl3VerbNum": 10, "superlatNum": 1, "comparatNum": 1, "specDerivSuffixNum": 0, "pluralNounNum": 17, "pastTenseRate": 0.5, "presentTenseRate": 0.4583333333333333, "condRate": 0.0, "impRate": 0.041666666666666664, "freqRate": 0.0, "causRate": 0.0, "modalRate": 0.041666666666666664, "sg1VerbRate": 0.0, "sg2VerbRate": 0.0, "sg3VerbRate": 0.7916666666666666, "pl1VerbRate": 0.041666666666666664, "pl2VerbRate": 0.041666666666666664, "pl3VerbRate": 0.4166666666666667, "superlatRate": 0.02127659574468085, "comparatRate": 0.02127659574468085, "specDerivSuffixRate": 0.0, "pluralNounRate": 0.2, "subjNum": 20, "objNum": 14, "attNum": 28, "subordNum": 8, "adverbNum": 19, "coordNum": 12, "clauseNum": 49, "simpleNum": 6, "complexNum": 16, "complexity1Num": 9, "complexity2Num": 6, "complexity3Num": 0, "compoundNum": 0, "subjRate": 0.06097560975609756, "objRate": 0.042682926829268296, "attRate": 0.08536585365853659, "subordRate": 0.024390243902439025, "adverbRate": 0.057926829268292686, "coordRate": 0.036585365853658534, "partsRate": 1.8979591836734695, "clauseRate": 2.227272727272727, "simpleRate": 0.2727272727272727, "complexRate": 0.7272727272727273, "complexity1Rate": 0.4090909090909091, "complexity2Rate": 0.2727272727272727, "complexity3Rate": 0.0, "complexClauseRate": 2.6875, "sentencesPerParagraph": 0.0, "wordsLengthRate": 6.061371841155235, "compoundRate": 0.0, "positiveNum": 0, "negativeNum": 0, "precoPositiveNum": 0, "precoNegativeNum": 0, "negemoNum": 0, "negationNum": 3, "functionNum": 157, "contentNum": 171, "vulgarNum": 0, "racistNum": 0, "specStyleNum": 0, "addressingNum": 0, "closingNum": 0, "postscriptNum": 0, "brutalNum": 0, "positiveRate": 0.0, "negativeRate": 0.0, "precoPositiveRate": 0.0, "precoNegativeRate": 0.0, "negemoRate": 0.0, "negationRate": 0.009146341463414634, "functionRate": 0.47865853658536583, "contentRate": 0.5213414634146342, "vulgarRate": 0.0, "racistRate": 0.0, "specStyleRate": 0.0, "addressingRate": 0.0, "closingRate": 0.0, "postscriptRate": 0.0, "brutalRate": 0.0, "epistemicNum": 0, "investNum": 0, "conditionNum": 0, "weaselNum": 0, "peacockNum": 0, "hedgeNum": 0, "doxasticNum": 0, "epistemicRate": 0.0, "investRate": 0.0, "conditionRate": 0.0, "weaselRate": 0.0, "peacockRate": 0.0, "hedgeRate": 0.0, "doxasticRate": 0.0, "loveNum": 0, "anxietyNum": 0, "sorrowNum": 0, "joyNum": 0, "disgustNum": 0, "fearNum": 0, "surpriseNum": 0, "angerNum": 0, "loveRate": 0.0, "anxietyRate": 0.0, "sorrowRate": 0.0, "joyRate": 0.0, "disgustRate": 0.0, "fearRate": 0.0, "surpriseRate": 0.0, "angerRate": 0.0, "slangBeGeneralNum": 0, "slangBeCigaretteNum": 0, "slangBeHumanNum": 0, "slangBeVehicleNum": 0, "slangBeDrugNum": 0, "slangBvNum": 0, "slangBeGeneralRate": 0.0, "slangBeCigaretteRate": 0.0, "slangBeHumanRate": 0.0, "slangBeVehicleRate": 0.0, "slangBeDrugRate": 0.0, "slangBvRate": 0.0, "speechactNum": 0, "quoteNum": 0, "dashNum": 0, "publicNum": 0, "privateNum": 0, "suasiveNum": 0, "discMarkerNum": 0, "smileyNum": 0, "dateNum": 0, "hesitationNum": 0, "restartNum": 0, "repeatNum": 7, "conjBeforeDiscNum": 0, "conjAfterDiscNum": 0, "wordBeforeHesitationNum": 0, "wordAfterHesitationNum": 0, "otherCollocationNum": 0, "speechactRate": 0.0, "quoteRate": 0.0, "dashRate": 0.0, "publicRate": 0.0, "privateRate": 0.0, "suasiveRate": 0.0, "discMarkerRate": 0.0, "smileyRate": 0.0, "dateRate": 0.0, "hesitationRate": 0.0, "restartRate": 0.0, "repeatRate": 0.021341463414634148, "conjBeforeDiscRate": 0.0, "conjAfterDiscRate": 0.0, "wordBeforeHesitationRate": 0.0, "wordAfterHesitationRate": 0.0, "otherCollocationRate": 0.0, "easyWordNum": 283, "hardWordNum": 45, "easyWordRate": 0.8628048780487805, "hardWordRate": 0.13719512195121952, "fleschReadingEaseScore": 50.61629711751664, "gunningFogIndex": 6.0185144124168515, "fleschKincaidGradeLevel": 9.90320399113082, "colemanLiauIndex": 14.960682926829264, "smogIndex": 10.125756701596842, "automatedReadabilityIndex": 10.622807649667408, "linsearWriteIndex": 1.7716186252771617, "author": "", "locationNameNum": 0, "locationNameRate": 0.0, "personNameNum": 0, "personNameRate": 0.0, "organizationNameNum": 0, "organizationNameRate": 0.0, "misspelledNum": 19, "misspelledRate": 0.057926829268292686, "missingAccentNum": 15, "missingAccentRate": 0.04573170731707317, "foreignAccentNum": 0, "foreignAccentRate": 0.0, "wordConcatNum": 2, "wordConcatRate": 0.006097560975609756, "jLyMistakeNum": 0, "jLyMistakeRate": 0.0, "freqSuffixNum": 0, "partsNum": 93, "privateVNum": 0, "publicVNum": 0, "clauseWordNum": 49}