{"tokenNum": 336, "sentenceNum": 19, "lemmaNum": 188, "lemmaRate": 0.5595238095238095, "sentenceLength": 17.68421052631579, "allUpperNum": 1, "firstUpperNum": 35, "allUpperRate": 0.002976190476190476, "firstUpperRate": 0.10416666666666667, "declarSentNum": 19, "imperSentNum": 0, "questionNum": 0, "declarSentRate": 1.0, "imperSentRate": 0.0, "questionRate": 0.0, "accent": true, "saturation": 3.9166666666666665, "paragraphNum": 0, "nounNum": 72, "verbNum": 34, "adjNum": 29, "infNum": 4, "partPastNum": 1, "partPresNum": 2, "partFutNum": 0, "transNum": 1, "xNum": 18, "advNum": 41, "properNounNum": 17, "numNum": 3, "conjNum": 28, "punctNum": 53, "pronNum": 21, "relPronNum": 5, "demPronNum": 10, "adposNum": 4, "multiplePunctNum": 1, "phraseNum": 0, "nounRate": 0.21428571428571427, "verbRate": 0.10119047619047619, "adjRate": 0.08630952380952381, "infRate": 0.011904761904761904, "partPastRate": 0.002976190476190476, "partPresRate": 0.005952380952380952, "partFutRate": 0.0, "transRate": 0.002976190476190476, "xRate": 0.05357142857142857, "advRate": 0.12202380952380952, "properNounRate": 0.050595238095238096, "numRate": 0.008928571428571428, "conjRate": 0.08333333333333333, "punctRate": 0.15773809523809523, "pronRate": 0.0625, "relPronRate": 0.01488095238095238, "demPronRate": 0.02976190476190476, "adposRate": 0.011904761904761904, "multiplePunctRate": 0.018867924528301886, "partsDensityRate": 3.6666666666666665, "contentfulness": 9.263157894736842, "phraseRate": 0.0, "pastTenseNum": 11, "presentTenseNum": 19, "condNum": 1, "impNum": 0, "freqNum": 0, "causNum": 0, "modalNum": 6, "sg1VerbNum": 8, "sg2VerbNum": 0, "sg3VerbNum": 38, "pl1VerbNum": 0, "pl2VerbNum": 1, "pl3VerbNum": 4, "superlatNum": 0, "comparatNum": 2, "specDerivSuffixNum": 0, "pluralNounNum": 13, "pastTenseRate": 0.3235294117647059, "presentTenseRate": 0.5588235294117647, "condRate": 0.029411764705882353, "impRate": 0.0, "freqRate": 0.0, "causRate": 0.0, "modalRate": 0.17647058823529413, "sg1VerbRate": 0.23529411764705882, "sg2VerbRate": 0.0, "sg3VerbRate": 1.1176470588235294, "pl1VerbRate": 0.0, "pl2VerbRate": 0.029411764705882353, "pl3VerbRate": 0.11764705882352941, "superlatRate": 0.0, "comparatRate": 0.06896551724137931, "specDerivSuffixRate": 0.0, "pluralNounRate": 0.18055555555555555, "subjNum": 25, "objNum": 15, "attNum": 18, "subordNum": 12, "adverbNum": 41, "coordNum": 11, "clauseNum": 48, "simpleNum": 5, "complexNum": 14, "complexity1Num": 7, "complexity2Num": 2, "complexity3Num": 2, "compoundNum": 0, "subjRate": 0.0744047619047619, "objRate": 0.044642857142857144, "attRate": 0.05357142857142857, "subordRate": 0.03571428571428571, "adverbRate": 0.12202380952380952, "coordRate": 0.03273809523809524, "partsRate": 2.2916666666666665, "clauseRate": 2.526315789473684, "simpleRate": 0.2631578947368421, "complexRate": 0.7368421052631579, "complexity1Rate": 0.3684210526315789, "complexity2Rate": 0.10526315789473684, "complexity3Rate": 0.10526315789473684, "complexClauseRate": 3.0714285714285716, "sentencesPerParagraph": 0.0, "wordsLengthRate": 5.522968197879859, "compoundRate": 0.0, "positiveNum": 0, "negativeNum": 0, "precoPositiveNum": 0, "precoNegativeNum": 0, "negemoNum": 0, "negationNum": 9, "functionNum": 160, "contentNum": 176, "vulgarNum": 0, "racistNum": 0, "specStyleNum": 0, "addressingNum": 0, "closingNum": 0, "postscriptNum": 0, "brutalNum": 0, "positiveRate": 0.0, "negativeRate": 0.0, "precoPositiveRate": 0.0, "precoNegativeRate": 0.0, "negemoRate": 0.0, "negationRate": 0.026785714285714284, "functionRate": 0.47619047619047616, "contentRate": 0.5238095238095238, "vulgarRate": 0.0, "racistRate": 0.0, "specStyleRate": 0.0, "addressingRate": 0.0, "closingRate": 0.0, "postscriptRate": 0.0, "brutalRate": 0.0, "epistemicNum": 0, "investNum": 0, "conditionNum": 0, "weaselNum": 0, "peacockNum": 0, "hedgeNum": 0, "doxasticNum": 0, "epistemicRate": 0.0, "investRate": 0.0, "conditionRate": 0.0, "weaselRate": 0.0, "peacockRate": 0.0, "hedgeRate": 0.0, "doxasticRate": 0.0, "loveNum": 0, "anxietyNum": 0, "sorrowNum": 0, "joyNum": 0, "disgustNum": 0, "fearNum": 0, "surpriseNum": 0, "angerNum": 0, "loveRate": 0.0, "anxietyRate": 0.0, "sorrowRate": 0.0, "joyRate": 0.0, "disgustRate": 0.0, "fearRate": 0.0, "surpriseRate": 0.0, "angerRate": 0.0, "slangBeGeneralNum": 0, "slangBeCigaretteNum": 0, "slangBeHumanNum": 0, "slangBeVehicleNum": 0, "slangBeDrugNum": 0, "slangBvNum": 0, "slangBeGeneralRate": 0.0, "slangBeCigaretteRate": 0.0, "slangBeHumanRate": 0.0, "slangBeVehicleRate": 0.0, "slangBeDrugRate": 0.0, "slangBvRate": 0.0, "speechactNum": 0, "quoteNum": 0, "dashNum": 0, "publicNum": 0, "privateNum": 0, "suasiveNum": 0, "discMarkerNum": 0, "smileyNum": 0, "dateNum": 1, "hesitationNum": 0, "restartNum": 0, "repeatNum": 0, "conjBeforeDiscNum": 0, "conjAfterDiscNum": 0, "wordBeforeHesitationNum": 0, "wordAfterHesitationNum": 0, "otherCollocationNum": 0, "speechactRate": 0.0, "quoteRate": 0.0, "dashRate": 0.0, "publicRate": 0.0, "privateRate": 0.0, "suasiveRate": 0.0, "discMarkerRate": 0.0, "smileyRate": 0.0, "dateRate": 0.002976190476190476, "hesitationRate": 0.0, "restartRate": 0.0, "repeatRate": 0.0, "conjBeforeDiscRate": 0.0, "conjAfterDiscRate": 0.0, "wordBeforeHesitationRate": 0.0, "wordAfterHesitationRate": 0.0, "otherCollocationRate": 0.0, "easyWordNum": 302, "hardWordNum": 34, "easyWordRate": 0.8988095238095238, "hardWordRate": 0.10119047619047619, "fleschReadingEaseScore": 53.173026315789485, "gunningFogIndex": 7.112969924812031, "fleschKincaidGradeLevel": 10.236008771929825, "colemanLiauIndex": 12.142270833333331, "smogIndex": 9.210782826323648, "automatedReadabilityIndex": 9.756569548872179, "linsearWriteIndex": 2.023182957393484, "author": "", "locationNameNum": 0, "locationNameRate": 0.0, "personNameNum": 6, "personNameRate": 0.017857142857142856, "organizationNameNum": 0, "organizationNameRate": 0.0, "misspelledNum": 7, "misspelledRate": 0.020833333333333332, "missingAccentNum": 4, "missingAccentRate": 0.011904761904761904, "foreignAccentNum": 0, "foreignAccentRate": 0.0, "wordConcatNum": 1, "wordConcatRate": 0.002976190476190476, "jLyMistakeNum": 0, "jLyMistakeRate": 0.0, "freqSuffixNum": 0, "partsNum": 110, "privateVNum": 0, "publicVNum": 0, "clauseWordNum": 48}