{"tokenNum": 324, "sentenceNum": 11, "lemmaNum": 177, "lemmaRate": 0.5462962962962963, "sentenceLength": 29.454545454545453, "allUpperNum": 4, "firstUpperNum": 25, "allUpperRate": 0.012345679012345678, "firstUpperRate": 0.07716049382716049, "declarSentNum": 11, "imperSentNum": 0, "questionNum": 0, "declarSentRate": 1.0, "imperSentRate": 0.0, "questionRate": 0.0, "accent": true, "saturation": 4.657894736842105, "paragraphNum": 0, "nounNum": 68, "verbNum": 44, "adjNum": 42, "infNum": 4, "partPastNum": 0, "partPresNum": 2, "partFutNum": 0, "transNum": 0, "xNum": 9, "advNum": 21, "properNounNum": 7, "numNum": 1, "conjNum": 27, "punctNum": 43, "pronNum": 34, "relPronNum": 8, "demPronNum": 20, "adposNum": 5, "multiplePunctNum": 2, "phraseNum": 0, "nounRate": 0.20987654320987653, "verbRate": 0.13580246913580246, "adjRate": 0.12962962962962962, "infRate": 0.012345679012345678, "partPastRate": 0.0, "partPresRate": 0.006172839506172839, "partFutRate": 0.0, "transRate": 0.0, "xRate": 0.027777777777777776, "advRate": 0.06481481481481481, "properNounRate": 0.021604938271604937, "numRate": 0.0030864197530864196, "conjRate": 0.08333333333333333, "punctRate": 0.13271604938271606, "pronRate": 0.10493827160493827, "relPronRate": 0.024691358024691357, "demPronRate": 0.06172839506172839, "adposRate": 0.015432098765432098, "multiplePunctRate": 0.046511627906976744, "partsDensityRate": 4.605263157894737, "contentfulness": 15.909090909090908, "phraseRate": 0.0, "pastTenseNum": 7, "presentTenseNum": 33, "condNum": 1, "impNum": 2, "freqNum": 0, "causNum": 0, "modalNum": 3, "sg1VerbNum": 11, "sg2VerbNum": 0, "sg3VerbNum": 52, "pl1VerbNum": 1, "pl2VerbNum": 0, "pl3VerbNum": 12, "superlatNum": 0, "comparatNum": 1, "specDerivSuffixNum": 0, "pluralNounNum": 19, "pastTenseRate": 0.1590909090909091, "presentTenseRate": 0.75, "condRate": 0.022727272727272728, "impRate": 0.045454545454545456, "freqRate": 0.0, "causRate": 0.0, "modalRate": 0.06818181818181818, "sg1VerbRate": 0.25, "sg2VerbRate": 0.0, "sg3VerbRate": 1.1818181818181819, "pl1VerbRate": 0.022727272727272728, "pl2VerbRate": 0.0, "pl3VerbRate": 0.2727272727272727, "superlatRate": 0.0, "comparatRate": 0.023809523809523808, "specDerivSuffixRate": 0.0, "pluralNounRate": 0.27941176470588236, "subjNum": 32, "objNum": 19, "attNum": 24, "subordNum": 17, "adverbNum": 30, "coordNum": 14, "clauseNum": 38, "simpleNum": 1, "complexNum": 10, "complexity1Num": 5, "complexity2Num": 1, "complexity3Num": 0, "compoundNum": 0, "subjRate": 0.09876543209876543, "objRate": 0.05864197530864197, "attRate": 0.07407407407407407, "subordRate": 0.05246913580246913, "adverbRate": 0.09259259259259259, "coordRate": 0.043209876543209874, "partsRate": 3.1315789473684212, "clauseRate": 3.4545454545454546, "simpleRate": 0.09090909090909091, "complexRate": 0.9090909090909091, "complexity1Rate": 0.45454545454545453, "complexity2Rate": 0.09090909090909091, "complexity3Rate": 0.0, "complexClauseRate": 3.7, "sentencesPerParagraph": 0.0, "wordsLengthRate": 5.701067615658363, "compoundRate": 0.0, "positiveNum": 0, "negativeNum": 0, "precoPositiveNum": 0, "precoNegativeNum": 0, "negemoNum": 0, "negationNum": 5, "functionNum": 149, "contentNum": 175, "vulgarNum": 0, "racistNum": 0, "specStyleNum": 0, "addressingNum": 0, "closingNum": 0, "postscriptNum": 0, "brutalNum": 0, "positiveRate": 0.0, "negativeRate": 0.0, "precoPositiveRate": 0.0, "precoNegativeRate": 0.0, "negemoRate": 0.0, "negationRate": 0.015432098765432098, "functionRate": 0.45987654320987653, "contentRate": 0.5401234567901234, "vulgarRate": 0.0, "racistRate": 0.0, "specStyleRate": 0.0, "addressingRate": 0.0, "closingRate": 0.0, "postscriptRate": 0.0, "brutalRate": 0.0, "epistemicNum": 0, "investNum": 0, "conditionNum": 0, "weaselNum": 0, "peacockNum": 0, "hedgeNum": 0, "doxasticNum": 0, "epistemicRate": 0.0, "investRate": 0.0, "conditionRate": 0.0, "weaselRate": 0.0, "peacockRate": 0.0, "hedgeRate": 0.0, "doxasticRate": 0.0, "loveNum": 0, "anxietyNum": 0, "sorrowNum": 0, "joyNum": 0, "disgustNum": 0, "fearNum": 0, "surpriseNum": 0, "angerNum": 0, "loveRate": 0.0, "anxietyRate": 0.0, "sorrowRate": 0.0, "joyRate": 0.0, "disgustRate": 0.0, "fearRate": 0.0, "surpriseRate": 0.0, "angerRate": 0.0, "slangBeGeneralNum": 0, "slangBeCigaretteNum": 0, "slangBeHumanNum": 0, "slangBeVehicleNum": 0, "slangBeDrugNum": 0, "slangBvNum": 0, "slangBeGeneralRate": 0.0, "slangBeCigaretteRate": 0.0, "slangBeHumanRate": 0.0, "slangBeVehicleRate": 0.0, "slangBeDrugRate": 0.0, "slangBvRate": 0.0, "speechactNum": 0, "quoteNum": 0, "dashNum": 0, "publicNum": 0, "privateNum": 0, "suasiveNum": 0, "discMarkerNum": 0, "smileyNum": 0, "dateNum": 0, "hesitationNum": 0, "restartNum": 0, "repeatNum": 0, "conjBeforeDiscNum": 0, "conjAfterDiscNum": 0, "wordBeforeHesitationNum": 0, "wordAfterHesitationNum": 0, "otherCollocationNum": 0, "speechactRate": 0.0, "quoteRate": 0.0, "dashRate": 0.0, "publicRate": 0.0, "privateRate": 0.0, "suasiveRate": 0.0, "discMarkerRate": 0.0, "smileyRate": 0.0, "dateRate": 0.0, "hesitationRate": 0.0, "restartRate": 0.0, "repeatRate": 0.0, "conjBeforeDiscRate": 0.0, "conjAfterDiscRate": 0.0, "wordBeforeHesitationRate": 0.0, "wordAfterHesitationRate": 0.0, "otherCollocationRate": 0.0, "easyWordNum": 300, "hardWordNum": 24, "easyWordRate": 0.9259259259259259, "hardWordRate": 0.07407407407407407, "fleschReadingEaseScore": 40.37752525252526, "gunningFogIndex": 11.811447811447811, "fleschKincaidGradeLevel": 14.944803591470258, "colemanLiauIndex": 14.231626543209877, "smogIndex": 8.238735603445708, "automatedReadabilityIndex": 17.312457912457916, "linsearWriteIndex": 4.106621773288439, "author": "", "locationNameNum": 0, "locationNameRate": 0.0, "personNameNum": 3, "personNameRate": 0.009259259259259259, "organizationNameNum": 0, "organizationNameRate": 0.0, "misspelledNum": 7, "misspelledRate": 0.021604938271604937, "missingAccentNum": 2, "missingAccentRate": 0.006172839506172839, "foreignAccentNum": 0, "foreignAccentRate": 0.0, "wordConcatNum": 3, "wordConcatRate": 0.009259259259259259, "jLyMistakeNum": 0, "jLyMistakeRate": 0.0, "freqSuffixNum": 0, "partsNum": 119, "privateVNum": 0, "publicVNum": 0, "clauseWordNum": 38}