{"tokenNum": 382, "sentenceNum": 21, "lemmaNum": 200, "lemmaRate": 0.5235602094240838, "sentenceLength": 18.19047619047619, "allUpperNum": 7, "firstUpperNum": 30, "allUpperRate": 0.01832460732984293, "firstUpperRate": 0.07853403141361257, "declarSentNum": 21, "imperSentNum": 0, "questionNum": 0, "declarSentRate": 1.0, "imperSentRate": 0.0, "questionRate": 0.0, "accent": true, "saturation": 3.4482758620689653, "paragraphNum": 0, "nounNum": 68, "verbNum": 47, "adjNum": 26, "infNum": 7, "partPastNum": 2, "partPresNum": 0, "partFutNum": 0, "transNum": 1, "xNum": 20, "advNum": 58, "properNounNum": 2, "numNum": 2, "conjNum": 28, "punctNum": 69, "pronNum": 22, "relPronNum": 6, "demPronNum": 16, "adposNum": 2, "multiplePunctNum": 3, "phraseNum": 0, "nounRate": 0.17801047120418848, "verbRate": 0.12303664921465969, "adjRate": 0.06806282722513089, "infRate": 0.01832460732984293, "partPastRate": 0.005235602094240838, "partPresRate": 0.0, "partFutRate": 0.0, "transRate": 0.002617801047120419, "xRate": 0.05235602094240838, "advRate": 0.1518324607329843, "properNounRate": 0.005235602094240838, "numRate": 0.005235602094240838, "conjRate": 0.07329842931937172, "punctRate": 0.1806282722513089, "pronRate": 0.05759162303664921, "relPronRate": 0.015706806282722512, "demPronRate": 0.041884816753926704, "adposRate": 0.005235602094240838, "multiplePunctRate": 0.043478260869565216, "partsDensityRate": 3.4310344827586206, "contentfulness": 9.476190476190476, "phraseRate": 0.0, "pastTenseNum": 6, "presentTenseNum": 34, "condNum": 1, "impNum": 3, "freqNum": 0, "causNum": 0, "modalNum": 1, "sg1VerbNum": 4, "sg2VerbNum": 0, "sg3VerbNum": 46, "pl1VerbNum": 3, "pl2VerbNum": 1, "pl3VerbNum": 9, "superlatNum": 1, "comparatNum": 3, "specDerivSuffixNum": 0, "pluralNounNum": 15, "pastTenseRate": 0.1276595744680851, "presentTenseRate": 0.723404255319149, "condRate": 0.02127659574468085, "impRate": 0.06382978723404255, "freqRate": 0.0, "causRate": 0.0, "modalRate": 0.02127659574468085, "sg1VerbRate": 0.0851063829787234, "sg2VerbRate": 0.0, "sg3VerbRate": 0.9787234042553191, "pl1VerbRate": 0.06382978723404255, "pl2VerbRate": 0.02127659574468085, "pl3VerbRate": 0.19148936170212766, "superlatRate": 0.038461538461538464, "comparatRate": 0.11538461538461539, "specDerivSuffixRate": 0.0, "pluralNounRate": 0.22058823529411764, "subjNum": 31, "objNum": 15, "attNum": 21, "subordNum": 16, "adverbNum": 63, "coordNum": 20, "clauseNum": 58, "simpleNum": 5, "complexNum": 16, "complexity1Num": 4, "complexity2Num": 4, "complexity3Num": 7, "compoundNum": 0, "subjRate": 0.08115183246073299, "objRate": 0.03926701570680628, "attRate": 0.0549738219895288, "subordRate": 0.041884816753926704, "adverbRate": 0.1649214659685864, "coordRate": 0.05235602094240838, "partsRate": 2.586206896551724, "clauseRate": 2.761904761904762, "simpleRate": 0.23809523809523808, "complexRate": 0.7619047619047619, "complexity1Rate": 0.19047619047619047, "complexity2Rate": 0.19047619047619047, "complexity3Rate": 0.3333333333333333, "complexClauseRate": 3.3125, "sentencesPerParagraph": 0.0, "wordsLengthRate": 5.108626198083067, "compoundRate": 0.0, "positiveNum": 0, "negativeNum": 0, "precoPositiveNum": 0, "precoNegativeNum": 0, "negemoNum": 0, "negationNum": 12, "functionNum": 183, "contentNum": 199, "vulgarNum": 0, "racistNum": 0, "specStyleNum": 0, "addressingNum": 0, "closingNum": 0, "postscriptNum": 0, "brutalNum": 0, "positiveRate": 0.0, "negativeRate": 0.0, "precoPositiveRate": 0.0, "precoNegativeRate": 0.0, "negemoRate": 0.0, "negationRate": 0.031413612565445025, "functionRate": 0.4790575916230366, "contentRate": 0.5209424083769634, "vulgarRate": 0.0, "racistRate": 0.0, "specStyleRate": 0.0, "addressingRate": 0.0, "closingRate": 0.0, "postscriptRate": 0.0, "brutalRate": 0.0, "epistemicNum": 0, "investNum": 0, "conditionNum": 0, "weaselNum": 0, "peacockNum": 0, "hedgeNum": 0, "doxasticNum": 0, "epistemicRate": 0.0, "investRate": 0.0, "conditionRate": 0.0, "weaselRate": 0.0, "peacockRate": 0.0, "hedgeRate": 0.0, "doxasticRate": 0.0, "loveNum": 0, "anxietyNum": 0, "sorrowNum": 0, "joyNum": 0, "disgustNum": 0, "fearNum": 0, "surpriseNum": 0, "angerNum": 0, "loveRate": 0.0, "anxietyRate": 0.0, "sorrowRate": 0.0, "joyRate": 0.0, "disgustRate": 0.0, "fearRate": 0.0, "surpriseRate": 0.0, "angerRate": 0.0, "slangBeGeneralNum": 0, "slangBeCigaretteNum": 0, "slangBeHumanNum": 0, "slangBeVehicleNum": 0, "slangBeDrugNum": 0, "slangBvNum": 0, "slangBeGeneralRate": 0.0, "slangBeCigaretteRate": 0.0, "slangBeHumanRate": 0.0, "slangBeVehicleRate": 0.0, "slangBeDrugRate": 0.0, "slangBvRate": 0.0, "speechactNum": 0, "quoteNum": 0, "dashNum": 0, "publicNum": 0, "privateNum": 0, "suasiveNum": 0, "discMarkerNum": 0, "smileyNum": 0, "dateNum": 0, "hesitationNum": 0, "restartNum": 0, "repeatNum": 0, "conjBeforeDiscNum": 0, "conjAfterDiscNum": 0, "wordBeforeHesitationNum": 0, "wordAfterHesitationNum": 0, "otherCollocationNum": 0, "speechactRate": 0.0, "quoteRate": 0.0, "dashRate": 0.0, "publicRate": 0.0, "privateRate": 0.0, "suasiveRate": 0.0, "discMarkerRate": 0.0, "smileyRate": 0.0, "dateRate": 0.0, "hesitationRate": 0.0, "restartRate": 0.0, "repeatRate": 0.0, "conjBeforeDiscRate": 0.0, "conjAfterDiscRate": 0.0, "wordBeforeHesitationRate": 0.0, "wordAfterHesitationRate": 0.0, "otherCollocationRate": 0.0, "easyWordNum": 359, "hardWordNum": 23, "easyWordRate": 0.9397905759162304, "hardWordRate": 0.060209424083769635, "fleschReadingEaseScore": 68.55857766143109, "gunningFogIndex": 7.299227125405136, "fleschKincaidGradeLevel": 8.215804038893044, "colemanLiauIndex": 9.533002617801042, "smogIndex": 8.131152278815165, "automatedReadabilityIndex": 7.923170032410869, "linsearWriteIndex": 1.5430067314884068, "author": "", "locationNameNum": 1, "locationNameRate": 0.002617801047120419, "personNameNum": 0, "personNameRate": 0.0, "organizationNameNum": 0, "organizationNameRate": 0.0, "misspelledNum": 10, "misspelledRate": 0.02617801047120419, "missingAccentNum": 5, "missingAccentRate": 0.013089005235602094, "foreignAccentNum": 0, "foreignAccentRate": 0.0, "wordConcatNum": 0, "wordConcatRate": 0.0, "jLyMistakeNum": 0, "jLyMistakeRate": 0.0, "freqSuffixNum": 0, "partsNum": 150, "privateVNum": 0, "publicVNum": 0, "clauseWordNum": 58}