{"tokenNum": 375, "sentenceNum": 27, "lemmaNum": 201, "lemmaRate": 0.536, "sentenceLength": 13.88888888888889, "allUpperNum": 0, "firstUpperNum": 30, "allUpperRate": 0.0, "firstUpperRate": 0.08, "declarSentNum": 27, "imperSentNum": 0, "questionNum": 0, "declarSentRate": 1.0, "imperSentRate": 0.0, "questionRate": 0.0, "accent": true, "saturation": 3.35, "paragraphNum": 0, "nounNum": 74, "verbNum": 39, "adjNum": 43, "infNum": 3, "partPastNum": 2, "partPresNum": 1, "partFutNum": 0, "transNum": 1, "xNum": 26, "advNum": 32, "properNounNum": 3, "numNum": 5, "conjNum": 25, "punctNum": 69, "pronNum": 21, "relPronNum": 2, "demPronNum": 10, "adposNum": 4, "multiplePunctNum": 0, "phraseNum": 0, "nounRate": 0.19733333333333333, "verbRate": 0.104, "adjRate": 0.11466666666666667, "infRate": 0.008, "partPastRate": 0.005333333333333333, "partPresRate": 0.0026666666666666666, "partFutRate": 0.0, "transRate": 0.0026666666666666666, "xRate": 0.06933333333333333, "advRate": 0.08533333333333333, "properNounRate": 0.008, "numRate": 0.013333333333333334, "conjRate": 0.06666666666666667, "punctRate": 0.184, "pronRate": 0.056, "relPronRate": 0.005333333333333333, "demPronRate": 0.02666666666666667, "adposRate": 0.010666666666666666, "multiplePunctRate": 0.0, "partsDensityRate": 3.1333333333333333, "contentfulness": 6.962962962962963, "phraseRate": 0.0, "pastTenseNum": 1, "presentTenseNum": 35, "condNum": 0, "impNum": 2, "freqNum": 0, "causNum": 0, "modalNum": 0, "sg1VerbNum": 6, "sg2VerbNum": 0, "sg3VerbNum": 25, "pl1VerbNum": 1, "pl2VerbNum": 0, "pl3VerbNum": 26, "superlatNum": 0, "comparatNum": 2, "specDerivSuffixNum": 0, "pluralNounNum": 23, "pastTenseRate": 0.02564102564102564, "presentTenseRate": 0.8974358974358975, "condRate": 0.0, "impRate": 0.05128205128205128, "freqRate": 0.0, "causRate": 0.0, "modalRate": 0.0, "sg1VerbRate": 0.15384615384615385, "sg2VerbRate": 0.0, "sg3VerbRate": 0.6410256410256411, "pl1VerbRate": 0.02564102564102564, "pl2VerbRate": 0.0, "pl3VerbRate": 0.6666666666666666, "superlatRate": 0.0, "comparatRate": 0.046511627906976744, "specDerivSuffixRate": 0.0, "pluralNounRate": 0.3108108108108108, "subjNum": 35, "objNum": 14, "attNum": 18, "subordNum": 7, "adverbNum": 43, "coordNum": 28, "clauseNum": 60, "simpleNum": 10, "complexNum": 17, "complexity1Num": 9, "complexity2Num": 2, "complexity3Num": 4, "compoundNum": 0, "subjRate": 0.09333333333333334, "objRate": 0.037333333333333336, "attRate": 0.048, "subordRate": 0.018666666666666668, "adverbRate": 0.11466666666666667, "coordRate": 0.07466666666666667, "partsRate": 2.3, "clauseRate": 2.2222222222222223, "simpleRate": 0.37037037037037035, "complexRate": 0.6296296296296297, "complexity1Rate": 0.3333333333333333, "complexity2Rate": 0.07407407407407407, "complexity3Rate": 0.14814814814814814, "complexClauseRate": 2.9411764705882355, "sentencesPerParagraph": 0.0, "wordsLengthRate": 5.522875816993464, "compoundRate": 0.0, "positiveNum": 0, "negativeNum": 0, "precoPositiveNum": 0, "precoNegativeNum": 0, "negemoNum": 0, "negationNum": 9, "functionNum": 187, "contentNum": 188, "vulgarNum": 0, "racistNum": 0, "specStyleNum": 0, "addressingNum": 0, "closingNum": 0, "postscriptNum": 0, "brutalNum": 0, "positiveRate": 0.0, "negativeRate": 0.0, "precoPositiveRate": 0.0, "precoNegativeRate": 0.0, "negemoRate": 0.0, "negationRate": 0.024, "functionRate": 0.49866666666666665, "contentRate": 0.5013333333333333, "vulgarRate": 0.0, "racistRate": 0.0, "specStyleRate": 0.0, "addressingRate": 0.0, "closingRate": 0.0, "postscriptRate": 0.0, "brutalRate": 0.0, "epistemicNum": 0, "investNum": 0, "conditionNum": 0, "weaselNum": 0, "peacockNum": 0, "hedgeNum": 0, "doxasticNum": 0, "epistemicRate": 0.0, "investRate": 0.0, "conditionRate": 0.0, "weaselRate": 0.0, "peacockRate": 0.0, "hedgeRate": 0.0, "doxasticRate": 0.0, "loveNum": 0, "anxietyNum": 0, "sorrowNum": 0, "joyNum": 0, "disgustNum": 0, "fearNum": 0, "surpriseNum": 0, "angerNum": 0, "loveRate": 0.0, "anxietyRate": 0.0, "sorrowRate": 0.0, "joyRate": 0.0, "disgustRate": 0.0, "fearRate": 0.0, "surpriseRate": 0.0, "angerRate": 0.0, "slangBeGeneralNum": 0, "slangBeCigaretteNum": 0, "slangBeHumanNum": 0, "slangBeVehicleNum": 0, "slangBeDrugNum": 0, "slangBvNum": 0, "slangBeGeneralRate": 0.0, "slangBeCigaretteRate": 0.0, "slangBeHumanRate": 0.0, "slangBeVehicleRate": 0.0, "slangBeDrugRate": 0.0, "slangBvRate": 0.0, "speechactNum": 0, "quoteNum": 0, "dashNum": 0, "publicNum": 0, "privateNum": 0, "suasiveNum": 0, "discMarkerNum": 0, "smileyNum": 0, "dateNum": 0, "hesitationNum": 0, "restartNum": 0, "repeatNum": 0, "conjBeforeDiscNum": 0, "conjAfterDiscNum": 0, "wordBeforeHesitationNum": 0, "wordAfterHesitationNum": 0, "otherCollocationNum": 0, "speechactRate": 0.0, "quoteRate": 0.0, "dashRate": 0.0, "publicRate": 0.0, "privateRate": 0.0, "suasiveRate": 0.0, "discMarkerRate": 0.0, "smileyRate": 0.0, "dateRate": 0.0, "hesitationRate": 0.0, "restartRate": 0.0, "repeatRate": 0.0, "conjBeforeDiscRate": 0.0, "conjAfterDiscRate": 0.0, "wordBeforeHesitationRate": 0.0, "wordAfterHesitationRate": 0.0, "otherCollocationRate": 0.0, "easyWordNum": 346, "hardWordNum": 29, "easyWordRate": 0.9226666666666666, "hardWordRate": 0.07733333333333334, "fleschReadingEaseScore": 69.3345777777778, "gunningFogIndex": 5.58648888888889, "fleschKincaidGradeLevel": 7.038933333333336, "colemanLiauIndex": 11.356610666666665, "smogIndex": 8.745826893841286, "automatedReadabilityIndex": 7.230684444444449, "linsearWriteIndex": 1.0098765432098764, "author": "", "locationNameNum": 3, "locationNameRate": 0.008, "personNameNum": 0, "personNameRate": 0.0, "organizationNameNum": 0, "organizationNameRate": 0.0, "misspelledNum": 7, "misspelledRate": 0.018666666666666668, "missingAccentNum": 4, "missingAccentRate": 0.010666666666666666, "foreignAccentNum": 0, "foreignAccentRate": 0.0, "wordConcatNum": 2, "wordConcatRate": 0.005333333333333333, "jLyMistakeNum": 0, "jLyMistakeRate": 0.0, "freqSuffixNum": 0, "partsNum": 138, "privateVNum": 0, "publicVNum": 0, "clauseWordNum": 60}