{"tokenNum": 112, "sentenceNum": 15, "lemmaNum": 68, "lemmaRate": 0.6071428571428571, "sentenceLength": 7.466666666666667, "allUpperNum": 1, "firstUpperNum": 18, "allUpperRate": 0.008928571428571428, "firstUpperRate": 0.16071428571428573, "declarSentNum": 14, "imperSentNum": 0, "questionNum": 1, "declarSentRate": 0.9333333333333333, "imperSentRate": 0.0, "questionRate": 0.06666666666666667, "accent": false, "saturation": 3.238095238095238, "paragraphNum": 0, "nounNum": 22, "verbNum": 13, "adjNum": 6, "infNum": 0, "partPastNum": 0, "partPresNum": 0, "partFutNum": 0, "transNum": 0, "xNum": 15, "advNum": 10, "properNounNum": 5, "numNum": 1, "conjNum": 8, "punctNum": 27, "pronNum": 5, "relPronNum": 1, "demPronNum": 6, "adposNum": 0, "multiplePunctNum": 2, "phraseNum": 0, "nounRate": 0.19642857142857142, "verbRate": 0.11607142857142858, "adjRate": 0.05357142857142857, "infRate": 0.0, "partPastRate": 0.0, "partPresRate": 0.0, "partFutRate": 0.0, "transRate": 0.0, "xRate": 0.13392857142857142, "advRate": 0.08928571428571429, "properNounRate": 0.044642857142857144, "numRate": 0.008928571428571428, "conjRate": 0.07142857142857142, "punctRate": 0.24107142857142858, "pronRate": 0.044642857142857144, "relPronRate": 0.008928571428571428, "demPronRate": 0.05357142857142857, "adposRate": 0.0, "multiplePunctRate": 0.07407407407407407, "partsDensityRate": 2.4285714285714284, "contentfulness": 3.4, "phraseRate": 0.0, "pastTenseNum": 4, "presentTenseNum": 9, "condNum": 0, "impNum": 1, "freqNum": 0, "causNum": 0, "modalNum": 1, "sg1VerbNum": 6, "sg2VerbNum": 0, "sg3VerbNum": 8, "pl1VerbNum": 0, "pl2VerbNum": 0, "pl3VerbNum": 5, "superlatNum": 0, "comparatNum": 0, "specDerivSuffixNum": 0, "pluralNounNum": 6, "pastTenseRate": 0.3076923076923077, "presentTenseRate": 0.6923076923076923, "condRate": 0.0, "impRate": 0.07692307692307693, "freqRate": 0.0, "causRate": 0.0, "modalRate": 0.07692307692307693, "sg1VerbRate": 0.46153846153846156, "sg2VerbRate": 0.0, "sg3VerbRate": 0.6153846153846154, "pl1VerbRate": 0.0, "pl2VerbRate": 0.0, "pl3VerbRate": 0.38461538461538464, "superlatRate": 0.0, "comparatRate": 0.0, "specDerivSuffixRate": 0.0, "pluralNounRate": 0.2727272727272727, "subjNum": 5, "objNum": 5, "attNum": 4, "subordNum": 5, "adverbNum": 13, "coordNum": 9, "clauseNum": 21, "simpleNum": 9, "complexNum": 6, "complexity1Num": 6, "complexity2Num": 0, "complexity3Num": 0, "compoundNum": 0, "subjRate": 0.044642857142857144, "objRate": 0.044642857142857144, "attRate": 0.03571428571428571, "subordRate": 0.044642857142857144, "adverbRate": 0.11607142857142858, "coordRate": 0.08035714285714286, "partsRate": 1.7142857142857142, "clauseRate": 1.4, "simpleRate": 0.6, "complexRate": 0.4, "complexity1Rate": 0.4, "complexity2Rate": 0.0, "complexity3Rate": 0.0, "complexClauseRate": 2.0, "sentencesPerParagraph": 0.0, "wordsLengthRate": 4.5058823529411764, "compoundRate": 0.0, "positiveNum": 0, "negativeNum": 0, "precoPositiveNum": 0, "precoNegativeNum": 0, "negemoNum": 0, "negationNum": 0, "functionNum": 61, "contentNum": 51, "vulgarNum": 0, "racistNum": 0, "specStyleNum": 0, "addressingNum": 0, "closingNum": 0, "postscriptNum": 0, "brutalNum": 0, "positiveRate": 0.0, "negativeRate": 0.0, "precoPositiveRate": 0.0, "precoNegativeRate": 0.0, "negemoRate": 0.0, "negationRate": 0.0, "functionRate": 0.5446428571428571, "contentRate": 0.45535714285714285, "vulgarRate": 0.0, "racistRate": 0.0, "specStyleRate": 0.0, "addressingRate": 0.0, "closingRate": 0.0, "postscriptRate": 0.0, "brutalRate": 0.0, "epistemicNum": 0, "investNum": 0, "conditionNum": 0, "weaselNum": 0, "peacockNum": 0, "hedgeNum": 0, "doxasticNum": 0, "epistemicRate": 0.0, "investRate": 0.0, "conditionRate": 0.0, "weaselRate": 0.0, "peacockRate": 0.0, "hedgeRate": 0.0, "doxasticRate": 0.0, "loveNum": 0, "anxietyNum": 0, "sorrowNum": 0, "joyNum": 0, "disgustNum": 0, "fearNum": 0, "surpriseNum": 0, "angerNum": 0, "loveRate": 0.0, "anxietyRate": 0.0, "sorrowRate": 0.0, "joyRate": 0.0, "disgustRate": 0.0, "fearRate": 0.0, "surpriseRate": 0.0, "angerRate": 0.0, "slangBeGeneralNum": 0, "slangBeCigaretteNum": 0, "slangBeHumanNum": 0, "slangBeVehicleNum": 0, "slangBeDrugNum": 0, "slangBvNum": 0, "slangBeGeneralRate": 0.0, "slangBeCigaretteRate": 0.0, "slangBeHumanRate": 0.0, "slangBeVehicleRate": 0.0, "slangBeDrugRate": 0.0, "slangBvRate": 0.0, "speechactNum": 0, "quoteNum": 0, "dashNum": 0, "publicNum": 0, "privateNum": 0, "suasiveNum": 0, "discMarkerNum": 0, "smileyNum": 0, "dateNum": 0, "hesitationNum": 0, "restartNum": 0, "repeatNum": 0, "conjBeforeDiscNum": 0, "conjAfterDiscNum": 0, "wordBeforeHesitationNum": 0, "wordAfterHesitationNum": 0, "otherCollocationNum": 0, "speechactRate": 0.0, "quoteRate": 0.0, "dashRate": 0.0, "publicRate": 0.0, "privateRate": 0.0, "suasiveRate": 0.0, "discMarkerRate": 0.0, "smileyRate": 0.0, "dateRate": 0.0, "hesitationRate": 0.0, "restartRate": 0.0, "repeatRate": 0.0, "conjBeforeDiscRate": 0.0, "conjAfterDiscRate": 0.0, "wordBeforeHesitationRate": 0.0, "wordAfterHesitationRate": 0.0, "otherCollocationRate": 0.0, "easyWordNum": 109, "hardWordNum": 3, "easyWordRate": 0.9732142857142857, "hardWordRate": 0.026785714285714284, "fleschReadingEaseScore": 110.12419047619049, "gunningFogIndex": 2.9938095238095244, "fleschKincaidGradeLevel": -0.24585714285714033, "colemanLiauIndex": 5.235312499999999, "smogIndex": 4.935628992294339, "automatedReadabilityIndex": -0.8752380952380925, "linsearWriteIndex": 2.0952380952380953, "author": "", "locationNameNum": 0, "locationNameRate": 0.0, "personNameNum": 0, "personNameRate": 0.0, "organizationNameNum": 0, "organizationNameRate": 0.0, "misspelledNum": 19, "misspelledRate": 0.16964285714285715, "missingAccentNum": 13, "missingAccentRate": 0.11607142857142858, "foreignAccentNum": 0, "foreignAccentRate": 0.0, "wordConcatNum": 2, "wordConcatRate": 0.017857142857142856, "jLyMistakeNum": 0, "jLyMistakeRate": 0.0, "freqSuffixNum": 0, "partsNum": 36, "privateVNum": 0, "publicVNum": 0, "clauseWordNum": 21}