{"tokenNum": 381, "sentenceNum": 26, "lemmaNum": 178, "lemmaRate": 0.4671916010498688, "sentenceLength": 14.653846153846153, "allUpperNum": 1, "firstUpperNum": 27, "allUpperRate": 0.0026246719160104987, "firstUpperRate": 0.07086614173228346, "declarSentNum": 24, "imperSentNum": 1, "questionNum": 1, "declarSentRate": 0.9230769230769231, "imperSentRate": 0.038461538461538464, "questionRate": 0.038461538461538464, "accent": true, "saturation": 2.8253968253968256, "paragraphNum": 0, "nounNum": 52, "verbNum": 58, "adjNum": 17, "infNum": 13, "partPastNum": 0, "partPresNum": 1, "partFutNum": 0, "transNum": 1, "xNum": 24, "advNum": 47, "properNounNum": 3, "numNum": 2, "conjNum": 30, "punctNum": 68, "pronNum": 44, "relPronNum": 8, "demPronNum": 30, "adposNum": 1, "multiplePunctNum": 1, "phraseNum": 0, "nounRate": 0.13648293963254593, "verbRate": 0.15223097112860892, "adjRate": 0.04461942257217848, "infRate": 0.03412073490813648, "partPastRate": 0.0, "partPresRate": 0.0026246719160104987, "partFutRate": 0.0, "transRate": 0.0026246719160104987, "xRate": 0.06299212598425197, "advRate": 0.12335958005249344, "properNounRate": 0.007874015748031496, "numRate": 0.005249343832020997, "conjRate": 0.07874015748031496, "punctRate": 0.1784776902887139, "pronRate": 0.11548556430446194, "relPronRate": 0.02099737532808399, "demPronRate": 0.07874015748031496, "adposRate": 0.0026246719160104987, "multiplePunctRate": 0.014705882352941176, "partsDensityRate": 2.761904761904762, "contentfulness": 6.6923076923076925, "phraseRate": 0.0, "pastTenseNum": 1, "presentTenseNum": 45, "condNum": 8, "impNum": 4, "freqNum": 0, "causNum": 0, "modalNum": 6, "sg1VerbNum": 22, "sg2VerbNum": 10, "sg3VerbNum": 48, "pl1VerbNum": 0, "pl2VerbNum": 0, "pl3VerbNum": 13, "superlatNum": 0, "comparatNum": 0, "specDerivSuffixNum": 0, "pluralNounNum": 8, "pastTenseRate": 0.017241379310344827, "presentTenseRate": 0.7758620689655172, "condRate": 0.13793103448275862, "impRate": 0.06896551724137931, "freqRate": 0.0, "causRate": 0.0, "modalRate": 0.10344827586206896, "sg1VerbRate": 0.3793103448275862, "sg2VerbRate": 0.1724137931034483, "sg3VerbRate": 0.8275862068965517, "pl1VerbRate": 0.0, "pl2VerbRate": 0.0, "pl3VerbRate": 0.22413793103448276, "superlatRate": 0.0, "comparatRate": 0.0, "specDerivSuffixRate": 0.0, "pluralNounRate": 0.15384615384615385, "subjNum": 26, "objNum": 18, "attNum": 9, "subordNum": 21, "adverbNum": 57, "coordNum": 11, "clauseNum": 63, "simpleNum": 9, "complexNum": 17, "complexity1Num": 7, "complexity2Num": 5, "complexity3Num": 2, "compoundNum": 0, "subjRate": 0.06824146981627296, "objRate": 0.047244094488188976, "attRate": 0.023622047244094488, "subordRate": 0.05511811023622047, "adverbRate": 0.14960629921259844, "coordRate": 0.028871391076115485, "partsRate": 1.9206349206349207, "clauseRate": 2.423076923076923, "simpleRate": 0.34615384615384615, "complexRate": 0.6538461538461539, "complexity1Rate": 0.2692307692307692, "complexity2Rate": 0.19230769230769232, "complexity3Rate": 0.07692307692307693, "complexClauseRate": 3.176470588235294, "sentencesPerParagraph": 0.0, "wordsLengthRate": 5.060702875399361, "compoundRate": 0.0, "positiveNum": 0, "negativeNum": 0, "precoPositiveNum": 0, "precoNegativeNum": 0, "negemoNum": 0, "negationNum": 12, "functionNum": 207, "contentNum": 174, "vulgarNum": 0, "racistNum": 0, "specStyleNum": 0, "addressingNum": 0, "closingNum": 0, "postscriptNum": 0, "brutalNum": 0, "positiveRate": 0.0, "negativeRate": 0.0, "precoPositiveRate": 0.0, "precoNegativeRate": 0.0, "negemoRate": 0.0, "negationRate": 0.031496062992125984, "functionRate": 0.5433070866141733, "contentRate": 0.4566929133858268, "vulgarRate": 0.0, "racistRate": 0.0, "specStyleRate": 0.0, "addressingRate": 0.0, "closingRate": 0.0, "postscriptRate": 0.0, "brutalRate": 0.0, "epistemicNum": 0, "investNum": 0, "conditionNum": 0, "weaselNum": 0, "peacockNum": 0, "hedgeNum": 0, "doxasticNum": 0, "epistemicRate": 0.0, "investRate": 0.0, "conditionRate": 0.0, "weaselRate": 0.0, "peacockRate": 0.0, "hedgeRate": 0.0, "doxasticRate": 0.0, "loveNum": 0, "anxietyNum": 0, "sorrowNum": 0, "joyNum": 0, "disgustNum": 0, "fearNum": 0, "surpriseNum": 0, "angerNum": 0, "loveRate": 0.0, "anxietyRate": 0.0, "sorrowRate": 0.0, "joyRate": 0.0, "disgustRate": 0.0, "fearRate": 0.0, "surpriseRate": 0.0, "angerRate": 0.0, "slangBeGeneralNum": 0, "slangBeCigaretteNum": 0, "slangBeHumanNum": 0, "slangBeVehicleNum": 0, "slangBeDrugNum": 0, "slangBvNum": 0, "slangBeGeneralRate": 0.0, "slangBeCigaretteRate": 0.0, "slangBeHumanRate": 0.0, "slangBeVehicleRate": 0.0, "slangBeDrugRate": 0.0, "slangBvRate": 0.0, "speechactNum": 0, "quoteNum": 0, "dashNum": 0, "publicNum": 0, "privateNum": 0, "suasiveNum": 0, "discMarkerNum": 0, "smileyNum": 0, "dateNum": 0, "hesitationNum": 0, "restartNum": 0, "repeatNum": 0, "conjBeforeDiscNum": 0, "conjAfterDiscNum": 0, "wordBeforeHesitationNum": 0, "wordAfterHesitationNum": 0, "otherCollocationNum": 0, "speechactRate": 0.0, "quoteRate": 0.0, "dashRate": 0.0, "publicRate": 0.0, "privateRate": 0.0, "suasiveRate": 0.0, "discMarkerRate": 0.0, "smileyRate": 0.0, "dateRate": 0.0, "hesitationRate": 0.0, "restartRate": 0.0, "repeatRate": 0.0, "conjBeforeDiscRate": 0.0, "conjAfterDiscRate": 0.0, "wordBeforeHesitationRate": 0.0, "wordAfterHesitationRate": 0.0, "otherCollocationRate": 0.0, "easyWordNum": 361, "hardWordNum": 20, "easyWordRate": 0.94750656167979, "hardWordRate": 0.05249343832020997, "fleschReadingEaseScore": 79.16134615384618, "gunningFogIndex": 5.882535836866546, "fleschKincaidGradeLevel": 5.858333333333334, "colemanLiauIndex": 9.413942257217844, "smogIndex": 7.793537801064561, "automatedReadabilityIndex": 6.059678982434889, "linsearWriteIndex": 1.008883504946497, "author": "", "locationNameNum": 0, "locationNameRate": 0.0, "personNameNum": 3, "personNameRate": 0.007874015748031496, "organizationNameNum": 0, "organizationNameRate": 0.0, "misspelledNum": 5, "misspelledRate": 0.013123359580052493, "missingAccentNum": 0, "missingAccentRate": 0.0, "foreignAccentNum": 0, "foreignAccentRate": 0.0, "wordConcatNum": 2, "wordConcatRate": 0.005249343832020997, "jLyMistakeNum": 0, "jLyMistakeRate": 0.0, "freqSuffixNum": 0, "partsNum": 121, "privateVNum": 0, "publicVNum": 0, "clauseWordNum": 63}