{"tokenNum": 407, "sentenceNum": 7, "lemmaNum": 197, "lemmaRate": 0.48402948402948404, "sentenceLength": 58.142857142857146, "allUpperNum": 1, "firstUpperNum": 30, "allUpperRate": 0.002457002457002457, "firstUpperRate": 0.07371007371007371, "declarSentNum": 5, "imperSentNum": 0, "questionNum": 2, "declarSentRate": 0.7142857142857143, "imperSentRate": 0.0, "questionRate": 0.2857142857142857, "accent": true, "saturation": 4.020408163265306, "paragraphNum": 0, "nounNum": 74, "verbNum": 51, "adjNum": 30, "infNum": 4, "partPastNum": 1, "partPresNum": 0, "partFutNum": 0, "transNum": 0, "xNum": 8, "advNum": 59, "properNounNum": 31, "numNum": 3, "conjNum": 45, "punctNum": 65, "pronNum": 25, "relPronNum": 5, "demPronNum": 14, "adposNum": 1, "multiplePunctNum": 5, "phraseNum": 0, "nounRate": 0.18181818181818182, "verbRate": 0.12530712530712532, "adjRate": 0.07371007371007371, "infRate": 0.009828009828009828, "partPastRate": 0.002457002457002457, "partPresRate": 0.0, "partFutRate": 0.0, "transRate": 0.0, "xRate": 0.019656019656019656, "advRate": 0.14496314496314497, "properNounRate": 0.07616707616707617, "numRate": 0.007371007371007371, "conjRate": 0.11056511056511056, "punctRate": 0.1597051597051597, "pronRate": 0.06142506142506143, "relPronRate": 0.012285012285012284, "demPronRate": 0.0343980343980344, "adposRate": 0.002457002457002457, "multiplePunctRate": 0.07692307692307693, "partsDensityRate": 4.36734693877551, "contentfulness": 30.571428571428573, "phraseRate": 0.0, "pastTenseNum": 10, "presentTenseNum": 37, "condNum": 0, "impNum": 2, "freqNum": 0, "causNum": 0, "modalNum": 5, "sg1VerbNum": 21, "sg2VerbNum": 0, "sg3VerbNum": 45, "pl1VerbNum": 1, "pl2VerbNum": 0, "pl3VerbNum": 7, "superlatNum": 2, "comparatNum": 0, "specDerivSuffixNum": 0, "pluralNounNum": 14, "pastTenseRate": 0.19607843137254902, "presentTenseRate": 0.7254901960784313, "condRate": 0.0, "impRate": 0.0392156862745098, "freqRate": 0.0, "causRate": 0.0, "modalRate": 0.09803921568627451, "sg1VerbRate": 0.4117647058823529, "sg2VerbRate": 0.0, "sg3VerbRate": 0.8823529411764706, "pl1VerbRate": 0.0196078431372549, "pl2VerbRate": 0.0, "pl3VerbRate": 0.13725490196078433, "superlatRate": 0.06666666666666667, "comparatRate": 0.0, "specDerivSuffixRate": 0.0, "pluralNounRate": 0.1891891891891892, "subjNum": 38, "objNum": 13, "attNum": 12, "subordNum": 22, "adverbNum": 77, "coordNum": 23, "clauseNum": 49, "simpleNum": 1, "complexNum": 6, "complexity1Num": 1, "complexity2Num": 0, "complexity3Num": 3, "compoundNum": 0, "subjRate": 0.09336609336609336, "objRate": 0.03194103194103194, "attRate": 0.029484029484029485, "subordRate": 0.05405405405405406, "adverbRate": 0.1891891891891892, "coordRate": 0.056511056511056514, "partsRate": 3.326530612244898, "clauseRate": 7.0, "simpleRate": 0.14285714285714285, "complexRate": 0.8571428571428571, "complexity1Rate": 0.14285714285714285, "complexity2Rate": 0.0, "complexity3Rate": 0.42857142857142855, "complexClauseRate": 8.0, "sentencesPerParagraph": 0.0, "wordsLengthRate": 4.885964912280702, "compoundRate": 0.0, "positiveNum": 0, "negativeNum": 0, "precoPositiveNum": 0, "precoNegativeNum": 0, "negemoNum": 0, "negationNum": 9, "functionNum": 193, "contentNum": 214, "vulgarNum": 0, "racistNum": 0, "specStyleNum": 0, "addressingNum": 0, "closingNum": 0, "postscriptNum": 0, "brutalNum": 0, "positiveRate": 0.0, "negativeRate": 0.0, "precoPositiveRate": 0.0, "precoNegativeRate": 0.0, "negemoRate": 0.0, "negationRate": 0.022113022113022112, "functionRate": 0.4742014742014742, "contentRate": 0.5257985257985258, "vulgarRate": 0.0, "racistRate": 0.0, "specStyleRate": 0.0, "addressingRate": 0.0, "closingRate": 0.0, "postscriptRate": 0.0, "brutalRate": 0.0, "epistemicNum": 0, "investNum": 0, "conditionNum": 0, "weaselNum": 0, "peacockNum": 0, "hedgeNum": 0, "doxasticNum": 0, "epistemicRate": 0.0, "investRate": 0.0, "conditionRate": 0.0, "weaselRate": 0.0, "peacockRate": 0.0, "hedgeRate": 0.0, "doxasticRate": 0.0, "loveNum": 0, "anxietyNum": 0, "sorrowNum": 0, "joyNum": 0, "disgustNum": 0, "fearNum": 0, "surpriseNum": 0, "angerNum": 0, "loveRate": 0.0, "anxietyRate": 0.0, "sorrowRate": 0.0, "joyRate": 0.0, "disgustRate": 0.0, "fearRate": 0.0, "surpriseRate": 0.0, "angerRate": 0.0, "slangBeGeneralNum": 0, "slangBeCigaretteNum": 0, "slangBeHumanNum": 0, "slangBeVehicleNum": 0, "slangBeDrugNum": 0, "slangBvNum": 0, "slangBeGeneralRate": 0.0, "slangBeCigaretteRate": 0.0, "slangBeHumanRate": 0.0, "slangBeVehicleRate": 0.0, "slangBeDrugRate": 0.0, "slangBvRate": 0.0, "speechactNum": 0, "quoteNum": 0, "dashNum": 0, "publicNum": 0, "privateNum": 0, "suasiveNum": 0, "discMarkerNum": 0, "smileyNum": 0, "dateNum": 0, "hesitationNum": 0, "restartNum": 0, "repeatNum": 8, "conjBeforeDiscNum": 0, "conjAfterDiscNum": 0, "wordBeforeHesitationNum": 0, "wordAfterHesitationNum": 0, "otherCollocationNum": 0, "speechactRate": 0.0, "quoteRate": 0.0, "dashRate": 0.0, "publicRate": 0.0, "privateRate": 0.0, "suasiveRate": 0.0, "discMarkerRate": 0.0, "smileyRate": 0.0, "dateRate": 0.0, "hesitationRate": 0.0, "restartRate": 0.0, "repeatRate": 0.019656019656019656, "conjBeforeDiscRate": 0.0, "conjAfterDiscRate": 0.0, "wordBeforeHesitationRate": 0.0, "wordAfterHesitationRate": 0.0, "otherCollocationRate": 0.0, "easyWordNum": 389, "hardWordNum": 18, "easyWordRate": 0.9557739557739557, "hardWordRate": 0.044226044226044224, "fleschReadingEaseScore": 25.596904176904175, "gunningFogIndex": 23.274833274833277, "fleschKincaidGradeLevel": 24.133380133380133, "colemanLiauIndex": 9.337368550368549, "smogIndex": 7.554174236665414, "automatedReadabilityIndex": 27.742829062829067, "linsearWriteIndex": 6.651807651807652, "author": "", "locationNameNum": 0, "locationNameRate": 0.0, "personNameNum": 7, "personNameRate": 0.0171990171990172, "organizationNameNum": 0, "organizationNameRate": 0.0, "misspelledNum": 17, "misspelledRate": 0.04176904176904177, "missingAccentNum": 1, "missingAccentRate": 0.002457002457002457, "foreignAccentNum": 0, "foreignAccentRate": 0.0, "wordConcatNum": 1, "wordConcatRate": 0.002457002457002457, "jLyMistakeNum": 0, "jLyMistakeRate": 0.0, "freqSuffixNum": 0, "partsNum": 163, "privateVNum": 0, "publicVNum": 0, "clauseWordNum": 49}