{"tokenNum": 330, "sentenceNum": 15, "lemmaNum": 175, "lemmaRate": 0.5303030303030303, "sentenceLength": 22.0, "allUpperNum": 0, "firstUpperNum": 18, "allUpperRate": 0.0, "firstUpperRate": 0.05454545454545454, "declarSentNum": 15, "imperSentNum": 0, "questionNum": 0, "declarSentRate": 1.0, "imperSentRate": 0.0, "questionRate": 0.0, "accent": true, "saturation": 3.6458333333333335, "paragraphNum": 0, "nounNum": 50, "verbNum": 42, "adjNum": 19, "infNum": 6, "partPastNum": 2, "partPresNum": 4, "partFutNum": 0, "transNum": 1, "xNum": 12, "advNum": 48, "properNounNum": 6, "numNum": 3, "conjNum": 32, "punctNum": 59, "pronNum": 32, "relPronNum": 6, "demPronNum": 21, "adposNum": 5, "multiplePunctNum": 2, "phraseNum": 0, "nounRate": 0.15151515151515152, "verbRate": 0.12727272727272726, "adjRate": 0.05757575757575758, "infRate": 0.01818181818181818, "partPastRate": 0.006060606060606061, "partPresRate": 0.012121212121212121, "partFutRate": 0.0, "transRate": 0.0030303030303030303, "xRate": 0.03636363636363636, "advRate": 0.14545454545454545, "properNounRate": 0.01818181818181818, "numRate": 0.00909090909090909, "conjRate": 0.09696969696969697, "punctRate": 0.1787878787878788, "pronRate": 0.09696969696969697, "relPronRate": 0.01818181818181818, "demPronRate": 0.06363636363636363, "adposRate": 0.015151515151515152, "multiplePunctRate": 0.03389830508474576, "partsDensityRate": 3.2708333333333335, "contentfulness": 10.466666666666667, "phraseRate": 0.0, "pastTenseNum": 6, "presentTenseNum": 30, "condNum": 2, "impNum": 6, "freqNum": 0, "causNum": 0, "modalNum": 1, "sg1VerbNum": 9, "sg2VerbNum": 1, "sg3VerbNum": 38, "pl1VerbNum": 1, "pl2VerbNum": 0, "pl3VerbNum": 20, "superlatNum": 0, "comparatNum": 0, "specDerivSuffixNum": 0, "pluralNounNum": 13, "pastTenseRate": 0.14285714285714285, "presentTenseRate": 0.7142857142857143, "condRate": 0.047619047619047616, "impRate": 0.14285714285714285, "freqRate": 0.0, "causRate": 0.0, "modalRate": 0.023809523809523808, "sg1VerbRate": 0.21428571428571427, "sg2VerbRate": 0.023809523809523808, "sg3VerbRate": 0.9047619047619048, "pl1VerbRate": 0.023809523809523808, "pl2VerbRate": 0.0, "pl3VerbRate": 0.47619047619047616, "superlatRate": 0.0, "comparatRate": 0.0, "specDerivSuffixRate": 0.0, "pluralNounRate": 0.26, "subjNum": 16, "objNum": 17, "attNum": 12, "subordNum": 16, "adverbNum": 51, "coordNum": 17, "clauseNum": 48, "simpleNum": 3, "complexNum": 12, "complexity1Num": 4, "complexity2Num": 3, "complexity3Num": 1, "compoundNum": 0, "subjRate": 0.048484848484848485, "objRate": 0.051515151515151514, "attRate": 0.03636363636363636, "subordRate": 0.048484848484848485, "adverbRate": 0.15454545454545454, "coordRate": 0.051515151515151514, "partsRate": 2.3541666666666665, "clauseRate": 3.2, "simpleRate": 0.2, "complexRate": 0.8, "complexity1Rate": 0.26666666666666666, "complexity2Rate": 0.2, "complexity3Rate": 0.06666666666666667, "complexClauseRate": 3.75, "sentencesPerParagraph": 0.0, "wordsLengthRate": 5.1881918819188195, "compoundRate": 0.0, "positiveNum": 0, "negativeNum": 0, "precoPositiveNum": 0, "precoNegativeNum": 0, "negemoNum": 0, "negationNum": 7, "functionNum": 173, "contentNum": 157, "vulgarNum": 0, "racistNum": 0, "specStyleNum": 0, "addressingNum": 0, "closingNum": 0, "postscriptNum": 0, "brutalNum": 0, "positiveRate": 0.0, "negativeRate": 0.0, "precoPositiveRate": 0.0, "precoNegativeRate": 0.0, "negemoRate": 0.0, "negationRate": 0.021212121212121213, "functionRate": 0.5242424242424243, "contentRate": 0.47575757575757577, "vulgarRate": 0.0, "racistRate": 0.0, "specStyleRate": 0.0, "addressingRate": 0.0, "closingRate": 0.0, "postscriptRate": 0.0, "brutalRate": 0.0, "epistemicNum": 0, "investNum": 0, "conditionNum": 0, "weaselNum": 0, "peacockNum": 0, "hedgeNum": 0, "doxasticNum": 0, "epistemicRate": 0.0, "investRate": 0.0, "conditionRate": 0.0, "weaselRate": 0.0, "peacockRate": 0.0, "hedgeRate": 0.0, "doxasticRate": 0.0, "loveNum": 0, "anxietyNum": 0, "sorrowNum": 0, "joyNum": 0, "disgustNum": 0, "fearNum": 0, "surpriseNum": 0, "angerNum": 0, "loveRate": 0.0, "anxietyRate": 0.0, "sorrowRate": 0.0, "joyRate": 0.0, "disgustRate": 0.0, "fearRate": 0.0, "surpriseRate": 0.0, "angerRate": 0.0, "slangBeGeneralNum": 0, "slangBeCigaretteNum": 0, "slangBeHumanNum": 0, "slangBeVehicleNum": 0, "slangBeDrugNum": 0, "slangBvNum": 0, "slangBeGeneralRate": 0.0, "slangBeCigaretteRate": 0.0, "slangBeHumanRate": 0.0, "slangBeVehicleRate": 0.0, "slangBeDrugRate": 0.0, "slangBvRate": 0.0, "speechactNum": 0, "quoteNum": 0, "dashNum": 0, "publicNum": 0, "privateNum": 0, "suasiveNum": 0, "discMarkerNum": 0, "smileyNum": 0, "dateNum": 0, "hesitationNum": 0, "restartNum": 0, "repeatNum": 0, "conjBeforeDiscNum": 0, "conjAfterDiscNum": 0, "wordBeforeHesitationNum": 0, "wordAfterHesitationNum": 0, "otherCollocationNum": 0, "speechactRate": 0.0, "quoteRate": 0.0, "dashRate": 0.0, "publicRate": 0.0, "privateRate": 0.0, "suasiveRate": 0.0, "discMarkerRate": 0.0, "smileyRate": 0.0, "dateRate": 0.0, "hesitationRate": 0.0, "restartRate": 0.0, "repeatRate": 0.0, "conjBeforeDiscRate": 0.0, "conjAfterDiscRate": 0.0, "wordBeforeHesitationRate": 0.0, "wordAfterHesitationRate": 0.0, "otherCollocationRate": 0.0, "easyWordNum": 314, "hardWordNum": 16, "easyWordRate": 0.9515151515151515, "hardWordRate": 0.048484848484848485, "fleschReadingEaseScore": 67.3468181818182, "gunningFogIndex": 8.819393939393938, "fleschKincaidGradeLevel": 9.331212121212122, "colemanLiauIndex": 10.187257575757574, "smogIndex": 7.3011, "automatedReadabilityIndex": 10.35109090909091, "linsearWriteIndex": 2.5353535353535355, "author": "", "locationNameNum": 0, "locationNameRate": 0.0, "personNameNum": 1, "personNameRate": 0.0030303030303030303, "organizationNameNum": 1, "organizationNameRate": 0.0030303030303030303, "misspelledNum": 2, "misspelledRate": 0.006060606060606061, "missingAccentNum": 0, "missingAccentRate": 0.0, "foreignAccentNum": 0, "foreignAccentRate": 0.0, "wordConcatNum": 0, "wordConcatRate": 0.0, "jLyMistakeNum": 0, "jLyMistakeRate": 0.0, "freqSuffixNum": 0, "partsNum": 113, "privateVNum": 0, "publicVNum": 0, "clauseWordNum": 48}