{"tokenNum": 357, "sentenceNum": 19, "lemmaNum": 197, "lemmaRate": 0.5518207282913166, "sentenceLength": 18.789473684210527, "allUpperNum": 7, "firstUpperNum": 25, "allUpperRate": 0.0196078431372549, "firstUpperRate": 0.0700280112044818, "declarSentNum": 19, "imperSentNum": 0, "questionNum": 0, "declarSentRate": 1.0, "imperSentRate": 0.0, "questionRate": 0.0, "accent": false, "saturation": 4.191489361702128, "paragraphNum": 0, "nounNum": 69, "verbNum": 52, "adjNum": 33, "infNum": 13, "partPastNum": 4, "partPresNum": 1, "partFutNum": 0, "transNum": 2, "xNum": 17, "advNum": 35, "properNounNum": 5, "numNum": 6, "conjNum": 21, "punctNum": 50, "pronNum": 29, "relPronNum": 6, "demPronNum": 19, "adposNum": 3, "multiplePunctNum": 1, "phraseNum": 0, "nounRate": 0.19327731092436976, "verbRate": 0.14565826330532214, "adjRate": 0.09243697478991597, "infRate": 0.036414565826330535, "partPastRate": 0.011204481792717087, "partPresRate": 0.0028011204481792717, "partFutRate": 0.0, "transRate": 0.0056022408963585435, "xRate": 0.047619047619047616, "advRate": 0.09803921568627451, "properNounRate": 0.014005602240896359, "numRate": 0.01680672268907563, "conjRate": 0.058823529411764705, "punctRate": 0.1400560224089636, "pronRate": 0.08123249299719888, "relPronRate": 0.01680672268907563, "demPronRate": 0.05322128851540616, "adposRate": 0.008403361344537815, "multiplePunctRate": 0.02, "partsDensityRate": 4.0212765957446805, "contentfulness": 9.947368421052632, "phraseRate": 0.0, "pastTenseNum": 10, "presentTenseNum": 29, "condNum": 2, "impNum": 4, "freqNum": 0, "causNum": 0, "modalNum": 3, "sg1VerbNum": 8, "sg2VerbNum": 2, "sg3VerbNum": 45, "pl1VerbNum": 0, "pl2VerbNum": 3, "pl3VerbNum": 14, "superlatNum": 0, "comparatNum": 3, "specDerivSuffixNum": 0, "pluralNounNum": 11, "pastTenseRate": 0.19230769230769232, "presentTenseRate": 0.5576923076923077, "condRate": 0.038461538461538464, "impRate": 0.07692307692307693, "freqRate": 0.0, "causRate": 0.0, "modalRate": 0.057692307692307696, "sg1VerbRate": 0.15384615384615385, "sg2VerbRate": 0.038461538461538464, "sg3VerbRate": 0.8653846153846154, "pl1VerbRate": 0.0, "pl2VerbRate": 0.057692307692307696, "pl3VerbRate": 0.2692307692307692, "superlatRate": 0.0, "comparatRate": 0.09090909090909091, "specDerivSuffixRate": 0.0, "pluralNounRate": 0.15942028985507245, "subjNum": 24, "objNum": 16, "attNum": 22, "subordNum": 10, "adverbNum": 45, "coordNum": 20, "clauseNum": 47, "simpleNum": 5, "complexNum": 14, "complexity1Num": 7, "complexity2Num": 4, "complexity3Num": 1, "compoundNum": 0, "subjRate": 0.06722689075630252, "objRate": 0.04481792717086835, "attRate": 0.06162464985994398, "subordRate": 0.028011204481792718, "adverbRate": 0.12605042016806722, "coordRate": 0.056022408963585436, "partsRate": 2.702127659574468, "clauseRate": 2.473684210526316, "simpleRate": 0.2631578947368421, "complexRate": 0.7368421052631579, "complexity1Rate": 0.3684210526315789, "complexity2Rate": 0.21052631578947367, "complexity3Rate": 0.05263157894736842, "complexClauseRate": 3.0, "sentencesPerParagraph": 0.0, "wordsLengthRate": 5.52442996742671, "compoundRate": 0.0, "positiveNum": 0, "negativeNum": 0, "precoPositiveNum": 0, "precoNegativeNum": 0, "negemoNum": 0, "negationNum": 10, "functionNum": 168, "contentNum": 189, "vulgarNum": 0, "racistNum": 0, "specStyleNum": 0, "addressingNum": 0, "closingNum": 0, "postscriptNum": 0, "brutalNum": 0, "positiveRate": 0.0, "negativeRate": 0.0, "precoPositiveRate": 0.0, "precoNegativeRate": 0.0, "negemoRate": 0.0, "negationRate": 0.028011204481792718, "functionRate": 0.47058823529411764, "contentRate": 0.5294117647058824, "vulgarRate": 0.0, "racistRate": 0.0, "specStyleRate": 0.0, "addressingRate": 0.0, "closingRate": 0.0, "postscriptRate": 0.0, "brutalRate": 0.0, "epistemicNum": 0, "investNum": 0, "conditionNum": 0, "weaselNum": 0, "peacockNum": 0, "hedgeNum": 0, "doxasticNum": 0, "epistemicRate": 0.0, "investRate": 0.0, "conditionRate": 0.0, "weaselRate": 0.0, "peacockRate": 0.0, "hedgeRate": 0.0, "doxasticRate": 0.0, "loveNum": 0, "anxietyNum": 0, "sorrowNum": 0, "joyNum": 0, "disgustNum": 0, "fearNum": 0, "surpriseNum": 0, "angerNum": 0, "loveRate": 0.0, "anxietyRate": 0.0, "sorrowRate": 0.0, "joyRate": 0.0, "disgustRate": 0.0, "fearRate": 0.0, "surpriseRate": 0.0, "angerRate": 0.0, "slangBeGeneralNum": 0, "slangBeCigaretteNum": 0, "slangBeHumanNum": 0, "slangBeVehicleNum": 0, "slangBeDrugNum": 0, "slangBvNum": 0, "slangBeGeneralRate": 0.0, "slangBeCigaretteRate": 0.0, "slangBeHumanRate": 0.0, "slangBeVehicleRate": 0.0, "slangBeDrugRate": 0.0, "slangBvRate": 0.0, "speechactNum": 0, "quoteNum": 0, "dashNum": 0, "publicNum": 0, "privateNum": 0, "suasiveNum": 0, "discMarkerNum": 0, "smileyNum": 0, "dateNum": 0, "hesitationNum": 0, "restartNum": 0, "repeatNum": 4, "conjBeforeDiscNum": 0, "conjAfterDiscNum": 0, "wordBeforeHesitationNum": 0, "wordAfterHesitationNum": 0, "otherCollocationNum": 0, "speechactRate": 0.0, "quoteRate": 0.0, "dashRate": 0.0, "publicRate": 0.0, "privateRate": 0.0, "suasiveRate": 0.0, "discMarkerRate": 0.0, "smileyRate": 0.0, "dateRate": 0.0, "hesitationRate": 0.0, "restartRate": 0.0, "repeatRate": 0.011204481792717087, "conjBeforeDiscRate": 0.0, "conjAfterDiscRate": 0.0, "wordBeforeHesitationRate": 0.0, "wordAfterHesitationRate": 0.0, "otherCollocationRate": 0.0, "easyWordNum": 328, "hardWordNum": 29, "easyWordRate": 0.9187675070028011, "hardWordRate": 0.08123249299719888, "fleschReadingEaseScore": 51.74015479876161, "gunningFogIndex": 7.548282470883091, "fleschKincaidGradeLevel": 10.710443756449951, "colemanLiauIndex": 12.725918767507, "smogIndex": 8.745826893841286, "automatedReadabilityIndex": 10.775913312693497, "linsearWriteIndex": 1.9411764705882355, "author": "", "locationNameNum": 1, "locationNameRate": 0.0028011204481792717, "personNameNum": 1, "personNameRate": 0.0028011204481792717, "organizationNameNum": 0, "organizationNameRate": 0.0, "misspelledNum": 134, "misspelledRate": 0.3753501400560224, "missingAccentNum": 122, "missingAccentRate": 0.34173669467787116, "foreignAccentNum": 0, "foreignAccentRate": 0.0, "wordConcatNum": 0, "wordConcatRate": 0.0, "jLyMistakeNum": 0, "jLyMistakeRate": 0.0, "freqSuffixNum": 0, "partsNum": 127, "privateVNum": 0, "publicVNum": 0, "clauseWordNum": 47}