{"tokenNum": 407, "sentenceNum": 29, "lemmaNum": 176, "lemmaRate": 0.43243243243243246, "sentenceLength": 14.03448275862069, "allUpperNum": 2, "firstUpperNum": 37, "allUpperRate": 0.004914004914004914, "firstUpperRate": 0.09090909090909091, "declarSentNum": 29, "imperSentNum": 0, "questionNum": 0, "declarSentRate": 1.0, "imperSentRate": 0.0, "questionRate": 0.0, "accent": false, "saturation": 2.838709677419355, "paragraphNum": 0, "nounNum": 52, "verbNum": 49, "adjNum": 39, "infNum": 1, "partPastNum": 0, "partPresNum": 0, "partFutNum": 0, "transNum": 0, "xNum": 27, "advNum": 52, "properNounNum": 5, "numNum": 6, "conjNum": 33, "punctNum": 87, "pronNum": 24, "relPronNum": 0, "demPronNum": 19, "adposNum": 1, "multiplePunctNum": 7, "phraseNum": 0, "nounRate": 0.12776412776412777, "verbRate": 0.12039312039312039, "adjRate": 0.09582309582309582, "infRate": 0.002457002457002457, "partPastRate": 0.0, "partPresRate": 0.0, "partFutRate": 0.0, "transRate": 0.0, "xRate": 0.06633906633906633, "advRate": 0.12776412776412777, "properNounRate": 0.012285012285012284, "numRate": 0.014742014742014743, "conjRate": 0.08108108108108109, "punctRate": 0.21375921375921375, "pronRate": 0.05896805896805897, "relPronRate": 0.0, "demPronRate": 0.04668304668304668, "adposRate": 0.002457002457002457, "multiplePunctRate": 0.08045977011494253, "partsDensityRate": 3.096774193548387, "contentfulness": 6.620689655172414, "phraseRate": 0.0, "pastTenseNum": 27, "presentTenseNum": 21, "condNum": 6, "impNum": 3, "freqNum": 0, "causNum": 0, "modalNum": 2, "sg1VerbNum": 16, "sg2VerbNum": 0, "sg3VerbNum": 55, "pl1VerbNum": 1, "pl2VerbNum": 0, "pl3VerbNum": 1, "superlatNum": 2, "comparatNum": 4, "specDerivSuffixNum": 0, "pluralNounNum": 2, "pastTenseRate": 0.5510204081632653, "presentTenseRate": 0.42857142857142855, "condRate": 0.12244897959183673, "impRate": 0.061224489795918366, "freqRate": 0.0, "causRate": 0.0, "modalRate": 0.04081632653061224, "sg1VerbRate": 0.32653061224489793, "sg2VerbRate": 0.0, "sg3VerbRate": 1.1224489795918366, "pl1VerbRate": 0.02040816326530612, "pl2VerbRate": 0.0, "pl3VerbRate": 0.02040816326530612, "superlatRate": 0.05128205128205128, "comparatRate": 0.10256410256410256, "specDerivSuffixRate": 0.0, "pluralNounRate": 0.038461538461538464, "subjNum": 28, "objNum": 12, "attNum": 13, "subordNum": 12, "adverbNum": 66, "coordNum": 23, "clauseNum": 62, "simpleNum": 14, "complexNum": 15, "complexity1Num": 9, "complexity2Num": 1, "complexity3Num": 1, "compoundNum": 0, "subjRate": 0.0687960687960688, "objRate": 0.029484029484029485, "attRate": 0.03194103194103194, "subordRate": 0.029484029484029485, "adverbRate": 0.16216216216216217, "coordRate": 0.056511056511056514, "partsRate": 2.2903225806451615, "clauseRate": 2.1379310344827585, "simpleRate": 0.4827586206896552, "complexRate": 0.5172413793103449, "complexity1Rate": 0.3103448275862069, "complexity2Rate": 0.034482758620689655, "complexity3Rate": 0.034482758620689655, "complexClauseRate": 3.2, "sentencesPerParagraph": 0.0, "wordsLengthRate": 4.45, "compoundRate": 0.0, "positiveNum": 0, "negativeNum": 0, "precoPositiveNum": 0, "precoNegativeNum": 0, "negemoNum": 0, "negationNum": 22, "functionNum": 215, "contentNum": 192, "vulgarNum": 0, "racistNum": 0, "specStyleNum": 0, "addressingNum": 0, "closingNum": 0, "postscriptNum": 0, "brutalNum": 0, "positiveRate": 0.0, "negativeRate": 0.0, "precoPositiveRate": 0.0, "precoNegativeRate": 0.0, "negemoRate": 0.0, "negationRate": 0.05405405405405406, "functionRate": 0.5282555282555282, "contentRate": 0.47174447174447176, "vulgarRate": 0.0, "racistRate": 0.0, "specStyleRate": 0.0, "addressingRate": 0.0, "closingRate": 0.0, "postscriptRate": 0.0, "brutalRate": 0.0, "epistemicNum": 0, "investNum": 0, "conditionNum": 0, "weaselNum": 0, "peacockNum": 0, "hedgeNum": 0, "doxasticNum": 0, "epistemicRate": 0.0, "investRate": 0.0, "conditionRate": 0.0, "weaselRate": 0.0, "peacockRate": 0.0, "hedgeRate": 0.0, "doxasticRate": 0.0, "loveNum": 0, "anxietyNum": 0, "sorrowNum": 0, "joyNum": 0, "disgustNum": 0, "fearNum": 0, "surpriseNum": 0, "angerNum": 0, "loveRate": 0.0, "anxietyRate": 0.0, "sorrowRate": 0.0, "joyRate": 0.0, "disgustRate": 0.0, "fearRate": 0.0, "surpriseRate": 0.0, "angerRate": 0.0, "slangBeGeneralNum": 0, "slangBeCigaretteNum": 0, "slangBeHumanNum": 0, "slangBeVehicleNum": 0, "slangBeDrugNum": 0, "slangBvNum": 0, "slangBeGeneralRate": 0.0, "slangBeCigaretteRate": 0.0, "slangBeHumanRate": 0.0, "slangBeVehicleRate": 0.0, "slangBeDrugRate": 0.0, "slangBvRate": 0.0, "speechactNum": 0, "quoteNum": 0, "dashNum": 0, "publicNum": 0, "privateNum": 0, "suasiveNum": 0, "discMarkerNum": 0, "smileyNum": 1, "dateNum": 0, "hesitationNum": 0, "restartNum": 0, "repeatNum": 2, "conjBeforeDiscNum": 0, "conjAfterDiscNum": 0, "wordBeforeHesitationNum": 0, "wordAfterHesitationNum": 0, "otherCollocationNum": 0, "speechactRate": 0.0, "quoteRate": 0.0, "dashRate": 0.0, "publicRate": 0.0, "privateRate": 0.0, "suasiveRate": 0.0, "discMarkerRate": 0.0, "smileyRate": 0.002457002457002457, "dateRate": 0.0, "hesitationRate": 0.0, "restartRate": 0.0, "repeatRate": 0.004914004914004914, "conjBeforeDiscRate": 0.0, "conjAfterDiscRate": 0.0, "wordBeforeHesitationRate": 0.0, "wordAfterHesitationRate": 0.0, "otherCollocationRate": 0.0, "easyWordNum": 393, "hardWordNum": 14, "easyWordRate": 0.9656019656019657, "hardWordRate": 0.0343980343980344, "fleschReadingEaseScore": 93.43963144963146, "gunningFogIndex": 5.62755231720749, "fleschKincaidGradeLevel": 3.7129323053461007, "colemanLiauIndex": 5.79162899262899, "smogIndex": 7.03164865440522, "automatedReadabilityIndex": 2.8533838854528497, "linsearWriteIndex": 0.7283741421672456, "author": "", "locationNameNum": 0, "locationNameRate": 0.0, "personNameNum": 1, "personNameRate": 0.002457002457002457, "organizationNameNum": 0, "organizationNameRate": 0.0, "misspelledNum": 77, "misspelledRate": 0.1891891891891892, "missingAccentNum": 71, "missingAccentRate": 0.17444717444717445, "foreignAccentNum": 0, "foreignAccentRate": 0.0, "wordConcatNum": 3, "wordConcatRate": 0.007371007371007371, "jLyMistakeNum": 0, "jLyMistakeRate": 0.0, "freqSuffixNum": 0, "partsNum": 142, "privateVNum": 0, "publicVNum": 0, "clauseWordNum": 62}