{"tokenNum": 99, "sentenceNum": 7, "lemmaNum": 70, "lemmaRate": 0.7070707070707071, "sentenceLength": 14.142857142857142, "allUpperNum": 1, "firstUpperNum": 14, "allUpperRate": 0.010101010101010102, "firstUpperRate": 0.1414141414141414, "declarSentNum": 7, "imperSentNum": 0, "questionNum": 0, "declarSentRate": 1.0, "imperSentRate": 0.0, "questionRate": 0.0, "accent": false, "saturation": 5.384615384615385, "paragraphNum": 0, "nounNum": 20, "verbNum": 11, "adjNum": 11, "infNum": 2, "partPastNum": 2, "partPresNum": 1, "partFutNum": 0, "transNum": 0, "xNum": 7, "advNum": 11, "properNounNum": 10, "numNum": 1, "conjNum": 8, "punctNum": 16, "pronNum": 4, "relPronNum": 0, "demPronNum": 4, "adposNum": 1, "multiplePunctNum": 1, "phraseNum": 0, "nounRate": 0.20202020202020202, "verbRate": 0.1111111111111111, "adjRate": 0.1111111111111111, "infRate": 0.020202020202020204, "partPastRate": 0.020202020202020204, "partPresRate": 0.010101010101010102, "partFutRate": 0.0, "transRate": 0.0, "xRate": 0.0707070707070707, "advRate": 0.1111111111111111, "properNounRate": 0.10101010101010101, "numRate": 0.010101010101010102, "conjRate": 0.08080808080808081, "punctRate": 0.16161616161616163, "pronRate": 0.04040404040404041, "relPronRate": 0.0, "demPronRate": 0.04040404040404041, "adposRate": 0.010101010101010102, "multiplePunctRate": 0.0625, "partsDensityRate": 4.076923076923077, "contentfulness": 7.571428571428571, "phraseRate": 0.0, "pastTenseNum": 0, "presentTenseNum": 9, "condNum": 1, "impNum": 0, "freqNum": 0, "causNum": 0, "modalNum": 0, "sg1VerbNum": 2, "sg2VerbNum": 0, "sg3VerbNum": 10, "pl1VerbNum": 1, "pl2VerbNum": 0, "pl3VerbNum": 1, "superlatNum": 0, "comparatNum": 0, "specDerivSuffixNum": 0, "pluralNounNum": 2, "pastTenseRate": 0.0, "presentTenseRate": 0.8181818181818182, "condRate": 0.09090909090909091, "impRate": 0.0, "freqRate": 0.0, "causRate": 0.0, "modalRate": 0.0, "sg1VerbRate": 0.18181818181818182, "sg2VerbRate": 0.0, "sg3VerbRate": 0.9090909090909091, "pl1VerbRate": 0.09090909090909091, "pl2VerbRate": 0.0, "pl3VerbRate": 0.09090909090909091, "superlatRate": 0.0, "comparatRate": 0.0, "specDerivSuffixRate": 0.0, "pluralNounRate": 0.1, "subjNum": 5, "objNum": 2, "attNum": 7, "subordNum": 4, "adverbNum": 11, "coordNum": 5, "clauseNum": 13, "simpleNum": 2, "complexNum": 4, "complexity1Num": 2, "complexity2Num": 1, "complexity3Num": 1, "compoundNum": 0, "subjRate": 0.050505050505050504, "objRate": 0.020202020202020204, "attRate": 0.0707070707070707, "subordRate": 0.04040404040404041, "adverbRate": 0.1111111111111111, "coordRate": 0.050505050505050504, "partsRate": 2.3076923076923075, "clauseRate": 1.8571428571428572, "simpleRate": 0.2857142857142857, "complexRate": 0.5714285714285714, "complexity1Rate": 0.2857142857142857, "complexity2Rate": 0.14285714285714285, "complexity3Rate": 0.14285714285714285, "complexClauseRate": 2.75, "sentencesPerParagraph": 0.0, "wordsLengthRate": 4.783132530120482, "compoundRate": 0.0, "positiveNum": 0, "negativeNum": 0, "precoPositiveNum": 0, "precoNegativeNum": 0, "negemoNum": 0, "negationNum": 2, "functionNum": 46, "contentNum": 53, "vulgarNum": 0, "racistNum": 0, "specStyleNum": 0, "addressingNum": 0, "closingNum": 0, "postscriptNum": 0, "brutalNum": 0, "positiveRate": 0.0, "negativeRate": 0.0, "precoPositiveRate": 0.0, "precoNegativeRate": 0.0, "negemoRate": 0.0, "negationRate": 0.020202020202020204, "functionRate": 0.46464646464646464, "contentRate": 0.5353535353535354, "vulgarRate": 0.0, "racistRate": 0.0, "specStyleRate": 0.0, "addressingRate": 0.0, "closingRate": 0.0, "postscriptRate": 0.0, "brutalRate": 0.0, "epistemicNum": 0, "investNum": 0, "conditionNum": 0, "weaselNum": 0, "peacockNum": 0, "hedgeNum": 0, "doxasticNum": 0, "epistemicRate": 0.0, "investRate": 0.0, "conditionRate": 0.0, "weaselRate": 0.0, "peacockRate": 0.0, "hedgeRate": 0.0, "doxasticRate": 0.0, "loveNum": 0, "anxietyNum": 0, "sorrowNum": 0, "joyNum": 0, "disgustNum": 0, "fearNum": 0, "surpriseNum": 0, "angerNum": 0, "loveRate": 0.0, "anxietyRate": 0.0, "sorrowRate": 0.0, "joyRate": 0.0, "disgustRate": 0.0, "fearRate": 0.0, "surpriseRate": 0.0, "angerRate": 0.0, "slangBeGeneralNum": 0, "slangBeCigaretteNum": 0, "slangBeHumanNum": 0, "slangBeVehicleNum": 0, "slangBeDrugNum": 0, "slangBvNum": 0, "slangBeGeneralRate": 0.0, "slangBeCigaretteRate": 0.0, "slangBeHumanRate": 0.0, "slangBeVehicleRate": 0.0, "slangBeDrugRate": 0.0, "slangBvRate": 0.0, "speechactNum": 0, "quoteNum": 0, "dashNum": 0, "publicNum": 0, "privateNum": 0, "suasiveNum": 0, "discMarkerNum": 0, "smileyNum": 0, "dateNum": 0, "hesitationNum": 0, "restartNum": 0, "repeatNum": 3, "conjBeforeDiscNum": 0, "conjAfterDiscNum": 0, "wordBeforeHesitationNum": 0, "wordAfterHesitationNum": 0, "otherCollocationNum": 0, "speechactRate": 0.0, "quoteRate": 0.0, "dashRate": 0.0, "publicRate": 0.0, "privateRate": 0.0, "suasiveRate": 0.0, "discMarkerRate": 0.0, "smileyRate": 0.0, "dateRate": 0.0, "hesitationRate": 0.0, "restartRate": 0.0, "repeatRate": 0.030303030303030304, "conjBeforeDiscRate": 0.0, "conjAfterDiscRate": 0.0, "wordBeforeHesitationRate": 0.0, "wordAfterHesitationRate": 0.0, "otherCollocationRate": 0.0, "easyWordNum": 95, "hardWordNum": 4, "easyWordRate": 0.9595959595959596, "hardWordRate": 0.04040404040404041, "fleschReadingEaseScore": 80.53454545454548, "gunningFogIndex": 5.673304473304473, "fleschKincaidGradeLevel": 5.539855699855703, "colemanLiauIndex": 8.29524242424242, "smogIndex": 5.2151, "automatedReadabilityIndex": 4.909610389610393, "linsearWriteIndex": 6.142857142857143, "author": "", "locationNameNum": 0, "locationNameRate": 0.0, "personNameNum": 0, "personNameRate": 0.0, "organizationNameNum": 0, "organizationNameRate": 0.0, "misspelledNum": 22, "misspelledRate": 0.2222222222222222, "missingAccentNum": 18, "missingAccentRate": 0.18181818181818182, "foreignAccentNum": 0, "foreignAccentRate": 0.0, "wordConcatNum": 1, "wordConcatRate": 0.010101010101010102, "jLyMistakeNum": 0, "jLyMistakeRate": 0.0, "freqSuffixNum": 0, "partsNum": 30, "privateVNum": 0, "publicVNum": 0, "clauseWordNum": 13}