{"tokenNum": 361, "sentenceNum": 11, "lemmaNum": 265, "lemmaRate": 0.7340720221606648, "sentenceLength": 32.81818181818182, "allUpperNum": 0, "firstUpperNum": 64, "allUpperRate": 0.0, "firstUpperRate": 0.1772853185595568, "declarSentNum": 11, "imperSentNum": 0, "questionNum": 0, "declarSentRate": 1.0, "imperSentRate": 0.0, "questionRate": 0.0, "accent": true, "saturation": 10.6, "paragraphNum": 0, "nounNum": 124, "verbNum": 19, "adjNum": 89, "infNum": 3, "partPastNum": 0, "partPresNum": 1, "partFutNum": 0, "transNum": 0, "xNum": 56, "advNum": 12, "properNounNum": 61, "numNum": 3, "conjNum": 9, "punctNum": 31, "pronNum": 4, "relPronNum": 0, "demPronNum": 3, "adposNum": 2, "multiplePunctNum": 5, "phraseNum": 0, "nounRate": 0.34349030470914127, "verbRate": 0.05263157894736842, "adjRate": 0.24653739612188366, "infRate": 0.008310249307479225, "partPastRate": 0.0, "partPresRate": 0.002770083102493075, "partFutRate": 0.0, "transRate": 0.0, "xRate": 0.15512465373961218, "advRate": 0.0332409972299169, "properNounRate": 0.16897506925207756, "numRate": 0.008310249307479225, "conjRate": 0.024930747922437674, "punctRate": 0.08587257617728532, "pronRate": 0.0110803324099723, "relPronRate": 0.0, "demPronRate": 0.008310249307479225, "adposRate": 0.00554016620498615, "multiplePunctRate": 0.16129032258064516, "partsDensityRate": 9.76, "contentfulness": 22.181818181818183, "phraseRate": 0.0, "pastTenseNum": 7, "presentTenseNum": 9, "condNum": 1, "impNum": 1, "freqNum": 0, "causNum": 0, "modalNum": 1, "sg1VerbNum": 5, "sg2VerbNum": 0, "sg3VerbNum": 8, "pl1VerbNum": 5, "pl2VerbNum": 2, "pl3VerbNum": 1, "superlatNum": 0, "comparatNum": 0, "specDerivSuffixNum": 0, "pluralNounNum": 5, "pastTenseRate": 0.3684210526315789, "presentTenseRate": 0.47368421052631576, "condRate": 0.05263157894736842, "impRate": 0.05263157894736842, "freqRate": 0.0, "causRate": 0.0, "modalRate": 0.05263157894736842, "sg1VerbRate": 0.2631578947368421, "sg2VerbRate": 0.0, "sg3VerbRate": 0.42105263157894735, "pl1VerbRate": 0.2631578947368421, "pl2VerbRate": 0.10526315789473684, "pl3VerbRate": 0.05263157894736842, "superlatRate": 0.0, "comparatRate": 0.0, "specDerivSuffixRate": 0.0, "pluralNounRate": 0.04032258064516129, "subjNum": 6, "objNum": 8, "attNum": 81, "subordNum": 6, "adverbNum": 13, "coordNum": 21, "clauseNum": 25, "simpleNum": 6, "complexNum": 5, "complexity1Num": 0, "complexity2Num": 3, "complexity3Num": 0, "compoundNum": 0, "subjRate": 0.01662049861495845, "objRate": 0.0221606648199446, "attRate": 0.22437673130193905, "subordRate": 0.01662049861495845, "adverbRate": 0.036011080332409975, "coordRate": 0.05817174515235457, "partsRate": 5.16, "clauseRate": 2.272727272727273, "simpleRate": 0.5454545454545454, "complexRate": 0.45454545454545453, "complexity1Rate": 0.0, "complexity2Rate": 0.2727272727272727, "complexity3Rate": 0.0, "complexClauseRate": 3.8, "sentencesPerParagraph": 0.0, "wordsLengthRate": 4.460606060606061, "compoundRate": 0.0, "positiveNum": 0, "negativeNum": 0, "precoPositiveNum": 0, "precoNegativeNum": 0, "negemoNum": 0, "negationNum": 4, "functionNum": 117, "contentNum": 244, "vulgarNum": 0, "racistNum": 0, "specStyleNum": 0, "addressingNum": 0, "closingNum": 0, "postscriptNum": 0, "brutalNum": 0, "positiveRate": 0.0, "negativeRate": 0.0, "precoPositiveRate": 0.0, "precoNegativeRate": 0.0, "negemoRate": 0.0, "negationRate": 0.0110803324099723, "functionRate": 0.32409972299168976, "contentRate": 0.6759002770083102, "vulgarRate": 0.0, "racistRate": 0.0, "specStyleRate": 0.0, "addressingRate": 0.0, "closingRate": 0.0, "postscriptRate": 0.0, "brutalRate": 0.0, "epistemicNum": 0, "investNum": 0, "conditionNum": 0, "weaselNum": 0, "peacockNum": 0, "hedgeNum": 0, "doxasticNum": 0, "epistemicRate": 0.0, "investRate": 0.0, "conditionRate": 0.0, "weaselRate": 0.0, "peacockRate": 0.0, "hedgeRate": 0.0, "doxasticRate": 0.0, "loveNum": 0, "anxietyNum": 0, "sorrowNum": 0, "joyNum": 0, "disgustNum": 0, "fearNum": 0, "surpriseNum": 0, "angerNum": 0, "loveRate": 0.0, "anxietyRate": 0.0, "sorrowRate": 0.0, "joyRate": 0.0, "disgustRate": 0.0, "fearRate": 0.0, "surpriseRate": 0.0, "angerRate": 0.0, "slangBeGeneralNum": 0, "slangBeCigaretteNum": 0, "slangBeHumanNum": 0, "slangBeVehicleNum": 0, "slangBeDrugNum": 0, "slangBvNum": 0, "slangBeGeneralRate": 0.0, "slangBeCigaretteRate": 0.0, "slangBeHumanRate": 0.0, "slangBeVehicleRate": 0.0, "slangBeDrugRate": 0.0, "slangBvRate": 0.0, "speechactNum": 0, "quoteNum": 0, "dashNum": 0, "publicNum": 0, "privateNum": 0, "suasiveNum": 0, "discMarkerNum": 0, "smileyNum": 0, "dateNum": 0, "hesitationNum": 0, "restartNum": 0, "repeatNum": 0, "conjBeforeDiscNum": 0, "conjAfterDiscNum": 0, "wordBeforeHesitationNum": 0, "wordAfterHesitationNum": 0, "otherCollocationNum": 0, "speechactRate": 0.0, "quoteRate": 0.0, "dashRate": 0.0, "publicRate": 0.0, "privateRate": 0.0, "suasiveRate": 0.0, "discMarkerRate": 0.0, "smileyRate": 0.0, "dateRate": 0.0, "hesitationRate": 0.0, "restartRate": 0.0, "repeatRate": 0.0, "conjBeforeDiscRate": 0.0, "conjAfterDiscRate": 0.0, "wordBeforeHesitationRate": 0.0, "wordAfterHesitationRate": 0.0, "otherCollocationRate": 0.0, "easyWordNum": 337, "hardWordNum": 24, "easyWordRate": 0.9335180055401662, "hardWordRate": 0.0664819944598338, "fleschReadingEaseScore": 73.92620750440696, "gunningFogIndex": 13.153865525056663, "fleschKincaidGradeLevel": 11.101057668093684, "colemanLiauIndex": 7.874119113573407, "smogIndex": 8.238735603445708, "automatedReadabilityIndex": 13.910420548980106, "linsearWriteIndex": 3.457315537647948, "author": "", "locationNameNum": 0, "locationNameRate": 0.0, "personNameNum": 35, "personNameRate": 0.09695290858725762, "organizationNameNum": 0, "organizationNameRate": 0.0, "misspelledNum": 26, "misspelledRate": 0.07202216066481995, "missingAccentNum": 4, "missingAccentRate": 0.0110803324099723, "foreignAccentNum": 0, "foreignAccentRate": 0.0, "wordConcatNum": 4, "wordConcatRate": 0.0110803324099723, "jLyMistakeNum": 1, "jLyMistakeRate": 0.002770083102493075, "freqSuffixNum": 0, "partsNum": 129, "privateVNum": 0, "publicVNum": 0, "clauseWordNum": 25}