{"tokenNum": 376, "sentenceNum": 20, "lemmaNum": 191, "lemmaRate": 0.5079787234042553, "sentenceLength": 18.8, "allUpperNum": 2, "firstUpperNum": 22, "allUpperRate": 0.005319148936170213, "firstUpperRate": 0.05851063829787234, "declarSentNum": 19, "imperSentNum": 1, "questionNum": 0, "declarSentRate": 0.95, "imperSentRate": 0.05, "questionRate": 0.0, "accent": true, "saturation": 3.6037735849056602, "paragraphNum": 0, "nounNum": 62, "verbNum": 41, "adjNum": 32, "infNum": 3, "partPastNum": 3, "partPresNum": 1, "partFutNum": 0, "transNum": 4, "xNum": 21, "advNum": 48, "properNounNum": 0, "numNum": 0, "conjNum": 25, "punctNum": 79, "pronNum": 36, "relPronNum": 9, "demPronNum": 24, "adposNum": 4, "multiplePunctNum": 1, "phraseNum": 0, "nounRate": 0.16489361702127658, "verbRate": 0.10904255319148937, "adjRate": 0.0851063829787234, "infRate": 0.007978723404255319, "partPastRate": 0.007978723404255319, "partPresRate": 0.0026595744680851063, "partFutRate": 0.0, "transRate": 0.010638297872340425, "xRate": 0.05585106382978723, "advRate": 0.1276595744680851, "properNounRate": 0.0, "numRate": 0.0, "conjRate": 0.06648936170212766, "punctRate": 0.21010638297872342, "pronRate": 0.09574468085106383, "relPronRate": 0.023936170212765957, "demPronRate": 0.06382978723404255, "adposRate": 0.010638297872340425, "multiplePunctRate": 0.012658227848101266, "partsDensityRate": 3.452830188679245, "contentfulness": 9.15, "phraseRate": 0.0, "pastTenseNum": 6, "presentTenseNum": 32, "condNum": 2, "impNum": 0, "freqNum": 0, "causNum": 1, "modalNum": 2, "sg1VerbNum": 10, "sg2VerbNum": 0, "sg3VerbNum": 60, "pl1VerbNum": 4, "pl2VerbNum": 0, "pl3VerbNum": 4, "superlatNum": 0, "comparatNum": 1, "specDerivSuffixNum": 0, "pluralNounNum": 9, "pastTenseRate": 0.14634146341463414, "presentTenseRate": 0.7804878048780488, "condRate": 0.04878048780487805, "impRate": 0.0, "freqRate": 0.0, "causRate": 0.024390243902439025, "modalRate": 0.04878048780487805, "sg1VerbRate": 0.24390243902439024, "sg2VerbRate": 0.0, "sg3VerbRate": 1.4634146341463414, "pl1VerbRate": 0.0975609756097561, "pl2VerbRate": 0.0, "pl3VerbRate": 0.0975609756097561, "superlatRate": 0.0, "comparatRate": 0.03125, "specDerivSuffixRate": 0.0, "pluralNounRate": 0.14516129032258066, "subjNum": 36, "objNum": 12, "attNum": 17, "subordNum": 15, "adverbNum": 50, "coordNum": 21, "clauseNum": 53, "simpleNum": 7, "complexNum": 13, "complexity1Num": 4, "complexity2Num": 3, "complexity3Num": 3, "compoundNum": 0, "subjRate": 0.09574468085106383, "objRate": 0.031914893617021274, "attRate": 0.04521276595744681, "subordRate": 0.0398936170212766, "adverbRate": 0.13297872340425532, "coordRate": 0.05585106382978723, "partsRate": 2.5660377358490565, "clauseRate": 2.65, "simpleRate": 0.35, "complexRate": 0.65, "complexity1Rate": 0.2, "complexity2Rate": 0.15, "complexity3Rate": 0.15, "complexClauseRate": 3.5384615384615383, "sentencesPerParagraph": 0.0, "wordsLengthRate": 5.5353535353535355, "compoundRate": 0.0, "positiveNum": 0, "negativeNum": 0, "precoPositiveNum": 0, "precoNegativeNum": 0, "negemoNum": 0, "negationNum": 12, "functionNum": 193, "contentNum": 183, "vulgarNum": 0, "racistNum": 0, "specStyleNum": 0, "addressingNum": 0, "closingNum": 0, "postscriptNum": 0, "brutalNum": 0, "positiveRate": 0.0, "negativeRate": 0.0, "precoPositiveRate": 0.0, "precoNegativeRate": 0.0, "negemoRate": 0.0, "negationRate": 0.031914893617021274, "functionRate": 0.5132978723404256, "contentRate": 0.4867021276595745, "vulgarRate": 0.0, "racistRate": 0.0, "specStyleRate": 0.0, "addressingRate": 0.0, "closingRate": 0.0, "postscriptRate": 0.0, "brutalRate": 0.0, "epistemicNum": 0, "investNum": 0, "conditionNum": 0, "weaselNum": 0, "peacockNum": 0, "hedgeNum": 0, "doxasticNum": 0, "epistemicRate": 0.0, "investRate": 0.0, "conditionRate": 0.0, "weaselRate": 0.0, "peacockRate": 0.0, "hedgeRate": 0.0, "doxasticRate": 0.0, "loveNum": 0, "anxietyNum": 0, "sorrowNum": 0, "joyNum": 0, "disgustNum": 0, "fearNum": 0, "surpriseNum": 0, "angerNum": 0, "loveRate": 0.0, "anxietyRate": 0.0, "sorrowRate": 0.0, "joyRate": 0.0, "disgustRate": 0.0, "fearRate": 0.0, "surpriseRate": 0.0, "angerRate": 0.0, "slangBeGeneralNum": 0, "slangBeCigaretteNum": 0, "slangBeHumanNum": 0, "slangBeVehicleNum": 0, "slangBeDrugNum": 0, "slangBvNum": 0, "slangBeGeneralRate": 0.0, "slangBeCigaretteRate": 0.0, "slangBeHumanRate": 0.0, "slangBeVehicleRate": 0.0, "slangBeDrugRate": 0.0, "slangBvRate": 0.0, "speechactNum": 0, "quoteNum": 0, "dashNum": 0, "publicNum": 0, "privateNum": 0, "suasiveNum": 0, "discMarkerNum": 0, "smileyNum": 0, "dateNum": 0, "hesitationNum": 0, "restartNum": 0, "repeatNum": 3, "conjBeforeDiscNum": 0, "conjAfterDiscNum": 0, "wordBeforeHesitationNum": 0, "wordAfterHesitationNum": 0, "otherCollocationNum": 0, "speechactRate": 0.0, "quoteRate": 0.0, "dashRate": 0.0, "publicRate": 0.0, "privateRate": 0.0, "suasiveRate": 0.0, "discMarkerRate": 0.0, "smileyRate": 0.0, "dateRate": 0.0, "hesitationRate": 0.0, "restartRate": 0.0, "repeatRate": 0.007978723404255319, "conjBeforeDiscRate": 0.0, "conjAfterDiscRate": 0.0, "wordBeforeHesitationRate": 0.0, "wordAfterHesitationRate": 0.0, "otherCollocationRate": 0.0, "easyWordNum": 342, "hardWordNum": 34, "easyWordRate": 0.9095744680851063, "hardWordRate": 0.09042553191489362, "fleschReadingEaseScore": 65.12800000000001, "gunningFogIndex": 7.556170212765958, "fleschKincaidGradeLevel": 8.84572340425532, "colemanLiauIndex": 10.939813829787234, "smogIndex": 9.210782826323648, "automatedReadabilityIndex": 9.352898936170213, "linsearWriteIndex": 1.8257978723404253, "author": "", "locationNameNum": 0, "locationNameRate": 0.0, "personNameNum": 0, "personNameRate": 0.0, "organizationNameNum": 0, "organizationNameRate": 0.0, "misspelledNum": 8, "misspelledRate": 0.02127659574468085, "missingAccentNum": 0, "missingAccentRate": 0.0, "foreignAccentNum": 0, "foreignAccentRate": 0.0, "wordConcatNum": 1, "wordConcatRate": 0.0026595744680851063, "jLyMistakeNum": 5, "jLyMistakeRate": 0.013297872340425532, "freqSuffixNum": 0, "partsNum": 136, "privateVNum": 0, "publicVNum": 0, "clauseWordNum": 53}