{"tokenNum": 304, "sentenceNum": 18, "lemmaNum": 171, "lemmaRate": 0.5625, "sentenceLength": 16.88888888888889, "allUpperNum": 1, "firstUpperNum": 22, "allUpperRate": 0.003289473684210526, "firstUpperRate": 0.07236842105263158, "declarSentNum": 18, "imperSentNum": 0, "questionNum": 0, "declarSentRate": 1.0, "imperSentRate": 0.0, "questionRate": 0.0, "accent": false, "saturation": 3.5625, "paragraphNum": 0, "nounNum": 60, "verbNum": 38, "adjNum": 23, "infNum": 7, "partPastNum": 1, "partPresNum": 1, "partFutNum": 0, "transNum": 1, "xNum": 18, "advNum": 35, "properNounNum": 3, "numNum": 11, "conjNum": 26, "punctNum": 44, "pronNum": 15, "relPronNum": 2, "demPronNum": 14, "adposNum": 1, "multiplePunctNum": 4, "phraseNum": 0, "nounRate": 0.19736842105263158, "verbRate": 0.125, "adjRate": 0.0756578947368421, "infRate": 0.023026315789473683, "partPastRate": 0.003289473684210526, "partPresRate": 0.003289473684210526, "partFutRate": 0.0, "transRate": 0.003289473684210526, "xRate": 0.05921052631578947, "advRate": 0.11513157894736842, "properNounRate": 0.009868421052631578, "numRate": 0.03618421052631579, "conjRate": 0.08552631578947369, "punctRate": 0.14473684210526316, "pronRate": 0.049342105263157895, "relPronRate": 0.006578947368421052, "demPronRate": 0.046052631578947366, "adposRate": 0.003289473684210526, "multiplePunctRate": 0.09090909090909091, "partsDensityRate": 3.25, "contentfulness": 8.666666666666666, "phraseRate": 0.0, "pastTenseNum": 1, "presentTenseNum": 31, "condNum": 0, "impNum": 2, "freqNum": 0, "causNum": 0, "modalNum": 4, "sg1VerbNum": 2, "sg2VerbNum": 8, "sg3VerbNum": 31, "pl1VerbNum": 1, "pl2VerbNum": 0, "pl3VerbNum": 5, "superlatNum": 0, "comparatNum": 0, "specDerivSuffixNum": 0, "pluralNounNum": 8, "pastTenseRate": 0.02631578947368421, "presentTenseRate": 0.8157894736842105, "condRate": 0.0, "impRate": 0.05263157894736842, "freqRate": 0.0, "causRate": 0.0, "modalRate": 0.10526315789473684, "sg1VerbRate": 0.05263157894736842, "sg2VerbRate": 0.21052631578947367, "sg3VerbRate": 0.8157894736842105, "pl1VerbRate": 0.02631578947368421, "pl2VerbRate": 0.0, "pl3VerbRate": 0.13157894736842105, "superlatRate": 0.0, "comparatRate": 0.0, "specDerivSuffixRate": 0.0, "pluralNounRate": 0.13333333333333333, "subjNum": 21, "objNum": 13, "attNum": 11, "subordNum": 9, "adverbNum": 43, "coordNum": 16, "clauseNum": 48, "simpleNum": 5, "complexNum": 13, "complexity1Num": 4, "complexity2Num": 6, "complexity3Num": 2, "compoundNum": 0, "subjRate": 0.06907894736842106, "objRate": 0.04276315789473684, "attRate": 0.03618421052631579, "subordRate": 0.029605263157894735, "adverbRate": 0.14144736842105263, "coordRate": 0.05263157894736842, "partsRate": 2.1666666666666665, "clauseRate": 2.6666666666666665, "simpleRate": 0.2777777777777778, "complexRate": 0.7222222222222222, "complexity1Rate": 0.2222222222222222, "complexity2Rate": 0.3333333333333333, "complexity3Rate": 0.1111111111111111, "complexClauseRate": 3.3076923076923075, "sentencesPerParagraph": 0.0, "wordsLengthRate": 5.165384615384616, "compoundRate": 0.0, "positiveNum": 0, "negativeNum": 0, "precoPositiveNum": 0, "precoNegativeNum": 0, "negemoNum": 0, "negationNum": 6, "functionNum": 148, "contentNum": 156, "vulgarNum": 0, "racistNum": 0, "specStyleNum": 0, "addressingNum": 0, "closingNum": 0, "postscriptNum": 0, "brutalNum": 0, "positiveRate": 0.0, "negativeRate": 0.0, "precoPositiveRate": 0.0, "precoNegativeRate": 0.0, "negemoRate": 0.0, "negationRate": 0.019736842105263157, "functionRate": 0.4868421052631579, "contentRate": 0.5131578947368421, "vulgarRate": 0.0, "racistRate": 0.0, "specStyleRate": 0.0, "addressingRate": 0.0, "closingRate": 0.0, "postscriptRate": 0.0, "brutalRate": 0.0, "epistemicNum": 0, "investNum": 0, "conditionNum": 0, "weaselNum": 0, "peacockNum": 0, "hedgeNum": 0, "doxasticNum": 0, "epistemicRate": 0.0, "investRate": 0.0, "conditionRate": 0.0, "weaselRate": 0.0, "peacockRate": 0.0, "hedgeRate": 0.0, "doxasticRate": 0.0, "loveNum": 0, "anxietyNum": 0, "sorrowNum": 0, "joyNum": 0, "disgustNum": 0, "fearNum": 0, "surpriseNum": 0, "angerNum": 0, "loveRate": 0.0, "anxietyRate": 0.0, "sorrowRate": 0.0, "joyRate": 0.0, "disgustRate": 0.0, "fearRate": 0.0, "surpriseRate": 0.0, "angerRate": 0.0, "slangBeGeneralNum": 0, "slangBeCigaretteNum": 0, "slangBeHumanNum": 0, "slangBeVehicleNum": 0, "slangBeDrugNum": 0, "slangBvNum": 0, "slangBeGeneralRate": 0.0, "slangBeCigaretteRate": 0.0, "slangBeHumanRate": 0.0, "slangBeVehicleRate": 0.0, "slangBeDrugRate": 0.0, "slangBvRate": 0.0, "speechactNum": 0, "quoteNum": 0, "dashNum": 0, "publicNum": 0, "privateNum": 0, "suasiveNum": 0, "discMarkerNum": 0, "smileyNum": 0, "dateNum": 0, "hesitationNum": 0, "restartNum": 0, "repeatNum": 0, "conjBeforeDiscNum": 0, "conjAfterDiscNum": 0, "wordBeforeHesitationNum": 0, "wordAfterHesitationNum": 0, "otherCollocationNum": 0, "speechactRate": 0.0, "quoteRate": 0.0, "dashRate": 0.0, "publicRate": 0.0, "privateRate": 0.0, "suasiveRate": 0.0, "discMarkerRate": 0.0, "smileyRate": 0.0, "dateRate": 0.0, "hesitationRate": 0.0, "restartRate": 0.0, "repeatRate": 0.0, "conjBeforeDiscRate": 0.0, "conjAfterDiscRate": 0.0, "wordBeforeHesitationRate": 0.0, "wordAfterHesitationRate": 0.0, "otherCollocationRate": 0.0, "easyWordNum": 275, "hardWordNum": 29, "easyWordRate": 0.9046052631578947, "hardWordRate": 0.09539473684210527, "fleschReadingEaseScore": 63.90593567251463, "gunningFogIndex": 6.793713450292398, "fleschKincaidGradeLevel": 8.541403508771932, "colemanLiauIndex": 10.898572368421053, "smogIndex": 8.745826893841286, "automatedReadabilityIndex": 8.364378654970764, "linsearWriteIndex": 2.1432748538011697, "author": "", "locationNameNum": 0, "locationNameRate": 0.0, "personNameNum": 1, "personNameRate": 0.003289473684210526, "organizationNameNum": 0, "organizationNameRate": 0.0, "misspelledNum": 79, "misspelledRate": 0.2598684210526316, "missingAccentNum": 78, "missingAccentRate": 0.2565789473684211, "foreignAccentNum": 0, "foreignAccentRate": 0.0, "wordConcatNum": 0, "wordConcatRate": 0.0, "jLyMistakeNum": 0, "jLyMistakeRate": 0.0, "freqSuffixNum": 0, "partsNum": 104, "privateVNum": 0, "publicVNum": 0, "clauseWordNum": 48}