{"tokenNum": 437, "sentenceNum": 21, "lemmaNum": 218, "lemmaRate": 0.4988558352402746, "sentenceLength": 20.80952380952381, "allUpperNum": 1, "firstUpperNum": 32, "allUpperRate": 0.002288329519450801, "firstUpperRate": 0.07322654462242563, "declarSentNum": 21, "imperSentNum": 0, "questionNum": 0, "declarSentRate": 1.0, "imperSentRate": 0.0, "questionRate": 0.0, "accent": true, "saturation": 4.037037037037037, "paragraphNum": 0, "nounNum": 77, "verbNum": 53, "adjNum": 54, "infNum": 7, "partPastNum": 3, "partPresNum": 5, "partFutNum": 0, "transNum": 1, "xNum": 21, "advNum": 42, "properNounNum": 6, "numNum": 1, "conjNum": 33, "punctNum": 79, "pronNum": 36, "relPronNum": 10, "demPronNum": 21, "adposNum": 2, "multiplePunctNum": 1, "phraseNum": 0, "nounRate": 0.17620137299771166, "verbRate": 0.12128146453089245, "adjRate": 0.12356979405034325, "infRate": 0.016018306636155607, "partPastRate": 0.006864988558352402, "partPresRate": 0.011441647597254004, "partFutRate": 0.0, "transRate": 0.002288329519450801, "xRate": 0.04805491990846682, "advRate": 0.09610983981693363, "properNounRate": 0.013729977116704805, "numRate": 0.002288329519450801, "conjRate": 0.07551487414187644, "punctRate": 0.18077803203661327, "pronRate": 0.08237986270022883, "relPronRate": 0.02288329519450801, "demPronRate": 0.04805491990846682, "adposRate": 0.004576659038901602, "multiplePunctRate": 0.012658227848101266, "partsDensityRate": 4.185185185185185, "contentfulness": 10.761904761904763, "phraseRate": 0.0, "pastTenseNum": 7, "presentTenseNum": 39, "condNum": 5, "impNum": 1, "freqNum": 0, "causNum": 0, "modalNum": 5, "sg1VerbNum": 19, "sg2VerbNum": 1, "sg3VerbNum": 51, "pl1VerbNum": 3, "pl2VerbNum": 0, "pl3VerbNum": 10, "superlatNum": 1, "comparatNum": 2, "specDerivSuffixNum": 0, "pluralNounNum": 18, "pastTenseRate": 0.1320754716981132, "presentTenseRate": 0.7358490566037735, "condRate": 0.09433962264150944, "impRate": 0.018867924528301886, "freqRate": 0.0, "causRate": 0.0, "modalRate": 0.09433962264150944, "sg1VerbRate": 0.3584905660377358, "sg2VerbRate": 0.018867924528301886, "sg3VerbRate": 0.9622641509433962, "pl1VerbRate": 0.05660377358490566, "pl2VerbRate": 0.0, "pl3VerbRate": 0.18867924528301888, "superlatRate": 0.018518518518518517, "comparatRate": 0.037037037037037035, "specDerivSuffixRate": 0.0, "pluralNounRate": 0.23376623376623376, "subjNum": 23, "objNum": 23, "attNum": 29, "subordNum": 21, "adverbNum": 61, "coordNum": 13, "clauseNum": 54, "simpleNum": 4, "complexNum": 17, "complexity1Num": 9, "complexity2Num": 2, "complexity3Num": 4, "compoundNum": 0, "subjRate": 0.05263157894736842, "objRate": 0.05263157894736842, "attRate": 0.06636155606407322, "subordRate": 0.04805491990846682, "adverbRate": 0.13958810068649885, "coordRate": 0.029748283752860413, "partsRate": 2.759259259259259, "clauseRate": 2.5714285714285716, "simpleRate": 0.19047619047619047, "complexRate": 0.8095238095238095, "complexity1Rate": 0.42857142857142855, "complexity2Rate": 0.09523809523809523, "complexity3Rate": 0.19047619047619047, "complexClauseRate": 2.9411764705882355, "sentencesPerParagraph": 0.0, "wordsLengthRate": 6.226256983240224, "compoundRate": 0.0, "positiveNum": 0, "negativeNum": 0, "precoPositiveNum": 0, "precoNegativeNum": 0, "negemoNum": 0, "negationNum": 9, "functionNum": 211, "contentNum": 226, "vulgarNum": 0, "racistNum": 0, "specStyleNum": 0, "addressingNum": 0, "closingNum": 0, "postscriptNum": 0, "brutalNum": 0, "positiveRate": 0.0, "negativeRate": 0.0, "precoPositiveRate": 0.0, "precoNegativeRate": 0.0, "negemoRate": 0.0, "negationRate": 0.020594965675057208, "functionRate": 0.482837528604119, "contentRate": 0.517162471395881, "vulgarRate": 0.0, "racistRate": 0.0, "specStyleRate": 0.0, "addressingRate": 0.0, "closingRate": 0.0, "postscriptRate": 0.0, "brutalRate": 0.0, "epistemicNum": 0, "investNum": 0, "conditionNum": 0, "weaselNum": 0, "peacockNum": 0, "hedgeNum": 0, "doxasticNum": 0, "epistemicRate": 0.0, "investRate": 0.0, "conditionRate": 0.0, "weaselRate": 0.0, "peacockRate": 0.0, "hedgeRate": 0.0, "doxasticRate": 0.0, "loveNum": 0, "anxietyNum": 0, "sorrowNum": 0, "joyNum": 0, "disgustNum": 0, "fearNum": 0, "surpriseNum": 0, "angerNum": 0, "loveRate": 0.0, "anxietyRate": 0.0, "sorrowRate": 0.0, "joyRate": 0.0, "disgustRate": 0.0, "fearRate": 0.0, "surpriseRate": 0.0, "angerRate": 0.0, "slangBeGeneralNum": 0, "slangBeCigaretteNum": 0, "slangBeHumanNum": 0, "slangBeVehicleNum": 0, "slangBeDrugNum": 0, "slangBvNum": 0, "slangBeGeneralRate": 0.0, "slangBeCigaretteRate": 0.0, "slangBeHumanRate": 0.0, "slangBeVehicleRate": 0.0, "slangBeDrugRate": 0.0, "slangBvRate": 0.0, "speechactNum": 0, "quoteNum": 0, "dashNum": 0, "publicNum": 0, "privateNum": 0, "suasiveNum": 0, "discMarkerNum": 0, "smileyNum": 0, "dateNum": 0, "hesitationNum": 0, "restartNum": 1, "repeatNum": 0, "conjBeforeDiscNum": 0, "conjAfterDiscNum": 0, "wordBeforeHesitationNum": 0, "wordAfterHesitationNum": 0, "otherCollocationNum": 0, "speechactRate": 0.0, "quoteRate": 0.0, "dashRate": 0.0, "publicRate": 0.0, "privateRate": 0.0, "suasiveRate": 0.0, "discMarkerRate": 0.0, "smileyRate": 0.0, "dateRate": 0.0, "hesitationRate": 0.0, "restartRate": 0.002288329519450801, "repeatRate": 0.0, "conjBeforeDiscRate": 0.0, "conjAfterDiscRate": 0.0, "wordBeforeHesitationRate": 0.0, "wordAfterHesitationRate": 0.0, "otherCollocationRate": 0.0, "easyWordNum": 381, "hardWordNum": 56, "easyWordRate": 0.8718535469107551, "hardWordRate": 0.12814645308924486, "fleschReadingEaseScore": 42.841937452326505, "gunningFogIndex": 8.375068105045221, "fleschKincaidGradeLevel": 12.45340307289964, "colemanLiauIndex": 14.984203661327228, "smogIndex": 10.934197308810441, "automatedReadabilityIndex": 13.591787076386616, "linsearWriteIndex": 1.876757110166721, "author": "", "locationNameNum": 0, "locationNameRate": 0.0, "personNameNum": 5, "personNameRate": 0.011441647597254004, "organizationNameNum": 0, "organizationNameRate": 0.0, "misspelledNum": 6, "misspelledRate": 0.013729977116704805, "missingAccentNum": 4, "missingAccentRate": 0.009153318077803204, "foreignAccentNum": 0, "foreignAccentRate": 0.0, "wordConcatNum": 0, "wordConcatRate": 0.0, "jLyMistakeNum": 0, "jLyMistakeRate": 0.0, "freqSuffixNum": 0, "partsNum": 149, "privateVNum": 0, "publicVNum": 0, "clauseWordNum": 54}