{"tokenNum": 434, "sentenceNum": 26, "lemmaNum": 205, "lemmaRate": 0.47235023041474655, "sentenceLength": 16.692307692307693, "allUpperNum": 0, "firstUpperNum": 39, "allUpperRate": 0.0, "firstUpperRate": 0.08986175115207373, "declarSentNum": 26, "imperSentNum": 0, "questionNum": 0, "declarSentRate": 1.0, "imperSentRate": 0.0, "questionRate": 0.0, "accent": true, "saturation": 3.014705882352941, "paragraphNum": 0, "nounNum": 55, "verbNum": 67, "adjNum": 25, "infNum": 14, "partPastNum": 0, "partPresNum": 0, "partFutNum": 0, "transNum": 3, "xNum": 29, "advNum": 55, "properNounNum": 7, "numNum": 4, "conjNum": 44, "punctNum": 85, "pronNum": 39, "relPronNum": 5, "demPronNum": 29, "adposNum": 3, "multiplePunctNum": 2, "phraseNum": 0, "nounRate": 0.12672811059907835, "verbRate": 0.1543778801843318, "adjRate": 0.0576036866359447, "infRate": 0.03225806451612903, "partPastRate": 0.0, "partPresRate": 0.0, "partFutRate": 0.0, "transRate": 0.0069124423963133645, "xRate": 0.06682027649769585, "advRate": 0.12672811059907835, "properNounRate": 0.016129032258064516, "numRate": 0.009216589861751152, "conjRate": 0.10138248847926268, "punctRate": 0.195852534562212, "pronRate": 0.08986175115207373, "relPronRate": 0.01152073732718894, "demPronRate": 0.06682027649769585, "adposRate": 0.0069124423963133645, "multiplePunctRate": 0.023529411764705882, "partsDensityRate": 2.9705882352941178, "contentfulness": 7.769230769230769, "phraseRate": 0.0, "pastTenseNum": 11, "presentTenseNum": 43, "condNum": 0, "impNum": 6, "freqNum": 0, "causNum": 0, "modalNum": 0, "sg1VerbNum": 42, "sg2VerbNum": 4, "sg3VerbNum": 42, "pl1VerbNum": 0, "pl2VerbNum": 3, "pl3VerbNum": 7, "superlatNum": 0, "comparatNum": 1, "specDerivSuffixNum": 0, "pluralNounNum": 6, "pastTenseRate": 0.16417910447761194, "presentTenseRate": 0.6417910447761194, "condRate": 0.0, "impRate": 0.08955223880597014, "freqRate": 0.0, "causRate": 0.0, "modalRate": 0.0, "sg1VerbRate": 0.6268656716417911, "sg2VerbRate": 0.05970149253731343, "sg3VerbRate": 0.6268656716417911, "pl1VerbRate": 0.0, "pl2VerbRate": 0.04477611940298507, "pl3VerbRate": 0.1044776119402985, "superlatRate": 0.0, "comparatRate": 0.04, "specDerivSuffixRate": 0.0, "pluralNounRate": 0.10909090909090909, "subjNum": 33, "objNum": 17, "attNum": 16, "subordNum": 21, "adverbNum": 61, "coordNum": 15, "clauseNum": 68, "simpleNum": 9, "complexNum": 17, "complexity1Num": 5, "complexity2Num": 7, "complexity3Num": 4, "compoundNum": 0, "subjRate": 0.07603686635944701, "objRate": 0.03917050691244239, "attRate": 0.03686635944700461, "subordRate": 0.04838709677419355, "adverbRate": 0.14055299539170507, "coordRate": 0.03456221198156682, "partsRate": 2.088235294117647, "clauseRate": 2.6153846153846154, "simpleRate": 0.34615384615384615, "complexRate": 0.6538461538461539, "complexity1Rate": 0.19230769230769232, "complexity2Rate": 0.2692307692307692, "complexity3Rate": 0.15384615384615385, "complexClauseRate": 3.4705882352941178, "sentencesPerParagraph": 0.0, "wordsLengthRate": 5.108882521489972, "compoundRate": 0.0, "positiveNum": 0, "negativeNum": 0, "precoPositiveNum": 0, "precoNegativeNum": 0, "negemoNum": 0, "negationNum": 12, "functionNum": 232, "contentNum": 202, "vulgarNum": 0, "racistNum": 0, "specStyleNum": 0, "addressingNum": 0, "closingNum": 0, "postscriptNum": 0, "brutalNum": 0, "positiveRate": 0.0, "negativeRate": 0.0, "precoPositiveRate": 0.0, "precoNegativeRate": 0.0, "negemoRate": 0.0, "negationRate": 0.027649769585253458, "functionRate": 0.5345622119815668, "contentRate": 0.46543778801843316, "vulgarRate": 0.0, "racistRate": 0.0, "specStyleRate": 0.0, "addressingRate": 0.0, "closingRate": 0.0, "postscriptRate": 0.0, "brutalRate": 0.0, "epistemicNum": 0, "investNum": 0, "conditionNum": 0, "weaselNum": 0, "peacockNum": 0, "hedgeNum": 0, "doxasticNum": 0, "epistemicRate": 0.0, "investRate": 0.0, "conditionRate": 0.0, "weaselRate": 0.0, "peacockRate": 0.0, "hedgeRate": 0.0, "doxasticRate": 0.0, "loveNum": 0, "anxietyNum": 0, "sorrowNum": 0, "joyNum": 0, "disgustNum": 0, "fearNum": 0, "surpriseNum": 0, "angerNum": 0, "loveRate": 0.0, "anxietyRate": 0.0, "sorrowRate": 0.0, "joyRate": 0.0, "disgustRate": 0.0, "fearRate": 0.0, "surpriseRate": 0.0, "angerRate": 0.0, "slangBeGeneralNum": 0, "slangBeCigaretteNum": 0, "slangBeHumanNum": 0, "slangBeVehicleNum": 0, "slangBeDrugNum": 0, "slangBvNum": 0, "slangBeGeneralRate": 0.0, "slangBeCigaretteRate": 0.0, "slangBeHumanRate": 0.0, "slangBeVehicleRate": 0.0, "slangBeDrugRate": 0.0, "slangBvRate": 0.0, "speechactNum": 0, "quoteNum": 0, "dashNum": 0, "publicNum": 0, "privateNum": 0, "suasiveNum": 0, "discMarkerNum": 0, "smileyNum": 0, "dateNum": 0, "hesitationNum": 0, "restartNum": 1, "repeatNum": 0, "conjBeforeDiscNum": 0, "conjAfterDiscNum": 0, "wordBeforeHesitationNum": 0, "wordAfterHesitationNum": 0, "otherCollocationNum": 0, "speechactRate": 0.0, "quoteRate": 0.0, "dashRate": 0.0, "publicRate": 0.0, "privateRate": 0.0, "suasiveRate": 0.0, "discMarkerRate": 0.0, "smileyRate": 0.0, "dateRate": 0.0, "hesitationRate": 0.0, "restartRate": 0.002304147465437788, "repeatRate": 0.0, "conjBeforeDiscRate": 0.0, "conjAfterDiscRate": 0.0, "wordBeforeHesitationRate": 0.0, "wordAfterHesitationRate": 0.0, "otherCollocationRate": 0.0, "easyWordNum": 402, "hardWordNum": 32, "easyWordRate": 0.9262672811059908, "hardWordRate": 0.07373271889400922, "fleschReadingEaseScore": 74.88309110244596, "gunningFogIndex": 6.706416164480682, "fleschKincaidGradeLevel": 6.961474654377884, "colemanLiauIndex": 9.171248847926268, "smogIndex": 9.029198982220553, "automatedReadabilityIndex": 6.884817440623895, "linsearWriteIndex": 1.0914569301666077, "author": "", "locationNameNum": 2, "locationNameRate": 0.004608294930875576, "personNameNum": 4, "personNameRate": 0.009216589861751152, "organizationNameNum": 0, "organizationNameRate": 0.0, "misspelledNum": 13, "misspelledRate": 0.029953917050691243, "missingAccentNum": 3, "missingAccentRate": 0.0069124423963133645, "foreignAccentNum": 0, "foreignAccentRate": 0.0, "wordConcatNum": 2, "wordConcatRate": 0.004608294930875576, "jLyMistakeNum": 0, "jLyMistakeRate": 0.0, "freqSuffixNum": 0, "partsNum": 142, "privateVNum": 0, "publicVNum": 0, "clauseWordNum": 68}