{"tokenNum": 345, "sentenceNum": 23, "lemmaNum": 191, "lemmaRate": 0.553623188405797, "sentenceLength": 15.0, "allUpperNum": 0, "firstUpperNum": 25, "allUpperRate": 0.0, "firstUpperRate": 0.07246376811594203, "declarSentNum": 23, "imperSentNum": 0, "questionNum": 0, "declarSentRate": 1.0, "imperSentRate": 0.0, "questionRate": 0.0, "accent": false, "saturation": 3.537037037037037, "paragraphNum": 0, "nounNum": 49, "verbNum": 46, "adjNum": 46, "infNum": 5, "partPastNum": 2, "partPresNum": 1, "partFutNum": 0, "transNum": 1, "xNum": 22, "advNum": 41, "properNounNum": 3, "numNum": 3, "conjNum": 36, "punctNum": 46, "pronNum": 20, "relPronNum": 2, "demPronNum": 16, "adposNum": 4, "multiplePunctNum": 0, "phraseNum": 0, "nounRate": 0.14202898550724638, "verbRate": 0.13333333333333333, "adjRate": 0.13333333333333333, "infRate": 0.014492753623188406, "partPastRate": 0.005797101449275362, "partPresRate": 0.002898550724637681, "partFutRate": 0.0, "transRate": 0.002898550724637681, "xRate": 0.06376811594202898, "advRate": 0.11884057971014493, "properNounRate": 0.008695652173913044, "numRate": 0.008695652173913044, "conjRate": 0.10434782608695652, "punctRate": 0.13333333333333333, "pronRate": 0.057971014492753624, "relPronRate": 0.005797101449275362, "demPronRate": 0.0463768115942029, "adposRate": 0.011594202898550725, "multiplePunctRate": 0.0, "partsDensityRate": 3.3703703703703702, "contentfulness": 7.913043478260869, "phraseRate": 0.0, "pastTenseNum": 14, "presentTenseNum": 27, "condNum": 2, "impNum": 2, "freqNum": 0, "causNum": 1, "modalNum": 0, "sg1VerbNum": 7, "sg2VerbNum": 0, "sg3VerbNum": 27, "pl1VerbNum": 11, "pl2VerbNum": 2, "pl3VerbNum": 15, "superlatNum": 0, "comparatNum": 1, "specDerivSuffixNum": 0, "pluralNounNum": 9, "pastTenseRate": 0.30434782608695654, "presentTenseRate": 0.5869565217391305, "condRate": 0.043478260869565216, "impRate": 0.043478260869565216, "freqRate": 0.0, "causRate": 0.021739130434782608, "modalRate": 0.0, "sg1VerbRate": 0.15217391304347827, "sg2VerbRate": 0.0, "sg3VerbRate": 0.5869565217391305, "pl1VerbRate": 0.2391304347826087, "pl2VerbRate": 0.043478260869565216, "pl3VerbRate": 0.32608695652173914, "superlatRate": 0.0, "comparatRate": 0.021739130434782608, "specDerivSuffixRate": 0.0, "pluralNounRate": 0.1836734693877551, "subjNum": 25, "objNum": 16, "attNum": 20, "subordNum": 15, "adverbNum": 55, "coordNum": 27, "clauseNum": 54, "simpleNum": 9, "complexNum": 14, "complexity1Num": 5, "complexity2Num": 3, "complexity3Num": 5, "compoundNum": 0, "subjRate": 0.07246376811594203, "objRate": 0.0463768115942029, "attRate": 0.057971014492753624, "subordRate": 0.043478260869565216, "adverbRate": 0.15942028985507245, "coordRate": 0.0782608695652174, "partsRate": 2.6481481481481484, "clauseRate": 2.347826086956522, "simpleRate": 0.391304347826087, "complexRate": 0.6086956521739131, "complexity1Rate": 0.21739130434782608, "complexity2Rate": 0.13043478260869565, "complexity3Rate": 0.21739130434782608, "complexClauseRate": 3.2142857142857144, "sentencesPerParagraph": 0.0, "wordsLengthRate": 5.237458193979933, "compoundRate": 0.0, "positiveNum": 0, "negativeNum": 0, "precoPositiveNum": 0, "precoNegativeNum": 0, "negemoNum": 0, "negationNum": 8, "functionNum": 163, "contentNum": 182, "vulgarNum": 0, "racistNum": 0, "specStyleNum": 0, "addressingNum": 0, "closingNum": 0, "postscriptNum": 0, "brutalNum": 0, "positiveRate": 0.0, "negativeRate": 0.0, "precoPositiveRate": 0.0, "precoNegativeRate": 0.0, "negemoRate": 0.0, "negationRate": 0.02318840579710145, "functionRate": 0.47246376811594204, "contentRate": 0.527536231884058, "vulgarRate": 0.0, "racistRate": 0.0, "specStyleRate": 0.0, "addressingRate": 0.0, "closingRate": 0.0, "postscriptRate": 0.0, "brutalRate": 0.0, "epistemicNum": 0, "investNum": 0, "conditionNum": 0, "weaselNum": 0, "peacockNum": 0, "hedgeNum": 0, "doxasticNum": 0, "epistemicRate": 0.0, "investRate": 0.0, "conditionRate": 0.0, "weaselRate": 0.0, "peacockRate": 0.0, "hedgeRate": 0.0, "doxasticRate": 0.0, "loveNum": 0, "anxietyNum": 0, "sorrowNum": 0, "joyNum": 0, "disgustNum": 0, "fearNum": 0, "surpriseNum": 0, "angerNum": 0, "loveRate": 0.0, "anxietyRate": 0.0, "sorrowRate": 0.0, "joyRate": 0.0, "disgustRate": 0.0, "fearRate": 0.0, "surpriseRate": 0.0, "angerRate": 0.0, "slangBeGeneralNum": 0, "slangBeCigaretteNum": 0, "slangBeHumanNum": 0, "slangBeVehicleNum": 0, "slangBeDrugNum": 0, "slangBvNum": 0, "slangBeGeneralRate": 0.0, "slangBeCigaretteRate": 0.0, "slangBeHumanRate": 0.0, "slangBeVehicleRate": 0.0, "slangBeDrugRate": 0.0, "slangBvRate": 0.0, "speechactNum": 0, "quoteNum": 0, "dashNum": 0, "publicNum": 0, "privateNum": 0, "suasiveNum": 0, "discMarkerNum": 0, "smileyNum": 0, "dateNum": 0, "hesitationNum": 0, "restartNum": 0, "repeatNum": 1, "conjBeforeDiscNum": 0, "conjAfterDiscNum": 0, "wordBeforeHesitationNum": 0, "wordAfterHesitationNum": 0, "otherCollocationNum": 0, "speechactRate": 0.0, "quoteRate": 0.0, "dashRate": 0.0, "publicRate": 0.0, "privateRate": 0.0, "suasiveRate": 0.0, "discMarkerRate": 0.0, "smileyRate": 0.0, "dateRate": 0.0, "hesitationRate": 0.0, "restartRate": 0.0, "repeatRate": 0.002898550724637681, "conjBeforeDiscRate": 0.0, "conjAfterDiscRate": 0.0, "wordBeforeHesitationRate": 0.0, "wordAfterHesitationRate": 0.0, "otherCollocationRate": 0.0, "easyWordNum": 315, "hardWordNum": 30, "easyWordRate": 0.9130434782608695, "hardWordRate": 0.08695652173913043, "fleschReadingEaseScore": 62.135217391304366, "gunningFogIndex": 6.034782608695653, "fleschKincaidGradeLevel": 8.319130434782611, "colemanLiauIndex": 11.396234782608698, "smogIndex": 8.841846274778883, "automatedReadabilityIndex": 7.8179130434782635, "linsearWriteIndex": 1.4322621298046632, "author": "", "locationNameNum": 0, "locationNameRate": 0.0, "personNameNum": 0, "personNameRate": 0.0, "organizationNameNum": 1, "organizationNameRate": 0.002898550724637681, "misspelledNum": 113, "misspelledRate": 0.32753623188405795, "missingAccentNum": 95, "missingAccentRate": 0.2753623188405797, "foreignAccentNum": 0, "foreignAccentRate": 0.0, "wordConcatNum": 2, "wordConcatRate": 0.005797101449275362, "jLyMistakeNum": 2, "jLyMistakeRate": 0.005797101449275362, "freqSuffixNum": 0, "partsNum": 143, "privateVNum": 0, "publicVNum": 0, "clauseWordNum": 54}