{"tokenNum": 470, "sentenceNum": 22, "lemmaNum": 184, "lemmaRate": 0.39148936170212767, "sentenceLength": 21.363636363636363, "allUpperNum": 0, "firstUpperNum": 25, "allUpperRate": 0.0, "firstUpperRate": 0.05319148936170213, "declarSentNum": 22, "imperSentNum": 0, "questionNum": 0, "declarSentRate": 1.0, "imperSentRate": 0.0, "questionRate": 0.0, "accent": true, "saturation": 2.3, "paragraphNum": 0, "nounNum": 62, "verbNum": 71, "adjNum": 34, "infNum": 9, "partPastNum": 1, "partPresNum": 1, "partFutNum": 0, "transNum": 1, "xNum": 22, "advNum": 54, "properNounNum": 3, "numNum": 0, "conjNum": 54, "punctNum": 80, "pronNum": 44, "relPronNum": 4, "demPronNum": 29, "adposNum": 1, "multiplePunctNum": 0, "phraseNum": 0, "nounRate": 0.13191489361702127, "verbRate": 0.15106382978723404, "adjRate": 0.07234042553191489, "infRate": 0.019148936170212766, "partPastRate": 0.002127659574468085, "partPresRate": 0.002127659574468085, "partFutRate": 0.0, "transRate": 0.002127659574468085, "xRate": 0.04680851063829787, "advRate": 0.1148936170212766, "properNounRate": 0.006382978723404255, "numRate": 0.0, "conjRate": 0.1148936170212766, "punctRate": 0.1702127659574468, "pronRate": 0.09361702127659574, "relPronRate": 0.00851063829787234, "demPronRate": 0.06170212765957447, "adposRate": 0.002127659574468085, "multiplePunctRate": 0.0, "partsDensityRate": 2.7625, "contentfulness": 10.045454545454545, "phraseRate": 0.0, "pastTenseNum": 13, "presentTenseNum": 49, "condNum": 3, "impNum": 3, "freqNum": 0, "causNum": 0, "modalNum": 5, "sg1VerbNum": 35, "sg2VerbNum": 8, "sg3VerbNum": 46, "pl1VerbNum": 8, "pl2VerbNum": 0, "pl3VerbNum": 9, "superlatNum": 0, "comparatNum": 1, "specDerivSuffixNum": 0, "pluralNounNum": 6, "pastTenseRate": 0.18309859154929578, "presentTenseRate": 0.6901408450704225, "condRate": 0.04225352112676056, "impRate": 0.04225352112676056, "freqRate": 0.0, "causRate": 0.0, "modalRate": 0.07042253521126761, "sg1VerbRate": 0.49295774647887325, "sg2VerbRate": 0.11267605633802817, "sg3VerbRate": 0.647887323943662, "pl1VerbRate": 0.11267605633802817, "pl2VerbRate": 0.0, "pl3VerbRate": 0.1267605633802817, "superlatRate": 0.0, "comparatRate": 0.029411764705882353, "specDerivSuffixRate": 0.0, "pluralNounRate": 0.0967741935483871, "subjNum": 39, "objNum": 18, "attNum": 14, "subordNum": 28, "adverbNum": 71, "coordNum": 28, "clauseNum": 80, "simpleNum": 3, "complexNum": 19, "complexity1Num": 6, "complexity2Num": 5, "complexity3Num": 3, "compoundNum": 0, "subjRate": 0.08297872340425531, "objRate": 0.03829787234042553, "attRate": 0.029787234042553193, "subordRate": 0.059574468085106386, "adverbRate": 0.15106382978723404, "coordRate": 0.059574468085106386, "partsRate": 2.125, "clauseRate": 3.6363636363636362, "simpleRate": 0.13636363636363635, "complexRate": 0.8636363636363636, "complexity1Rate": 0.2727272727272727, "complexity2Rate": 0.22727272727272727, "complexity3Rate": 0.13636363636363635, "complexClauseRate": 4.052631578947368, "sentencesPerParagraph": 0.0, "wordsLengthRate": 5.21025641025641, "compoundRate": 0.0, "positiveNum": 0, "negativeNum": 0, "precoPositiveNum": 0, "precoNegativeNum": 0, "negemoNum": 0, "negationNum": 11, "functionNum": 249, "contentNum": 221, "vulgarNum": 0, "racistNum": 0, "specStyleNum": 0, "addressingNum": 0, "closingNum": 0, "postscriptNum": 0, "brutalNum": 0, "positiveRate": 0.0, "negativeRate": 0.0, "precoPositiveRate": 0.0, "precoNegativeRate": 0.0, "negemoRate": 0.0, "negationRate": 0.023404255319148935, "functionRate": 0.5297872340425532, "contentRate": 0.4702127659574468, "vulgarRate": 0.0, "racistRate": 0.0, "specStyleRate": 0.0, "addressingRate": 0.0, "closingRate": 0.0, "postscriptRate": 0.0, "brutalRate": 0.0, "epistemicNum": 0, "investNum": 0, "conditionNum": 0, "weaselNum": 0, "peacockNum": 0, "hedgeNum": 0, "doxasticNum": 0, "epistemicRate": 0.0, "investRate": 0.0, "conditionRate": 0.0, "weaselRate": 0.0, "peacockRate": 0.0, "hedgeRate": 0.0, "doxasticRate": 0.0, "loveNum": 0, "anxietyNum": 0, "sorrowNum": 0, "joyNum": 0, "disgustNum": 0, "fearNum": 0, "surpriseNum": 0, "angerNum": 0, "loveRate": 0.0, "anxietyRate": 0.0, "sorrowRate": 0.0, "joyRate": 0.0, "disgustRate": 0.0, "fearRate": 0.0, "surpriseRate": 0.0, "angerRate": 0.0, "slangBeGeneralNum": 0, "slangBeCigaretteNum": 0, "slangBeHumanNum": 0, "slangBeVehicleNum": 0, "slangBeDrugNum": 0, "slangBvNum": 0, "slangBeGeneralRate": 0.0, "slangBeCigaretteRate": 0.0, "slangBeHumanRate": 0.0, "slangBeVehicleRate": 0.0, "slangBeDrugRate": 0.0, "slangBvRate": 0.0, "speechactNum": 0, "quoteNum": 1, "dashNum": 0, "publicNum": 0, "privateNum": 0, "suasiveNum": 0, "discMarkerNum": 0, "smileyNum": 0, "dateNum": 0, "hesitationNum": 0, "restartNum": 0, "repeatNum": 0, "conjBeforeDiscNum": 0, "conjAfterDiscNum": 0, "wordBeforeHesitationNum": 0, "wordAfterHesitationNum": 0, "otherCollocationNum": 0, "speechactRate": 0.0, "quoteRate": 0.002127659574468085, "dashRate": 0.0, "publicRate": 0.0, "privateRate": 0.0, "suasiveRate": 0.0, "discMarkerRate": 0.0, "smileyRate": 0.0, "dateRate": 0.0, "hesitationRate": 0.0, "restartRate": 0.0, "repeatRate": 0.0, "conjBeforeDiscRate": 0.0, "conjAfterDiscRate": 0.0, "wordBeforeHesitationRate": 0.0, "wordAfterHesitationRate": 0.0, "otherCollocationRate": 0.0, "easyWordNum": 446, "hardWordNum": 24, "easyWordRate": 0.948936170212766, "hardWordRate": 0.05106382978723404, "fleschReadingEaseScore": 63.650909090909096, "gunningFogIndex": 8.56588007736944, "fleschKincaidGradeLevel": 9.68862669245648, "colemanLiauIndex": 10.379029787234042, "smogIndex": 8.238735603445708, "automatedReadabilityIndex": 10.186264990328823, "linsearWriteIndex": 1.398452611218569, "author": "", "locationNameNum": 0, "locationNameRate": 0.0, "personNameNum": 1, "personNameRate": 0.002127659574468085, "organizationNameNum": 0, "organizationNameRate": 0.0, "misspelledNum": 23, "misspelledRate": 0.04893617021276596, "missingAccentNum": 18, "missingAccentRate": 0.03829787234042553, "foreignAccentNum": 0, "foreignAccentRate": 0.0, "wordConcatNum": 1, "wordConcatRate": 0.002127659574468085, "jLyMistakeNum": 1, "jLyMistakeRate": 0.002127659574468085, "freqSuffixNum": 0, "partsNum": 170, "privateVNum": 0, "publicVNum": 0, "clauseWordNum": 80}