{"tokenNum": 371, "sentenceNum": 27, "lemmaNum": 182, "lemmaRate": 0.49056603773584906, "sentenceLength": 13.74074074074074, "allUpperNum": 3, "firstUpperNum": 35, "allUpperRate": 0.008086253369272238, "firstUpperRate": 0.09433962264150944, "declarSentNum": 26, "imperSentNum": 1, "questionNum": 0, "declarSentRate": 0.9629629629629629, "imperSentRate": 0.037037037037037035, "questionRate": 0.0, "accent": true, "saturation": 3.7142857142857144, "paragraphNum": 0, "nounNum": 53, "verbNum": 49, "adjNum": 28, "infNum": 11, "partPastNum": 0, "partPresNum": 3, "partFutNum": 0, "transNum": 3, "xNum": 25, "advNum": 49, "properNounNum": 8, "numNum": 7, "conjNum": 25, "punctNum": 64, "pronNum": 26, "relPronNum": 3, "demPronNum": 17, "adposNum": 2, "multiplePunctNum": 3, "phraseNum": 0, "nounRate": 0.14285714285714285, "verbRate": 0.1320754716981132, "adjRate": 0.07547169811320754, "infRate": 0.029649595687331536, "partPastRate": 0.0, "partPresRate": 0.008086253369272238, "partFutRate": 0.0, "transRate": 0.008086253369272238, "xRate": 0.0673854447439353, "advRate": 0.1320754716981132, "properNounRate": 0.0215633423180593, "numRate": 0.018867924528301886, "conjRate": 0.0673854447439353, "punctRate": 0.1725067385444744, "pronRate": 0.07008086253369272, "relPronRate": 0.008086253369272238, "demPronRate": 0.04582210242587601, "adposRate": 0.005390835579514825, "multiplePunctRate": 0.046875, "partsDensityRate": 3.6530612244897958, "contentfulness": 6.62962962962963, "phraseRate": 0.0, "pastTenseNum": 7, "presentTenseNum": 32, "condNum": 4, "impNum": 4, "freqNum": 0, "causNum": 1, "modalNum": 2, "sg1VerbNum": 16, "sg2VerbNum": 3, "sg3VerbNum": 37, "pl1VerbNum": 6, "pl2VerbNum": 0, "pl3VerbNum": 8, "superlatNum": 0, "comparatNum": 2, "specDerivSuffixNum": 0, "pluralNounNum": 10, "pastTenseRate": 0.14285714285714285, "presentTenseRate": 0.6530612244897959, "condRate": 0.08163265306122448, "impRate": 0.08163265306122448, "freqRate": 0.0, "causRate": 0.02040816326530612, "modalRate": 0.04081632653061224, "sg1VerbRate": 0.32653061224489793, "sg2VerbRate": 0.061224489795918366, "sg3VerbRate": 0.7551020408163265, "pl1VerbRate": 0.12244897959183673, "pl2VerbRate": 0.0, "pl3VerbRate": 0.16326530612244897, "superlatRate": 0.0, "comparatRate": 0.07142857142857142, "specDerivSuffixRate": 0.0, "pluralNounRate": 0.18867924528301888, "subjNum": 20, "objNum": 23, "attNum": 14, "subordNum": 16, "adverbNum": 57, "coordNum": 7, "clauseNum": 49, "simpleNum": 14, "complexNum": 13, "complexity1Num": 6, "complexity2Num": 5, "complexity3Num": 2, "compoundNum": 0, "subjRate": 0.05390835579514825, "objRate": 0.06199460916442048, "attRate": 0.03773584905660377, "subordRate": 0.0431266846361186, "adverbRate": 0.15363881401617252, "coordRate": 0.018867924528301886, "partsRate": 2.4693877551020407, "clauseRate": 1.8148148148148149, "simpleRate": 0.5185185185185185, "complexRate": 0.48148148148148145, "complexity1Rate": 0.2222222222222222, "complexity2Rate": 0.18518518518518517, "complexity3Rate": 0.07407407407407407, "complexClauseRate": 2.6923076923076925, "sentencesPerParagraph": 0.0, "wordsLengthRate": 5.302931596091205, "compoundRate": 0.0, "positiveNum": 0, "negativeNum": 0, "precoPositiveNum": 0, "precoNegativeNum": 0, "negemoNum": 0, "negationNum": 17, "functionNum": 192, "contentNum": 179, "vulgarNum": 0, "racistNum": 0, "specStyleNum": 0, "addressingNum": 0, "closingNum": 0, "postscriptNum": 0, "brutalNum": 0, "positiveRate": 0.0, "negativeRate": 0.0, "precoPositiveRate": 0.0, "precoNegativeRate": 0.0, "negemoRate": 0.0, "negationRate": 0.04582210242587601, "functionRate": 0.5175202156334232, "contentRate": 0.48247978436657685, "vulgarRate": 0.0, "racistRate": 0.0, "specStyleRate": 0.0, "addressingRate": 0.0, "closingRate": 0.0, "postscriptRate": 0.0, "brutalRate": 0.0, "epistemicNum": 0, "investNum": 0, "conditionNum": 0, "weaselNum": 0, "peacockNum": 0, "hedgeNum": 0, "doxasticNum": 0, "epistemicRate": 0.0, "investRate": 0.0, "conditionRate": 0.0, "weaselRate": 0.0, "peacockRate": 0.0, "hedgeRate": 0.0, "doxasticRate": 0.0, "loveNum": 0, "anxietyNum": 0, "sorrowNum": 0, "joyNum": 0, "disgustNum": 0, "fearNum": 0, "surpriseNum": 0, "angerNum": 0, "loveRate": 0.0, "anxietyRate": 0.0, "sorrowRate": 0.0, "joyRate": 0.0, "disgustRate": 0.0, "fearRate": 0.0, "surpriseRate": 0.0, "angerRate": 0.0, "slangBeGeneralNum": 0, "slangBeCigaretteNum": 0, "slangBeHumanNum": 0, "slangBeVehicleNum": 0, "slangBeDrugNum": 0, "slangBvNum": 0, "slangBeGeneralRate": 0.0, "slangBeCigaretteRate": 0.0, "slangBeHumanRate": 0.0, "slangBeVehicleRate": 0.0, "slangBeDrugRate": 0.0, "slangBvRate": 0.0, "speechactNum": 0, "quoteNum": 0, "dashNum": 0, "publicNum": 0, "privateNum": 0, "suasiveNum": 0, "discMarkerNum": 0, "smileyNum": 0, "dateNum": 1, "hesitationNum": 0, "restartNum": 0, "repeatNum": 0, "conjBeforeDiscNum": 0, "conjAfterDiscNum": 0, "wordBeforeHesitationNum": 0, "wordAfterHesitationNum": 0, "otherCollocationNum": 0, "speechactRate": 0.0, "quoteRate": 0.0, "dashRate": 0.0, "publicRate": 0.0, "privateRate": 0.0, "suasiveRate": 0.0, "discMarkerRate": 0.0, "smileyRate": 0.0, "dateRate": 0.0026954177897574125, "hesitationRate": 0.0, "restartRate": 0.0, "repeatRate": 0.0, "conjBeforeDiscRate": 0.0, "conjAfterDiscRate": 0.0, "wordBeforeHesitationRate": 0.0, "wordAfterHesitationRate": 0.0, "otherCollocationRate": 0.0, "easyWordNum": 345, "hardWordNum": 26, "easyWordRate": 0.9299191374663073, "hardWordRate": 0.07008086253369272, "fleschReadingEaseScore": 76.36361984626139, "gunningFogIndex": 5.524328641309774, "fleschKincaidGradeLevel": 6.021719077568132, "colemanLiauIndex": 10.776223719676548, "smogIndex": 8.447377352677275, "automatedReadabilityIndex": 6.692499750424279, "linsearWriteIndex": 0.9866227413397224, "author": "", "locationNameNum": 1, "locationNameRate": 0.0026954177897574125, "personNameNum": 0, "personNameRate": 0.0, "organizationNameNum": 2, "organizationNameRate": 0.005390835579514825, "misspelledNum": 1, "misspelledRate": 0.0026954177897574125, "missingAccentNum": 0, "missingAccentRate": 0.0, "foreignAccentNum": 0, "foreignAccentRate": 0.0, "wordConcatNum": 0, "wordConcatRate": 0.0, "jLyMistakeNum": 0, "jLyMistakeRate": 0.0, "freqSuffixNum": 0, "partsNum": 121, "privateVNum": 0, "publicVNum": 0, "clauseWordNum": 49}