{"tokenNum": 407, "sentenceNum": 29, "lemmaNum": 210, "lemmaRate": 0.515970515970516, "sentenceLength": 14.03448275862069, "allUpperNum": 1, "firstUpperNum": 34, "allUpperRate": 0.002457002457002457, "firstUpperRate": 0.08353808353808354, "declarSentNum": 28, "imperSentNum": 1, "questionNum": 0, "declarSentRate": 0.9655172413793104, "imperSentRate": 0.034482758620689655, "questionRate": 0.0, "accent": true, "saturation": 4.117647058823529, "paragraphNum": 0, "nounNum": 81, "verbNum": 41, "adjNum": 38, "infNum": 5, "partPastNum": 1, "partPresNum": 4, "partFutNum": 0, "transNum": 1, "xNum": 28, "advNum": 36, "properNounNum": 1, "numNum": 2, "conjNum": 22, "punctNum": 78, "pronNum": 25, "relPronNum": 5, "demPronNum": 14, "adposNum": 3, "multiplePunctNum": 2, "phraseNum": 0, "nounRate": 0.19901719901719903, "verbRate": 0.10073710073710074, "adjRate": 0.09336609336609336, "infRate": 0.012285012285012284, "partPastRate": 0.002457002457002457, "partPresRate": 0.009828009828009828, "partFutRate": 0.0, "transRate": 0.002457002457002457, "xRate": 0.0687960687960688, "advRate": 0.08845208845208845, "properNounRate": 0.002457002457002457, "numRate": 0.004914004914004914, "conjRate": 0.05405405405405406, "punctRate": 0.19164619164619165, "pronRate": 0.06142506142506143, "relPronRate": 0.012285012285012284, "demPronRate": 0.0343980343980344, "adposRate": 0.007371007371007371, "multiplePunctRate": 0.02564102564102564, "partsDensityRate": 3.843137254901961, "contentfulness": 6.758620689655173, "phraseRate": 0.0, "pastTenseNum": 3, "presentTenseNum": 33, "condNum": 4, "impNum": 4, "freqNum": 0, "causNum": 0, "modalNum": 1, "sg1VerbNum": 5, "sg2VerbNum": 0, "sg3VerbNum": 42, "pl1VerbNum": 3, "pl2VerbNum": 0, "pl3VerbNum": 12, "superlatNum": 1, "comparatNum": 0, "specDerivSuffixNum": 0, "pluralNounNum": 14, "pastTenseRate": 0.07317073170731707, "presentTenseRate": 0.8048780487804879, "condRate": 0.0975609756097561, "impRate": 0.0975609756097561, "freqRate": 0.0, "causRate": 0.0, "modalRate": 0.024390243902439025, "sg1VerbRate": 0.12195121951219512, "sg2VerbRate": 0.0, "sg3VerbRate": 1.024390243902439, "pl1VerbRate": 0.07317073170731707, "pl2VerbRate": 0.0, "pl3VerbRate": 0.2926829268292683, "superlatRate": 0.02631578947368421, "comparatRate": 0.0, "specDerivSuffixRate": 0.0, "pluralNounRate": 0.1728395061728395, "subjNum": 34, "objNum": 20, "attNum": 21, "subordNum": 10, "adverbNum": 39, "coordNum": 21, "clauseNum": 51, "simpleNum": 16, "complexNum": 13, "complexity1Num": 6, "complexity2Num": 5, "complexity3Num": 2, "compoundNum": 0, "subjRate": 0.08353808353808354, "objRate": 0.04914004914004914, "attRate": 0.051597051597051594, "subordRate": 0.02457002457002457, "adverbRate": 0.09582309582309582, "coordRate": 0.051597051597051594, "partsRate": 2.6470588235294117, "clauseRate": 1.7586206896551724, "simpleRate": 0.5517241379310345, "complexRate": 0.4482758620689655, "complexity1Rate": 0.20689655172413793, "complexity2Rate": 0.1724137931034483, "complexity3Rate": 0.06896551724137931, "complexClauseRate": 2.6923076923076925, "sentencesPerParagraph": 0.0, "wordsLengthRate": 5.21580547112462, "compoundRate": 0.0, "positiveNum": 0, "negativeNum": 0, "precoPositiveNum": 0, "precoNegativeNum": 0, "negemoNum": 0, "negationNum": 7, "functionNum": 211, "contentNum": 196, "vulgarNum": 0, "racistNum": 0, "specStyleNum": 0, "addressingNum": 0, "closingNum": 0, "postscriptNum": 0, "brutalNum": 0, "positiveRate": 0.0, "negativeRate": 0.0, "precoPositiveRate": 0.0, "precoNegativeRate": 0.0, "negemoRate": 0.0, "negationRate": 0.0171990171990172, "functionRate": 0.5184275184275184, "contentRate": 0.48157248157248156, "vulgarRate": 0.0, "racistRate": 0.0, "specStyleRate": 0.0, "addressingRate": 0.0, "closingRate": 0.0, "postscriptRate": 0.0, "brutalRate": 0.0, "epistemicNum": 0, "investNum": 0, "conditionNum": 0, "weaselNum": 0, "peacockNum": 0, "hedgeNum": 0, "doxasticNum": 0, "epistemicRate": 0.0, "investRate": 0.0, "conditionRate": 0.0, "weaselRate": 0.0, "peacockRate": 0.0, "hedgeRate": 0.0, "doxasticRate": 0.0, "loveNum": 0, "anxietyNum": 0, "sorrowNum": 0, "joyNum": 0, "disgustNum": 0, "fearNum": 0, "surpriseNum": 0, "angerNum": 0, "loveRate": 0.0, "anxietyRate": 0.0, "sorrowRate": 0.0, "joyRate": 0.0, "disgustRate": 0.0, "fearRate": 0.0, "surpriseRate": 0.0, "angerRate": 0.0, "slangBeGeneralNum": 0, "slangBeCigaretteNum": 0, "slangBeHumanNum": 0, "slangBeVehicleNum": 0, "slangBeDrugNum": 0, "slangBvNum": 0, "slangBeGeneralRate": 0.0, "slangBeCigaretteRate": 0.0, "slangBeHumanRate": 0.0, "slangBeVehicleRate": 0.0, "slangBeDrugRate": 0.0, "slangBvRate": 0.0, "speechactNum": 0, "quoteNum": 0, "dashNum": 0, "publicNum": 0, "privateNum": 0, "suasiveNum": 0, "discMarkerNum": 0, "smileyNum": 0, "dateNum": 0, "hesitationNum": 0, "restartNum": 0, "repeatNum": 0, "conjBeforeDiscNum": 0, "conjAfterDiscNum": 0, "wordBeforeHesitationNum": 0, "wordAfterHesitationNum": 0, "otherCollocationNum": 0, "speechactRate": 0.0, "quoteRate": 0.0, "dashRate": 0.0, "publicRate": 0.0, "privateRate": 0.0, "suasiveRate": 0.0, "discMarkerRate": 0.0, "smileyRate": 0.0, "dateRate": 0.0, "hesitationRate": 0.0, "restartRate": 0.0, "repeatRate": 0.0, "conjBeforeDiscRate": 0.0, "conjAfterDiscRate": 0.0, "wordBeforeHesitationRate": 0.0, "wordAfterHesitationRate": 0.0, "otherCollocationRate": 0.0, "easyWordNum": 375, "hardWordNum": 32, "easyWordRate": 0.9213759213759214, "hardWordRate": 0.07862407862407862, "fleschReadingEaseScore": 74.10842751842753, "gunningFogIndex": 5.645242734897908, "fleschKincaidGradeLevel": 6.4092468016605935, "colemanLiauIndex": 9.742415233415233, "smogIndex": 9.029198982220553, "automatedReadabilityIndex": 6.012671354740323, "linsearWriteIndex": 0.8766415318139456, "author": "", "locationNameNum": 0, "locationNameRate": 0.0, "personNameNum": 1, "personNameRate": 0.002457002457002457, "organizationNameNum": 0, "organizationNameRate": 0.0, "misspelledNum": 4, "misspelledRate": 0.009828009828009828, "missingAccentNum": 1, "missingAccentRate": 0.002457002457002457, "foreignAccentNum": 0, "foreignAccentRate": 0.0, "wordConcatNum": 1, "wordConcatRate": 0.002457002457002457, "jLyMistakeNum": 0, "jLyMistakeRate": 0.0, "freqSuffixNum": 0, "partsNum": 135, "privateVNum": 0, "publicVNum": 0, "clauseWordNum": 51}