{"tokenNum": 357, "sentenceNum": 18, "lemmaNum": 173, "lemmaRate": 0.484593837535014, "sentenceLength": 19.833333333333332, "allUpperNum": 3, "firstUpperNum": 23, "allUpperRate": 0.008403361344537815, "firstUpperRate": 0.06442577030812324, "declarSentNum": 18, "imperSentNum": 0, "questionNum": 0, "declarSentRate": 1.0, "imperSentRate": 0.0, "questionRate": 0.0, "accent": true, "saturation": 3.6808510638297873, "paragraphNum": 0, "nounNum": 66, "verbNum": 39, "adjNum": 36, "infNum": 2, "partPastNum": 1, "partPresNum": 2, "partFutNum": 0, "transNum": 3, "xNum": 15, "advNum": 36, "properNounNum": 2, "numNum": 2, "conjNum": 32, "punctNum": 55, "pronNum": 27, "relPronNum": 8, "demPronNum": 17, "adposNum": 3, "multiplePunctNum": 2, "phraseNum": 0, "nounRate": 0.18487394957983194, "verbRate": 0.1092436974789916, "adjRate": 0.10084033613445378, "infRate": 0.0056022408963585435, "partPastRate": 0.0028011204481792717, "partPresRate": 0.0056022408963585435, "partFutRate": 0.0, "transRate": 0.008403361344537815, "xRate": 0.04201680672268908, "advRate": 0.10084033613445378, "properNounRate": 0.0056022408963585435, "numRate": 0.0056022408963585435, "conjRate": 0.0896358543417367, "punctRate": 0.15406162464985995, "pronRate": 0.07563025210084033, "relPronRate": 0.022408963585434174, "demPronRate": 0.047619047619047616, "adposRate": 0.008403361344537815, "multiplePunctRate": 0.03636363636363636, "partsDensityRate": 3.765957446808511, "contentfulness": 9.833333333333334, "phraseRate": 0.0, "pastTenseNum": 6, "presentTenseNum": 31, "condNum": 1, "impNum": 0, "freqNum": 0, "causNum": 1, "modalNum": 5, "sg1VerbNum": 14, "sg2VerbNum": 2, "sg3VerbNum": 46, "pl1VerbNum": 0, "pl2VerbNum": 0, "pl3VerbNum": 6, "superlatNum": 0, "comparatNum": 2, "specDerivSuffixNum": 0, "pluralNounNum": 6, "pastTenseRate": 0.15384615384615385, "presentTenseRate": 0.7948717948717948, "condRate": 0.02564102564102564, "impRate": 0.0, "freqRate": 0.0, "causRate": 0.02564102564102564, "modalRate": 0.1282051282051282, "sg1VerbRate": 0.358974358974359, "sg2VerbRate": 0.05128205128205128, "sg3VerbRate": 1.1794871794871795, "pl1VerbRate": 0.0, "pl2VerbRate": 0.0, "pl3VerbRate": 0.15384615384615385, "superlatRate": 0.0, "comparatRate": 0.05555555555555555, "specDerivSuffixRate": 0.0, "pluralNounRate": 0.09090909090909091, "subjNum": 26, "objNum": 18, "attNum": 24, "subordNum": 19, "adverbNum": 50, "coordNum": 18, "clauseNum": 47, "simpleNum": 4, "complexNum": 13, "complexity1Num": 4, "complexity2Num": 5, "complexity3Num": 2, "compoundNum": 0, "subjRate": 0.07282913165266107, "objRate": 0.05042016806722689, "attRate": 0.06722689075630252, "subordRate": 0.05322128851540616, "adverbRate": 0.1400560224089636, "coordRate": 0.05042016806722689, "partsRate": 2.893617021276596, "clauseRate": 2.611111111111111, "simpleRate": 0.2222222222222222, "complexRate": 0.7222222222222222, "complexity1Rate": 0.2222222222222222, "complexity2Rate": 0.2777777777777778, "complexity3Rate": 0.1111111111111111, "complexClauseRate": 3.3076923076923075, "sentencesPerParagraph": 0.0, "wordsLengthRate": 5.096026490066225, "compoundRate": 0.0, "positiveNum": 0, "negativeNum": 0, "precoPositiveNum": 0, "precoNegativeNum": 0, "negemoNum": 0, "negationNum": 8, "functionNum": 180, "contentNum": 177, "vulgarNum": 0, "racistNum": 0, "specStyleNum": 0, "addressingNum": 0, "closingNum": 0, "postscriptNum": 0, "brutalNum": 0, "positiveRate": 0.0, "negativeRate": 0.0, "precoPositiveRate": 0.0, "precoNegativeRate": 0.0, "negemoRate": 0.0, "negationRate": 0.022408963585434174, "functionRate": 0.5042016806722689, "contentRate": 0.4957983193277311, "vulgarRate": 0.0, "racistRate": 0.0, "specStyleRate": 0.0, "addressingRate": 0.0, "closingRate": 0.0, "postscriptRate": 0.0, "brutalRate": 0.0, "epistemicNum": 0, "investNum": 0, "conditionNum": 0, "weaselNum": 0, "peacockNum": 0, "hedgeNum": 0, "doxasticNum": 0, "epistemicRate": 0.0, "investRate": 0.0, "conditionRate": 0.0, "weaselRate": 0.0, "peacockRate": 0.0, "hedgeRate": 0.0, "doxasticRate": 0.0, "loveNum": 0, "anxietyNum": 0, "sorrowNum": 0, "joyNum": 0, "disgustNum": 0, "fearNum": 0, "surpriseNum": 0, "angerNum": 0, "loveRate": 0.0, "anxietyRate": 0.0, "sorrowRate": 0.0, "joyRate": 0.0, "disgustRate": 0.0, "fearRate": 0.0, "surpriseRate": 0.0, "angerRate": 0.0, "slangBeGeneralNum": 0, "slangBeCigaretteNum": 0, "slangBeHumanNum": 0, "slangBeVehicleNum": 0, "slangBeDrugNum": 0, "slangBvNum": 0, "slangBeGeneralRate": 0.0, "slangBeCigaretteRate": 0.0, "slangBeHumanRate": 0.0, "slangBeVehicleRate": 0.0, "slangBeDrugRate": 0.0, "slangBvRate": 0.0, "speechactNum": 0, "quoteNum": 0, "dashNum": 0, "publicNum": 0, "privateNum": 0, "suasiveNum": 0, "discMarkerNum": 0, "smileyNum": 0, "dateNum": 0, "hesitationNum": 0, "restartNum": 0, "repeatNum": 0, "conjBeforeDiscNum": 0, "conjAfterDiscNum": 0, "wordBeforeHesitationNum": 0, "wordAfterHesitationNum": 0, "otherCollocationNum": 0, "speechactRate": 0.0, "quoteRate": 0.0, "dashRate": 0.0, "publicRate": 0.0, "privateRate": 0.0, "suasiveRate": 0.0, "discMarkerRate": 0.0, "smileyRate": 0.0, "dateRate": 0.0, "hesitationRate": 0.0, "restartRate": 0.0, "repeatRate": 0.0, "conjBeforeDiscRate": 0.0, "conjAfterDiscRate": 0.0, "wordBeforeHesitationRate": 0.0, "wordAfterHesitationRate": 0.0, "otherCollocationRate": 0.0, "easyWordNum": 336, "hardWordNum": 21, "easyWordRate": 0.9411764705882353, "hardWordRate": 0.058823529411764705, "fleschReadingEaseScore": 60.63357843137257, "gunningFogIndex": 7.956862745098039, "fleschKincaidGradeLevel": 9.729313725490197, "colemanLiauIndex": 10.284134453781512, "smogIndex": 7.908726449838941, "automatedReadabilityIndex": 9.345238095238095, "linsearWriteIndex": 1.9878618113912232, "author": "", "locationNameNum": 0, "locationNameRate": 0.0, "personNameNum": 2, "personNameRate": 0.0056022408963585435, "organizationNameNum": 0, "organizationNameRate": 0.0, "misspelledNum": 3, "misspelledRate": 0.008403361344537815, "missingAccentNum": 0, "missingAccentRate": 0.0, "foreignAccentNum": 0, "foreignAccentRate": 0.0, "wordConcatNum": 0, "wordConcatRate": 0.0, "jLyMistakeNum": 0, "jLyMistakeRate": 0.0, "freqSuffixNum": 0, "partsNum": 136, "privateVNum": 0, "publicVNum": 0, "clauseWordNum": 47}