{"tokenNum": 370, "sentenceNum": 27, "lemmaNum": 184, "lemmaRate": 0.4972972972972973, "sentenceLength": 13.703703703703704, "allUpperNum": 0, "firstUpperNum": 37, "allUpperRate": 0.0, "firstUpperRate": 0.1, "declarSentNum": 26, "imperSentNum": 0, "questionNum": 1, "declarSentRate": 0.9629629629629629, "imperSentRate": 0.0, "questionRate": 0.037037037037037035, "accent": true, "saturation": 3.0163934426229506, "paragraphNum": 0, "nounNum": 53, "verbNum": 50, "adjNum": 22, "infNum": 7, "partPastNum": 0, "partPresNum": 0, "partFutNum": 0, "transNum": 2, "xNum": 26, "advNum": 39, "properNounNum": 8, "numNum": 7, "conjNum": 28, "punctNum": 79, "pronNum": 26, "relPronNum": 3, "demPronNum": 14, "adposNum": 1, "multiplePunctNum": 1, "phraseNum": 0, "nounRate": 0.14324324324324325, "verbRate": 0.13513513513513514, "adjRate": 0.05945945945945946, "infRate": 0.01891891891891892, "partPastRate": 0.0, "partPresRate": 0.0, "partFutRate": 0.0, "transRate": 0.005405405405405406, "xRate": 0.07027027027027027, "advRate": 0.10540540540540541, "properNounRate": 0.021621621621621623, "numRate": 0.01891891891891892, "conjRate": 0.07567567567567568, "punctRate": 0.21351351351351353, "pronRate": 0.07027027027027027, "relPronRate": 0.008108108108108109, "demPronRate": 0.03783783783783784, "adposRate": 0.002702702702702703, "multiplePunctRate": 0.012658227848101266, "partsDensityRate": 2.6885245901639343, "contentfulness": 6.074074074074074, "phraseRate": 0.0, "pastTenseNum": 23, "presentTenseNum": 20, "condNum": 1, "impNum": 1, "freqNum": 0, "causNum": 0, "modalNum": 1, "sg1VerbNum": 23, "sg2VerbNum": 0, "sg3VerbNum": 43, "pl1VerbNum": 0, "pl2VerbNum": 0, "pl3VerbNum": 5, "superlatNum": 0, "comparatNum": 2, "specDerivSuffixNum": 0, "pluralNounNum": 4, "pastTenseRate": 0.46, "presentTenseRate": 0.4, "condRate": 0.02, "impRate": 0.02, "freqRate": 0.0, "causRate": 0.0, "modalRate": 0.02, "sg1VerbRate": 0.46, "sg2VerbRate": 0.0, "sg3VerbRate": 0.86, "pl1VerbRate": 0.0, "pl2VerbRate": 0.0, "pl3VerbRate": 0.1, "superlatRate": 0.0, "comparatRate": 0.09090909090909091, "specDerivSuffixRate": 0.0, "pluralNounRate": 0.07547169811320754, "subjNum": 22, "objNum": 18, "attNum": 9, "subordNum": 14, "adverbNum": 46, "coordNum": 16, "clauseNum": 61, "simpleNum": 12, "complexNum": 15, "complexity1Num": 5, "complexity2Num": 4, "complexity3Num": 4, "compoundNum": 0, "subjRate": 0.05945945945945946, "objRate": 0.04864864864864865, "attRate": 0.024324324324324326, "subordRate": 0.03783783783783784, "adverbRate": 0.12432432432432433, "coordRate": 0.043243243243243246, "partsRate": 1.819672131147541, "clauseRate": 2.259259259259259, "simpleRate": 0.4444444444444444, "complexRate": 0.5555555555555556, "complexity1Rate": 0.18518518518518517, "complexity2Rate": 0.14814814814814814, "complexity3Rate": 0.14814814814814814, "complexClauseRate": 3.2666666666666666, "sentencesPerParagraph": 0.0, "wordsLengthRate": 4.683848797250859, "compoundRate": 0.0, "positiveNum": 0, "negativeNum": 0, "precoPositiveNum": 0, "precoNegativeNum": 0, "negemoNum": 0, "negationNum": 6, "functionNum": 206, "contentNum": 164, "vulgarNum": 0, "racistNum": 0, "specStyleNum": 0, "addressingNum": 0, "closingNum": 0, "postscriptNum": 0, "brutalNum": 0, "positiveRate": 0.0, "negativeRate": 0.0, "precoPositiveRate": 0.0, "precoNegativeRate": 0.0, "negemoRate": 0.0, "negationRate": 0.016216216216216217, "functionRate": 0.5567567567567567, "contentRate": 0.44324324324324327, "vulgarRate": 0.0, "racistRate": 0.0, "specStyleRate": 0.0, "addressingRate": 0.0, "closingRate": 0.0, "postscriptRate": 0.0, "brutalRate": 0.0, "epistemicNum": 0, "investNum": 0, "conditionNum": 0, "weaselNum": 0, "peacockNum": 0, "hedgeNum": 0, "doxasticNum": 0, "epistemicRate": 0.0, "investRate": 0.0, "conditionRate": 0.0, "weaselRate": 0.0, "peacockRate": 0.0, "hedgeRate": 0.0, "doxasticRate": 0.0, "loveNum": 0, "anxietyNum": 0, "sorrowNum": 0, "joyNum": 0, "disgustNum": 0, "fearNum": 0, "surpriseNum": 0, "angerNum": 0, "loveRate": 0.0, "anxietyRate": 0.0, "sorrowRate": 0.0, "joyRate": 0.0, "disgustRate": 0.0, "fearRate": 0.0, "surpriseRate": 0.0, "angerRate": 0.0, "slangBeGeneralNum": 0, "slangBeCigaretteNum": 0, "slangBeHumanNum": 0, "slangBeVehicleNum": 0, "slangBeDrugNum": 0, "slangBvNum": 0, "slangBeGeneralRate": 0.0, "slangBeCigaretteRate": 0.0, "slangBeHumanRate": 0.0, "slangBeVehicleRate": 0.0, "slangBeDrugRate": 0.0, "slangBvRate": 0.0, "speechactNum": 0, "quoteNum": 0, "dashNum": 0, "publicNum": 0, "privateNum": 0, "suasiveNum": 0, "discMarkerNum": 0, "smileyNum": 0, "dateNum": 0, "hesitationNum": 0, "restartNum": 2, "repeatNum": 0, "conjBeforeDiscNum": 0, "conjAfterDiscNum": 0, "wordBeforeHesitationNum": 0, "wordAfterHesitationNum": 0, "otherCollocationNum": 0, "speechactRate": 0.0, "quoteRate": 0.0, "dashRate": 0.0, "publicRate": 0.0, "privateRate": 0.0, "suasiveRate": 0.0, "discMarkerRate": 0.0, "smileyRate": 0.0, "dateRate": 0.0, "hesitationRate": 0.0, "restartRate": 0.005405405405405406, "repeatRate": 0.0, "conjBeforeDiscRate": 0.0, "conjAfterDiscRate": 0.0, "wordBeforeHesitationRate": 0.0, "wordAfterHesitationRate": 0.0, "otherCollocationRate": 0.0, "easyWordNum": 348, "hardWordNum": 22, "easyWordRate": 0.9405405405405406, "hardWordRate": 0.05945945945945946, "fleschReadingEaseScore": 91.17709209209212, "gunningFogIndex": 5.504184184184185, "fleschKincaidGradeLevel": 3.946336336336337, "colemanLiauIndex": 6.693213513513513, "smogIndex": 8.021203637495837, "automatedReadabilityIndex": 3.408959959959958, "linsearWriteIndex": 0.9469469469469471, "author": "", "locationNameNum": 1, "locationNameRate": 0.002702702702702703, "personNameNum": 4, "personNameRate": 0.010810810810810811, "organizationNameNum": 0, "organizationNameRate": 0.0, "misspelledNum": 9, "misspelledRate": 0.024324324324324326, "missingAccentNum": 3, "missingAccentRate": 0.008108108108108109, "foreignAccentNum": 0, "foreignAccentRate": 0.0, "wordConcatNum": 2, "wordConcatRate": 0.005405405405405406, "jLyMistakeNum": 0, "jLyMistakeRate": 0.0, "freqSuffixNum": 0, "partsNum": 111, "privateVNum": 0, "publicVNum": 0, "clauseWordNum": 61}