{"tokenNum": 322, "sentenceNum": 19, "lemmaNum": 146, "lemmaRate": 0.453416149068323, "sentenceLength": 16.94736842105263, "allUpperNum": 8, "firstUpperNum": 38, "allUpperRate": 0.024844720496894408, "firstUpperRate": 0.11801242236024845, "declarSentNum": 19, "imperSentNum": 0, "questionNum": 0, "declarSentRate": 1.0, "imperSentRate": 0.0, "questionRate": 0.0, "accent": true, "saturation": 5.214285714285714, "paragraphNum": 0, "nounNum": 96, "verbNum": 17, "adjNum": 56, "infNum": 1, "partPastNum": 9, "partPresNum": 7, "partFutNum": 0, "transNum": 0, "xNum": 17, "advNum": 13, "properNounNum": 41, "numNum": 12, "conjNum": 17, "punctNum": 47, "pronNum": 9, "relPronNum": 1, "demPronNum": 7, "adposNum": 3, "multiplePunctNum": 6, "phraseNum": 0, "nounRate": 0.2981366459627329, "verbRate": 0.052795031055900624, "adjRate": 0.17391304347826086, "infRate": 0.003105590062111801, "partPastRate": 0.027950310559006212, "partPresRate": 0.021739130434782608, "partFutRate": 0.0, "transRate": 0.0, "xRate": 0.052795031055900624, "advRate": 0.040372670807453416, "properNounRate": 0.12732919254658384, "numRate": 0.037267080745341616, "conjRate": 0.052795031055900624, "punctRate": 0.14596273291925466, "pronRate": 0.027950310559006212, "relPronRate": 0.003105590062111801, "demPronRate": 0.021739130434782608, "adposRate": 0.009316770186335404, "multiplePunctRate": 0.1276595744680851, "partsDensityRate": 6.464285714285714, "contentfulness": 9.526315789473685, "phraseRate": 0.0, "pastTenseNum": 13, "presentTenseNum": 3, "condNum": 0, "impNum": 0, "freqNum": 0, "causNum": 0, "modalNum": 0, "sg1VerbNum": 0, "sg2VerbNum": 0, "sg3VerbNum": 24, "pl1VerbNum": 0, "pl2VerbNum": 0, "pl3VerbNum": 2, "superlatNum": 0, "comparatNum": 2, "specDerivSuffixNum": 0, "pluralNounNum": 8, "pastTenseRate": 0.7647058823529411, "presentTenseRate": 0.17647058823529413, "condRate": 0.0, "impRate": 0.0, "freqRate": 0.0, "causRate": 0.0, "modalRate": 0.0, "sg1VerbRate": 0.0, "sg2VerbRate": 0.0, "sg3VerbRate": 1.411764705882353, "pl1VerbRate": 0.0, "pl2VerbRate": 0.0, "pl3VerbRate": 0.11764705882352941, "superlatRate": 0.0, "comparatRate": 0.03571428571428571, "specDerivSuffixRate": 0.0, "pluralNounRate": 0.08333333333333333, "subjNum": 19, "objNum": 7, "attNum": 45, "subordNum": 7, "adverbNum": 16, "coordNum": 6, "clauseNum": 28, "simpleNum": 11, "complexNum": 8, "complexity1Num": 7, "complexity2Num": 1, "complexity3Num": 0, "compoundNum": 0, "subjRate": 0.059006211180124224, "objRate": 0.021739130434782608, "attRate": 0.13975155279503104, "subordRate": 0.021739130434782608, "adverbRate": 0.049689440993788817, "coordRate": 0.018633540372670808, "partsRate": 3.3214285714285716, "clauseRate": 1.4736842105263157, "simpleRate": 0.5789473684210527, "complexRate": 0.42105263157894735, "complexity1Rate": 0.3684210526315789, "complexity2Rate": 0.05263157894736842, "complexity3Rate": 0.0, "complexClauseRate": 2.125, "sentencesPerParagraph": 0.0, "wordsLengthRate": 5.683636363636364, "compoundRate": 0.0, "positiveNum": 0, "negativeNum": 0, "precoPositiveNum": 0, "precoNegativeNum": 0, "negemoNum": 0, "negationNum": 7, "functionNum": 141, "contentNum": 181, "vulgarNum": 0, "racistNum": 0, "specStyleNum": 0, "addressingNum": 0, "closingNum": 0, "postscriptNum": 0, "brutalNum": 0, "positiveRate": 0.0, "negativeRate": 0.0, "precoPositiveRate": 0.0, "precoNegativeRate": 0.0, "negemoRate": 0.0, "negationRate": 0.021739130434782608, "functionRate": 0.43788819875776397, "contentRate": 0.562111801242236, "vulgarRate": 0.0, "racistRate": 0.0, "specStyleRate": 0.0, "addressingRate": 0.0, "closingRate": 0.0, "postscriptRate": 0.0, "brutalRate": 0.0, "epistemicNum": 0, "investNum": 0, "conditionNum": 0, "weaselNum": 0, "peacockNum": 0, "hedgeNum": 0, "doxasticNum": 0, "epistemicRate": 0.0, "investRate": 0.0, "conditionRate": 0.0, "weaselRate": 0.0, "peacockRate": 0.0, "hedgeRate": 0.0, "doxasticRate": 0.0, "loveNum": 0, "anxietyNum": 0, "sorrowNum": 0, "joyNum": 0, "disgustNum": 0, "fearNum": 0, "surpriseNum": 0, "angerNum": 0, "loveRate": 0.0, "anxietyRate": 0.0, "sorrowRate": 0.0, "joyRate": 0.0, "disgustRate": 0.0, "fearRate": 0.0, "surpriseRate": 0.0, "angerRate": 0.0, "slangBeGeneralNum": 0, "slangBeCigaretteNum": 0, "slangBeHumanNum": 0, "slangBeVehicleNum": 0, "slangBeDrugNum": 0, "slangBvNum": 0, "slangBeGeneralRate": 0.0, "slangBeCigaretteRate": 0.0, "slangBeHumanRate": 0.0, "slangBeVehicleRate": 0.0, "slangBeDrugRate": 0.0, "slangBvRate": 0.0, "speechactNum": 0, "quoteNum": 0, "dashNum": 0, "publicNum": 0, "privateNum": 0, "suasiveNum": 0, "discMarkerNum": 0, "smileyNum": 0, "dateNum": 1, "hesitationNum": 0, "restartNum": 0, "repeatNum": 28, "conjBeforeDiscNum": 0, "conjAfterDiscNum": 0, "wordBeforeHesitationNum": 0, "wordAfterHesitationNum": 0, "otherCollocationNum": 0, "speechactRate": 0.0, "quoteRate": 0.0, "dashRate": 0.0, "publicRate": 0.0, "privateRate": 0.0, "suasiveRate": 0.0, "discMarkerRate": 0.0, "smileyRate": 0.0, "dateRate": 0.003105590062111801, "hesitationRate": 0.0, "restartRate": 0.0, "repeatRate": 0.08695652173913043, "conjBeforeDiscRate": 0.0, "conjAfterDiscRate": 0.0, "wordBeforeHesitationRate": 0.0, "wordAfterHesitationRate": 0.0, "otherCollocationRate": 0.0, "easyWordNum": 290, "hardWordNum": 32, "easyWordRate": 0.9006211180124224, "hardWordRate": 0.09937888198757763, "fleschReadingEaseScore": 59.31789310232105, "gunningFogIndex": 6.8186989212160825, "fleschKincaidGradeLevel": 9.19587119973848, "colemanLiauIndex": 13.338860248447205, "smogIndex": 9.029198982220553, "automatedReadabilityIndex": 10.345019614253022, "linsearWriteIndex": 2.015691402419091, "author": "", "locationNameNum": 1, "locationNameRate": 0.003105590062111801, "personNameNum": 1, "personNameRate": 0.003105590062111801, "organizationNameNum": 12, "organizationNameRate": 0.037267080745341616, "misspelledNum": 0, "misspelledRate": 0.0, "missingAccentNum": 0, "missingAccentRate": 0.0, "foreignAccentNum": 0, "foreignAccentRate": 0.0, "wordConcatNum": 0, "wordConcatRate": 0.0, "jLyMistakeNum": 0, "jLyMistakeRate": 0.0, "freqSuffixNum": 0, "partsNum": 93, "privateVNum": 0, "publicVNum": 0, "clauseWordNum": 28}