{"tokenNum": 433, "sentenceNum": 24, "lemmaNum": 215, "lemmaRate": 0.49653579676674364, "sentenceLength": 18.041666666666668, "allUpperNum": 1, "firstUpperNum": 26, "allUpperRate": 0.0023094688221709007, "firstUpperRate": 0.06004618937644342, "declarSentNum": 24, "imperSentNum": 0, "questionNum": 0, "declarSentRate": 1.0, "imperSentRate": 0.0, "questionRate": 0.0, "accent": true, "saturation": 3.1159420289855073, "paragraphNum": 0, "nounNum": 71, "verbNum": 60, "adjNum": 24, "infNum": 12, "partPastNum": 1, "partPresNum": 4, "partFutNum": 0, "transNum": 1, "xNum": 23, "advNum": 52, "properNounNum": 4, "numNum": 4, "conjNum": 39, "punctNum": 88, "pronNum": 19, "relPronNum": 5, "demPronNum": 16, "adposNum": 7, "multiplePunctNum": 2, "phraseNum": 0, "nounRate": 0.16397228637413394, "verbRate": 0.13856812933025403, "adjRate": 0.05542725173210162, "infRate": 0.02771362586605081, "partPastRate": 0.0023094688221709007, "partPresRate": 0.009237875288683603, "partFutRate": 0.0, "transRate": 0.0023094688221709007, "xRate": 0.053117782909930716, "advRate": 0.12009237875288684, "properNounRate": 0.009237875288683603, "numRate": 0.009237875288683603, "conjRate": 0.09006928406466513, "punctRate": 0.20323325635103925, "pronRate": 0.04387990762124711, "relPronRate": 0.011547344110854504, "demPronRate": 0.03695150115473441, "adposRate": 0.016166281755196306, "multiplePunctRate": 0.022727272727272728, "partsDensityRate": 3.0, "contentfulness": 8.625, "phraseRate": 0.0, "pastTenseNum": 13, "presentTenseNum": 35, "condNum": 1, "impNum": 2, "freqNum": 0, "causNum": 0, "modalNum": 2, "sg1VerbNum": 9, "sg2VerbNum": 1, "sg3VerbNum": 50, "pl1VerbNum": 6, "pl2VerbNum": 0, "pl3VerbNum": 5, "superlatNum": 1, "comparatNum": 1, "specDerivSuffixNum": 0, "pluralNounNum": 7, "pastTenseRate": 0.21666666666666667, "presentTenseRate": 0.5833333333333334, "condRate": 0.016666666666666666, "impRate": 0.03333333333333333, "freqRate": 0.0, "causRate": 0.0, "modalRate": 0.03333333333333333, "sg1VerbRate": 0.15, "sg2VerbRate": 0.016666666666666666, "sg3VerbRate": 0.8333333333333334, "pl1VerbRate": 0.1, "pl2VerbRate": 0.0, "pl3VerbRate": 0.08333333333333333, "superlatRate": 0.041666666666666664, "comparatRate": 0.041666666666666664, "specDerivSuffixRate": 0.0, "pluralNounRate": 0.09859154929577464, "subjNum": 24, "objNum": 17, "attNum": 17, "subordNum": 21, "adverbNum": 60, "coordNum": 20, "clauseNum": 69, "simpleNum": 6, "complexNum": 18, "complexity1Num": 6, "complexity2Num": 5, "complexity3Num": 3, "compoundNum": 0, "subjRate": 0.05542725173210162, "objRate": 0.03926096997690531, "attRate": 0.03926096997690531, "subordRate": 0.04849884526558892, "adverbRate": 0.13856812933025403, "coordRate": 0.046189376443418015, "partsRate": 2.0, "clauseRate": 2.875, "simpleRate": 0.25, "complexRate": 0.75, "complexity1Rate": 0.25, "complexity2Rate": 0.20833333333333334, "complexity3Rate": 0.125, "complexClauseRate": 3.5, "sentencesPerParagraph": 0.0, "wordsLengthRate": 5.292753623188406, "compoundRate": 0.0, "positiveNum": 0, "negativeNum": 0, "precoPositiveNum": 0, "precoNegativeNum": 0, "negemoNum": 0, "negationNum": 5, "functionNum": 226, "contentNum": 207, "vulgarNum": 0, "racistNum": 0, "specStyleNum": 0, "addressingNum": 0, "closingNum": 0, "postscriptNum": 0, "brutalNum": 0, "positiveRate": 0.0, "negativeRate": 0.0, "precoPositiveRate": 0.0, "precoNegativeRate": 0.0, "negemoRate": 0.0, "negationRate": 0.011547344110854504, "functionRate": 0.5219399538106235, "contentRate": 0.4780600461893764, "vulgarRate": 0.0, "racistRate": 0.0, "specStyleRate": 0.0, "addressingRate": 0.0, "closingRate": 0.0, "postscriptRate": 0.0, "brutalRate": 0.0, "epistemicNum": 0, "investNum": 0, "conditionNum": 0, "weaselNum": 0, "peacockNum": 0, "hedgeNum": 0, "doxasticNum": 0, "epistemicRate": 0.0, "investRate": 0.0, "conditionRate": 0.0, "weaselRate": 0.0, "peacockRate": 0.0, "hedgeRate": 0.0, "doxasticRate": 0.0, "loveNum": 0, "anxietyNum": 0, "sorrowNum": 0, "joyNum": 0, "disgustNum": 0, "fearNum": 0, "surpriseNum": 0, "angerNum": 0, "loveRate": 0.0, "anxietyRate": 0.0, "sorrowRate": 0.0, "joyRate": 0.0, "disgustRate": 0.0, "fearRate": 0.0, "surpriseRate": 0.0, "angerRate": 0.0, "slangBeGeneralNum": 0, "slangBeCigaretteNum": 0, "slangBeHumanNum": 0, "slangBeVehicleNum": 0, "slangBeDrugNum": 0, "slangBvNum": 0, "slangBeGeneralRate": 0.0, "slangBeCigaretteRate": 0.0, "slangBeHumanRate": 0.0, "slangBeVehicleRate": 0.0, "slangBeDrugRate": 0.0, "slangBvRate": 0.0, "speechactNum": 0, "quoteNum": 0, "dashNum": 0, "publicNum": 0, "privateNum": 0, "suasiveNum": 0, "discMarkerNum": 0, "smileyNum": 0, "dateNum": 0, "hesitationNum": 0, "restartNum": 0, "repeatNum": 0, "conjBeforeDiscNum": 0, "conjAfterDiscNum": 0, "wordBeforeHesitationNum": 0, "wordAfterHesitationNum": 0, "otherCollocationNum": 0, "speechactRate": 0.0, "quoteRate": 0.0, "dashRate": 0.0, "publicRate": 0.0, "privateRate": 0.0, "suasiveRate": 0.0, "discMarkerRate": 0.0, "smileyRate": 0.0, "dateRate": 0.0, "hesitationRate": 0.0, "restartRate": 0.0, "repeatRate": 0.0, "conjBeforeDiscRate": 0.0, "conjAfterDiscRate": 0.0, "wordBeforeHesitationRate": 0.0, "wordAfterHesitationRate": 0.0, "otherCollocationRate": 0.0, "easyWordNum": 403, "hardWordNum": 30, "easyWordRate": 0.930715935334873, "hardWordRate": 0.06928406466512702, "fleschReadingEaseScore": 67.58183073518094, "gunningFogIndex": 7.24345650500385, "fleschKincaidGradeLevel": 8.315072170900695, "colemanLiauIndex": 9.922674364896075, "smogIndex": 8.841846274778883, "automatedReadabilityIndex": 8.160371439568898, "linsearWriteIndex": 1.2613548883756738, "author": "", "locationNameNum": 0, "locationNameRate": 0.0, "personNameNum": 2, "personNameRate": 0.004618937644341801, "organizationNameNum": 0, "organizationNameRate": 0.0, "misspelledNum": 5, "misspelledRate": 0.011547344110854504, "missingAccentNum": 3, "missingAccentRate": 0.006928406466512702, "foreignAccentNum": 0, "foreignAccentRate": 0.0, "wordConcatNum": 0, "wordConcatRate": 0.0, "jLyMistakeNum": 0, "jLyMistakeRate": 0.0, "freqSuffixNum": 0, "partsNum": 138, "privateVNum": 0, "publicVNum": 0, "clauseWordNum": 69}