{"tokenNum": 368, "sentenceNum": 16, "lemmaNum": 214, "lemmaRate": 0.5815217391304348, "sentenceLength": 23.0, "allUpperNum": 12, "firstUpperNum": 44, "allUpperRate": 0.03260869565217391, "firstUpperRate": 0.11956521739130435, "declarSentNum": 15, "imperSentNum": 0, "questionNum": 1, "declarSentRate": 0.9375, "imperSentRate": 0.0, "questionRate": 0.0625, "accent": true, "saturation": 5.219512195121951, "paragraphNum": 0, "nounNum": 84, "verbNum": 42, "adjNum": 29, "infNum": 6, "partPastNum": 0, "partPresNum": 1, "partFutNum": 0, "transNum": 1, "xNum": 15, "advNum": 38, "properNounNum": 30, "numNum": 7, "conjNum": 18, "punctNum": 67, "pronNum": 27, "relPronNum": 4, "demPronNum": 10, "adposNum": 0, "multiplePunctNum": 5, "phraseNum": 0, "nounRate": 0.22826086956521738, "verbRate": 0.11413043478260869, "adjRate": 0.07880434782608696, "infRate": 0.016304347826086956, "partPastRate": 0.0, "partPresRate": 0.002717391304347826, "partFutRate": 0.0, "transRate": 0.002717391304347826, "xRate": 0.04076086956521739, "advRate": 0.10326086956521739, "properNounRate": 0.08152173913043478, "numRate": 0.019021739130434784, "conjRate": 0.04891304347826087, "punctRate": 0.18206521739130435, "pronRate": 0.07336956521739131, "relPronRate": 0.010869565217391304, "demPronRate": 0.02717391304347826, "adposRate": 0.0, "multiplePunctRate": 0.07462686567164178, "partsDensityRate": 4.682926829268292, "contentfulness": 12.0, "phraseRate": 0.0, "pastTenseNum": 6, "presentTenseNum": 30, "condNum": 0, "impNum": 2, "freqNum": 0, "causNum": 0, "modalNum": 1, "sg1VerbNum": 11, "sg2VerbNum": 4, "sg3VerbNum": 44, "pl1VerbNum": 0, "pl2VerbNum": 0, "pl3VerbNum": 5, "superlatNum": 1, "comparatNum": 0, "specDerivSuffixNum": 0, "pluralNounNum": 8, "pastTenseRate": 0.14285714285714285, "presentTenseRate": 0.7142857142857143, "condRate": 0.0, "impRate": 0.047619047619047616, "freqRate": 0.0, "causRate": 0.0, "modalRate": 0.023809523809523808, "sg1VerbRate": 0.2619047619047619, "sg2VerbRate": 0.09523809523809523, "sg3VerbRate": 1.0476190476190477, "pl1VerbRate": 0.0, "pl2VerbRate": 0.0, "pl3VerbRate": 0.11904761904761904, "superlatRate": 0.034482758620689655, "comparatRate": 0.0, "specDerivSuffixRate": 0.0, "pluralNounRate": 0.09523809523809523, "subjNum": 30, "objNum": 14, "attNum": 21, "subordNum": 10, "adverbNum": 41, "coordNum": 19, "clauseNum": 41, "simpleNum": 6, "complexNum": 10, "complexity1Num": 2, "complexity2Num": 5, "complexity3Num": 1, "compoundNum": 0, "subjRate": 0.08152173913043478, "objRate": 0.03804347826086957, "attRate": 0.057065217391304345, "subordRate": 0.02717391304347826, "adverbRate": 0.11141304347826086, "coordRate": 0.051630434782608696, "partsRate": 3.048780487804878, "clauseRate": 2.5625, "simpleRate": 0.375, "complexRate": 0.625, "complexity1Rate": 0.125, "complexity2Rate": 0.3125, "complexity3Rate": 0.0625, "complexClauseRate": 3.5, "sentencesPerParagraph": 0.0, "wordsLengthRate": 4.976744186046512, "compoundRate": 0.0, "positiveNum": 0, "negativeNum": 0, "precoPositiveNum": 0, "precoNegativeNum": 0, "negemoNum": 0, "negationNum": 6, "functionNum": 176, "contentNum": 192, "vulgarNum": 0, "racistNum": 0, "specStyleNum": 0, "addressingNum": 0, "closingNum": 0, "postscriptNum": 0, "brutalNum": 0, "positiveRate": 0.0, "negativeRate": 0.0, "precoPositiveRate": 0.0, "precoNegativeRate": 0.0, "negemoRate": 0.0, "negationRate": 0.016304347826086956, "functionRate": 0.4782608695652174, "contentRate": 0.5217391304347826, "vulgarRate": 0.0, "racistRate": 0.0, "specStyleRate": 0.0, "addressingRate": 0.0, "closingRate": 0.0, "postscriptRate": 0.0, "brutalRate": 0.0, "epistemicNum": 0, "investNum": 0, "conditionNum": 0, "weaselNum": 0, "peacockNum": 0, "hedgeNum": 0, "doxasticNum": 0, "epistemicRate": 0.0, "investRate": 0.0, "conditionRate": 0.0, "weaselRate": 0.0, "peacockRate": 0.0, "hedgeRate": 0.0, "doxasticRate": 0.0, "loveNum": 0, "anxietyNum": 0, "sorrowNum": 0, "joyNum": 0, "disgustNum": 0, "fearNum": 0, "surpriseNum": 0, "angerNum": 0, "loveRate": 0.0, "anxietyRate": 0.0, "sorrowRate": 0.0, "joyRate": 0.0, "disgustRate": 0.0, "fearRate": 0.0, "surpriseRate": 0.0, "angerRate": 0.0, "slangBeGeneralNum": 0, "slangBeCigaretteNum": 0, "slangBeHumanNum": 0, "slangBeVehicleNum": 0, "slangBeDrugNum": 0, "slangBvNum": 0, "slangBeGeneralRate": 0.0, "slangBeCigaretteRate": 0.0, "slangBeHumanRate": 0.0, "slangBeVehicleRate": 0.0, "slangBeDrugRate": 0.0, "slangBvRate": 0.0, "speechactNum": 0, "quoteNum": 0, "dashNum": 0, "publicNum": 0, "privateNum": 0, "suasiveNum": 0, "discMarkerNum": 0, "smileyNum": 1, "dateNum": 1, "hesitationNum": 0, "restartNum": 1, "repeatNum": 0, "conjBeforeDiscNum": 0, "conjAfterDiscNum": 0, "wordBeforeHesitationNum": 0, "wordAfterHesitationNum": 0, "otherCollocationNum": 0, "speechactRate": 0.0, "quoteRate": 0.0, "dashRate": 0.0, "publicRate": 0.0, "privateRate": 0.0, "suasiveRate": 0.0, "discMarkerRate": 0.0, "smileyRate": 0.002717391304347826, "dateRate": 0.002717391304347826, "hesitationRate": 0.0, "restartRate": 0.002717391304347826, "repeatRate": 0.0, "conjBeforeDiscRate": 0.0, "conjAfterDiscRate": 0.0, "wordBeforeHesitationRate": 0.0, "wordAfterHesitationRate": 0.0, "otherCollocationRate": 0.0, "easyWordNum": 346, "hardWordNum": 22, "easyWordRate": 0.9402173913043478, "hardWordRate": 0.059782608695652176, "fleschReadingEaseScore": 70.84326086956523, "gunningFogIndex": 9.22391304347826, "fleschKincaidGradeLevel": 9.091956521739132, "colemanLiauIndex": 9.136336956521738, "smogIndex": 8.021203637495837, "automatedReadabilityIndex": 10.010706521739131, "linsearWriteIndex": 2.3797554347826084, "author": "", "locationNameNum": 3, "locationNameRate": 0.008152173913043478, "personNameNum": 1, "personNameRate": 0.002717391304347826, "organizationNameNum": 2, "organizationNameRate": 0.005434782608695652, "misspelledNum": 16, "misspelledRate": 0.043478260869565216, "missingAccentNum": 3, "missingAccentRate": 0.008152173913043478, "foreignAccentNum": 0, "foreignAccentRate": 0.0, "wordConcatNum": 2, "wordConcatRate": 0.005434782608695652, "jLyMistakeNum": 0, "jLyMistakeRate": 0.0, "freqSuffixNum": 0, "partsNum": 125, "privateVNum": 0, "publicVNum": 0, "clauseWordNum": 41}