{"tokenNum": 332, "sentenceNum": 18, "lemmaNum": 190, "lemmaRate": 0.572289156626506, "sentenceLength": 18.444444444444443, "allUpperNum": 0, "firstUpperNum": 19, "allUpperRate": 0.0, "firstUpperRate": 0.0572289156626506, "declarSentNum": 18, "imperSentNum": 0, "questionNum": 0, "declarSentRate": 1.0, "imperSentRate": 0.0, "questionRate": 0.0, "accent": true, "saturation": 5.428571428571429, "paragraphNum": 0, "nounNum": 62, "verbNum": 32, "adjNum": 44, "infNum": 4, "partPastNum": 2, "partPresNum": 5, "partFutNum": 0, "transNum": 3, "xNum": 17, "advNum": 29, "properNounNum": 3, "numNum": 1, "conjNum": 22, "punctNum": 60, "pronNum": 20, "relPronNum": 3, "demPronNum": 15, "adposNum": 3, "multiplePunctNum": 2, "phraseNum": 0, "nounRate": 0.18674698795180722, "verbRate": 0.0963855421686747, "adjRate": 0.13253012048192772, "infRate": 0.012048192771084338, "partPastRate": 0.006024096385542169, "partPresRate": 0.015060240963855422, "partFutRate": 0.0, "transRate": 0.009036144578313253, "xRate": 0.05120481927710843, "advRate": 0.08734939759036145, "properNounRate": 0.009036144578313253, "numRate": 0.0030120481927710845, "conjRate": 0.06626506024096386, "punctRate": 0.18072289156626506, "pronRate": 0.060240963855421686, "relPronRate": 0.009036144578313253, "demPronRate": 0.045180722891566265, "adposRate": 0.009036144578313253, "multiplePunctRate": 0.03333333333333333, "partsDensityRate": 4.771428571428571, "contentfulness": 9.277777777777779, "phraseRate": 0.0, "pastTenseNum": 3, "presentTenseNum": 25, "condNum": 2, "impNum": 4, "freqNum": 0, "causNum": 0, "modalNum": 1, "sg1VerbNum": 6, "sg2VerbNum": 0, "sg3VerbNum": 28, "pl1VerbNum": 1, "pl2VerbNum": 2, "pl3VerbNum": 13, "superlatNum": 0, "comparatNum": 3, "specDerivSuffixNum": 0, "pluralNounNum": 20, "pastTenseRate": 0.09375, "presentTenseRate": 0.78125, "condRate": 0.0625, "impRate": 0.125, "freqRate": 0.0, "causRate": 0.0, "modalRate": 0.03125, "sg1VerbRate": 0.1875, "sg2VerbRate": 0.0, "sg3VerbRate": 0.875, "pl1VerbRate": 0.03125, "pl2VerbRate": 0.0625, "pl3VerbRate": 0.40625, "superlatRate": 0.0, "comparatRate": 0.06818181818181818, "specDerivSuffixRate": 0.0, "pluralNounRate": 0.3225806451612903, "subjNum": 22, "objNum": 11, "attNum": 27, "subordNum": 6, "adverbNum": 37, "coordNum": 20, "clauseNum": 35, "simpleNum": 8, "complexNum": 10, "complexity1Num": 4, "complexity2Num": 5, "complexity3Num": 1, "compoundNum": 0, "subjRate": 0.06626506024096386, "objRate": 0.03313253012048193, "attRate": 0.08132530120481928, "subordRate": 0.018072289156626505, "adverbRate": 0.11144578313253012, "coordRate": 0.060240963855421686, "partsRate": 3.342857142857143, "clauseRate": 1.9444444444444444, "simpleRate": 0.4444444444444444, "complexRate": 0.5555555555555556, "complexity1Rate": 0.2222222222222222, "complexity2Rate": 0.2777777777777778, "complexity3Rate": 0.05555555555555555, "complexClauseRate": 2.7, "sentencesPerParagraph": 0.0, "wordsLengthRate": 6.011029411764706, "compoundRate": 0.0, "positiveNum": 0, "negativeNum": 0, "precoPositiveNum": 0, "precoNegativeNum": 0, "negemoNum": 0, "negationNum": 1, "functionNum": 165, "contentNum": 167, "vulgarNum": 0, "racistNum": 0, "specStyleNum": 0, "addressingNum": 0, "closingNum": 0, "postscriptNum": 0, "brutalNum": 0, "positiveRate": 0.0, "negativeRate": 0.0, "precoPositiveRate": 0.0, "precoNegativeRate": 0.0, "negemoRate": 0.0, "negationRate": 0.0030120481927710845, "functionRate": 0.49698795180722893, "contentRate": 0.5030120481927711, "vulgarRate": 0.0, "racistRate": 0.0, "specStyleRate": 0.0, "addressingRate": 0.0, "closingRate": 0.0, "postscriptRate": 0.0, "brutalRate": 0.0, "epistemicNum": 0, "investNum": 0, "conditionNum": 0, "weaselNum": 0, "peacockNum": 0, "hedgeNum": 0, "doxasticNum": 0, "epistemicRate": 0.0, "investRate": 0.0, "conditionRate": 0.0, "weaselRate": 0.0, "peacockRate": 0.0, "hedgeRate": 0.0, "doxasticRate": 0.0, "loveNum": 0, "anxietyNum": 0, "sorrowNum": 0, "joyNum": 0, "disgustNum": 0, "fearNum": 0, "surpriseNum": 0, "angerNum": 0, "loveRate": 0.0, "anxietyRate": 0.0, "sorrowRate": 0.0, "joyRate": 0.0, "disgustRate": 0.0, "fearRate": 0.0, "surpriseRate": 0.0, "angerRate": 0.0, "slangBeGeneralNum": 0, "slangBeCigaretteNum": 0, "slangBeHumanNum": 0, "slangBeVehicleNum": 0, "slangBeDrugNum": 0, "slangBvNum": 0, "slangBeGeneralRate": 0.0, "slangBeCigaretteRate": 0.0, "slangBeHumanRate": 0.0, "slangBeVehicleRate": 0.0, "slangBeDrugRate": 0.0, "slangBvRate": 0.0, "speechactNum": 0, "quoteNum": 0, "dashNum": 0, "publicNum": 0, "privateNum": 0, "suasiveNum": 0, "discMarkerNum": 0, "smileyNum": 0, "dateNum": 0, "hesitationNum": 0, "restartNum": 0, "repeatNum": 0, "conjBeforeDiscNum": 0, "conjAfterDiscNum": 0, "wordBeforeHesitationNum": 0, "wordAfterHesitationNum": 0, "otherCollocationNum": 0, "speechactRate": 0.0, "quoteRate": 0.0, "dashRate": 0.0, "publicRate": 0.0, "privateRate": 0.0, "suasiveRate": 0.0, "discMarkerRate": 0.0, "smileyRate": 0.0, "dateRate": 0.0, "hesitationRate": 0.0, "restartRate": 0.0, "repeatRate": 0.0, "conjBeforeDiscRate": 0.0, "conjAfterDiscRate": 0.0, "wordBeforeHesitationRate": 0.0, "wordAfterHesitationRate": 0.0, "otherCollocationRate": 0.0, "easyWordNum": 279, "hardWordNum": 53, "easyWordRate": 0.8403614457831325, "hardWordRate": 0.15963855421686746, "fleschReadingEaseScore": 44.14099732262386, "gunningFogIndex": 7.441633199464525, "fleschKincaidGradeLevel": 11.684658634538156, "colemanLiauIndex": 13.986915662650603, "smogIndex": 10.72225461451958, "automatedReadabilityIndex": 11.611770414993309, "linsearWriteIndex": 2.522423025435074, "author": "", "locationNameNum": 2, "locationNameRate": 0.006024096385542169, "personNameNum": 0, "personNameRate": 0.0, "organizationNameNum": 0, "organizationNameRate": 0.0, "misspelledNum": 2, "misspelledRate": 0.006024096385542169, "missingAccentNum": 2, "missingAccentRate": 0.006024096385542169, "foreignAccentNum": 0, "foreignAccentRate": 0.0, "wordConcatNum": 0, "wordConcatRate": 0.0, "jLyMistakeNum": 0, "jLyMistakeRate": 0.0, "freqSuffixNum": 0, "partsNum": 117, "privateVNum": 0, "publicVNum": 0, "clauseWordNum": 35}