{"tokenNum": 389, "sentenceNum": 22, "lemmaNum": 195, "lemmaRate": 0.5012853470437018, "sentenceLength": 17.681818181818183, "allUpperNum": 0, "firstUpperNum": 24, "allUpperRate": 0.0, "firstUpperRate": 0.061696658097686374, "declarSentNum": 22, "imperSentNum": 0, "questionNum": 0, "declarSentRate": 1.0, "imperSentRate": 0.0, "questionRate": 0.0, "accent": true, "saturation": 3.611111111111111, "paragraphNum": 0, "nounNum": 73, "verbNum": 49, "adjNum": 29, "infNum": 3, "partPastNum": 3, "partPresNum": 0, "partFutNum": 0, "transNum": 1, "xNum": 20, "advNum": 36, "properNounNum": 3, "numNum": 5, "conjNum": 29, "punctNum": 73, "pronNum": 39, "relPronNum": 8, "demPronNum": 19, "adposNum": 3, "multiplePunctNum": 2, "phraseNum": 0, "nounRate": 0.18766066838046272, "verbRate": 0.12596401028277635, "adjRate": 0.07455012853470437, "infRate": 0.007712082262210797, "partPastRate": 0.007712082262210797, "partPresRate": 0.0, "partFutRate": 0.0, "transRate": 0.002570694087403599, "xRate": 0.05141388174807198, "advRate": 0.09254498714652956, "properNounRate": 0.007712082262210797, "numRate": 0.012853470437017995, "conjRate": 0.07455012853470437, "punctRate": 0.18766066838046272, "pronRate": 0.10025706940874037, "relPronRate": 0.02056555269922879, "demPronRate": 0.04884318766066838, "adposRate": 0.007712082262210797, "multiplePunctRate": 0.0273972602739726, "partsDensityRate": 3.462962962962963, "contentfulness": 8.5, "phraseRate": 0.0, "pastTenseNum": 4, "presentTenseNum": 42, "condNum": 2, "impNum": 1, "freqNum": 0, "causNum": 0, "modalNum": 2, "sg1VerbNum": 13, "sg2VerbNum": 6, "sg3VerbNum": 54, "pl1VerbNum": 0, "pl2VerbNum": 1, "pl3VerbNum": 11, "superlatNum": 0, "comparatNum": 0, "specDerivSuffixNum": 0, "pluralNounNum": 15, "pastTenseRate": 0.08163265306122448, "presentTenseRate": 0.8571428571428571, "condRate": 0.04081632653061224, "impRate": 0.02040816326530612, "freqRate": 0.0, "causRate": 0.0, "modalRate": 0.04081632653061224, "sg1VerbRate": 0.2653061224489796, "sg2VerbRate": 0.12244897959183673, "sg3VerbRate": 1.1020408163265305, "pl1VerbRate": 0.0, "pl2VerbRate": 0.02040816326530612, "pl3VerbRate": 0.22448979591836735, "superlatRate": 0.0, "comparatRate": 0.0, "specDerivSuffixRate": 0.0, "pluralNounRate": 0.2054794520547945, "subjNum": 38, "objNum": 19, "attNum": 16, "subordNum": 21, "adverbNum": 48, "coordNum": 26, "clauseNum": 54, "simpleNum": 7, "complexNum": 15, "complexity1Num": 6, "complexity2Num": 4, "complexity3Num": 3, "compoundNum": 0, "subjRate": 0.09768637532133675, "objRate": 0.04884318766066838, "attRate": 0.04113110539845758, "subordRate": 0.05398457583547558, "adverbRate": 0.12339331619537275, "coordRate": 0.06683804627249357, "partsRate": 2.7222222222222223, "clauseRate": 2.4545454545454546, "simpleRate": 0.3181818181818182, "complexRate": 0.6818181818181818, "complexity1Rate": 0.2727272727272727, "complexity2Rate": 0.18181818181818182, "complexity3Rate": 0.13636363636363635, "complexClauseRate": 3.1333333333333333, "sentencesPerParagraph": 0.0, "wordsLengthRate": 4.968354430379747, "compoundRate": 0.0, "positiveNum": 0, "negativeNum": 0, "precoPositiveNum": 0, "precoNegativeNum": 0, "negemoNum": 0, "negationNum": 7, "functionNum": 202, "contentNum": 187, "vulgarNum": 0, "racistNum": 0, "specStyleNum": 0, "addressingNum": 0, "closingNum": 0, "postscriptNum": 0, "brutalNum": 0, "positiveRate": 0.0, "negativeRate": 0.0, "precoPositiveRate": 0.0, "precoNegativeRate": 0.0, "negemoRate": 0.0, "negationRate": 0.017994858611825194, "functionRate": 0.519280205655527, "contentRate": 0.480719794344473, "vulgarRate": 0.0, "racistRate": 0.0, "specStyleRate": 0.0, "addressingRate": 0.0, "closingRate": 0.0, "postscriptRate": 0.0, "brutalRate": 0.0, "epistemicNum": 0, "investNum": 0, "conditionNum": 0, "weaselNum": 0, "peacockNum": 0, "hedgeNum": 0, "doxasticNum": 0, "epistemicRate": 0.0, "investRate": 0.0, "conditionRate": 0.0, "weaselRate": 0.0, "peacockRate": 0.0, "hedgeRate": 0.0, "doxasticRate": 0.0, "loveNum": 0, "anxietyNum": 0, "sorrowNum": 0, "joyNum": 0, "disgustNum": 0, "fearNum": 0, "surpriseNum": 0, "angerNum": 0, "loveRate": 0.0, "anxietyRate": 0.0, "sorrowRate": 0.0, "joyRate": 0.0, "disgustRate": 0.0, "fearRate": 0.0, "surpriseRate": 0.0, "angerRate": 0.0, "slangBeGeneralNum": 0, "slangBeCigaretteNum": 0, "slangBeHumanNum": 0, "slangBeVehicleNum": 0, "slangBeDrugNum": 0, "slangBvNum": 0, "slangBeGeneralRate": 0.0, "slangBeCigaretteRate": 0.0, "slangBeHumanRate": 0.0, "slangBeVehicleRate": 0.0, "slangBeDrugRate": 0.0, "slangBvRate": 0.0, "speechactNum": 0, "quoteNum": 0, "dashNum": 0, "publicNum": 0, "privateNum": 0, "suasiveNum": 0, "discMarkerNum": 0, "smileyNum": 0, "dateNum": 0, "hesitationNum": 0, "restartNum": 0, "repeatNum": 0, "conjBeforeDiscNum": 0, "conjAfterDiscNum": 0, "wordBeforeHesitationNum": 0, "wordAfterHesitationNum": 0, "otherCollocationNum": 0, "speechactRate": 0.0, "quoteRate": 0.0, "dashRate": 0.0, "publicRate": 0.0, "privateRate": 0.0, "suasiveRate": 0.0, "discMarkerRate": 0.0, "smileyRate": 0.0, "dateRate": 0.0, "hesitationRate": 0.0, "restartRate": 0.0, "repeatRate": 0.0, "conjBeforeDiscRate": 0.0, "conjAfterDiscRate": 0.0, "wordBeforeHesitationRate": 0.0, "wordAfterHesitationRate": 0.0, "otherCollocationRate": 0.0, "easyWordNum": 377, "hardWordNum": 12, "easyWordRate": 0.9691516709511568, "hardWordRate": 0.030848329048843187, "fleschReadingEaseScore": 77.53782601075021, "gunningFogIndex": 7.085066604346811, "fleschKincaidGradeLevel": 6.837014489366677, "colemanLiauIndex": 8.834868894601538, "smogIndex": 6.742157984588678, "automatedReadabilityIndex": 7.110574900677726, "linsearWriteIndex": 1.2960972189763962, "author": "", "locationNameNum": 0, "locationNameRate": 0.0, "personNameNum": 2, "personNameRate": 0.005141388174807198, "organizationNameNum": 0, "organizationNameRate": 0.0, "misspelledNum": 8, "misspelledRate": 0.02056555269922879, "missingAccentNum": 0, "missingAccentRate": 0.0, "foreignAccentNum": 0, "foreignAccentRate": 0.0, "wordConcatNum": 1, "wordConcatRate": 0.002570694087403599, "jLyMistakeNum": 0, "jLyMistakeRate": 0.0, "freqSuffixNum": 0, "partsNum": 147, "privateVNum": 0, "publicVNum": 0, "clauseWordNum": 54}