{"tokenNum": 107, "sentenceNum": 2, "lemmaNum": 75, "lemmaRate": 0.7009345794392523, "sentenceLength": 53.5, "allUpperNum": 0, "firstUpperNum": 14, "allUpperRate": 0.0, "firstUpperRate": 0.1308411214953271, "declarSentNum": 2, "imperSentNum": 0, "questionNum": 0, "declarSentRate": 1.0, "imperSentRate": 0.0, "questionRate": 0.0, "accent": true, "saturation": 7.5, "paragraphNum": 0, "nounNum": 32, "verbNum": 6, "adjNum": 10, "infNum": 1, "partPastNum": 3, "partPresNum": 2, "partFutNum": 0, "transNum": 0, "xNum": 0, "advNum": 8, "properNounNum": 10, "numNum": 5, "conjNum": 5, "punctNum": 20, "pronNum": 7, "relPronNum": 2, "demPronNum": 3, "adposNum": 1, "multiplePunctNum": 1, "phraseNum": 0, "nounRate": 0.29906542056074764, "verbRate": 0.056074766355140186, "adjRate": 0.09345794392523364, "infRate": 0.009345794392523364, "partPastRate": 0.028037383177570093, "partPresRate": 0.018691588785046728, "partFutRate": 0.0, "transRate": 0.0, "xRate": 0.0, "advRate": 0.07476635514018691, "properNounRate": 0.09345794392523364, "numRate": 0.04672897196261682, "conjRate": 0.04672897196261682, "punctRate": 0.18691588785046728, "pronRate": 0.06542056074766354, "relPronRate": 0.018691588785046728, "demPronRate": 0.028037383177570093, "adposRate": 0.009345794392523364, "multiplePunctRate": 0.05, "partsDensityRate": 5.5, "contentfulness": 27.5, "phraseRate": 0.0, "pastTenseNum": 3, "presentTenseNum": 2, "condNum": 1, "impNum": 0, "freqNum": 0, "causNum": 0, "modalNum": 0, "sg1VerbNum": 0, "sg2VerbNum": 0, "sg3VerbNum": 10, "pl1VerbNum": 0, "pl2VerbNum": 0, "pl3VerbNum": 2, "superlatNum": 0, "comparatNum": 0, "specDerivSuffixNum": 0, "pluralNounNum": 8, "pastTenseRate": 0.5, "presentTenseRate": 0.3333333333333333, "condRate": 0.16666666666666666, "impRate": 0.0, "freqRate": 0.0, "causRate": 0.0, "modalRate": 0.0, "sg1VerbRate": 0.0, "sg2VerbRate": 0.0, "sg3VerbRate": 1.6666666666666667, "pl1VerbRate": 0.0, "pl2VerbRate": 0.0, "pl3VerbRate": 0.3333333333333333, "superlatRate": 0.0, "comparatRate": 0.0, "specDerivSuffixRate": 0.0, "pluralNounRate": 0.25, "subjNum": 5, "objNum": 2, "attNum": 10, "subordNum": 1, "adverbNum": 7, "coordNum": 7, "clauseNum": 10, "simpleNum": 0, "complexNum": 2, "complexity1Num": 0, "complexity2Num": 1, "complexity3Num": 0, "compoundNum": 0, "subjRate": 0.04672897196261682, "objRate": 0.018691588785046728, "attRate": 0.09345794392523364, "subordRate": 0.009345794392523364, "adverbRate": 0.06542056074766354, "coordRate": 0.06542056074766354, "partsRate": 3.1, "clauseRate": 5.0, "simpleRate": 0.0, "complexRate": 1.0, "complexity1Rate": 0.0, "complexity2Rate": 0.5, "complexity3Rate": 0.0, "complexClauseRate": 5.0, "sentencesPerParagraph": 0.0, "wordsLengthRate": 5.67816091954023, "compoundRate": 0.0, "positiveNum": 0, "negativeNum": 0, "precoPositiveNum": 0, "precoNegativeNum": 0, "negemoNum": 0, "negationNum": 0, "functionNum": 52, "contentNum": 55, "vulgarNum": 0, "racistNum": 0, "specStyleNum": 0, "addressingNum": 0, "closingNum": 0, "postscriptNum": 0, "brutalNum": 0, "positiveRate": 0.0, "negativeRate": 0.0, "precoPositiveRate": 0.0, "precoNegativeRate": 0.0, "negemoRate": 0.0, "negationRate": 0.0, "functionRate": 0.48598130841121495, "contentRate": 0.514018691588785, "vulgarRate": 0.0, "racistRate": 0.0, "specStyleRate": 0.0, "addressingRate": 0.0, "closingRate": 0.0, "postscriptRate": 0.0, "brutalRate": 0.0, "epistemicNum": 0, "investNum": 0, "conditionNum": 0, "weaselNum": 0, "peacockNum": 0, "hedgeNum": 0, "doxasticNum": 0, "epistemicRate": 0.0, "investRate": 0.0, "conditionRate": 0.0, "weaselRate": 0.0, "peacockRate": 0.0, "hedgeRate": 0.0, "doxasticRate": 0.0, "loveNum": 0, "anxietyNum": 0, "sorrowNum": 0, "joyNum": 0, "disgustNum": 0, "fearNum": 0, "surpriseNum": 0, "angerNum": 0, "loveRate": 0.0, "anxietyRate": 0.0, "sorrowRate": 0.0, "joyRate": 0.0, "disgustRate": 0.0, "fearRate": 0.0, "surpriseRate": 0.0, "angerRate": 0.0, "slangBeGeneralNum": 0, "slangBeCigaretteNum": 0, "slangBeHumanNum": 0, "slangBeVehicleNum": 0, "slangBeDrugNum": 0, "slangBvNum": 0, "slangBeGeneralRate": 0.0, "slangBeCigaretteRate": 0.0, "slangBeHumanRate": 0.0, "slangBeVehicleRate": 0.0, "slangBeDrugRate": 0.0, "slangBvRate": 0.0, "speechactNum": 0, "quoteNum": 0, "dashNum": 0, "publicNum": 0, "privateNum": 0, "suasiveNum": 0, "discMarkerNum": 0, "smileyNum": 0, "dateNum": 0, "hesitationNum": 0, "restartNum": 0, "repeatNum": 0, "conjBeforeDiscNum": 0, "conjAfterDiscNum": 0, "wordBeforeHesitationNum": 0, "wordAfterHesitationNum": 0, "otherCollocationNum": 0, "speechactRate": 0.0, "quoteRate": 0.0, "dashRate": 0.0, "publicRate": 0.0, "privateRate": 0.0, "suasiveRate": 0.0, "discMarkerRate": 0.0, "smileyRate": 0.0, "dateRate": 0.0, "hesitationRate": 0.0, "restartRate": 0.0, "repeatRate": 0.0, "conjBeforeDiscRate": 0.0, "conjAfterDiscRate": 0.0, "wordBeforeHesitationRate": 0.0, "wordAfterHesitationRate": 0.0, "otherCollocationRate": 0.0, "easyWordNum": 97, "hardWordNum": 10, "easyWordRate": 0.9065420560747663, "hardWordRate": 0.09345794392523364, "fleschReadingEaseScore": 23.65586448598134, "gunningFogIndex": 21.437383177570094, "fleschKincaidGradeLevel": 23.250700934579445, "colemanLiauIndex": 12.604056074766351, "smogIndex": 6.42735559955562, "automatedReadabilityIndex": 28.033644859813087, "linsearWriteIndex": 29.672897196261683, "author": "", "locationNameNum": 3, "locationNameRate": 0.028037383177570093, "personNameNum": 1, "personNameRate": 0.009345794392523364, "organizationNameNum": 0, "organizationNameRate": 0.0, "misspelledNum": 0, "misspelledRate": 0.0, "missingAccentNum": 0, "missingAccentRate": 0.0, "foreignAccentNum": 0, "foreignAccentRate": 0.0, "wordConcatNum": 0, "wordConcatRate": 0.0, "jLyMistakeNum": 0, "jLyMistakeRate": 0.0, "freqSuffixNum": 0, "partsNum": 31, "privateVNum": 0, "publicVNum": 0, "clauseWordNum": 10}