{"tokenNum": 319, "sentenceNum": 28, "lemmaNum": 151, "lemmaRate": 0.47335423197492166, "sentenceLength": 11.392857142857142, "allUpperNum": 7, "firstUpperNum": 43, "allUpperRate": 0.0219435736677116, "firstUpperRate": 0.13479623824451412, "declarSentNum": 27, "imperSentNum": 0, "questionNum": 1, "declarSentRate": 0.9642857142857143, "imperSentRate": 0.0, "questionRate": 0.03571428571428571, "accent": true, "saturation": 3.3555555555555556, "paragraphNum": 0, "nounNum": 47, "verbNum": 32, "adjNum": 27, "infNum": 4, "partPastNum": 1, "partPresNum": 1, "partFutNum": 0, "transNum": 0, "xNum": 27, "advNum": 41, "properNounNum": 17, "numNum": 1, "conjNum": 23, "punctNum": 53, "pronNum": 27, "relPronNum": 3, "demPronNum": 15, "adposNum": 4, "multiplePunctNum": 0, "phraseNum": 0, "nounRate": 0.14733542319749215, "verbRate": 0.10031347962382445, "adjRate": 0.08463949843260188, "infRate": 0.012539184952978056, "partPastRate": 0.003134796238244514, "partPresRate": 0.003134796238244514, "partFutRate": 0.0, "transRate": 0.0, "xRate": 0.08463949843260188, "advRate": 0.12852664576802508, "properNounRate": 0.05329153605015674, "numRate": 0.003134796238244514, "conjRate": 0.07210031347962383, "punctRate": 0.16614420062695925, "pronRate": 0.08463949843260188, "relPronRate": 0.009404388714733543, "demPronRate": 0.047021943573667714, "adposRate": 0.012539184952978056, "multiplePunctRate": 0.0, "partsDensityRate": 3.2666666666666666, "contentfulness": 5.25, "phraseRate": 0.0, "pastTenseNum": 5, "presentTenseNum": 23, "condNum": 4, "impNum": 1, "freqNum": 0, "causNum": 0, "modalNum": 3, "sg1VerbNum": 8, "sg2VerbNum": 0, "sg3VerbNum": 33, "pl1VerbNum": 0, "pl2VerbNum": 0, "pl3VerbNum": 15, "superlatNum": 0, "comparatNum": 3, "specDerivSuffixNum": 0, "pluralNounNum": 11, "pastTenseRate": 0.15625, "presentTenseRate": 0.71875, "condRate": 0.125, "impRate": 0.03125, "freqRate": 0.0, "causRate": 0.0, "modalRate": 0.09375, "sg1VerbRate": 0.25, "sg2VerbRate": 0.0, "sg3VerbRate": 1.03125, "pl1VerbRate": 0.0, "pl2VerbRate": 0.0, "pl3VerbRate": 0.46875, "superlatRate": 0.0, "comparatRate": 0.1111111111111111, "specDerivSuffixRate": 0.0, "pluralNounRate": 0.23404255319148937, "subjNum": 22, "objNum": 6, "attNum": 14, "subordNum": 11, "adverbNum": 50, "coordNum": 4, "clauseNum": 45, "simpleNum": 18, "complexNum": 10, "complexity1Num": 5, "complexity2Num": 3, "complexity3Num": 2, "compoundNum": 0, "subjRate": 0.06896551724137931, "objRate": 0.018808777429467086, "attRate": 0.0438871473354232, "subordRate": 0.034482758620689655, "adverbRate": 0.15673981191222572, "coordRate": 0.012539184952978056, "partsRate": 2.1333333333333333, "clauseRate": 1.6071428571428572, "simpleRate": 0.6428571428571429, "complexRate": 0.35714285714285715, "complexity1Rate": 0.17857142857142858, "complexity2Rate": 0.10714285714285714, "complexity3Rate": 0.07142857142857142, "complexClauseRate": 2.7, "sentencesPerParagraph": 0.0, "wordsLengthRate": 4.992481203007519, "compoundRate": 0.0, "positiveNum": 0, "negativeNum": 0, "precoPositiveNum": 0, "precoNegativeNum": 0, "negemoNum": 0, "negationNum": 8, "functionNum": 172, "contentNum": 147, "vulgarNum": 0, "racistNum": 0, "specStyleNum": 0, "addressingNum": 0, "closingNum": 0, "postscriptNum": 0, "brutalNum": 0, "positiveRate": 0.0, "negativeRate": 0.0, "precoPositiveRate": 0.0, "precoNegativeRate": 0.0, "negemoRate": 0.0, "negationRate": 0.025078369905956112, "functionRate": 0.5391849529780565, "contentRate": 0.4608150470219436, "vulgarRate": 0.0, "racistRate": 0.0, "specStyleRate": 0.0, "addressingRate": 0.0, "closingRate": 0.0, "postscriptRate": 0.0, "brutalRate": 0.0, "epistemicNum": 0, "investNum": 0, "conditionNum": 0, "weaselNum": 0, "peacockNum": 0, "hedgeNum": 0, "doxasticNum": 0, "epistemicRate": 0.0, "investRate": 0.0, "conditionRate": 0.0, "weaselRate": 0.0, "peacockRate": 0.0, "hedgeRate": 0.0, "doxasticRate": 0.0, "loveNum": 0, "anxietyNum": 0, "sorrowNum": 0, "joyNum": 0, "disgustNum": 0, "fearNum": 0, "surpriseNum": 0, "angerNum": 0, "loveRate": 0.0, "anxietyRate": 0.0, "sorrowRate": 0.0, "joyRate": 0.0, "disgustRate": 0.0, "fearRate": 0.0, "surpriseRate": 0.0, "angerRate": 0.0, "slangBeGeneralNum": 0, "slangBeCigaretteNum": 0, "slangBeHumanNum": 0, "slangBeVehicleNum": 0, "slangBeDrugNum": 0, "slangBvNum": 0, "slangBeGeneralRate": 0.0, "slangBeCigaretteRate": 0.0, "slangBeHumanRate": 0.0, "slangBeVehicleRate": 0.0, "slangBeDrugRate": 0.0, "slangBvRate": 0.0, "speechactNum": 0, "quoteNum": 0, "dashNum": 0, "publicNum": 0, "privateNum": 0, "suasiveNum": 0, "discMarkerNum": 0, "smileyNum": 0, "dateNum": 0, "hesitationNum": 0, "restartNum": 0, "repeatNum": 0, "conjBeforeDiscNum": 0, "conjAfterDiscNum": 0, "wordBeforeHesitationNum": 0, "wordAfterHesitationNum": 0, "otherCollocationNum": 0, "speechactRate": 0.0, "quoteRate": 0.0, "dashRate": 0.0, "publicRate": 0.0, "privateRate": 0.0, "suasiveRate": 0.0, "discMarkerRate": 0.0, "smileyRate": 0.0, "dateRate": 0.0, "hesitationRate": 0.0, "restartRate": 0.0, "repeatRate": 0.0, "conjBeforeDiscRate": 0.0, "conjAfterDiscRate": 0.0, "wordBeforeHesitationRate": 0.0, "wordAfterHesitationRate": 0.0, "otherCollocationRate": 0.0, "easyWordNum": 296, "hardWordNum": 23, "easyWordRate": 0.9278996865203761, "hardWordRate": 0.07210031347962383, "fleschReadingEaseScore": 82.29444749216302, "gunningFogIndex": 4.584729064039409, "fleschKincaidGradeLevel": 4.611208016121811, "colemanLiauIndex": 9.1445329153605, "smogIndex": 8.131152278815165, "automatedReadabilityIndex": 4.213795342588448, "linsearWriteIndex": 0.8920734437975819, "author": "", "locationNameNum": 0, "locationNameRate": 0.0, "personNameNum": 4, "personNameRate": 0.012539184952978056, "organizationNameNum": 11, "organizationNameRate": 0.034482758620689655, "misspelledNum": 3, "misspelledRate": 0.009404388714733543, "missingAccentNum": 1, "missingAccentRate": 0.003134796238244514, "foreignAccentNum": 0, "foreignAccentRate": 0.0, "wordConcatNum": 0, "wordConcatRate": 0.0, "jLyMistakeNum": 0, "jLyMistakeRate": 0.0, "freqSuffixNum": 0, "partsNum": 96, "privateVNum": 0, "publicVNum": 0, "clauseWordNum": 45}