{"tokenNum": 335, "sentenceNum": 12, "lemmaNum": 188, "lemmaRate": 0.5611940298507463, "sentenceLength": 27.916666666666668, "allUpperNum": 1, "firstUpperNum": 17, "allUpperRate": 0.0029850746268656717, "firstUpperRate": 0.050746268656716415, "declarSentNum": 12, "imperSentNum": 0, "questionNum": 0, "declarSentRate": 1.0, "imperSentRate": 0.0, "questionRate": 0.0, "accent": true, "saturation": 4.82051282051282, "paragraphNum": 0, "nounNum": 72, "verbNum": 35, "adjNum": 34, "infNum": 5, "partPastNum": 2, "partPresNum": 2, "partFutNum": 0, "transNum": 6, "xNum": 12, "advNum": 35, "properNounNum": 10, "numNum": 2, "conjNum": 30, "punctNum": 54, "pronNum": 21, "relPronNum": 3, "demPronNum": 18, "adposNum": 4, "multiplePunctNum": 0, "phraseNum": 0, "nounRate": 0.21492537313432836, "verbRate": 0.1044776119402985, "adjRate": 0.10149253731343283, "infRate": 0.014925373134328358, "partPastRate": 0.005970149253731343, "partPresRate": 0.005970149253731343, "partFutRate": 0.0, "transRate": 0.01791044776119403, "xRate": 0.03582089552238806, "advRate": 0.1044776119402985, "properNounRate": 0.029850746268656716, "numRate": 0.005970149253731343, "conjRate": 0.08955223880597014, "punctRate": 0.16119402985074627, "pronRate": 0.0626865671641791, "relPronRate": 0.008955223880597015, "demPronRate": 0.05373134328358209, "adposRate": 0.011940298507462687, "multiplePunctRate": 0.0, "partsDensityRate": 4.461538461538462, "contentfulness": 14.5, "phraseRate": 0.0, "pastTenseNum": 2, "presentTenseNum": 28, "condNum": 0, "impNum": 6, "freqNum": 0, "causNum": 0, "modalNum": 2, "sg1VerbNum": 4, "sg2VerbNum": 9, "sg3VerbNum": 28, "pl1VerbNum": 2, "pl2VerbNum": 1, "pl3VerbNum": 10, "superlatNum": 0, "comparatNum": 0, "specDerivSuffixNum": 0, "pluralNounNum": 6, "pastTenseRate": 0.05714285714285714, "presentTenseRate": 0.8, "condRate": 0.0, "impRate": 0.17142857142857143, "freqRate": 0.0, "causRate": 0.0, "modalRate": 0.05714285714285714, "sg1VerbRate": 0.11428571428571428, "sg2VerbRate": 0.2571428571428571, "sg3VerbRate": 0.8, "pl1VerbRate": 0.05714285714285714, "pl2VerbRate": 0.02857142857142857, "pl3VerbRate": 0.2857142857142857, "superlatRate": 0.0, "comparatRate": 0.0, "specDerivSuffixRate": 0.0, "pluralNounRate": 0.08333333333333333, "subjNum": 14, "objNum": 6, "attNum": 23, "subordNum": 19, "adverbNum": 42, "coordNum": 15, "clauseNum": 39, "simpleNum": 2, "complexNum": 10, "complexity1Num": 3, "complexity2Num": 1, "complexity3Num": 3, "compoundNum": 0, "subjRate": 0.041791044776119404, "objRate": 0.01791044776119403, "attRate": 0.06865671641791045, "subordRate": 0.056716417910447764, "adverbRate": 0.1253731343283582, "coordRate": 0.04477611940298507, "partsRate": 2.5641025641025643, "clauseRate": 3.25, "simpleRate": 0.16666666666666666, "complexRate": 0.8333333333333334, "complexity1Rate": 0.25, "complexity2Rate": 0.08333333333333333, "complexity3Rate": 0.25, "complexClauseRate": 3.7, "sentencesPerParagraph": 0.0, "wordsLengthRate": 6.064056939501779, "compoundRate": 0.0, "positiveNum": 0, "negativeNum": 0, "precoPositiveNum": 0, "precoNegativeNum": 0, "negemoNum": 0, "negationNum": 5, "functionNum": 161, "contentNum": 174, "vulgarNum": 0, "racistNum": 0, "specStyleNum": 0, "addressingNum": 0, "closingNum": 0, "postscriptNum": 0, "brutalNum": 0, "positiveRate": 0.0, "negativeRate": 0.0, "precoPositiveRate": 0.0, "precoNegativeRate": 0.0, "negemoRate": 0.0, "negationRate": 0.014925373134328358, "functionRate": 0.48059701492537316, "contentRate": 0.5194029850746269, "vulgarRate": 0.0, "racistRate": 0.0, "specStyleRate": 0.0, "addressingRate": 0.0, "closingRate": 0.0, "postscriptRate": 0.0, "brutalRate": 0.0, "epistemicNum": 0, "investNum": 0, "conditionNum": 0, "weaselNum": 0, "peacockNum": 0, "hedgeNum": 0, "doxasticNum": 0, "epistemicRate": 0.0, "investRate": 0.0, "conditionRate": 0.0, "weaselRate": 0.0, "peacockRate": 0.0, "hedgeRate": 0.0, "doxasticRate": 0.0, "loveNum": 0, "anxietyNum": 0, "sorrowNum": 0, "joyNum": 0, "disgustNum": 0, "fearNum": 0, "surpriseNum": 0, "angerNum": 0, "loveRate": 0.0, "anxietyRate": 0.0, "sorrowRate": 0.0, "joyRate": 0.0, "disgustRate": 0.0, "fearRate": 0.0, "surpriseRate": 0.0, "angerRate": 0.0, "slangBeGeneralNum": 0, "slangBeCigaretteNum": 0, "slangBeHumanNum": 0, "slangBeVehicleNum": 0, "slangBeDrugNum": 0, "slangBvNum": 0, "slangBeGeneralRate": 0.0, "slangBeCigaretteRate": 0.0, "slangBeHumanRate": 0.0, "slangBeVehicleRate": 0.0, "slangBeDrugRate": 0.0, "slangBvRate": 0.0, "speechactNum": 0, "quoteNum": 0, "dashNum": 0, "publicNum": 0, "privateNum": 0, "suasiveNum": 0, "discMarkerNum": 0, "smileyNum": 0, "dateNum": 0, "hesitationNum": 0, "restartNum": 0, "repeatNum": 0, "conjBeforeDiscNum": 0, "conjAfterDiscNum": 0, "wordBeforeHesitationNum": 0, "wordAfterHesitationNum": 0, "otherCollocationNum": 0, "speechactRate": 0.0, "quoteRate": 0.0, "dashRate": 0.0, "publicRate": 0.0, "privateRate": 0.0, "suasiveRate": 0.0, "discMarkerRate": 0.0, "smileyRate": 0.0, "dateRate": 0.0, "hesitationRate": 0.0, "restartRate": 0.0, "repeatRate": 0.0, "conjBeforeDiscRate": 0.0, "conjAfterDiscRate": 0.0, "wordBeforeHesitationRate": 0.0, "wordAfterHesitationRate": 0.0, "otherCollocationRate": 0.0, "easyWordNum": 291, "hardWordNum": 44, "easyWordRate": 0.8686567164179104, "hardWordRate": 0.13134328358208955, "fleschReadingEaseScore": 37.33122512437811, "gunningFogIndex": 11.219203980099504, "fleschKincaidGradeLevel": 14.987649253731345, "colemanLiauIndex": 14.863056716417905, "smogIndex": 10.047579312681364, "automatedReadabilityIndex": 17.04845273631841, "linsearWriteIndex": 4.111940298507462, "author": "", "locationNameNum": 0, "locationNameRate": 0.0, "personNameNum": 0, "personNameRate": 0.0, "organizationNameNum": 0, "organizationNameRate": 0.0, "misspelledNum": 6, "misspelledRate": 0.01791044776119403, "missingAccentNum": 1, "missingAccentRate": 0.0029850746268656717, "foreignAccentNum": 0, "foreignAccentRate": 0.0, "wordConcatNum": 2, "wordConcatRate": 0.005970149253731343, "jLyMistakeNum": 1, "jLyMistakeRate": 0.0029850746268656717, "freqSuffixNum": 0, "partsNum": 100, "privateVNum": 0, "publicVNum": 0, "clauseWordNum": 39}