{"tokenNum": 384, "sentenceNum": 35, "lemmaNum": 178, "lemmaRate": 0.4635416666666667, "sentenceLength": 10.971428571428572, "allUpperNum": 4, "firstUpperNum": 41, "allUpperRate": 0.010416666666666666, "firstUpperRate": 0.10677083333333333, "declarSentNum": 34, "imperSentNum": 0, "questionNum": 1, "declarSentRate": 0.9714285714285714, "imperSentRate": 0.0, "questionRate": 0.02857142857142857, "accent": true, "saturation": 2.7384615384615385, "paragraphNum": 0, "nounNum": 48, "verbNum": 48, "adjNum": 32, "infNum": 6, "partPastNum": 2, "partPresNum": 0, "partFutNum": 0, "transNum": 0, "xNum": 32, "advNum": 31, "properNounNum": 10, "numNum": 2, "conjNum": 33, "punctNum": 81, "pronNum": 43, "relPronNum": 6, "demPronNum": 18, "adposNum": 1, "multiplePunctNum": 0, "phraseNum": 0, "nounRate": 0.125, "verbRate": 0.125, "adjRate": 0.08333333333333333, "infRate": 0.015625, "partPastRate": 0.005208333333333333, "partPresRate": 0.0, "partFutRate": 0.0, "transRate": 0.0, "xRate": 0.08333333333333333, "advRate": 0.08072916666666667, "properNounRate": 0.026041666666666668, "numRate": 0.005208333333333333, "conjRate": 0.0859375, "punctRate": 0.2109375, "pronRate": 0.11197916666666667, "relPronRate": 0.015625, "demPronRate": 0.046875, "adposRate": 0.0026041666666666665, "multiplePunctRate": 0.0, "partsDensityRate": 2.4461538461538463, "contentfulness": 4.542857142857143, "phraseRate": 0.0, "pastTenseNum": 4, "presentTenseNum": 38, "condNum": 3, "impNum": 6, "freqNum": 0, "causNum": 0, "modalNum": 1, "sg1VerbNum": 15, "sg2VerbNum": 6, "sg3VerbNum": 49, "pl1VerbNum": 8, "pl2VerbNum": 0, "pl3VerbNum": 9, "superlatNum": 1, "comparatNum": 0, "specDerivSuffixNum": 0, "pluralNounNum": 8, "pastTenseRate": 0.08333333333333333, "presentTenseRate": 0.7916666666666666, "condRate": 0.0625, "impRate": 0.125, "freqRate": 0.0, "causRate": 0.0, "modalRate": 0.020833333333333332, "sg1VerbRate": 0.3125, "sg2VerbRate": 0.125, "sg3VerbRate": 1.0208333333333333, "pl1VerbRate": 0.16666666666666666, "pl2VerbRate": 0.0, "pl3VerbRate": 0.1875, "superlatRate": 0.03125, "comparatRate": 0.0, "specDerivSuffixRate": 0.0, "pluralNounRate": 0.16666666666666666, "subjNum": 22, "objNum": 17, "attNum": 20, "subordNum": 21, "adverbNum": 38, "coordNum": 17, "clauseNum": 65, "simpleNum": 17, "complexNum": 18, "complexity1Num": 12, "complexity2Num": 2, "complexity3Num": 3, "compoundNum": 0, "subjRate": 0.057291666666666664, "objRate": 0.044270833333333336, "attRate": 0.052083333333333336, "subordRate": 0.0546875, "adverbRate": 0.09895833333333333, "coordRate": 0.044270833333333336, "partsRate": 1.7538461538461538, "clauseRate": 1.8571428571428572, "simpleRate": 0.4857142857142857, "complexRate": 0.5142857142857142, "complexity1Rate": 0.34285714285714286, "complexity2Rate": 0.05714285714285714, "complexity3Rate": 0.08571428571428572, "complexClauseRate": 2.6666666666666665, "sentencesPerParagraph": 0.0, "wordsLengthRate": 4.884488448844884, "compoundRate": 0.0, "positiveNum": 0, "negativeNum": 0, "precoPositiveNum": 0, "precoNegativeNum": 0, "negemoNum": 0, "negationNum": 5, "functionNum": 225, "contentNum": 159, "vulgarNum": 0, "racistNum": 0, "specStyleNum": 0, "addressingNum": 0, "closingNum": 0, "postscriptNum": 0, "brutalNum": 0, "positiveRate": 0.0, "negativeRate": 0.0, "precoPositiveRate": 0.0, "precoNegativeRate": 0.0, "negemoRate": 0.0, "negationRate": 0.013020833333333334, "functionRate": 0.5859375, "contentRate": 0.4140625, "vulgarRate": 0.0, "racistRate": 0.0, "specStyleRate": 0.0, "addressingRate": 0.0, "closingRate": 0.0, "postscriptRate": 0.0, "brutalRate": 0.0, "epistemicNum": 0, "investNum": 0, "conditionNum": 0, "weaselNum": 0, "peacockNum": 0, "hedgeNum": 0, "doxasticNum": 0, "epistemicRate": 0.0, "investRate": 0.0, "conditionRate": 0.0, "weaselRate": 0.0, "peacockRate": 0.0, "hedgeRate": 0.0, "doxasticRate": 0.0, "loveNum": 0, "anxietyNum": 0, "sorrowNum": 0, "joyNum": 0, "disgustNum": 0, "fearNum": 0, "surpriseNum": 0, "angerNum": 0, "loveRate": 0.0, "anxietyRate": 0.0, "sorrowRate": 0.0, "joyRate": 0.0, "disgustRate": 0.0, "fearRate": 0.0, "surpriseRate": 0.0, "angerRate": 0.0, "slangBeGeneralNum": 0, "slangBeCigaretteNum": 0, "slangBeHumanNum": 0, "slangBeVehicleNum": 0, "slangBeDrugNum": 0, "slangBvNum": 0, "slangBeGeneralRate": 0.0, "slangBeCigaretteRate": 0.0, "slangBeHumanRate": 0.0, "slangBeVehicleRate": 0.0, "slangBeDrugRate": 0.0, "slangBvRate": 0.0, "speechactNum": 0, "quoteNum": 0, "dashNum": 0, "publicNum": 0, "privateNum": 0, "suasiveNum": 0, "discMarkerNum": 0, "smileyNum": 0, "dateNum": 0, "hesitationNum": 0, "restartNum": 0, "repeatNum": 2, "conjBeforeDiscNum": 0, "conjAfterDiscNum": 0, "wordBeforeHesitationNum": 0, "wordAfterHesitationNum": 0, "otherCollocationNum": 0, "speechactRate": 0.0, "quoteRate": 0.0, "dashRate": 0.0, "publicRate": 0.0, "privateRate": 0.0, "suasiveRate": 0.0, "discMarkerRate": 0.0, "smileyRate": 0.0, "dateRate": 0.0, "hesitationRate": 0.0, "restartRate": 0.0, "repeatRate": 0.005208333333333333, "conjBeforeDiscRate": 0.0, "conjAfterDiscRate": 0.0, "wordBeforeHesitationRate": 0.0, "wordAfterHesitationRate": 0.0, "otherCollocationRate": 0.0, "easyWordNum": 366, "hardWordNum": 18, "easyWordRate": 0.953125, "hardWordRate": 0.046875, "fleschReadingEaseScore": 89.28806250000002, "gunningFogIndex": 4.407321428571429, "fleschKincaidGradeLevel": 3.531044642857143, "colemanLiauIndex": 7.468294270833333, "smogIndex": 7.225922671290521, "automatedReadabilityIndex": 2.6626674107142847, "linsearWriteIndex": 0.44345238095238093, "author": "", "locationNameNum": 0, "locationNameRate": 0.0, "personNameNum": 7, "personNameRate": 0.018229166666666668, "organizationNameNum": 0, "organizationNameRate": 0.0, "misspelledNum": 7, "misspelledRate": 0.018229166666666668, "missingAccentNum": 0, "missingAccentRate": 0.0, "foreignAccentNum": 0, "foreignAccentRate": 0.0, "wordConcatNum": 2, "wordConcatRate": 0.005208333333333333, "jLyMistakeNum": 0, "jLyMistakeRate": 0.0, "freqSuffixNum": 0, "partsNum": 114, "privateVNum": 0, "publicVNum": 0, "clauseWordNum": 65}