{"tokenNum": 175, "sentenceNum": 14, "lemmaNum": 90, "lemmaRate": 0.5142857142857142, "sentenceLength": 12.5, "allUpperNum": 0, "firstUpperNum": 29, "allUpperRate": 0.0, "firstUpperRate": 0.1657142857142857, "declarSentNum": 14, "imperSentNum": 0, "questionNum": 0, "declarSentRate": 1.0, "imperSentRate": 0.0, "questionRate": 0.0, "accent": true, "saturation": 5.294117647058823, "paragraphNum": 0, "nounNum": 55, "verbNum": 17, "adjNum": 16, "infNum": 2, "partPastNum": 4, "partPresNum": 2, "partFutNum": 0, "transNum": 0, "xNum": 20, "advNum": 6, "properNounNum": 25, "numNum": 0, "conjNum": 10, "punctNum": 25, "pronNum": 6, "relPronNum": 2, "demPronNum": 5, "adposNum": 0, "multiplePunctNum": 0, "phraseNum": 0, "nounRate": 0.3142857142857143, "verbRate": 0.09714285714285714, "adjRate": 0.09142857142857143, "infRate": 0.011428571428571429, "partPastRate": 0.022857142857142857, "partPresRate": 0.011428571428571429, "partFutRate": 0.0, "transRate": 0.0, "xRate": 0.11428571428571428, "advRate": 0.03428571428571429, "properNounRate": 0.14285714285714285, "numRate": 0.0, "conjRate": 0.05714285714285714, "punctRate": 0.14285714285714285, "pronRate": 0.03428571428571429, "relPronRate": 0.011428571428571429, "demPronRate": 0.02857142857142857, "adposRate": 0.0, "multiplePunctRate": 0.0, "partsDensityRate": 5.529411764705882, "contentfulness": 6.714285714285714, "phraseRate": 0.0, "pastTenseNum": 2, "presentTenseNum": 13, "condNum": 3, "impNum": 2, "freqNum": 0, "causNum": 0, "modalNum": 0, "sg1VerbNum": 0, "sg2VerbNum": 0, "sg3VerbNum": 18, "pl1VerbNum": 1, "pl2VerbNum": 0, "pl3VerbNum": 4, "superlatNum": 0, "comparatNum": 1, "specDerivSuffixNum": 0, "pluralNounNum": 9, "pastTenseRate": 0.11764705882352941, "presentTenseRate": 0.7647058823529411, "condRate": 0.17647058823529413, "impRate": 0.11764705882352941, "freqRate": 0.0, "causRate": 0.0, "modalRate": 0.0, "sg1VerbRate": 0.0, "sg2VerbRate": 0.0, "sg3VerbRate": 1.0588235294117647, "pl1VerbRate": 0.058823529411764705, "pl2VerbRate": 0.0, "pl3VerbRate": 0.23529411764705882, "superlatRate": 0.0, "comparatRate": 0.0625, "specDerivSuffixRate": 0.0, "pluralNounRate": 0.16363636363636364, "subjNum": 13, "objNum": 5, "attNum": 13, "subordNum": 3, "adverbNum": 9, "coordNum": 6, "clauseNum": 17, "simpleNum": 12, "complexNum": 2, "complexity1Num": 1, "complexity2Num": 1, "complexity3Num": 0, "compoundNum": 0, "subjRate": 0.07428571428571429, "objRate": 0.02857142857142857, "attRate": 0.07428571428571429, "subordRate": 0.017142857142857144, "adverbRate": 0.05142857142857143, "coordRate": 0.03428571428571429, "partsRate": 2.7058823529411766, "clauseRate": 1.2142857142857142, "simpleRate": 0.8571428571428571, "complexRate": 0.14285714285714285, "complexity1Rate": 0.07142857142857142, "complexity2Rate": 0.07142857142857142, "complexity3Rate": 0.0, "complexClauseRate": 2.5, "sentencesPerParagraph": 0.0, "wordsLengthRate": 5.54, "compoundRate": 0.0, "positiveNum": 0, "negativeNum": 0, "precoPositiveNum": 0, "precoNegativeNum": 0, "negemoNum": 0, "negationNum": 0, "functionNum": 81, "contentNum": 94, "vulgarNum": 0, "racistNum": 0, "specStyleNum": 0, "addressingNum": 0, "closingNum": 0, "postscriptNum": 0, "brutalNum": 0, "positiveRate": 0.0, "negativeRate": 0.0, "precoPositiveRate": 0.0, "precoNegativeRate": 0.0, "negemoRate": 0.0, "negationRate": 0.0, "functionRate": 0.46285714285714286, "contentRate": 0.5371428571428571, "vulgarRate": 0.0, "racistRate": 0.0, "specStyleRate": 0.0, "addressingRate": 0.0, "closingRate": 0.0, "postscriptRate": 0.0, "brutalRate": 0.0, "epistemicNum": 0, "investNum": 0, "conditionNum": 0, "weaselNum": 0, "peacockNum": 0, "hedgeNum": 0, "doxasticNum": 0, "epistemicRate": 0.0, "investRate": 0.0, "conditionRate": 0.0, "weaselRate": 0.0, "peacockRate": 0.0, "hedgeRate": 0.0, "doxasticRate": 0.0, "loveNum": 0, "anxietyNum": 0, "sorrowNum": 0, "joyNum": 0, "disgustNum": 0, "fearNum": 0, "surpriseNum": 0, "angerNum": 0, "loveRate": 0.0, "anxietyRate": 0.0, "sorrowRate": 0.0, "joyRate": 0.0, "disgustRate": 0.0, "fearRate": 0.0, "surpriseRate": 0.0, "angerRate": 0.0, "slangBeGeneralNum": 0, "slangBeCigaretteNum": 0, "slangBeHumanNum": 0, "slangBeVehicleNum": 0, "slangBeDrugNum": 0, "slangBvNum": 0, "slangBeGeneralRate": 0.0, "slangBeCigaretteRate": 0.0, "slangBeHumanRate": 0.0, "slangBeVehicleRate": 0.0, "slangBeDrugRate": 0.0, "slangBvRate": 0.0, "speechactNum": 0, "quoteNum": 0, "dashNum": 0, "publicNum": 0, "privateNum": 0, "suasiveNum": 0, "discMarkerNum": 0, "smileyNum": 0, "dateNum": 0, "hesitationNum": 0, "restartNum": 0, "repeatNum": 0, "conjBeforeDiscNum": 0, "conjAfterDiscNum": 0, "wordBeforeHesitationNum": 0, "wordAfterHesitationNum": 0, "otherCollocationNum": 0, "speechactRate": 0.0, "quoteRate": 0.0, "dashRate": 0.0, "publicRate": 0.0, "privateRate": 0.0, "suasiveRate": 0.0, "discMarkerRate": 0.0, "smileyRate": 0.0, "dateRate": 0.0, "hesitationRate": 0.0, "restartRate": 0.0, "repeatRate": 0.0, "conjBeforeDiscRate": 0.0, "conjAfterDiscRate": 0.0, "wordBeforeHesitationRate": 0.0, "wordAfterHesitationRate": 0.0, "otherCollocationRate": 0.0, "easyWordNum": 160, "hardWordNum": 15, "easyWordRate": 0.9142857142857143, "hardWordRate": 0.08571428571428572, "fleschReadingEaseScore": 64.10521428571431, "gunningFogIndex": 5.034285714285715, "fleschKincaidGradeLevel": 7.423285714285715, "colemanLiauIndex": 12.202502857142854, "smogIndex": 7.168621630094336, "automatedReadabilityIndex": 7.2126857142857155, "linsearWriteIndex": 2.7959183673469385, "author": "", "locationNameNum": 0, "locationNameRate": 0.0, "personNameNum": 9, "personNameRate": 0.05142857142857143, "organizationNameNum": 0, "organizationNameRate": 0.0, "misspelledNum": 15, "misspelledRate": 0.08571428571428572, "missingAccentNum": 5, "missingAccentRate": 0.02857142857142857, "foreignAccentNum": 0, "foreignAccentRate": 0.0, "wordConcatNum": 5, "wordConcatRate": 0.02857142857142857, "jLyMistakeNum": 0, "jLyMistakeRate": 0.0, "freqSuffixNum": 0, "partsNum": 46, "privateVNum": 0, "publicVNum": 0, "clauseWordNum": 17}