{"tokenNum": 361, "sentenceNum": 15, "lemmaNum": 201, "lemmaRate": 0.556786703601108, "sentenceLength": 24.066666666666666, "allUpperNum": 0, "firstUpperNum": 16, "allUpperRate": 0.0, "firstUpperRate": 0.0443213296398892, "declarSentNum": 15, "imperSentNum": 0, "questionNum": 0, "declarSentRate": 1.0, "imperSentRate": 0.0, "questionRate": 0.0, "accent": false, "saturation": 4.1020408163265305, "paragraphNum": 0, "nounNum": 85, "verbNum": 32, "adjNum": 49, "infNum": 2, "partPastNum": 5, "partPresNum": 3, "partFutNum": 0, "transNum": 1, "xNum": 15, "advNum": 31, "properNounNum": 4, "numNum": 2, "conjNum": 23, "punctNum": 56, "pronNum": 20, "relPronNum": 4, "demPronNum": 19, "adposNum": 1, "multiplePunctNum": 3, "phraseNum": 0, "nounRate": 0.23545706371191136, "verbRate": 0.0886426592797784, "adjRate": 0.13573407202216067, "infRate": 0.00554016620498615, "partPastRate": 0.013850415512465374, "partPresRate": 0.008310249307479225, "partFutRate": 0.0, "transRate": 0.002770083102493075, "xRate": 0.04155124653739612, "advRate": 0.08587257617728532, "properNounRate": 0.0110803324099723, "numRate": 0.00554016620498615, "conjRate": 0.06371191135734072, "punctRate": 0.15512465373961218, "pronRate": 0.055401662049861494, "relPronRate": 0.0110803324099723, "demPronRate": 0.05263157894736842, "adposRate": 0.002770083102493075, "multiplePunctRate": 0.05357142857142857, "partsDensityRate": 4.020408163265306, "contentfulness": 13.133333333333333, "phraseRate": 0.0, "pastTenseNum": 5, "presentTenseNum": 25, "condNum": 0, "impNum": 1, "freqNum": 0, "causNum": 0, "modalNum": 3, "sg1VerbNum": 3, "sg2VerbNum": 0, "sg3VerbNum": 33, "pl1VerbNum": 0, "pl2VerbNum": 0, "pl3VerbNum": 16, "superlatNum": 0, "comparatNum": 1, "specDerivSuffixNum": 0, "pluralNounNum": 22, "pastTenseRate": 0.15625, "presentTenseRate": 0.78125, "condRate": 0.0, "impRate": 0.03125, "freqRate": 0.0, "causRate": 0.0, "modalRate": 0.09375, "sg1VerbRate": 0.09375, "sg2VerbRate": 0.0, "sg3VerbRate": 1.03125, "pl1VerbRate": 0.0, "pl2VerbRate": 0.0, "pl3VerbRate": 0.5, "superlatRate": 0.0, "comparatRate": 0.02040816326530612, "specDerivSuffixRate": 0.0, "pluralNounRate": 0.25882352941176473, "subjNum": 36, "objNum": 15, "attNum": 32, "subordNum": 14, "adverbNum": 45, "coordNum": 19, "clauseNum": 49, "simpleNum": 4, "complexNum": 11, "complexity1Num": 3, "complexity2Num": 2, "complexity3Num": 1, "compoundNum": 0, "subjRate": 0.0997229916897507, "objRate": 0.04155124653739612, "attRate": 0.0886426592797784, "subordRate": 0.038781163434903045, "adverbRate": 0.12465373961218837, "coordRate": 0.05263157894736842, "partsRate": 3.0, "clauseRate": 3.2666666666666666, "simpleRate": 0.26666666666666666, "complexRate": 0.7333333333333333, "complexity1Rate": 0.2, "complexity2Rate": 0.13333333333333333, "complexity3Rate": 0.06666666666666667, "complexClauseRate": 4.090909090909091, "sentencesPerParagraph": 0.0, "wordsLengthRate": 5.8, "compoundRate": 0.0, "positiveNum": 0, "negativeNum": 0, "precoPositiveNum": 0, "precoNegativeNum": 0, "negemoNum": 0, "negationNum": 4, "functionNum": 164, "contentNum": 197, "vulgarNum": 0, "racistNum": 0, "specStyleNum": 0, "addressingNum": 0, "closingNum": 0, "postscriptNum": 0, "brutalNum": 0, "positiveRate": 0.0, "negativeRate": 0.0, "precoPositiveRate": 0.0, "precoNegativeRate": 0.0, "negemoRate": 0.0, "negationRate": 0.0110803324099723, "functionRate": 0.45429362880886426, "contentRate": 0.5457063711911357, "vulgarRate": 0.0, "racistRate": 0.0, "specStyleRate": 0.0, "addressingRate": 0.0, "closingRate": 0.0, "postscriptRate": 0.0, "brutalRate": 0.0, "epistemicNum": 0, "investNum": 0, "conditionNum": 0, "weaselNum": 0, "peacockNum": 0, "hedgeNum": 0, "doxasticNum": 0, "epistemicRate": 0.0, "investRate": 0.0, "conditionRate": 0.0, "weaselRate": 0.0, "peacockRate": 0.0, "hedgeRate": 0.0, "doxasticRate": 0.0, "loveNum": 0, "anxietyNum": 0, "sorrowNum": 0, "joyNum": 0, "disgustNum": 0, "fearNum": 0, "surpriseNum": 0, "angerNum": 0, "loveRate": 0.0, "anxietyRate": 0.0, "sorrowRate": 0.0, "joyRate": 0.0, "disgustRate": 0.0, "fearRate": 0.0, "surpriseRate": 0.0, "angerRate": 0.0, "slangBeGeneralNum": 0, "slangBeCigaretteNum": 0, "slangBeHumanNum": 0, "slangBeVehicleNum": 0, "slangBeDrugNum": 0, "slangBvNum": 0, "slangBeGeneralRate": 0.0, "slangBeCigaretteRate": 0.0, "slangBeHumanRate": 0.0, "slangBeVehicleRate": 0.0, "slangBeDrugRate": 0.0, "slangBvRate": 0.0, "speechactNum": 0, "quoteNum": 0, "dashNum": 0, "publicNum": 0, "privateNum": 0, "suasiveNum": 0, "discMarkerNum": 0, "smileyNum": 0, "dateNum": 0, "hesitationNum": 0, "restartNum": 0, "repeatNum": 0, "conjBeforeDiscNum": 0, "conjAfterDiscNum": 0, "wordBeforeHesitationNum": 0, "wordAfterHesitationNum": 0, "otherCollocationNum": 0, "speechactRate": 0.0, "quoteRate": 0.0, "dashRate": 0.0, "publicRate": 0.0, "privateRate": 0.0, "suasiveRate": 0.0, "discMarkerRate": 0.0, "smileyRate": 0.0, "dateRate": 0.0, "hesitationRate": 0.0, "restartRate": 0.0, "repeatRate": 0.0, "conjBeforeDiscRate": 0.0, "conjAfterDiscRate": 0.0, "wordBeforeHesitationRate": 0.0, "wordAfterHesitationRate": 0.0, "otherCollocationRate": 0.0, "easyWordNum": 309, "hardWordNum": 52, "easyWordRate": 0.8559556786703602, "hardWordRate": 0.1440443213296399, "fleschReadingEaseScore": 33.12700092336107, "gunningFogIndex": 9.684284395198524, "fleschKincaidGradeLevel": 14.617606648199452, "colemanLiauIndex": 13.796717451523548, "smogIndex": 10.65027996061788, "automatedReadabilityIndex": 14.270757156048013, "linsearWriteIndex": 3.1643582640812564, "author": "", "locationNameNum": 1, "locationNameRate": 0.002770083102493075, "personNameNum": 0, "personNameRate": 0.0, "organizationNameNum": 0, "organizationNameRate": 0.0, "misspelledNum": 118, "misspelledRate": 0.3268698060941828, "missingAccentNum": 107, "missingAccentRate": 0.296398891966759, "foreignAccentNum": 0, "foreignAccentRate": 0.0, "wordConcatNum": 0, "wordConcatRate": 0.0, "jLyMistakeNum": 3, "jLyMistakeRate": 0.008310249307479225, "freqSuffixNum": 0, "partsNum": 147, "privateVNum": 0, "publicVNum": 0, "clauseWordNum": 49}