{"tokenNum": 454, "sentenceNum": 31, "lemmaNum": 211, "lemmaRate": 0.4647577092511013, "sentenceLength": 14.64516129032258, "allUpperNum": 2, "firstUpperNum": 37, "allUpperRate": 0.004405286343612335, "firstUpperRate": 0.08149779735682819, "declarSentNum": 31, "imperSentNum": 0, "questionNum": 0, "declarSentRate": 1.0, "imperSentRate": 0.0, "questionRate": 0.0, "accent": true, "saturation": 3.0142857142857142, "paragraphNum": 0, "nounNum": 70, "verbNum": 58, "adjNum": 40, "infNum": 5, "partPastNum": 0, "partPresNum": 0, "partFutNum": 0, "transNum": 1, "xNum": 35, "advNum": 47, "properNounNum": 5, "numNum": 4, "conjNum": 34, "punctNum": 85, "pronNum": 37, "relPronNum": 8, "demPronNum": 16, "adposNum": 3, "multiplePunctNum": 2, "phraseNum": 0, "nounRate": 0.15418502202643172, "verbRate": 0.1277533039647577, "adjRate": 0.0881057268722467, "infRate": 0.011013215859030838, "partPastRate": 0.0, "partPresRate": 0.0, "partFutRate": 0.0, "transRate": 0.0022026431718061676, "xRate": 0.07709251101321586, "advRate": 0.10352422907488987, "properNounRate": 0.011013215859030838, "numRate": 0.00881057268722467, "conjRate": 0.07488986784140969, "punctRate": 0.18722466960352424, "pronRate": 0.08149779735682819, "relPronRate": 0.01762114537444934, "demPronRate": 0.03524229074889868, "adposRate": 0.006607929515418502, "multiplePunctRate": 0.023529411764705882, "partsDensityRate": 3.0714285714285716, "contentfulness": 6.935483870967742, "phraseRate": 0.0, "pastTenseNum": 18, "presentTenseNum": 35, "condNum": 2, "impNum": 4, "freqNum": 0, "causNum": 1, "modalNum": 3, "sg1VerbNum": 21, "sg2VerbNum": 6, "sg3VerbNum": 52, "pl1VerbNum": 1, "pl2VerbNum": 0, "pl3VerbNum": 13, "superlatNum": 0, "comparatNum": 2, "specDerivSuffixNum": 0, "pluralNounNum": 12, "pastTenseRate": 0.3103448275862069, "presentTenseRate": 0.603448275862069, "condRate": 0.034482758620689655, "impRate": 0.06896551724137931, "freqRate": 0.0, "causRate": 0.017241379310344827, "modalRate": 0.05172413793103448, "sg1VerbRate": 0.3620689655172414, "sg2VerbRate": 0.10344827586206896, "sg3VerbRate": 0.896551724137931, "pl1VerbRate": 0.017241379310344827, "pl2VerbRate": 0.0, "pl3VerbRate": 0.22413793103448276, "superlatRate": 0.0, "comparatRate": 0.05, "specDerivSuffixRate": 0.0, "pluralNounRate": 0.17142857142857143, "subjNum": 37, "objNum": 17, "attNum": 20, "subordNum": 22, "adverbNum": 54, "coordNum": 15, "clauseNum": 70, "simpleNum": 13, "complexNum": 18, "complexity1Num": 8, "complexity2Num": 4, "complexity3Num": 3, "compoundNum": 0, "subjRate": 0.08149779735682819, "objRate": 0.037444933920704845, "attRate": 0.04405286343612335, "subordRate": 0.048458149779735685, "adverbRate": 0.11894273127753303, "coordRate": 0.03303964757709251, "partsRate": 2.0428571428571427, "clauseRate": 2.2580645161290325, "simpleRate": 0.41935483870967744, "complexRate": 0.5806451612903226, "complexity1Rate": 0.25806451612903225, "complexity2Rate": 0.12903225806451613, "complexity3Rate": 0.0967741935483871, "complexClauseRate": 3.1666666666666665, "sentencesPerParagraph": 0.0, "wordsLengthRate": 5.067750677506775, "compoundRate": 0.0, "positiveNum": 0, "negativeNum": 0, "precoPositiveNum": 0, "precoNegativeNum": 0, "negemoNum": 0, "negationNum": 11, "functionNum": 239, "contentNum": 215, "vulgarNum": 0, "racistNum": 0, "specStyleNum": 0, "addressingNum": 0, "closingNum": 0, "postscriptNum": 1, "brutalNum": 0, "positiveRate": 0.0, "negativeRate": 0.0, "precoPositiveRate": 0.0, "precoNegativeRate": 0.0, "negemoRate": 0.0, "negationRate": 0.024229074889867842, "functionRate": 0.526431718061674, "contentRate": 0.473568281938326, "vulgarRate": 0.0, "racistRate": 0.0, "specStyleRate": 0.0, "addressingRate": 0.0, "closingRate": 0.0, "postscriptRate": 0.0022026431718061676, "brutalRate": 0.0, "epistemicNum": 0, "investNum": 0, "conditionNum": 0, "weaselNum": 0, "peacockNum": 0, "hedgeNum": 0, "doxasticNum": 0, "epistemicRate": 0.0, "investRate": 0.0, "conditionRate": 0.0, "weaselRate": 0.0, "peacockRate": 0.0, "hedgeRate": 0.0, "doxasticRate": 0.0, "loveNum": 0, "anxietyNum": 0, "sorrowNum": 0, "joyNum": 0, "disgustNum": 0, "fearNum": 0, "surpriseNum": 0, "angerNum": 0, "loveRate": 0.0, "anxietyRate": 0.0, "sorrowRate": 0.0, "joyRate": 0.0, "disgustRate": 0.0, "fearRate": 0.0, "surpriseRate": 0.0, "angerRate": 0.0, "slangBeGeneralNum": 0, "slangBeCigaretteNum": 0, "slangBeHumanNum": 0, "slangBeVehicleNum": 0, "slangBeDrugNum": 0, "slangBvNum": 0, "slangBeGeneralRate": 0.0, "slangBeCigaretteRate": 0.0, "slangBeHumanRate": 0.0, "slangBeVehicleRate": 0.0, "slangBeDrugRate": 0.0, "slangBvRate": 0.0, "speechactNum": 0, "quoteNum": 0, "dashNum": 0, "publicNum": 0, "privateNum": 0, "suasiveNum": 0, "discMarkerNum": 0, "smileyNum": 1, "dateNum": 0, "hesitationNum": 0, "restartNum": 0, "repeatNum": 4, "conjBeforeDiscNum": 0, "conjAfterDiscNum": 0, "wordBeforeHesitationNum": 0, "wordAfterHesitationNum": 0, "otherCollocationNum": 0, "speechactRate": 0.0, "quoteRate": 0.0, "dashRate": 0.0, "publicRate": 0.0, "privateRate": 0.0, "suasiveRate": 0.0, "discMarkerRate": 0.0, "smileyRate": 0.0022026431718061676, "dateRate": 0.0, "hesitationRate": 0.0, "restartRate": 0.0, "repeatRate": 0.00881057268722467, "conjBeforeDiscRate": 0.0, "conjAfterDiscRate": 0.0, "wordBeforeHesitationRate": 0.0, "wordAfterHesitationRate": 0.0, "otherCollocationRate": 0.0, "easyWordNum": 423, "hardWordNum": 31, "easyWordRate": 0.9317180616740088, "hardWordRate": 0.06828193832599119, "fleschReadingEaseScore": 77.7415269290891, "gunningFogIndex": 5.884496234190706, "fleschKincaidGradeLevel": 6.054212022168539, "colemanLiauIndex": 9.018231277533037, "smogIndex": 8.841846274778883, "automatedReadabilityIndex": 5.7389022310643725, "linsearWriteIndex": 0.7088247832883332, "author": "", "locationNameNum": 1, "locationNameRate": 0.0022026431718061676, "personNameNum": 1, "personNameRate": 0.0022026431718061676, "organizationNameNum": 0, "organizationNameRate": 0.0, "misspelledNum": 8, "misspelledRate": 0.01762114537444934, "missingAccentNum": 2, "missingAccentRate": 0.004405286343612335, "foreignAccentNum": 0, "foreignAccentRate": 0.0, "wordConcatNum": 1, "wordConcatRate": 0.0022026431718061676, "jLyMistakeNum": 0, "jLyMistakeRate": 0.0, "freqSuffixNum": 0, "partsNum": 143, "privateVNum": 0, "publicVNum": 0, "clauseWordNum": 70}