{"tokenNum": 382, "sentenceNum": 19, "lemmaNum": 205, "lemmaRate": 0.5366492146596858, "sentenceLength": 20.105263157894736, "allUpperNum": 1, "firstUpperNum": 23, "allUpperRate": 0.002617801047120419, "firstUpperRate": 0.060209424083769635, "declarSentNum": 19, "imperSentNum": 0, "questionNum": 0, "declarSentRate": 1.0, "imperSentRate": 0.0, "questionRate": 0.0, "accent": true, "saturation": 4.1, "paragraphNum": 0, "nounNum": 67, "verbNum": 45, "adjNum": 21, "infNum": 3, "partPastNum": 0, "partPresNum": 1, "partFutNum": 0, "transNum": 3, "xNum": 19, "advNum": 45, "properNounNum": 2, "numNum": 2, "conjNum": 30, "punctNum": 73, "pronNum": 33, "relPronNum": 5, "demPronNum": 14, "adposNum": 4, "multiplePunctNum": 8, "phraseNum": 0, "nounRate": 0.17539267015706805, "verbRate": 0.11780104712041885, "adjRate": 0.0549738219895288, "infRate": 0.007853403141361256, "partPastRate": 0.0, "partPresRate": 0.002617801047120419, "partFutRate": 0.0, "transRate": 0.007853403141361256, "xRate": 0.049738219895287955, "advRate": 0.11780104712041885, "properNounRate": 0.005235602094240838, "numRate": 0.005235602094240838, "conjRate": 0.07853403141361257, "punctRate": 0.19109947643979058, "pronRate": 0.08638743455497382, "relPronRate": 0.013089005235602094, "demPronRate": 0.03664921465968586, "adposRate": 0.010471204188481676, "multiplePunctRate": 0.1095890410958904, "partsDensityRate": 3.56, "contentfulness": 9.368421052631579, "phraseRate": 0.0, "pastTenseNum": 14, "presentTenseNum": 28, "condNum": 3, "impNum": 3, "freqNum": 0, "causNum": 0, "modalNum": 1, "sg1VerbNum": 11, "sg2VerbNum": 5, "sg3VerbNum": 49, "pl1VerbNum": 3, "pl2VerbNum": 3, "pl3VerbNum": 7, "superlatNum": 0, "comparatNum": 3, "specDerivSuffixNum": 0, "pluralNounNum": 8, "pastTenseRate": 0.3111111111111111, "presentTenseRate": 0.6222222222222222, "condRate": 0.06666666666666667, "impRate": 0.06666666666666667, "freqRate": 0.0, "causRate": 0.0, "modalRate": 0.022222222222222223, "sg1VerbRate": 0.24444444444444444, "sg2VerbRate": 0.1111111111111111, "sg3VerbRate": 1.0888888888888888, "pl1VerbRate": 0.06666666666666667, "pl2VerbRate": 0.06666666666666667, "pl3VerbRate": 0.15555555555555556, "superlatRate": 0.0, "comparatRate": 0.14285714285714285, "specDerivSuffixRate": 0.0, "pluralNounRate": 0.11940298507462686, "subjNum": 32, "objNum": 16, "attNum": 11, "subordNum": 15, "adverbNum": 54, "coordNum": 24, "clauseNum": 50, "simpleNum": 8, "complexNum": 11, "complexity1Num": 4, "complexity2Num": 3, "complexity3Num": 1, "compoundNum": 0, "subjRate": 0.08376963350785341, "objRate": 0.041884816753926704, "attRate": 0.028795811518324606, "subordRate": 0.03926701570680628, "adverbRate": 0.14136125654450263, "coordRate": 0.06282722513089005, "partsRate": 2.74, "clauseRate": 2.6315789473684212, "simpleRate": 0.42105263157894735, "complexRate": 0.5789473684210527, "complexity1Rate": 0.21052631578947367, "complexity2Rate": 0.15789473684210525, "complexity3Rate": 0.05263157894736842, "complexClauseRate": 3.8181818181818183, "sentencesPerParagraph": 0.0, "wordsLengthRate": 4.877022653721683, "compoundRate": 0.0, "positiveNum": 0, "negativeNum": 0, "precoPositiveNum": 0, "precoNegativeNum": 0, "negemoNum": 0, "negationNum": 10, "functionNum": 204, "contentNum": 178, "vulgarNum": 0, "racistNum": 0, "specStyleNum": 0, "addressingNum": 0, "closingNum": 0, "postscriptNum": 0, "brutalNum": 0, "positiveRate": 0.0, "negativeRate": 0.0, "precoPositiveRate": 0.0, "precoNegativeRate": 0.0, "negemoRate": 0.0, "negationRate": 0.02617801047120419, "functionRate": 0.5340314136125655, "contentRate": 0.46596858638743455, "vulgarRate": 0.0, "racistRate": 0.0, "specStyleRate": 0.0, "addressingRate": 0.0, "closingRate": 0.0, "postscriptRate": 0.0, "brutalRate": 0.0, "epistemicNum": 0, "investNum": 0, "conditionNum": 0, "weaselNum": 0, "peacockNum": 0, "hedgeNum": 0, "doxasticNum": 0, "epistemicRate": 0.0, "investRate": 0.0, "conditionRate": 0.0, "weaselRate": 0.0, "peacockRate": 0.0, "hedgeRate": 0.0, "doxasticRate": 0.0, "loveNum": 0, "anxietyNum": 0, "sorrowNum": 0, "joyNum": 0, "disgustNum": 0, "fearNum": 0, "surpriseNum": 0, "angerNum": 0, "loveRate": 0.0, "anxietyRate": 0.0, "sorrowRate": 0.0, "joyRate": 0.0, "disgustRate": 0.0, "fearRate": 0.0, "surpriseRate": 0.0, "angerRate": 0.0, "slangBeGeneralNum": 0, "slangBeCigaretteNum": 0, "slangBeHumanNum": 0, "slangBeVehicleNum": 0, "slangBeDrugNum": 0, "slangBvNum": 0, "slangBeGeneralRate": 0.0, "slangBeCigaretteRate": 0.0, "slangBeHumanRate": 0.0, "slangBeVehicleRate": 0.0, "slangBeDrugRate": 0.0, "slangBvRate": 0.0, "speechactNum": 0, "quoteNum": 0, "dashNum": 0, "publicNum": 0, "privateNum": 0, "suasiveNum": 0, "discMarkerNum": 0, "smileyNum": 0, "dateNum": 1, "hesitationNum": 0, "restartNum": 0, "repeatNum": 1, "conjBeforeDiscNum": 0, "conjAfterDiscNum": 0, "wordBeforeHesitationNum": 0, "wordAfterHesitationNum": 0, "otherCollocationNum": 0, "speechactRate": 0.0, "quoteRate": 0.0, "dashRate": 0.0, "publicRate": 0.0, "privateRate": 0.0, "suasiveRate": 0.0, "discMarkerRate": 0.0, "smileyRate": 0.0, "dateRate": 0.002617801047120419, "hesitationRate": 0.0, "restartRate": 0.0, "repeatRate": 0.002617801047120419, "conjBeforeDiscRate": 0.0, "conjAfterDiscRate": 0.0, "wordBeforeHesitationRate": 0.0, "wordAfterHesitationRate": 0.0, "otherCollocationRate": 0.0, "easyWordNum": 367, "hardWordNum": 15, "easyWordRate": 0.9607329842931938, "hardWordRate": 0.03926701570680628, "fleschReadingEaseScore": 74.5878437586112, "gunningFogIndex": 8.057812069440617, "fleschKincaidGradeLevel": 7.850529071369525, "colemanLiauIndex": 8.993358638743452, "smogIndex": 7.168621630094336, "automatedReadabilityIndex": 8.449019013502344, "linsearWriteIndex": 1.7142463488564341, "author": "", "locationNameNum": 0, "locationNameRate": 0.0, "personNameNum": 2, "personNameRate": 0.005235602094240838, "organizationNameNum": 0, "organizationNameRate": 0.0, "misspelledNum": 17, "misspelledRate": 0.04450261780104712, "missingAccentNum": 2, "missingAccentRate": 0.005235602094240838, "foreignAccentNum": 0, "foreignAccentRate": 0.0, "wordConcatNum": 1, "wordConcatRate": 0.002617801047120419, "jLyMistakeNum": 2, "jLyMistakeRate": 0.005235602094240838, "freqSuffixNum": 0, "partsNum": 137, "privateVNum": 0, "publicVNum": 0, "clauseWordNum": 50}