{"tokenNum": 194, "sentenceNum": 16, "lemmaNum": 112, "lemmaRate": 0.5773195876288659, "sentenceLength": 12.125, "allUpperNum": 0, "firstUpperNum": 26, "allUpperRate": 0.0, "firstUpperRate": 0.13402061855670103, "declarSentNum": 16, "imperSentNum": 0, "questionNum": 0, "declarSentRate": 1.0, "imperSentRate": 0.0, "questionRate": 0.0, "accent": true, "saturation": 4.0, "paragraphNum": 0, "nounNum": 47, "verbNum": 25, "adjNum": 14, "infNum": 3, "partPastNum": 0, "partPresNum": 0, "partFutNum": 0, "transNum": 0, "xNum": 15, "advNum": 7, "properNounNum": 5, "numNum": 1, "conjNum": 7, "punctNum": 42, "pronNum": 5, "relPronNum": 2, "demPronNum": 4, "adposNum": 2, "multiplePunctNum": 1, "phraseNum": 0, "nounRate": 0.2422680412371134, "verbRate": 0.12886597938144329, "adjRate": 0.07216494845360824, "infRate": 0.015463917525773196, "partPastRate": 0.0, "partPresRate": 0.0, "partFutRate": 0.0, "transRate": 0.0, "xRate": 0.07731958762886598, "advRate": 0.03608247422680412, "properNounRate": 0.02577319587628866, "numRate": 0.005154639175257732, "conjRate": 0.03608247422680412, "punctRate": 0.21649484536082475, "pronRate": 0.02577319587628866, "relPronRate": 0.010309278350515464, "demPronRate": 0.020618556701030927, "adposRate": 0.010309278350515464, "multiplePunctRate": 0.023809523809523808, "partsDensityRate": 3.3214285714285716, "contentfulness": 5.8125, "phraseRate": 0.0, "pastTenseNum": 4, "presentTenseNum": 18, "condNum": 2, "impNum": 0, "freqNum": 0, "causNum": 0, "modalNum": 2, "sg1VerbNum": 4, "sg2VerbNum": 0, "sg3VerbNum": 17, "pl1VerbNum": 1, "pl2VerbNum": 0, "pl3VerbNum": 7, "superlatNum": 1, "comparatNum": 0, "specDerivSuffixNum": 0, "pluralNounNum": 5, "pastTenseRate": 0.16, "presentTenseRate": 0.72, "condRate": 0.08, "impRate": 0.0, "freqRate": 0.0, "causRate": 0.0, "modalRate": 0.08, "sg1VerbRate": 0.16, "sg2VerbRate": 0.0, "sg3VerbRate": 0.68, "pl1VerbRate": 0.04, "pl2VerbRate": 0.0, "pl3VerbRate": 0.28, "superlatRate": 0.07142857142857142, "comparatRate": 0.0, "specDerivSuffixRate": 0.0, "pluralNounRate": 0.10638297872340426, "subjNum": 12, "objNum": 9, "attNum": 8, "subordNum": 7, "adverbNum": 11, "coordNum": 5, "clauseNum": 28, "simpleNum": 6, "complexNum": 10, "complexity1Num": 8, "complexity2Num": 2, "complexity3Num": 0, "compoundNum": 0, "subjRate": 0.061855670103092786, "objRate": 0.04639175257731959, "attRate": 0.041237113402061855, "subordRate": 0.03608247422680412, "adverbRate": 0.05670103092783505, "coordRate": 0.02577319587628866, "partsRate": 1.6071428571428572, "clauseRate": 1.75, "simpleRate": 0.375, "complexRate": 0.625, "complexity1Rate": 0.5, "complexity2Rate": 0.125, "complexity3Rate": 0.0, "complexClauseRate": 2.2, "sentencesPerParagraph": 0.0, "wordsLengthRate": 5.743421052631579, "compoundRate": 0.0, "positiveNum": 0, "negativeNum": 0, "precoPositiveNum": 0, "precoNegativeNum": 0, "negemoNum": 0, "negationNum": 0, "functionNum": 101, "contentNum": 93, "vulgarNum": 0, "racistNum": 0, "specStyleNum": 0, "addressingNum": 0, "closingNum": 0, "postscriptNum": 0, "brutalNum": 0, "positiveRate": 0.0, "negativeRate": 0.0, "precoPositiveRate": 0.0, "precoNegativeRate": 0.0, "negemoRate": 0.0, "negationRate": 0.0, "functionRate": 0.520618556701031, "contentRate": 0.4793814432989691, "vulgarRate": 0.0, "racistRate": 0.0, "specStyleRate": 0.0, "addressingRate": 0.0, "closingRate": 0.0, "postscriptRate": 0.0, "brutalRate": 0.0, "epistemicNum": 0, "investNum": 0, "conditionNum": 0, "weaselNum": 0, "peacockNum": 0, "hedgeNum": 0, "doxasticNum": 0, "epistemicRate": 0.0, "investRate": 0.0, "conditionRate": 0.0, "weaselRate": 0.0, "peacockRate": 0.0, "hedgeRate": 0.0, "doxasticRate": 0.0, "loveNum": 0, "anxietyNum": 0, "sorrowNum": 0, "joyNum": 0, "disgustNum": 0, "fearNum": 0, "surpriseNum": 0, "angerNum": 0, "loveRate": 0.0, "anxietyRate": 0.0, "sorrowRate": 0.0, "joyRate": 0.0, "disgustRate": 0.0, "fearRate": 0.0, "surpriseRate": 0.0, "angerRate": 0.0, "slangBeGeneralNum": 0, "slangBeCigaretteNum": 0, "slangBeHumanNum": 0, "slangBeVehicleNum": 0, "slangBeDrugNum": 0, "slangBvNum": 0, "slangBeGeneralRate": 0.0, "slangBeCigaretteRate": 0.0, "slangBeHumanRate": 0.0, "slangBeVehicleRate": 0.0, "slangBeDrugRate": 0.0, "slangBvRate": 0.0, "speechactNum": 0, "quoteNum": 0, "dashNum": 0, "publicNum": 0, "privateNum": 0, "suasiveNum": 0, "discMarkerNum": 0, "smileyNum": 0, "dateNum": 0, "hesitationNum": 0, "restartNum": 0, "repeatNum": 0, "conjBeforeDiscNum": 0, "conjAfterDiscNum": 0, "wordBeforeHesitationNum": 0, "wordAfterHesitationNum": 0, "otherCollocationNum": 0, "speechactRate": 0.0, "quoteRate": 0.0, "dashRate": 0.0, "publicRate": 0.0, "privateRate": 0.0, "suasiveRate": 0.0, "discMarkerRate": 0.0, "smileyRate": 0.0, "dateRate": 0.0, "hesitationRate": 0.0, "restartRate": 0.0, "repeatRate": 0.0, "conjBeforeDiscRate": 0.0, "conjAfterDiscRate": 0.0, "wordBeforeHesitationRate": 0.0, "wordAfterHesitationRate": 0.0, "otherCollocationRate": 0.0, "easyWordNum": 178, "hardWordNum": 16, "easyWordRate": 0.9175257731958762, "hardWordRate": 0.08247422680412371, "fleschReadingEaseScore": 73.29719716494847, "gunningFogIndex": 4.88298969072165, "fleschKincaidGradeLevel": 6.048028350515462, "colemanLiauIndex": 11.403051546391747, "smogIndex": 7.3011, "automatedReadabilityIndex": 6.385902061855667, "linsearWriteIndex": 2.3988402061855667, "author": "", "locationNameNum": 2, "locationNameRate": 0.010309278350515464, "personNameNum": 1, "personNameRate": 0.005154639175257732, "organizationNameNum": 0, "organizationNameRate": 0.0, "misspelledNum": 3, "misspelledRate": 0.015463917525773196, "missingAccentNum": 0, "missingAccentRate": 0.0, "foreignAccentNum": 0, "foreignAccentRate": 0.0, "wordConcatNum": 1, "wordConcatRate": 0.005154639175257732, "jLyMistakeNum": 0, "jLyMistakeRate": 0.0, "freqSuffixNum": 0, "partsNum": 45, "privateVNum": 0, "publicVNum": 0, "clauseWordNum": 28}