{"tokenNum": 390, "sentenceNum": 30, "lemmaNum": 193, "lemmaRate": 0.4948717948717949, "sentenceLength": 13.0, "allUpperNum": 0, "firstUpperNum": 32, "allUpperRate": 0.0, "firstUpperRate": 0.08205128205128205, "declarSentNum": 30, "imperSentNum": 0, "questionNum": 0, "declarSentRate": 1.0, "imperSentRate": 0.0, "questionRate": 0.0, "accent": true, "saturation": 3.4464285714285716, "paragraphNum": 0, "nounNum": 60, "verbNum": 48, "adjNum": 45, "infNum": 5, "partPastNum": 1, "partPresNum": 1, "partFutNum": 0, "transNum": 1, "xNum": 28, "advNum": 39, "properNounNum": 2, "numNum": 2, "conjNum": 32, "punctNum": 72, "pronNum": 30, "relPronNum": 3, "demPronNum": 18, "adposNum": 2, "multiplePunctNum": 0, "phraseNum": 0, "nounRate": 0.15384615384615385, "verbRate": 0.12307692307692308, "adjRate": 0.11538461538461539, "infRate": 0.01282051282051282, "partPastRate": 0.002564102564102564, "partPresRate": 0.002564102564102564, "partFutRate": 0.0, "transRate": 0.002564102564102564, "xRate": 0.07179487179487179, "advRate": 0.1, "properNounRate": 0.005128205128205128, "numRate": 0.005128205128205128, "conjRate": 0.08205128205128205, "punctRate": 0.18461538461538463, "pronRate": 0.07692307692307693, "relPronRate": 0.007692307692307693, "demPronRate": 0.046153846153846156, "adposRate": 0.005128205128205128, "multiplePunctRate": 0.0, "partsDensityRate": 3.4285714285714284, "contentfulness": 6.4, "phraseRate": 0.0, "pastTenseNum": 5, "presentTenseNum": 38, "condNum": 2, "impNum": 6, "freqNum": 0, "causNum": 0, "modalNum": 3, "sg1VerbNum": 18, "sg2VerbNum": 7, "sg3VerbNum": 42, "pl1VerbNum": 2, "pl2VerbNum": 0, "pl3VerbNum": 5, "superlatNum": 1, "comparatNum": 1, "specDerivSuffixNum": 0, "pluralNounNum": 11, "pastTenseRate": 0.10416666666666667, "presentTenseRate": 0.7916666666666666, "condRate": 0.041666666666666664, "impRate": 0.125, "freqRate": 0.0, "causRate": 0.0, "modalRate": 0.0625, "sg1VerbRate": 0.375, "sg2VerbRate": 0.14583333333333334, "sg3VerbRate": 0.875, "pl1VerbRate": 0.041666666666666664, "pl2VerbRate": 0.0, "pl3VerbRate": 0.10416666666666667, "superlatRate": 0.022222222222222223, "comparatRate": 0.022222222222222223, "specDerivSuffixRate": 0.0, "pluralNounRate": 0.18333333333333332, "subjNum": 28, "objNum": 14, "attNum": 27, "subordNum": 17, "adverbNum": 54, "coordNum": 13, "clauseNum": 56, "simpleNum": 13, "complexNum": 17, "complexity1Num": 10, "complexity2Num": 5, "complexity3Num": 2, "compoundNum": 0, "subjRate": 0.07179487179487179, "objRate": 0.035897435897435895, "attRate": 0.06923076923076923, "subordRate": 0.04358974358974359, "adverbRate": 0.13846153846153847, "coordRate": 0.03333333333333333, "partsRate": 2.4285714285714284, "clauseRate": 1.8666666666666667, "simpleRate": 0.43333333333333335, "complexRate": 0.5666666666666667, "complexity1Rate": 0.3333333333333333, "complexity2Rate": 0.16666666666666666, "complexity3Rate": 0.06666666666666667, "complexClauseRate": 2.5294117647058822, "sentencesPerParagraph": 0.0, "wordsLengthRate": 5.138364779874214, "compoundRate": 0.0, "positiveNum": 0, "negativeNum": 0, "precoPositiveNum": 0, "precoNegativeNum": 0, "negemoNum": 0, "negationNum": 6, "functionNum": 198, "contentNum": 192, "vulgarNum": 0, "racistNum": 0, "specStyleNum": 0, "addressingNum": 0, "closingNum": 0, "postscriptNum": 1, "brutalNum": 0, "positiveRate": 0.0, "negativeRate": 0.0, "precoPositiveRate": 0.0, "precoNegativeRate": 0.0, "negemoRate": 0.0, "negationRate": 0.015384615384615385, "functionRate": 0.5076923076923077, "contentRate": 0.49230769230769234, "vulgarRate": 0.0, "racistRate": 0.0, "specStyleRate": 0.0, "addressingRate": 0.0, "closingRate": 0.0, "postscriptRate": 0.002564102564102564, "brutalRate": 0.0, "epistemicNum": 0, "investNum": 0, "conditionNum": 0, "weaselNum": 0, "peacockNum": 0, "hedgeNum": 0, "doxasticNum": 0, "epistemicRate": 0.0, "investRate": 0.0, "conditionRate": 0.0, "weaselRate": 0.0, "peacockRate": 0.0, "hedgeRate": 0.0, "doxasticRate": 0.0, "loveNum": 0, "anxietyNum": 0, "sorrowNum": 0, "joyNum": 0, "disgustNum": 0, "fearNum": 0, "surpriseNum": 0, "angerNum": 0, "loveRate": 0.0, "anxietyRate": 0.0, "sorrowRate": 0.0, "joyRate": 0.0, "disgustRate": 0.0, "fearRate": 0.0, "surpriseRate": 0.0, "angerRate": 0.0, "slangBeGeneralNum": 0, "slangBeCigaretteNum": 0, "slangBeHumanNum": 0, "slangBeVehicleNum": 0, "slangBeDrugNum": 0, "slangBvNum": 0, "slangBeGeneralRate": 0.0, "slangBeCigaretteRate": 0.0, "slangBeHumanRate": 0.0, "slangBeVehicleRate": 0.0, "slangBeDrugRate": 0.0, "slangBvRate": 0.0, "speechactNum": 0, "quoteNum": 0, "dashNum": 0, "publicNum": 0, "privateNum": 0, "suasiveNum": 0, "discMarkerNum": 0, "smileyNum": 0, "dateNum": 0, "hesitationNum": 0, "restartNum": 1, "repeatNum": 0, "conjBeforeDiscNum": 0, "conjAfterDiscNum": 0, "wordBeforeHesitationNum": 0, "wordAfterHesitationNum": 0, "otherCollocationNum": 0, "speechactRate": 0.0, "quoteRate": 0.0, "dashRate": 0.0, "publicRate": 0.0, "privateRate": 0.0, "suasiveRate": 0.0, "discMarkerRate": 0.0, "smileyRate": 0.0, "dateRate": 0.0, "hesitationRate": 0.0, "restartRate": 0.002564102564102564, "repeatRate": 0.0, "conjBeforeDiscRate": 0.0, "conjAfterDiscRate": 0.0, "wordBeforeHesitationRate": 0.0, "wordAfterHesitationRate": 0.0, "otherCollocationRate": 0.0, "easyWordNum": 368, "hardWordNum": 22, "easyWordRate": 0.9435897435897436, "hardWordRate": 0.05641025641025641, "fleschReadingEaseScore": 78.02000000000002, "gunningFogIndex": 5.222564102564103, "fleschKincaidGradeLevel": 5.606666666666669, "colemanLiauIndex": 9.390846153846152, "smogIndex": 8.021203637495837, "automatedReadabilityIndex": 5.214307692307692, "linsearWriteIndex": 0.7350427350427349, "author": "", "locationNameNum": 0, "locationNameRate": 0.0, "personNameNum": 2, "personNameRate": 0.005128205128205128, "organizationNameNum": 0, "organizationNameRate": 0.0, "misspelledNum": 8, "misspelledRate": 0.020512820512820513, "missingAccentNum": 0, "missingAccentRate": 0.0, "foreignAccentNum": 0, "foreignAccentRate": 0.0, "wordConcatNum": 0, "wordConcatRate": 0.0, "jLyMistakeNum": 0, "jLyMistakeRate": 0.0, "freqSuffixNum": 0, "partsNum": 136, "privateVNum": 0, "publicVNum": 0, "clauseWordNum": 56}