{"tokenNum": 450, "sentenceNum": 29, "lemmaNum": 184, "lemmaRate": 0.4088888888888889, "sentenceLength": 15.517241379310345, "allUpperNum": 0, "firstUpperNum": 31, "allUpperRate": 0.0, "firstUpperRate": 0.06888888888888889, "declarSentNum": 29, "imperSentNum": 0, "questionNum": 0, "declarSentRate": 1.0, "imperSentRate": 0.0, "questionRate": 0.0, "accent": true, "saturation": 2.6666666666666665, "paragraphNum": 0, "nounNum": 79, "verbNum": 55, "adjNum": 41, "infNum": 5, "partPastNum": 2, "partPresNum": 2, "partFutNum": 0, "transNum": 1, "xNum": 28, "advNum": 39, "properNounNum": 2, "numNum": 7, "conjNum": 42, "punctNum": 78, "pronNum": 32, "relPronNum": 5, "demPronNum": 14, "adposNum": 3, "multiplePunctNum": 4, "phraseNum": 0, "nounRate": 0.17555555555555555, "verbRate": 0.12222222222222222, "adjRate": 0.09111111111111111, "infRate": 0.011111111111111112, "partPastRate": 0.0044444444444444444, "partPresRate": 0.0044444444444444444, "partFutRate": 0.0, "transRate": 0.0022222222222222222, "xRate": 0.06222222222222222, "advRate": 0.08666666666666667, "properNounRate": 0.0044444444444444444, "numRate": 0.015555555555555555, "conjRate": 0.09333333333333334, "punctRate": 0.17333333333333334, "pronRate": 0.07111111111111111, "relPronRate": 0.011111111111111112, "demPronRate": 0.03111111111111111, "adposRate": 0.006666666666666667, "multiplePunctRate": 0.05128205128205128, "partsDensityRate": 3.101449275362319, "contentfulness": 7.379310344827586, "phraseRate": 0.0, "pastTenseNum": 10, "presentTenseNum": 40, "condNum": 1, "impNum": 5, "freqNum": 0, "causNum": 0, "modalNum": 3, "sg1VerbNum": 16, "sg2VerbNum": 14, "sg3VerbNum": 39, "pl1VerbNum": 2, "pl2VerbNum": 0, "pl3VerbNum": 13, "superlatNum": 0, "comparatNum": 2, "specDerivSuffixNum": 0, "pluralNounNum": 20, "pastTenseRate": 0.18181818181818182, "presentTenseRate": 0.7272727272727273, "condRate": 0.01818181818181818, "impRate": 0.09090909090909091, "freqRate": 0.0, "causRate": 0.0, "modalRate": 0.05454545454545454, "sg1VerbRate": 0.2909090909090909, "sg2VerbRate": 0.2545454545454545, "sg3VerbRate": 0.7090909090909091, "pl1VerbRate": 0.03636363636363636, "pl2VerbRate": 0.0, "pl3VerbRate": 0.23636363636363636, "superlatRate": 0.0, "comparatRate": 0.04878048780487805, "specDerivSuffixRate": 0.0, "pluralNounRate": 0.25316455696202533, "subjNum": 20, "objNum": 30, "attNum": 33, "subordNum": 19, "adverbNum": 53, "coordNum": 17, "clauseNum": 69, "simpleNum": 10, "complexNum": 18, "complexity1Num": 5, "complexity2Num": 7, "complexity3Num": 3, "compoundNum": 0, "subjRate": 0.044444444444444446, "objRate": 0.06666666666666667, "attRate": 0.07333333333333333, "subordRate": 0.042222222222222223, "adverbRate": 0.11777777777777777, "coordRate": 0.03777777777777778, "partsRate": 2.217391304347826, "clauseRate": 2.3793103448275863, "simpleRate": 0.3448275862068966, "complexRate": 0.6206896551724138, "complexity1Rate": 0.1724137931034483, "complexity2Rate": 0.2413793103448276, "complexity3Rate": 0.10344827586206896, "complexClauseRate": 3.2777777777777777, "sentencesPerParagraph": 0.0, "wordsLengthRate": 5.830645161290323, "compoundRate": 0.0, "positiveNum": 0, "negativeNum": 0, "precoPositiveNum": 0, "precoNegativeNum": 0, "negemoNum": 0, "negationNum": 10, "functionNum": 236, "contentNum": 214, "vulgarNum": 0, "racistNum": 0, "specStyleNum": 0, "addressingNum": 0, "closingNum": 0, "postscriptNum": 0, "brutalNum": 0, "positiveRate": 0.0, "negativeRate": 0.0, "precoPositiveRate": 0.0, "precoNegativeRate": 0.0, "negemoRate": 0.0, "negationRate": 0.022222222222222223, "functionRate": 0.5244444444444445, "contentRate": 0.47555555555555556, "vulgarRate": 0.0, "racistRate": 0.0, "specStyleRate": 0.0, "addressingRate": 0.0, "closingRate": 0.0, "postscriptRate": 0.0, "brutalRate": 0.0, "epistemicNum": 0, "investNum": 0, "conditionNum": 0, "weaselNum": 0, "peacockNum": 0, "hedgeNum": 0, "doxasticNum": 0, "epistemicRate": 0.0, "investRate": 0.0, "conditionRate": 0.0, "weaselRate": 0.0, "peacockRate": 0.0, "hedgeRate": 0.0, "doxasticRate": 0.0, "loveNum": 0, "anxietyNum": 0, "sorrowNum": 0, "joyNum": 0, "disgustNum": 0, "fearNum": 0, "surpriseNum": 0, "angerNum": 0, "loveRate": 0.0, "anxietyRate": 0.0, "sorrowRate": 0.0, "joyRate": 0.0, "disgustRate": 0.0, "fearRate": 0.0, "surpriseRate": 0.0, "angerRate": 0.0, "slangBeGeneralNum": 0, "slangBeCigaretteNum": 0, "slangBeHumanNum": 0, "slangBeVehicleNum": 0, "slangBeDrugNum": 0, "slangBvNum": 0, "slangBeGeneralRate": 0.0, "slangBeCigaretteRate": 0.0, "slangBeHumanRate": 0.0, "slangBeVehicleRate": 0.0, "slangBeDrugRate": 0.0, "slangBvRate": 0.0, "speechactNum": 0, "quoteNum": 0, "dashNum": 0, "publicNum": 0, "privateNum": 0, "suasiveNum": 0, "discMarkerNum": 0, "smileyNum": 1, "dateNum": 0, "hesitationNum": 0, "restartNum": 0, "repeatNum": 0, "conjBeforeDiscNum": 0, "conjAfterDiscNum": 0, "wordBeforeHesitationNum": 0, "wordAfterHesitationNum": 0, "otherCollocationNum": 0, "speechactRate": 0.0, "quoteRate": 0.0, "dashRate": 0.0, "publicRate": 0.0, "privateRate": 0.0, "suasiveRate": 0.0, "discMarkerRate": 0.0, "smileyRate": 0.0022222222222222222, "dateRate": 0.0, "hesitationRate": 0.0, "restartRate": 0.0, "repeatRate": 0.0, "conjBeforeDiscRate": 0.0, "conjAfterDiscRate": 0.0, "wordBeforeHesitationRate": 0.0, "wordAfterHesitationRate": 0.0, "otherCollocationRate": 0.0, "easyWordNum": 401, "hardWordNum": 49, "easyWordRate": 0.8911111111111111, "hardWordRate": 0.10888888888888888, "fleschReadingEaseScore": 51.96500000000003, "gunningFogIndex": 6.250452107279694, "fleschKincaidGradeLevel": 9.86616858237548, "colemanLiauIndex": 13.178606666666667, "smogIndex": 10.4301, "automatedReadabilityIndex": 9.501820689655169, "linsearWriteIndex": 0.9923371647509576, "author": "", "locationNameNum": 0, "locationNameRate": 0.0, "personNameNum": 1, "personNameRate": 0.0022222222222222222, "organizationNameNum": 0, "organizationNameRate": 0.0, "misspelledNum": 2, "misspelledRate": 0.0044444444444444444, "missingAccentNum": 1, "missingAccentRate": 0.0022222222222222222, "foreignAccentNum": 0, "foreignAccentRate": 0.0, "wordConcatNum": 0, "wordConcatRate": 0.0, "jLyMistakeNum": 0, "jLyMistakeRate": 0.0, "freqSuffixNum": 0, "partsNum": 153, "privateVNum": 0, "publicVNum": 0, "clauseWordNum": 69}