{"tokenNum": 432, "sentenceNum": 22, "lemmaNum": 202, "lemmaRate": 0.4675925925925926, "sentenceLength": 19.636363636363637, "allUpperNum": 0, "firstUpperNum": 21, "allUpperRate": 0.0, "firstUpperRate": 0.04861111111111111, "declarSentNum": 21, "imperSentNum": 0, "questionNum": 1, "declarSentRate": 0.9545454545454546, "imperSentRate": 0.0, "questionRate": 0.045454545454545456, "accent": true, "saturation": 3.15625, "paragraphNum": 0, "nounNum": 60, "verbNum": 55, "adjNum": 25, "infNum": 5, "partPastNum": 1, "partPresNum": 2, "partFutNum": 0, "transNum": 1, "xNum": 19, "advNum": 61, "properNounNum": 2, "numNum": 5, "conjNum": 36, "punctNum": 87, "pronNum": 40, "relPronNum": 5, "demPronNum": 26, "adposNum": 4, "multiplePunctNum": 2, "phraseNum": 0, "nounRate": 0.1388888888888889, "verbRate": 0.12731481481481483, "adjRate": 0.05787037037037037, "infRate": 0.011574074074074073, "partPastRate": 0.0023148148148148147, "partPresRate": 0.004629629629629629, "partFutRate": 0.0, "transRate": 0.0023148148148148147, "xRate": 0.04398148148148148, "advRate": 0.1412037037037037, "properNounRate": 0.004629629629629629, "numRate": 0.011574074074074073, "conjRate": 0.08333333333333333, "punctRate": 0.2013888888888889, "pronRate": 0.09259259259259259, "relPronRate": 0.011574074074074073, "demPronRate": 0.06018518518518518, "adposRate": 0.009259259259259259, "multiplePunctRate": 0.022988505747126436, "partsDensityRate": 3.140625, "contentfulness": 9.136363636363637, "phraseRate": 0.0, "pastTenseNum": 8, "presentTenseNum": 42, "condNum": 6, "impNum": 4, "freqNum": 0, "causNum": 0, "modalNum": 6, "sg1VerbNum": 18, "sg2VerbNum": 5, "sg3VerbNum": 62, "pl1VerbNum": 0, "pl2VerbNum": 0, "pl3VerbNum": 8, "superlatNum": 0, "comparatNum": 0, "specDerivSuffixNum": 0, "pluralNounNum": 4, "pastTenseRate": 0.14545454545454545, "presentTenseRate": 0.7636363636363637, "condRate": 0.10909090909090909, "impRate": 0.07272727272727272, "freqRate": 0.0, "causRate": 0.0, "modalRate": 0.10909090909090909, "sg1VerbRate": 0.32727272727272727, "sg2VerbRate": 0.09090909090909091, "sg3VerbRate": 1.1272727272727272, "pl1VerbRate": 0.0, "pl2VerbRate": 0.0, "pl3VerbRate": 0.14545454545454545, "superlatRate": 0.0, "comparatRate": 0.0, "specDerivSuffixRate": 0.0, "pluralNounRate": 0.06666666666666667, "subjNum": 32, "objNum": 19, "attNum": 14, "subordNum": 26, "adverbNum": 71, "coordNum": 13, "clauseNum": 64, "simpleNum": 8, "complexNum": 14, "complexity1Num": 4, "complexity2Num": 4, "complexity3Num": 3, "compoundNum": 0, "subjRate": 0.07407407407407407, "objRate": 0.04398148148148148, "attRate": 0.032407407407407406, "subordRate": 0.06018518518518518, "adverbRate": 0.16435185185185186, "coordRate": 0.03009259259259259, "partsRate": 2.328125, "clauseRate": 2.909090909090909, "simpleRate": 0.36363636363636365, "complexRate": 0.6363636363636364, "complexity1Rate": 0.18181818181818182, "complexity2Rate": 0.18181818181818182, "complexity3Rate": 0.13636363636363635, "complexClauseRate": 4.0, "sentencesPerParagraph": 0.0, "wordsLengthRate": 5.171014492753623, "compoundRate": 0.0, "positiveNum": 0, "negativeNum": 0, "precoPositiveNum": 0, "precoNegativeNum": 0, "negemoNum": 0, "negationNum": 18, "functionNum": 231, "contentNum": 201, "vulgarNum": 0, "racistNum": 0, "specStyleNum": 0, "addressingNum": 0, "closingNum": 0, "postscriptNum": 0, "brutalNum": 0, "positiveRate": 0.0, "negativeRate": 0.0, "precoPositiveRate": 0.0, "precoNegativeRate": 0.0, "negemoRate": 0.0, "negationRate": 0.041666666666666664, "functionRate": 0.5347222222222222, "contentRate": 0.4652777777777778, "vulgarRate": 0.0, "racistRate": 0.0, "specStyleRate": 0.0, "addressingRate": 0.0, "closingRate": 0.0, "postscriptRate": 0.0, "brutalRate": 0.0, "epistemicNum": 0, "investNum": 0, "conditionNum": 0, "weaselNum": 0, "peacockNum": 0, "hedgeNum": 0, "doxasticNum": 0, "epistemicRate": 0.0, "investRate": 0.0, "conditionRate": 0.0, "weaselRate": 0.0, "peacockRate": 0.0, "hedgeRate": 0.0, "doxasticRate": 0.0, "loveNum": 0, "anxietyNum": 0, "sorrowNum": 0, "joyNum": 0, "disgustNum": 0, "fearNum": 0, "surpriseNum": 0, "angerNum": 0, "loveRate": 0.0, "anxietyRate": 0.0, "sorrowRate": 0.0, "joyRate": 0.0, "disgustRate": 0.0, "fearRate": 0.0, "surpriseRate": 0.0, "angerRate": 0.0, "slangBeGeneralNum": 0, "slangBeCigaretteNum": 0, "slangBeHumanNum": 0, "slangBeVehicleNum": 0, "slangBeDrugNum": 0, "slangBvNum": 0, "slangBeGeneralRate": 0.0, "slangBeCigaretteRate": 0.0, "slangBeHumanRate": 0.0, "slangBeVehicleRate": 0.0, "slangBeDrugRate": 0.0, "slangBvRate": 0.0, "speechactNum": 0, "quoteNum": 0, "dashNum": 0, "publicNum": 0, "privateNum": 0, "suasiveNum": 0, "discMarkerNum": 0, "smileyNum": 0, "dateNum": 0, "hesitationNum": 0, "restartNum": 0, "repeatNum": 3, "conjBeforeDiscNum": 0, "conjAfterDiscNum": 0, "wordBeforeHesitationNum": 0, "wordAfterHesitationNum": 0, "otherCollocationNum": 0, "speechactRate": 0.0, "quoteRate": 0.0, "dashRate": 0.0, "publicRate": 0.0, "privateRate": 0.0, "suasiveRate": 0.0, "discMarkerRate": 0.0, "smileyRate": 0.0, "dateRate": 0.0, "hesitationRate": 0.0, "restartRate": 0.0, "repeatRate": 0.006944444444444444, "conjBeforeDiscRate": 0.0, "conjAfterDiscRate": 0.0, "wordBeforeHesitationRate": 0.0, "wordAfterHesitationRate": 0.0, "otherCollocationRate": 0.0, "easyWordNum": 406, "hardWordNum": 26, "easyWordRate": 0.9398148148148148, "hardWordRate": 0.06018518518518518, "fleschReadingEaseScore": 72.14575757575759, "gunningFogIndex": 7.87861952861953, "fleschKincaidGradeLevel": 8.074663299663303, "colemanLiauIndex": 9.53230092592592, "smogIndex": 8.447377352677275, "automatedReadabilityIndex": 8.64554292929293, "linsearWriteIndex": 1.4463383838383836, "author": "", "locationNameNum": 0, "locationNameRate": 0.0, "personNameNum": 1, "personNameRate": 0.0023148148148148147, "organizationNameNum": 0, "organizationNameRate": 0.0, "misspelledNum": 4, "misspelledRate": 0.009259259259259259, "missingAccentNum": 0, "missingAccentRate": 0.0, "foreignAccentNum": 0, "foreignAccentRate": 0.0, "wordConcatNum": 1, "wordConcatRate": 0.0023148148148148147, "jLyMistakeNum": 0, "jLyMistakeRate": 0.0, "freqSuffixNum": 0, "partsNum": 149, "privateVNum": 0, "publicVNum": 0, "clauseWordNum": 64}