{"tokenNum": 340, "sentenceNum": 37, "lemmaNum": 150, "lemmaRate": 0.4411764705882353, "sentenceLength": 9.18918918918919, "allUpperNum": 1, "firstUpperNum": 47, "allUpperRate": 0.0029411764705882353, "firstUpperRate": 0.13823529411764707, "declarSentNum": 37, "imperSentNum": 0, "questionNum": 0, "declarSentRate": 1.0, "imperSentRate": 0.0, "questionRate": 0.0, "accent": true, "saturation": 2.6315789473684212, "paragraphNum": 0, "nounNum": 52, "verbNum": 44, "adjNum": 24, "infNum": 2, "partPastNum": 3, "partPresNum": 5, "partFutNum": 0, "transNum": 0, "xNum": 38, "advNum": 39, "properNounNum": 5, "numNum": 0, "conjNum": 25, "punctNum": 57, "pronNum": 16, "relPronNum": 2, "demPronNum": 18, "adposNum": 3, "multiplePunctNum": 3, "phraseNum": 0, "nounRate": 0.15294117647058825, "verbRate": 0.12941176470588237, "adjRate": 0.07058823529411765, "infRate": 0.0058823529411764705, "partPastRate": 0.008823529411764706, "partPresRate": 0.014705882352941176, "partFutRate": 0.0, "transRate": 0.0, "xRate": 0.11176470588235295, "advRate": 0.11470588235294117, "properNounRate": 0.014705882352941176, "numRate": 0.0, "conjRate": 0.07352941176470588, "punctRate": 0.1676470588235294, "pronRate": 0.047058823529411764, "relPronRate": 0.0058823529411764705, "demPronRate": 0.052941176470588235, "adposRate": 0.008823529411764706, "multiplePunctRate": 0.05263157894736842, "partsDensityRate": 2.789473684210526, "contentfulness": 4.297297297297297, "phraseRate": 0.0, "pastTenseNum": 17, "presentTenseNum": 25, "condNum": 4, "impNum": 1, "freqNum": 0, "causNum": 0, "modalNum": 2, "sg1VerbNum": 20, "sg2VerbNum": 0, "sg3VerbNum": 35, "pl1VerbNum": 0, "pl2VerbNum": 0, "pl3VerbNum": 5, "superlatNum": 0, "comparatNum": 0, "specDerivSuffixNum": 0, "pluralNounNum": 7, "pastTenseRate": 0.38636363636363635, "presentTenseRate": 0.5681818181818182, "condRate": 0.09090909090909091, "impRate": 0.022727272727272728, "freqRate": 0.0, "causRate": 0.0, "modalRate": 0.045454545454545456, "sg1VerbRate": 0.45454545454545453, "sg2VerbRate": 0.0, "sg3VerbRate": 0.7954545454545454, "pl1VerbRate": 0.0, "pl2VerbRate": 0.0, "pl3VerbRate": 0.11363636363636363, "superlatRate": 0.0, "comparatRate": 0.0, "specDerivSuffixRate": 0.0, "pluralNounRate": 0.1346153846153846, "subjNum": 25, "objNum": 6, "attNum": 20, "subordNum": 11, "adverbNum": 46, "coordNum": 12, "clauseNum": 57, "simpleNum": 26, "complexNum": 11, "complexity1Num": 6, "complexity2Num": 4, "complexity3Num": 0, "compoundNum": 0, "subjRate": 0.07352941176470588, "objRate": 0.01764705882352941, "attRate": 0.058823529411764705, "subordRate": 0.03235294117647059, "adverbRate": 0.13529411764705881, "coordRate": 0.03529411764705882, "partsRate": 1.912280701754386, "clauseRate": 1.5405405405405406, "simpleRate": 0.7027027027027027, "complexRate": 0.2972972972972973, "complexity1Rate": 0.16216216216216217, "complexity2Rate": 0.10810810810810811, "complexity3Rate": 0.0, "complexClauseRate": 2.8181818181818183, "sentencesPerParagraph": 0.0, "wordsLengthRate": 4.275618374558304, "compoundRate": 0.0, "positiveNum": 0, "negativeNum": 0, "precoPositiveNum": 0, "precoNegativeNum": 0, "negemoNum": 0, "negationNum": 7, "functionNum": 181, "contentNum": 159, "vulgarNum": 0, "racistNum": 0, "specStyleNum": 0, "addressingNum": 0, "closingNum": 0, "postscriptNum": 0, "brutalNum": 0, "positiveRate": 0.0, "negativeRate": 0.0, "precoPositiveRate": 0.0, "precoNegativeRate": 0.0, "negemoRate": 0.0, "negationRate": 0.020588235294117647, "functionRate": 0.5323529411764706, "contentRate": 0.4676470588235294, "vulgarRate": 0.0, "racistRate": 0.0, "specStyleRate": 0.0, "addressingRate": 0.0, "closingRate": 0.0, "postscriptRate": 0.0, "brutalRate": 0.0, "epistemicNum": 0, "investNum": 0, "conditionNum": 0, "weaselNum": 0, "peacockNum": 0, "hedgeNum": 0, "doxasticNum": 0, "epistemicRate": 0.0, "investRate": 0.0, "conditionRate": 0.0, "weaselRate": 0.0, "peacockRate": 0.0, "hedgeRate": 0.0, "doxasticRate": 0.0, "loveNum": 0, "anxietyNum": 0, "sorrowNum": 0, "joyNum": 0, "disgustNum": 0, "fearNum": 0, "surpriseNum": 0, "angerNum": 0, "loveRate": 0.0, "anxietyRate": 0.0, "sorrowRate": 0.0, "joyRate": 0.0, "disgustRate": 0.0, "fearRate": 0.0, "surpriseRate": 0.0, "angerRate": 0.0, "slangBeGeneralNum": 0, "slangBeCigaretteNum": 0, "slangBeHumanNum": 0, "slangBeVehicleNum": 0, "slangBeDrugNum": 0, "slangBvNum": 0, "slangBeGeneralRate": 0.0, "slangBeCigaretteRate": 0.0, "slangBeHumanRate": 0.0, "slangBeVehicleRate": 0.0, "slangBeDrugRate": 0.0, "slangBvRate": 0.0, "speechactNum": 0, "quoteNum": 0, "dashNum": 0, "publicNum": 0, "privateNum": 0, "suasiveNum": 0, "discMarkerNum": 0, "smileyNum": 0, "dateNum": 0, "hesitationNum": 0, "restartNum": 0, "repeatNum": 0, "conjBeforeDiscNum": 0, "conjAfterDiscNum": 0, "wordBeforeHesitationNum": 0, "wordAfterHesitationNum": 0, "otherCollocationNum": 0, "speechactRate": 0.0, "quoteRate": 0.0, "dashRate": 0.0, "publicRate": 0.0, "privateRate": 0.0, "suasiveRate": 0.0, "discMarkerRate": 0.0, "smileyRate": 0.0, "dateRate": 0.0, "hesitationRate": 0.0, "restartRate": 0.0, "repeatRate": 0.0, "conjBeforeDiscRate": 0.0, "conjAfterDiscRate": 0.0, "wordBeforeHesitationRate": 0.0, "wordAfterHesitationRate": 0.0, "otherCollocationRate": 0.0, "easyWordNum": 330, "hardWordNum": 10, "easyWordRate": 0.9705882352941176, "hardWordRate": 0.029411764705882353, "fleschReadingEaseScore": 96.98326709062006, "gunningFogIndex": 3.687440381558029, "fleschKincaidGradeLevel": 2.0149602543720206, "colemanLiauIndex": 5.559585294117646, "smogIndex": 6.099015368709569, "automatedReadabilityIndex": 0.24527106518282693, "linsearWriteIndex": 0.28775834658187605, "author": "", "locationNameNum": 0, "locationNameRate": 0.0, "personNameNum": 0, "personNameRate": 0.0, "organizationNameNum": 0, "organizationNameRate": 0.0, "misspelledNum": 6, "misspelledRate": 0.01764705882352941, "missingAccentNum": 2, "missingAccentRate": 0.0058823529411764705, "foreignAccentNum": 0, "foreignAccentRate": 0.0, "wordConcatNum": 2, "wordConcatRate": 0.0058823529411764705, "jLyMistakeNum": 0, "jLyMistakeRate": 0.0, "freqSuffixNum": 0, "partsNum": 109, "privateVNum": 0, "publicVNum": 0, "clauseWordNum": 57}