{"tokenNum": 363, "sentenceNum": 19, "lemmaNum": 195, "lemmaRate": 0.5371900826446281, "sentenceLength": 19.105263157894736, "allUpperNum": 4, "firstUpperNum": 36, "allUpperRate": 0.011019283746556474, "firstUpperRate": 0.09917355371900827, "declarSentNum": 16, "imperSentNum": 2, "questionNum": 1, "declarSentRate": 0.8421052631578947, "imperSentRate": 0.10526315789473684, "questionRate": 0.05263157894736842, "accent": true, "saturation": 3.75, "paragraphNum": 0, "nounNum": 64, "verbNum": 50, "adjNum": 38, "infNum": 5, "partPastNum": 0, "partPresNum": 4, "partFutNum": 0, "transNum": 2, "xNum": 16, "advNum": 39, "properNounNum": 16, "numNum": 2, "conjNum": 26, "punctNum": 71, "pronNum": 34, "relPronNum": 6, "demPronNum": 15, "adposNum": 1, "multiplePunctNum": 4, "phraseNum": 0, "nounRate": 0.1763085399449036, "verbRate": 0.13774104683195593, "adjRate": 0.1046831955922865, "infRate": 0.013774104683195593, "partPastRate": 0.0, "partPresRate": 0.011019283746556474, "partFutRate": 0.0, "transRate": 0.005509641873278237, "xRate": 0.0440771349862259, "advRate": 0.10743801652892562, "properNounRate": 0.0440771349862259, "numRate": 0.005509641873278237, "conjRate": 0.07162534435261708, "punctRate": 0.19559228650137742, "pronRate": 0.09366391184573003, "relPronRate": 0.01652892561983471, "demPronRate": 0.04132231404958678, "adposRate": 0.0027548209366391185, "multiplePunctRate": 0.056338028169014086, "partsDensityRate": 3.673076923076923, "contentfulness": 10.052631578947368, "phraseRate": 0.0, "pastTenseNum": 14, "presentTenseNum": 31, "condNum": 4, "impNum": 5, "freqNum": 0, "causNum": 0, "modalNum": 1, "sg1VerbNum": 18, "sg2VerbNum": 2, "sg3VerbNum": 43, "pl1VerbNum": 3, "pl2VerbNum": 1, "pl3VerbNum": 15, "superlatNum": 1, "comparatNum": 1, "specDerivSuffixNum": 0, "pluralNounNum": 6, "pastTenseRate": 0.28, "presentTenseRate": 0.62, "condRate": 0.08, "impRate": 0.1, "freqRate": 0.0, "causRate": 0.0, "modalRate": 0.02, "sg1VerbRate": 0.36, "sg2VerbRate": 0.04, "sg3VerbRate": 0.86, "pl1VerbRate": 0.06, "pl2VerbRate": 0.02, "pl3VerbRate": 0.3, "superlatRate": 0.02631578947368421, "comparatRate": 0.02631578947368421, "specDerivSuffixRate": 0.0, "pluralNounRate": 0.09375, "subjNum": 24, "objNum": 12, "attNum": 26, "subordNum": 22, "adverbNum": 50, "coordNum": 20, "clauseNum": 52, "simpleNum": 5, "complexNum": 14, "complexity1Num": 5, "complexity2Num": 3, "complexity3Num": 3, "compoundNum": 0, "subjRate": 0.06611570247933884, "objRate": 0.03305785123966942, "attRate": 0.07162534435261708, "subordRate": 0.06060606060606061, "adverbRate": 0.13774104683195593, "coordRate": 0.05509641873278237, "partsRate": 2.5384615384615383, "clauseRate": 2.736842105263158, "simpleRate": 0.2631578947368421, "complexRate": 0.7368421052631579, "complexity1Rate": 0.2631578947368421, "complexity2Rate": 0.15789473684210525, "complexity3Rate": 0.15789473684210525, "complexClauseRate": 3.357142857142857, "sentencesPerParagraph": 0.0, "wordsLengthRate": 5.640410958904109, "compoundRate": 0.0, "positiveNum": 0, "negativeNum": 0, "precoPositiveNum": 0, "precoNegativeNum": 0, "negemoNum": 0, "negationNum": 10, "functionNum": 172, "contentNum": 191, "vulgarNum": 0, "racistNum": 0, "specStyleNum": 0, "addressingNum": 0, "closingNum": 0, "postscriptNum": 0, "brutalNum": 0, "positiveRate": 0.0, "negativeRate": 0.0, "precoPositiveRate": 0.0, "precoNegativeRate": 0.0, "negemoRate": 0.0, "negationRate": 0.027548209366391185, "functionRate": 0.4738292011019284, "contentRate": 0.5261707988980716, "vulgarRate": 0.0, "racistRate": 0.0, "specStyleRate": 0.0, "addressingRate": 0.0, "closingRate": 0.0, "postscriptRate": 0.0, "brutalRate": 0.0, "epistemicNum": 0, "investNum": 0, "conditionNum": 0, "weaselNum": 0, "peacockNum": 0, "hedgeNum": 0, "doxasticNum": 0, "epistemicRate": 0.0, "investRate": 0.0, "conditionRate": 0.0, "weaselRate": 0.0, "peacockRate": 0.0, "hedgeRate": 0.0, "doxasticRate": 0.0, "loveNum": 0, "anxietyNum": 0, "sorrowNum": 0, "joyNum": 0, "disgustNum": 0, "fearNum": 0, "surpriseNum": 0, "angerNum": 0, "loveRate": 0.0, "anxietyRate": 0.0, "sorrowRate": 0.0, "joyRate": 0.0, "disgustRate": 0.0, "fearRate": 0.0, "surpriseRate": 0.0, "angerRate": 0.0, "slangBeGeneralNum": 0, "slangBeCigaretteNum": 0, "slangBeHumanNum": 0, "slangBeVehicleNum": 0, "slangBeDrugNum": 0, "slangBvNum": 0, "slangBeGeneralRate": 0.0, "slangBeCigaretteRate": 0.0, "slangBeHumanRate": 0.0, "slangBeVehicleRate": 0.0, "slangBeDrugRate": 0.0, "slangBvRate": 0.0, "speechactNum": 0, "quoteNum": 0, "dashNum": 0, "publicNum": 0, "privateNum": 0, "suasiveNum": 0, "discMarkerNum": 0, "smileyNum": 3, "dateNum": 0, "hesitationNum": 0, "restartNum": 0, "repeatNum": 0, "conjBeforeDiscNum": 0, "conjAfterDiscNum": 0, "wordBeforeHesitationNum": 0, "wordAfterHesitationNum": 0, "otherCollocationNum": 0, "speechactRate": 0.0, "quoteRate": 0.0, "dashRate": 0.0, "publicRate": 0.0, "privateRate": 0.0, "suasiveRate": 0.0, "discMarkerRate": 0.0, "smileyRate": 0.008264462809917356, "dateRate": 0.0, "hesitationRate": 0.0, "restartRate": 0.0, "repeatRate": 0.0, "conjBeforeDiscRate": 0.0, "conjAfterDiscRate": 0.0, "wordBeforeHesitationRate": 0.0, "wordAfterHesitationRate": 0.0, "otherCollocationRate": 0.0, "easyWordNum": 338, "hardWordNum": 25, "easyWordRate": 0.931129476584022, "hardWordRate": 0.06887052341597796, "fleschReadingEaseScore": 62.75720748151373, "gunningFogIndex": 7.669653472524286, "fleschKincaidGradeLevel": 9.2522372045817, "colemanLiauIndex": 11.88122038567493, "smogIndex": 8.344100000000001, "automatedReadabilityIndex": 10.25833405828621, "linsearWriteIndex": 1.8853124546904452, "author": "", "locationNameNum": 0, "locationNameRate": 0.0, "personNameNum": 10, "personNameRate": 0.027548209366391185, "organizationNameNum": 1, "organizationNameRate": 0.0027548209366391185, "misspelledNum": 9, "misspelledRate": 0.024793388429752067, "missingAccentNum": 1, "missingAccentRate": 0.0027548209366391185, "foreignAccentNum": 0, "foreignAccentRate": 0.0, "wordConcatNum": 4, "wordConcatRate": 0.011019283746556474, "jLyMistakeNum": 0, "jLyMistakeRate": 0.0, "freqSuffixNum": 0, "partsNum": 132, "privateVNum": 0, "publicVNum": 0, "clauseWordNum": 52}