{"tokenNum": 346, "sentenceNum": 20, "lemmaNum": 162, "lemmaRate": 0.4682080924855491, "sentenceLength": 17.3, "allUpperNum": 1, "firstUpperNum": 23, "allUpperRate": 0.002890173410404624, "firstUpperRate": 0.06647398843930635, "declarSentNum": 20, "imperSentNum": 0, "questionNum": 0, "declarSentRate": 1.0, "imperSentRate": 0.0, "questionRate": 0.0, "accent": true, "saturation": 2.6557377049180326, "paragraphNum": 0, "nounNum": 47, "verbNum": 47, "adjNum": 21, "infNum": 2, "partPastNum": 2, "partPresNum": 1, "partFutNum": 0, "transNum": 0, "xNum": 23, "advNum": 48, "properNounNum": 3, "numNum": 1, "conjNum": 35, "punctNum": 61, "pronNum": 32, "relPronNum": 2, "demPronNum": 21, "adposNum": 0, "multiplePunctNum": 2, "phraseNum": 0, "nounRate": 0.13583815028901733, "verbRate": 0.13583815028901733, "adjRate": 0.06069364161849711, "infRate": 0.005780346820809248, "partPastRate": 0.005780346820809248, "partPresRate": 0.002890173410404624, "partFutRate": 0.0, "transRate": 0.0, "xRate": 0.06647398843930635, "advRate": 0.13872832369942195, "properNounRate": 0.008670520231213872, "numRate": 0.002890173410404624, "conjRate": 0.10115606936416185, "punctRate": 0.17630057803468208, "pronRate": 0.09248554913294797, "relPronRate": 0.005780346820809248, "demPronRate": 0.06069364161849711, "adposRate": 0.0, "multiplePunctRate": 0.03278688524590164, "partsDensityRate": 2.6721311475409837, "contentfulness": 8.15, "phraseRate": 0.0, "pastTenseNum": 23, "presentTenseNum": 22, "condNum": 1, "impNum": 2, "freqNum": 0, "causNum": 1, "modalNum": 0, "sg1VerbNum": 23, "sg2VerbNum": 0, "sg3VerbNum": 46, "pl1VerbNum": 3, "pl2VerbNum": 0, "pl3VerbNum": 6, "superlatNum": 0, "comparatNum": 1, "specDerivSuffixNum": 0, "pluralNounNum": 8, "pastTenseRate": 0.48936170212765956, "presentTenseRate": 0.46808510638297873, "condRate": 0.02127659574468085, "impRate": 0.0425531914893617, "freqRate": 0.0, "causRate": 0.02127659574468085, "modalRate": 0.0, "sg1VerbRate": 0.48936170212765956, "sg2VerbRate": 0.0, "sg3VerbRate": 0.9787234042553191, "pl1VerbRate": 0.06382978723404255, "pl2VerbRate": 0.0, "pl3VerbRate": 0.1276595744680851, "superlatRate": 0.0, "comparatRate": 0.047619047619047616, "specDerivSuffixRate": 0.0, "pluralNounRate": 0.1702127659574468, "subjNum": 26, "objNum": 9, "attNum": 11, "subordNum": 16, "adverbNum": 53, "coordNum": 25, "clauseNum": 61, "simpleNum": 3, "complexNum": 17, "complexity1Num": 7, "complexity2Num": 4, "complexity3Num": 3, "compoundNum": 0, "subjRate": 0.07514450867052024, "objRate": 0.02601156069364162, "attRate": 0.031791907514450865, "subordRate": 0.046242774566473986, "adverbRate": 0.1531791907514451, "coordRate": 0.07225433526011561, "partsRate": 2.0327868852459017, "clauseRate": 3.05, "simpleRate": 0.15, "complexRate": 0.85, "complexity1Rate": 0.35, "complexity2Rate": 0.2, "complexity3Rate": 0.15, "complexClauseRate": 3.411764705882353, "sentencesPerParagraph": 0.0, "wordsLengthRate": 5.385964912280702, "compoundRate": 0.0, "positiveNum": 0, "negativeNum": 0, "precoPositiveNum": 0, "precoNegativeNum": 0, "negemoNum": 0, "negationNum": 8, "functionNum": 183, "contentNum": 163, "vulgarNum": 0, "racistNum": 0, "specStyleNum": 0, "addressingNum": 0, "closingNum": 0, "postscriptNum": 0, "brutalNum": 0, "positiveRate": 0.0, "negativeRate": 0.0, "precoPositiveRate": 0.0, "precoNegativeRate": 0.0, "negemoRate": 0.0, "negationRate": 0.023121387283236993, "functionRate": 0.5289017341040463, "contentRate": 0.47109826589595377, "vulgarRate": 0.0, "racistRate": 0.0, "specStyleRate": 0.0, "addressingRate": 0.0, "closingRate": 0.0, "postscriptRate": 0.0, "brutalRate": 0.0, "epistemicNum": 0, "investNum": 0, "conditionNum": 0, "weaselNum": 0, "peacockNum": 0, "hedgeNum": 0, "doxasticNum": 0, "epistemicRate": 0.0, "investRate": 0.0, "conditionRate": 0.0, "weaselRate": 0.0, "peacockRate": 0.0, "hedgeRate": 0.0, "doxasticRate": 0.0, "loveNum": 0, "anxietyNum": 0, "sorrowNum": 0, "joyNum": 0, "disgustNum": 0, "fearNum": 0, "surpriseNum": 0, "angerNum": 0, "loveRate": 0.0, "anxietyRate": 0.0, "sorrowRate": 0.0, "joyRate": 0.0, "disgustRate": 0.0, "fearRate": 0.0, "surpriseRate": 0.0, "angerRate": 0.0, "slangBeGeneralNum": 0, "slangBeCigaretteNum": 0, "slangBeHumanNum": 0, "slangBeVehicleNum": 0, "slangBeDrugNum": 0, "slangBvNum": 0, "slangBeGeneralRate": 0.0, "slangBeCigaretteRate": 0.0, "slangBeHumanRate": 0.0, "slangBeVehicleRate": 0.0, "slangBeDrugRate": 0.0, "slangBvRate": 0.0, "speechactNum": 0, "quoteNum": 0, "dashNum": 0, "publicNum": 0, "privateNum": 0, "suasiveNum": 0, "discMarkerNum": 0, "smileyNum": 0, "dateNum": 1, "hesitationNum": 0, "restartNum": 0, "repeatNum": 0, "conjBeforeDiscNum": 0, "conjAfterDiscNum": 0, "wordBeforeHesitationNum": 0, "wordAfterHesitationNum": 0, "otherCollocationNum": 0, "speechactRate": 0.0, "quoteRate": 0.0, "dashRate": 0.0, "publicRate": 0.0, "privateRate": 0.0, "suasiveRate": 0.0, "discMarkerRate": 0.0, "smileyRate": 0.0, "dateRate": 0.002890173410404624, "hesitationRate": 0.0, "restartRate": 0.0, "repeatRate": 0.0, "conjBeforeDiscRate": 0.0, "conjAfterDiscRate": 0.0, "wordBeforeHesitationRate": 0.0, "wordAfterHesitationRate": 0.0, "otherCollocationRate": 0.0, "easyWordNum": 327, "hardWordNum": 19, "easyWordRate": 0.9450867052023122, "hardWordRate": 0.05491329479768786, "fleschReadingEaseScore": 65.30960404624281, "gunningFogIndex": 6.940809248554913, "fleschKincaidGradeLevel": 8.447751445086706, "colemanLiauIndex": 11.062312138728323, "smogIndex": 7.675431598112922, "automatedReadabilityIndex": 8.70086705202312, "linsearWriteIndex": 1.6228323699421967, "author": "", "locationNameNum": 1, "locationNameRate": 0.002890173410404624, "personNameNum": 2, "personNameRate": 0.005780346820809248, "organizationNameNum": 0, "organizationNameRate": 0.0, "misspelledNum": 11, "misspelledRate": 0.031791907514450865, "missingAccentNum": 6, "missingAccentRate": 0.017341040462427744, "foreignAccentNum": 0, "foreignAccentRate": 0.0, "wordConcatNum": 2, "wordConcatRate": 0.005780346820809248, "jLyMistakeNum": 0, "jLyMistakeRate": 0.0, "freqSuffixNum": 0, "partsNum": 124, "privateVNum": 0, "publicVNum": 0, "clauseWordNum": 61}