{"tokenNum": 538, "sentenceNum": 19, "lemmaNum": 257, "lemmaRate": 0.47769516728624534, "sentenceLength": 28.31578947368421, "allUpperNum": 1, "firstUpperNum": 22, "allUpperRate": 0.0018587360594795538, "firstUpperRate": 0.040892193308550186, "declarSentNum": 18, "imperSentNum": 1, "questionNum": 0, "declarSentRate": 0.9473684210526315, "imperSentRate": 0.05263157894736842, "questionRate": 0.0, "accent": true, "saturation": 3.619718309859155, "paragraphNum": 0, "nounNum": 97, "verbNum": 59, "adjNum": 49, "infNum": 5, "partPastNum": 4, "partPresNum": 5, "partFutNum": 0, "transNum": 4, "xNum": 19, "advNum": 55, "properNounNum": 4, "numNum": 0, "conjNum": 47, "punctNum": 152, "pronNum": 35, "relPronNum": 6, "demPronNum": 16, "adposNum": 4, "multiplePunctNum": 0, "phraseNum": 0, "nounRate": 0.18029739776951673, "verbRate": 0.10966542750929369, "adjRate": 0.09107806691449814, "infRate": 0.00929368029739777, "partPastRate": 0.007434944237918215, "partPresRate": 0.00929368029739777, "partFutRate": 0.0, "transRate": 0.007434944237918215, "xRate": 0.03531598513011153, "advRate": 0.10223048327137546, "properNounRate": 0.007434944237918215, "numRate": 0.0, "conjRate": 0.08736059479553904, "punctRate": 0.2825278810408922, "pronRate": 0.06505576208178439, "relPronRate": 0.011152416356877323, "demPronRate": 0.02973977695167286, "adposRate": 0.007434944237918215, "multiplePunctRate": 0.0, "partsDensityRate": 3.6619718309859155, "contentfulness": 13.68421052631579, "phraseRate": 0.0, "pastTenseNum": 11, "presentTenseNum": 43, "condNum": 1, "impNum": 11, "freqNum": 0, "causNum": 0, "modalNum": 3, "sg1VerbNum": 26, "sg2VerbNum": 10, "sg3VerbNum": 46, "pl1VerbNum": 2, "pl2VerbNum": 2, "pl3VerbNum": 6, "superlatNum": 0, "comparatNum": 0, "specDerivSuffixNum": 0, "pluralNounNum": 7, "pastTenseRate": 0.1864406779661017, "presentTenseRate": 0.7288135593220338, "condRate": 0.01694915254237288, "impRate": 0.1864406779661017, "freqRate": 0.0, "causRate": 0.0, "modalRate": 0.05084745762711865, "sg1VerbRate": 0.4406779661016949, "sg2VerbRate": 0.1694915254237288, "sg3VerbRate": 0.7796610169491526, "pl1VerbRate": 0.03389830508474576, "pl2VerbRate": 0.03389830508474576, "pl3VerbRate": 0.1016949152542373, "superlatRate": 0.0, "comparatRate": 0.0, "specDerivSuffixRate": 0.0, "pluralNounRate": 0.07216494845360824, "subjNum": 24, "objNum": 26, "attNum": 38, "subordNum": 25, "adverbNum": 63, "coordNum": 41, "clauseNum": 71, "simpleNum": 5, "complexNum": 14, "complexity1Num": 1, "complexity2Num": 2, "complexity3Num": 6, "compoundNum": 0, "subjRate": 0.04460966542750929, "objRate": 0.048327137546468404, "attRate": 0.07063197026022305, "subordRate": 0.046468401486988845, "adverbRate": 0.1171003717472119, "coordRate": 0.0762081784386617, "partsRate": 2.704225352112676, "clauseRate": 3.736842105263158, "simpleRate": 0.2631578947368421, "complexRate": 0.7368421052631579, "complexity1Rate": 0.05263157894736842, "complexity2Rate": 0.10526315789473684, "complexity3Rate": 0.3157894736842105, "complexClauseRate": 4.714285714285714, "sentencesPerParagraph": 0.0, "wordsLengthRate": 5.549222797927461, "compoundRate": 0.0, "positiveNum": 0, "negativeNum": 0, "precoPositiveNum": 0, "precoNegativeNum": 0, "negemoNum": 0, "negationNum": 11, "functionNum": 278, "contentNum": 260, "vulgarNum": 0, "racistNum": 0, "specStyleNum": 0, "addressingNum": 0, "closingNum": 0, "postscriptNum": 0, "brutalNum": 0, "positiveRate": 0.0, "negativeRate": 0.0, "precoPositiveRate": 0.0, "precoNegativeRate": 0.0, "negemoRate": 0.0, "negationRate": 0.020446096654275093, "functionRate": 0.516728624535316, "contentRate": 0.483271375464684, "vulgarRate": 0.0, "racistRate": 0.0, "specStyleRate": 0.0, "addressingRate": 0.0, "closingRate": 0.0, "postscriptRate": 0.0, "brutalRate": 0.0, "epistemicNum": 0, "investNum": 0, "conditionNum": 0, "weaselNum": 0, "peacockNum": 0, "hedgeNum": 0, "doxasticNum": 0, "epistemicRate": 0.0, "investRate": 0.0, "conditionRate": 0.0, "weaselRate": 0.0, "peacockRate": 0.0, "hedgeRate": 0.0, "doxasticRate": 0.0, "loveNum": 0, "anxietyNum": 0, "sorrowNum": 0, "joyNum": 0, "disgustNum": 0, "fearNum": 0, "surpriseNum": 0, "angerNum": 0, "loveRate": 0.0, "anxietyRate": 0.0, "sorrowRate": 0.0, "joyRate": 0.0, "disgustRate": 0.0, "fearRate": 0.0, "surpriseRate": 0.0, "angerRate": 0.0, "slangBeGeneralNum": 0, "slangBeCigaretteNum": 0, "slangBeHumanNum": 0, "slangBeVehicleNum": 0, "slangBeDrugNum": 0, "slangBvNum": 0, "slangBeGeneralRate": 0.0, "slangBeCigaretteRate": 0.0, "slangBeHumanRate": 0.0, "slangBeVehicleRate": 0.0, "slangBeDrugRate": 0.0, "slangBvRate": 0.0, "speechactNum": 0, "quoteNum": 0, "dashNum": 0, "publicNum": 0, "privateNum": 0, "suasiveNum": 0, "discMarkerNum": 0, "smileyNum": 0, "dateNum": 0, "hesitationNum": 0, "restartNum": 0, "repeatNum": 65, "conjBeforeDiscNum": 0, "conjAfterDiscNum": 0, "wordBeforeHesitationNum": 0, "wordAfterHesitationNum": 0, "otherCollocationNum": 0, "speechactRate": 0.0, "quoteRate": 0.0, "dashRate": 0.0, "publicRate": 0.0, "privateRate": 0.0, "suasiveRate": 0.0, "discMarkerRate": 0.0, "smileyRate": 0.0, "dateRate": 0.0, "hesitationRate": 0.0, "restartRate": 0.0, "repeatRate": 0.120817843866171, "conjBeforeDiscRate": 0.0, "conjAfterDiscRate": 0.0, "wordBeforeHesitationRate": 0.0, "wordAfterHesitationRate": 0.0, "otherCollocationRate": 0.0, "easyWordNum": 516, "hardWordNum": 22, "easyWordRate": 0.9591078066914498, "hardWordRate": 0.040892193308550186, "fleschReadingEaseScore": 72.42309821952652, "gunningFogIndex": 11.342672666797105, "fleschKincaidGradeLevel": 10.192191351985915, "colemanLiauIndex": 9.073648698884757, "smogIndex": 8.021203637495837, "automatedReadabilityIndex": 12.618452357659947, "linsearWriteIndex": 1.758755625122285, "author": "", "locationNameNum": 1, "locationNameRate": 0.0018587360594795538, "personNameNum": 1, "personNameRate": 0.0018587360594795538, "organizationNameNum": 0, "organizationNameRate": 0.0, "misspelledNum": 17, "misspelledRate": 0.031598513011152414, "missingAccentNum": 5, "missingAccentRate": 0.00929368029739777, "foreignAccentNum": 0, "foreignAccentRate": 0.0, "wordConcatNum": 5, "wordConcatRate": 0.00929368029739777, "jLyMistakeNum": 2, "jLyMistakeRate": 0.0037174721189591076, "freqSuffixNum": 0, "partsNum": 192, "privateVNum": 0, "publicVNum": 0, "clauseWordNum": 71}