{"tokenNum": 355, "sentenceNum": 15, "lemmaNum": 180, "lemmaRate": 0.5070422535211268, "sentenceLength": 23.666666666666668, "allUpperNum": 0, "firstUpperNum": 18, "allUpperRate": 0.0, "firstUpperRate": 0.05070422535211268, "declarSentNum": 15, "imperSentNum": 0, "questionNum": 0, "declarSentRate": 1.0, "imperSentRate": 0.0, "questionRate": 0.0, "accent": true, "saturation": 4.390243902439025, "paragraphNum": 0, "nounNum": 45, "verbNum": 53, "adjNum": 21, "infNum": 5, "partPastNum": 0, "partPresNum": 0, "partFutNum": 0, "transNum": 1, "xNum": 16, "advNum": 50, "properNounNum": 1, "numNum": 9, "conjNum": 35, "punctNum": 77, "pronNum": 24, "relPronNum": 7, "demPronNum": 20, "adposNum": 1, "multiplePunctNum": 39, "phraseNum": 0, "nounRate": 0.1267605633802817, "verbRate": 0.14929577464788732, "adjRate": 0.059154929577464786, "infRate": 0.014084507042253521, "partPastRate": 0.0, "partPresRate": 0.0, "partFutRate": 0.0, "transRate": 0.0028169014084507044, "xRate": 0.04507042253521127, "advRate": 0.14084507042253522, "properNounRate": 0.0028169014084507044, "numRate": 0.02535211267605634, "conjRate": 0.09859154929577464, "punctRate": 0.21690140845070421, "pronRate": 0.0676056338028169, "relPronRate": 0.01971830985915493, "demPronRate": 0.056338028169014086, "adposRate": 0.0028169014084507044, "multiplePunctRate": 0.5064935064935064, "partsDensityRate": 4.121951219512195, "contentfulness": 11.266666666666667, "phraseRate": 0.0, "pastTenseNum": 5, "presentTenseNum": 43, "condNum": 8, "impNum": 1, "freqNum": 0, "causNum": 0, "modalNum": 5, "sg1VerbNum": 6, "sg2VerbNum": 0, "sg3VerbNum": 53, "pl1VerbNum": 2, "pl2VerbNum": 0, "pl3VerbNum": 12, "superlatNum": 1, "comparatNum": 1, "specDerivSuffixNum": 0, "pluralNounNum": 3, "pastTenseRate": 0.09433962264150944, "presentTenseRate": 0.8113207547169812, "condRate": 0.1509433962264151, "impRate": 0.018867924528301886, "freqRate": 0.0, "causRate": 0.0, "modalRate": 0.09433962264150944, "sg1VerbRate": 0.11320754716981132, "sg2VerbRate": 0.0, "sg3VerbRate": 1.0, "pl1VerbRate": 0.03773584905660377, "pl2VerbRate": 0.0, "pl3VerbRate": 0.22641509433962265, "superlatRate": 0.047619047619047616, "comparatRate": 0.047619047619047616, "specDerivSuffixRate": 0.0, "pluralNounRate": 0.06666666666666667, "subjNum": 35, "objNum": 11, "attNum": 9, "subordNum": 25, "adverbNum": 71, "coordNum": 14, "clauseNum": 41, "simpleNum": 3, "complexNum": 12, "complexity1Num": 3, "complexity2Num": 5, "complexity3Num": 3, "compoundNum": 0, "subjRate": 0.09859154929577464, "objRate": 0.030985915492957747, "attRate": 0.02535211267605634, "subordRate": 0.07042253521126761, "adverbRate": 0.2, "coordRate": 0.03943661971830986, "partsRate": 3.4146341463414633, "clauseRate": 2.7333333333333334, "simpleRate": 0.2, "complexRate": 0.8, "complexity1Rate": 0.2, "complexity2Rate": 0.3333333333333333, "complexity3Rate": 0.2, "complexClauseRate": 3.1666666666666665, "sentencesPerParagraph": 0.0, "wordsLengthRate": 4.773381294964029, "compoundRate": 0.0, "positiveNum": 0, "negativeNum": 0, "precoPositiveNum": 0, "precoNegativeNum": 0, "negemoNum": 0, "negationNum": 14, "functionNum": 186, "contentNum": 169, "vulgarNum": 0, "racistNum": 0, "specStyleNum": 0, "addressingNum": 0, "closingNum": 0, "postscriptNum": 0, "brutalNum": 0, "positiveRate": 0.0, "negativeRate": 0.0, "precoPositiveRate": 0.0, "precoNegativeRate": 0.0, "negemoRate": 0.0, "negationRate": 0.03943661971830986, "functionRate": 0.523943661971831, "contentRate": 0.476056338028169, "vulgarRate": 0.0, "racistRate": 0.0, "specStyleRate": 0.0, "addressingRate": 0.0, "closingRate": 0.0, "postscriptRate": 0.0, "brutalRate": 0.0, "epistemicNum": 0, "investNum": 0, "conditionNum": 0, "weaselNum": 0, "peacockNum": 0, "hedgeNum": 0, "doxasticNum": 0, "epistemicRate": 0.0, "investRate": 0.0, "conditionRate": 0.0, "weaselRate": 0.0, "peacockRate": 0.0, "hedgeRate": 0.0, "doxasticRate": 0.0, "loveNum": 0, "anxietyNum": 0, "sorrowNum": 0, "joyNum": 0, "disgustNum": 0, "fearNum": 0, "surpriseNum": 0, "angerNum": 0, "loveRate": 0.0, "anxietyRate": 0.0, "sorrowRate": 0.0, "joyRate": 0.0, "disgustRate": 0.0, "fearRate": 0.0, "surpriseRate": 0.0, "angerRate": 0.0, "slangBeGeneralNum": 0, "slangBeCigaretteNum": 0, "slangBeHumanNum": 0, "slangBeVehicleNum": 0, "slangBeDrugNum": 0, "slangBvNum": 0, "slangBeGeneralRate": 0.0, "slangBeCigaretteRate": 0.0, "slangBeHumanRate": 0.0, "slangBeVehicleRate": 0.0, "slangBeDrugRate": 0.0, "slangBvRate": 0.0, "speechactNum": 0, "quoteNum": 0, "dashNum": 0, "publicNum": 0, "privateNum": 0, "suasiveNum": 0, "discMarkerNum": 0, "smileyNum": 0, "dateNum": 0, "hesitationNum": 0, "restartNum": 0, "repeatNum": 0, "conjBeforeDiscNum": 0, "conjAfterDiscNum": 0, "wordBeforeHesitationNum": 0, "wordAfterHesitationNum": 0, "otherCollocationNum": 0, "speechactRate": 0.0, "quoteRate": 0.0, "dashRate": 0.0, "publicRate": 0.0, "privateRate": 0.0, "suasiveRate": 0.0, "discMarkerRate": 0.0, "smileyRate": 0.0, "dateRate": 0.0, "hesitationRate": 0.0, "restartRate": 0.0, "repeatRate": 0.0, "conjBeforeDiscRate": 0.0, "conjAfterDiscRate": 0.0, "wordBeforeHesitationRate": 0.0, "wordAfterHesitationRate": 0.0, "otherCollocationRate": 0.0, "easyWordNum": 330, "hardWordNum": 25, "easyWordRate": 0.9295774647887324, "hardWordRate": 0.07042253521126761, "fleschReadingEaseScore": 55.07924882629109, "gunningFogIndex": 9.494835680751175, "fleschKincaidGradeLevel": 11.456338028169014, "colemanLiauIndex": 11.82480281690141, "smogIndex": 8.344100000000001, "automatedReadabilityIndex": 12.49389671361503, "linsearWriteIndex": 2.671361502347418, "author": "", "locationNameNum": 1, "locationNameRate": 0.0028169014084507044, "personNameNum": 0, "personNameRate": 0.0, "organizationNameNum": 0, "organizationNameRate": 0.0, "misspelledNum": 89, "misspelledRate": 0.2507042253521127, "missingAccentNum": 50, "missingAccentRate": 0.14084507042253522, "foreignAccentNum": 0, "foreignAccentRate": 0.0, "wordConcatNum": 2, "wordConcatRate": 0.005633802816901409, "jLyMistakeNum": 0, "jLyMistakeRate": 0.0, "freqSuffixNum": 0, "partsNum": 140, "privateVNum": 0, "publicVNum": 0, "clauseWordNum": 41}