{"tokenNum": 458, "sentenceNum": 29, "lemmaNum": 224, "lemmaRate": 0.4890829694323144, "sentenceLength": 15.793103448275861, "allUpperNum": 5, "firstUpperNum": 45, "allUpperRate": 0.010917030567685589, "firstUpperRate": 0.0982532751091703, "declarSentNum": 29, "imperSentNum": 0, "questionNum": 0, "declarSentRate": 1.0, "imperSentRate": 0.0, "questionRate": 0.0, "accent": true, "saturation": 3.5555555555555554, "paragraphNum": 0, "nounNum": 101, "verbNum": 41, "adjNum": 39, "infNum": 4, "partPastNum": 2, "partPresNum": 3, "partFutNum": 0, "transNum": 2, "xNum": 28, "advNum": 55, "properNounNum": 31, "numNum": 12, "conjNum": 25, "punctNum": 90, "pronNum": 21, "relPronNum": 3, "demPronNum": 13, "adposNum": 6, "multiplePunctNum": 2, "phraseNum": 0, "nounRate": 0.2205240174672489, "verbRate": 0.08951965065502183, "adjRate": 0.0851528384279476, "infRate": 0.008733624454148471, "partPastRate": 0.004366812227074236, "partPresRate": 0.006550218340611353, "partFutRate": 0.0, "transRate": 0.004366812227074236, "xRate": 0.0611353711790393, "advRate": 0.12008733624454149, "properNounRate": 0.06768558951965066, "numRate": 0.026200873362445413, "conjRate": 0.05458515283842795, "punctRate": 0.1965065502183406, "pronRate": 0.04585152838427948, "relPronRate": 0.006550218340611353, "demPronRate": 0.028384279475982533, "adposRate": 0.013100436681222707, "multiplePunctRate": 0.022222222222222223, "partsDensityRate": 3.6825396825396823, "contentfulness": 8.0, "phraseRate": 0.0, "pastTenseNum": 20, "presentTenseNum": 18, "condNum": 1, "impNum": 2, "freqNum": 0, "causNum": 0, "modalNum": 1, "sg1VerbNum": 10, "sg2VerbNum": 1, "sg3VerbNum": 44, "pl1VerbNum": 0, "pl2VerbNum": 0, "pl3VerbNum": 4, "superlatNum": 0, "comparatNum": 5, "specDerivSuffixNum": 0, "pluralNounNum": 10, "pastTenseRate": 0.4878048780487805, "presentTenseRate": 0.43902439024390244, "condRate": 0.024390243902439025, "impRate": 0.04878048780487805, "freqRate": 0.0, "causRate": 0.0, "modalRate": 0.024390243902439025, "sg1VerbRate": 0.24390243902439024, "sg2VerbRate": 0.024390243902439025, "sg3VerbRate": 1.0731707317073171, "pl1VerbRate": 0.0, "pl2VerbRate": 0.0, "pl3VerbRate": 0.0975609756097561, "superlatRate": 0.0, "comparatRate": 0.1282051282051282, "specDerivSuffixRate": 0.0, "pluralNounRate": 0.09900990099009901, "subjNum": 28, "objNum": 12, "attNum": 16, "subordNum": 12, "adverbNum": 69, "coordNum": 15, "clauseNum": 63, "simpleNum": 12, "complexNum": 17, "complexity1Num": 7, "complexity2Num": 6, "complexity3Num": 2, "compoundNum": 0, "subjRate": 0.0611353711790393, "objRate": 0.026200873362445413, "attRate": 0.034934497816593885, "subordRate": 0.026200873362445413, "adverbRate": 0.15065502183406113, "coordRate": 0.03275109170305677, "partsRate": 2.2222222222222223, "clauseRate": 2.1724137931034484, "simpleRate": 0.41379310344827586, "complexRate": 0.5862068965517241, "complexity1Rate": 0.2413793103448276, "complexity2Rate": 0.20689655172413793, "complexity3Rate": 0.06896551724137931, "complexClauseRate": 3.0, "sentencesPerParagraph": 0.0, "wordsLengthRate": 4.826086956521739, "compoundRate": 0.0, "positiveNum": 0, "negativeNum": 0, "precoPositiveNum": 0, "precoNegativeNum": 0, "negemoNum": 0, "negationNum": 8, "functionNum": 226, "contentNum": 232, "vulgarNum": 0, "racistNum": 0, "specStyleNum": 0, "addressingNum": 0, "closingNum": 0, "postscriptNum": 0, "brutalNum": 0, "positiveRate": 0.0, "negativeRate": 0.0, "precoPositiveRate": 0.0, "precoNegativeRate": 0.0, "negemoRate": 0.0, "negationRate": 0.017467248908296942, "functionRate": 0.49344978165938863, "contentRate": 0.5065502183406113, "vulgarRate": 0.0, "racistRate": 0.0, "specStyleRate": 0.0, "addressingRate": 0.0, "closingRate": 0.0, "postscriptRate": 0.0, "brutalRate": 0.0, "epistemicNum": 0, "investNum": 0, "conditionNum": 0, "weaselNum": 0, "peacockNum": 0, "hedgeNum": 0, "doxasticNum": 0, "epistemicRate": 0.0, "investRate": 0.0, "conditionRate": 0.0, "weaselRate": 0.0, "peacockRate": 0.0, "hedgeRate": 0.0, "doxasticRate": 0.0, "loveNum": 0, "anxietyNum": 0, "sorrowNum": 0, "joyNum": 0, "disgustNum": 0, "fearNum": 0, "surpriseNum": 0, "angerNum": 0, "loveRate": 0.0, "anxietyRate": 0.0, "sorrowRate": 0.0, "joyRate": 0.0, "disgustRate": 0.0, "fearRate": 0.0, "surpriseRate": 0.0, "angerRate": 0.0, "slangBeGeneralNum": 0, "slangBeCigaretteNum": 0, "slangBeHumanNum": 0, "slangBeVehicleNum": 0, "slangBeDrugNum": 0, "slangBvNum": 0, "slangBeGeneralRate": 0.0, "slangBeCigaretteRate": 0.0, "slangBeHumanRate": 0.0, "slangBeVehicleRate": 0.0, "slangBeDrugRate": 0.0, "slangBvRate": 0.0, "speechactNum": 0, "quoteNum": 0, "dashNum": 0, "publicNum": 0, "privateNum": 0, "suasiveNum": 0, "discMarkerNum": 0, "smileyNum": 0, "dateNum": 1, "hesitationNum": 0, "restartNum": 0, "repeatNum": 0, "conjBeforeDiscNum": 0, "conjAfterDiscNum": 0, "wordBeforeHesitationNum": 0, "wordAfterHesitationNum": 0, "otherCollocationNum": 0, "speechactRate": 0.0, "quoteRate": 0.0, "dashRate": 0.0, "publicRate": 0.0, "privateRate": 0.0, "suasiveRate": 0.0, "discMarkerRate": 0.0, "smileyRate": 0.0, "dateRate": 0.002183406113537118, "hesitationRate": 0.0, "restartRate": 0.0, "repeatRate": 0.0, "conjBeforeDiscRate": 0.0, "conjAfterDiscRate": 0.0, "wordBeforeHesitationRate": 0.0, "wordAfterHesitationRate": 0.0, "otherCollocationRate": 0.0, "easyWordNum": 435, "hardWordNum": 23, "easyWordRate": 0.9497816593886463, "hardWordRate": 0.05021834061135371, "fleschReadingEaseScore": 82.7460480349345, "gunningFogIndex": 6.337328715554886, "fleschKincaidGradeLevel": 5.641362746574313, "colemanLiauIndex": 7.824111353711789, "smogIndex": 8.131152278815165, "automatedReadabilityIndex": 5.357970938111727, "linsearWriteIndex": 0.8069567836169254, "author": "", "locationNameNum": 2, "locationNameRate": 0.004366812227074236, "personNameNum": 6, "personNameRate": 0.013100436681222707, "organizationNameNum": 1, "organizationNameRate": 0.002183406113537118, "misspelledNum": 12, "misspelledRate": 0.026200873362445413, "missingAccentNum": 6, "missingAccentRate": 0.013100436681222707, "foreignAccentNum": 0, "foreignAccentRate": 0.0, "wordConcatNum": 1, "wordConcatRate": 0.002183406113537118, "jLyMistakeNum": 0, "jLyMistakeRate": 0.0, "freqSuffixNum": 0, "partsNum": 140, "privateVNum": 0, "publicVNum": 0, "clauseWordNum": 63}