{"tokenNum": 353, "sentenceNum": 27, "lemmaNum": 162, "lemmaRate": 0.45892351274787535, "sentenceLength": 13.074074074074074, "allUpperNum": 9, "firstUpperNum": 37, "allUpperRate": 0.025495750708215296, "firstUpperRate": 0.1048158640226629, "declarSentNum": 23, "imperSentNum": 2, "questionNum": 2, "declarSentRate": 0.8518518518518519, "imperSentRate": 0.07407407407407407, "questionRate": 0.07407407407407407, "accent": true, "saturation": 2.9454545454545453, "paragraphNum": 0, "nounNum": 54, "verbNum": 39, "adjNum": 25, "infNum": 1, "partPastNum": 0, "partPresNum": 2, "partFutNum": 0, "transNum": 0, "xNum": 30, "advNum": 38, "properNounNum": 10, "numNum": 2, "conjNum": 23, "punctNum": 88, "pronNum": 21, "relPronNum": 0, "demPronNum": 11, "adposNum": 0, "multiplePunctNum": 3, "phraseNum": 0, "nounRate": 0.1529745042492918, "verbRate": 0.11048158640226628, "adjRate": 0.0708215297450425, "infRate": 0.0028328611898017, "partPastRate": 0.0, "partPresRate": 0.0056657223796034, "partFutRate": 0.0, "transRate": 0.0, "xRate": 0.08498583569405099, "advRate": 0.10764872521246459, "properNounRate": 0.028328611898016998, "numRate": 0.0056657223796034, "conjRate": 0.06515580736543909, "punctRate": 0.24929178470254956, "pronRate": 0.059490084985835696, "relPronRate": 0.0, "demPronRate": 0.031161473087818695, "adposRate": 0.0, "multiplePunctRate": 0.03409090909090909, "partsDensityRate": 2.8363636363636364, "contentfulness": 5.777777777777778, "phraseRate": 0.0, "pastTenseNum": 12, "presentTenseNum": 26, "condNum": 1, "impNum": 3, "freqNum": 0, "causNum": 0, "modalNum": 1, "sg1VerbNum": 14, "sg2VerbNum": 2, "sg3VerbNum": 38, "pl1VerbNum": 1, "pl2VerbNum": 0, "pl3VerbNum": 5, "superlatNum": 0, "comparatNum": 0, "specDerivSuffixNum": 0, "pluralNounNum": 4, "pastTenseRate": 0.3076923076923077, "presentTenseRate": 0.6666666666666666, "condRate": 0.02564102564102564, "impRate": 0.07692307692307693, "freqRate": 0.0, "causRate": 0.0, "modalRate": 0.02564102564102564, "sg1VerbRate": 0.358974358974359, "sg2VerbRate": 0.05128205128205128, "sg3VerbRate": 0.9743589743589743, "pl1VerbRate": 0.02564102564102564, "pl2VerbRate": 0.0, "pl3VerbRate": 0.1282051282051282, "superlatRate": 0.0, "comparatRate": 0.0, "specDerivSuffixRate": 0.0, "pluralNounRate": 0.07407407407407407, "subjNum": 27, "objNum": 12, "attNum": 12, "subordNum": 12, "adverbNum": 41, "coordNum": 16, "clauseNum": 55, "simpleNum": 11, "complexNum": 16, "complexity1Num": 9, "complexity2Num": 4, "complexity3Num": 1, "compoundNum": 0, "subjRate": 0.0764872521246459, "objRate": 0.0339943342776204, "attRate": 0.0339943342776204, "subordRate": 0.0339943342776204, "adverbRate": 0.11614730878186968, "coordRate": 0.0453257790368272, "partsRate": 1.9636363636363636, "clauseRate": 2.037037037037037, "simpleRate": 0.4074074074074074, "complexRate": 0.5925925925925926, "complexity1Rate": 0.3333333333333333, "complexity2Rate": 0.14814814814814814, "complexity3Rate": 0.037037037037037035, "complexClauseRate": 2.75, "sentencesPerParagraph": 0.0, "wordsLengthRate": 4.483018867924528, "compoundRate": 0.0, "positiveNum": 0, "negativeNum": 0, "precoPositiveNum": 0, "precoNegativeNum": 0, "negemoNum": 0, "negationNum": 6, "functionNum": 197, "contentNum": 156, "vulgarNum": 0, "racistNum": 0, "specStyleNum": 0, "addressingNum": 0, "closingNum": 0, "postscriptNum": 0, "brutalNum": 0, "positiveRate": 0.0, "negativeRate": 0.0, "precoPositiveRate": 0.0, "precoNegativeRate": 0.0, "negemoRate": 0.0, "negationRate": 0.0169971671388102, "functionRate": 0.5580736543909348, "contentRate": 0.44192634560906513, "vulgarRate": 0.0, "racistRate": 0.0, "specStyleRate": 0.0, "addressingRate": 0.0, "closingRate": 0.0, "postscriptRate": 0.0, "brutalRate": 0.0, "epistemicNum": 0, "investNum": 0, "conditionNum": 0, "weaselNum": 0, "peacockNum": 0, "hedgeNum": 0, "doxasticNum": 0, "epistemicRate": 0.0, "investRate": 0.0, "conditionRate": 0.0, "weaselRate": 0.0, "peacockRate": 0.0, "hedgeRate": 0.0, "doxasticRate": 0.0, "loveNum": 0, "anxietyNum": 0, "sorrowNum": 0, "joyNum": 0, "disgustNum": 0, "fearNum": 0, "surpriseNum": 0, "angerNum": 0, "loveRate": 0.0, "anxietyRate": 0.0, "sorrowRate": 0.0, "joyRate": 0.0, "disgustRate": 0.0, "fearRate": 0.0, "surpriseRate": 0.0, "angerRate": 0.0, "slangBeGeneralNum": 0, "slangBeCigaretteNum": 0, "slangBeHumanNum": 0, "slangBeVehicleNum": 0, "slangBeDrugNum": 0, "slangBvNum": 0, "slangBeGeneralRate": 0.0, "slangBeCigaretteRate": 0.0, "slangBeHumanRate": 0.0, "slangBeVehicleRate": 0.0, "slangBeDrugRate": 0.0, "slangBvRate": 0.0, "speechactNum": 0, "quoteNum": 1, "dashNum": 0, "publicNum": 0, "privateNum": 0, "suasiveNum": 0, "discMarkerNum": 0, "smileyNum": 0, "dateNum": 0, "hesitationNum": 0, "restartNum": 0, "repeatNum": 4, "conjBeforeDiscNum": 0, "conjAfterDiscNum": 0, "wordBeforeHesitationNum": 0, "wordAfterHesitationNum": 0, "otherCollocationNum": 0, "speechactRate": 0.0, "quoteRate": 0.0028328611898017, "dashRate": 0.0, "publicRate": 0.0, "privateRate": 0.0, "suasiveRate": 0.0, "discMarkerRate": 0.0, "smileyRate": 0.0, "dateRate": 0.0, "hesitationRate": 0.0, "restartRate": 0.0, "repeatRate": 0.0113314447592068, "conjBeforeDiscRate": 0.0, "conjAfterDiscRate": 0.0, "wordBeforeHesitationRate": 0.0, "wordAfterHesitationRate": 0.0, "otherCollocationRate": 0.0, "easyWordNum": 339, "hardWordNum": 14, "easyWordRate": 0.9603399433427762, "hardWordRate": 0.039660056657223795, "fleschReadingEaseScore": 101.05603294512646, "gunningFogIndex": 5.24549365229252, "fleschKincaidGradeLevel": 2.412005036197673, "colemanLiauIndex": 5.156824362606233, "smogIndex": 7.03164865440522, "automatedReadabilityIndex": 1.8655639492183411, "linsearWriteIndex": 0.862343930332599, "author": "", "locationNameNum": 1, "locationNameRate": 0.0028328611898017, "personNameNum": 3, "personNameRate": 0.0084985835694051, "organizationNameNum": 0, "organizationNameRate": 0.0, "misspelledNum": 9, "misspelledRate": 0.025495750708215296, "missingAccentNum": 2, "missingAccentRate": 0.0056657223796034, "foreignAccentNum": 0, "foreignAccentRate": 0.0, "wordConcatNum": 1, "wordConcatRate": 0.0028328611898017, "jLyMistakeNum": 0, "jLyMistakeRate": 0.0, "freqSuffixNum": 0, "partsNum": 108, "privateVNum": 0, "publicVNum": 0, "clauseWordNum": 55}