{"tokenNum": 424, "sentenceNum": 21, "lemmaNum": 198, "lemmaRate": 0.4669811320754717, "sentenceLength": 20.19047619047619, "allUpperNum": 0, "firstUpperNum": 21, "allUpperRate": 0.0, "firstUpperRate": 0.049528301886792456, "declarSentNum": 21, "imperSentNum": 0, "questionNum": 0, "declarSentRate": 1.0, "imperSentRate": 0.0, "questionRate": 0.0, "accent": true, "saturation": 3.5357142857142856, "paragraphNum": 0, "nounNum": 58, "verbNum": 52, "adjNum": 36, "infNum": 9, "partPastNum": 1, "partPresNum": 0, "partFutNum": 0, "transNum": 1, "xNum": 22, "advNum": 54, "properNounNum": 0, "numNum": 2, "conjNum": 39, "punctNum": 91, "pronNum": 32, "relPronNum": 6, "demPronNum": 26, "adposNum": 4, "multiplePunctNum": 11, "phraseNum": 0, "nounRate": 0.13679245283018868, "verbRate": 0.12264150943396226, "adjRate": 0.08490566037735849, "infRate": 0.02122641509433962, "partPastRate": 0.0023584905660377358, "partPresRate": 0.0, "partFutRate": 0.0, "transRate": 0.0023584905660377358, "xRate": 0.05188679245283019, "advRate": 0.12735849056603774, "properNounRate": 0.0, "numRate": 0.0047169811320754715, "conjRate": 0.09198113207547169, "punctRate": 0.21462264150943397, "pronRate": 0.07547169811320754, "relPronRate": 0.014150943396226415, "demPronRate": 0.06132075471698113, "adposRate": 0.009433962264150943, "multiplePunctRate": 0.12087912087912088, "partsDensityRate": 3.5714285714285716, "contentfulness": 9.523809523809524, "phraseRate": 0.0, "pastTenseNum": 15, "presentTenseNum": 29, "condNum": 2, "impNum": 4, "freqNum": 0, "causNum": 0, "modalNum": 1, "sg1VerbNum": 19, "sg2VerbNum": 0, "sg3VerbNum": 46, "pl1VerbNum": 4, "pl2VerbNum": 2, "pl3VerbNum": 7, "superlatNum": 0, "comparatNum": 0, "specDerivSuffixNum": 0, "pluralNounNum": 15, "pastTenseRate": 0.28846153846153844, "presentTenseRate": 0.5576923076923077, "condRate": 0.038461538461538464, "impRate": 0.07692307692307693, "freqRate": 0.0, "causRate": 0.0, "modalRate": 0.019230769230769232, "sg1VerbRate": 0.36538461538461536, "sg2VerbRate": 0.0, "sg3VerbRate": 0.8846153846153846, "pl1VerbRate": 0.07692307692307693, "pl2VerbRate": 0.038461538461538464, "pl3VerbRate": 0.1346153846153846, "superlatRate": 0.0, "comparatRate": 0.0, "specDerivSuffixRate": 0.0, "pluralNounRate": 0.25862068965517243, "subjNum": 23, "objNum": 11, "attNum": 18, "subordNum": 15, "adverbNum": 67, "coordNum": 32, "clauseNum": 56, "simpleNum": 6, "complexNum": 15, "complexity1Num": 6, "complexity2Num": 5, "complexity3Num": 1, "compoundNum": 0, "subjRate": 0.054245283018867926, "objRate": 0.025943396226415096, "attRate": 0.04245283018867924, "subordRate": 0.03537735849056604, "adverbRate": 0.1580188679245283, "coordRate": 0.07547169811320754, "partsRate": 2.6964285714285716, "clauseRate": 2.6666666666666665, "simpleRate": 0.2857142857142857, "complexRate": 0.7142857142857143, "complexity1Rate": 0.2857142857142857, "complexity2Rate": 0.23809523809523808, "complexity3Rate": 0.047619047619047616, "complexClauseRate": 3.3333333333333335, "sentencesPerParagraph": 0.0, "wordsLengthRate": 5.45045045045045, "compoundRate": 0.0, "positiveNum": 0, "negativeNum": 0, "precoPositiveNum": 0, "precoNegativeNum": 0, "negemoNum": 0, "negationNum": 11, "functionNum": 224, "contentNum": 200, "vulgarNum": 0, "racistNum": 0, "specStyleNum": 0, "addressingNum": 0, "closingNum": 0, "postscriptNum": 0, "brutalNum": 0, "positiveRate": 0.0, "negativeRate": 0.0, "precoPositiveRate": 0.0, "precoNegativeRate": 0.0, "negemoRate": 0.0, "negationRate": 0.025943396226415096, "functionRate": 0.5283018867924528, "contentRate": 0.4716981132075472, "vulgarRate": 0.0, "racistRate": 0.0, "specStyleRate": 0.0, "addressingRate": 0.0, "closingRate": 0.0, "postscriptRate": 0.0, "brutalRate": 0.0, "epistemicNum": 0, "investNum": 0, "conditionNum": 0, "weaselNum": 0, "peacockNum": 0, "hedgeNum": 0, "doxasticNum": 0, "epistemicRate": 0.0, "investRate": 0.0, "conditionRate": 0.0, "weaselRate": 0.0, "peacockRate": 0.0, "hedgeRate": 0.0, "doxasticRate": 0.0, "loveNum": 0, "anxietyNum": 0, "sorrowNum": 0, "joyNum": 0, "disgustNum": 0, "fearNum": 0, "surpriseNum": 0, "angerNum": 0, "loveRate": 0.0, "anxietyRate": 0.0, "sorrowRate": 0.0, "joyRate": 0.0, "disgustRate": 0.0, "fearRate": 0.0, "surpriseRate": 0.0, "angerRate": 0.0, "slangBeGeneralNum": 0, "slangBeCigaretteNum": 0, "slangBeHumanNum": 0, "slangBeVehicleNum": 0, "slangBeDrugNum": 0, "slangBvNum": 0, "slangBeGeneralRate": 0.0, "slangBeCigaretteRate": 0.0, "slangBeHumanRate": 0.0, "slangBeVehicleRate": 0.0, "slangBeDrugRate": 0.0, "slangBvRate": 0.0, "speechactNum": 0, "quoteNum": 0, "dashNum": 0, "publicNum": 0, "privateNum": 0, "suasiveNum": 0, "discMarkerNum": 0, "smileyNum": 2, "dateNum": 0, "hesitationNum": 0, "restartNum": 0, "repeatNum": 0, "conjBeforeDiscNum": 0, "conjAfterDiscNum": 0, "wordBeforeHesitationNum": 0, "wordAfterHesitationNum": 0, "otherCollocationNum": 0, "speechactRate": 0.0, "quoteRate": 0.0, "dashRate": 0.0, "publicRate": 0.0, "privateRate": 0.0, "suasiveRate": 0.0, "discMarkerRate": 0.0, "smileyRate": 0.0047169811320754715, "dateRate": 0.0, "hesitationRate": 0.0, "restartRate": 0.0, "repeatRate": 0.0, "conjBeforeDiscRate": 0.0, "conjAfterDiscRate": 0.0, "wordBeforeHesitationRate": 0.0, "wordAfterHesitationRate": 0.0, "otherCollocationRate": 0.0, "easyWordNum": 389, "hardWordNum": 35, "easyWordRate": 0.9174528301886793, "hardWordRate": 0.08254716981132075, "fleschReadingEaseScore": 64.42987421383648, "gunningFogIndex": 8.107322551662175, "fleschKincaidGradeLevel": 9.288530997304587, "colemanLiauIndex": 10.649285377358492, "smogIndex": 9.2995712137729, "automatedReadabilityIndex": 9.815804132973945, "linsearWriteIndex": 1.6561096136567834, "author": "", "locationNameNum": 0, "locationNameRate": 0.0, "personNameNum": 1, "personNameRate": 0.0023584905660377358, "organizationNameNum": 0, "organizationNameRate": 0.0, "misspelledNum": 3, "misspelledRate": 0.007075471698113208, "missingAccentNum": 0, "missingAccentRate": 0.0, "foreignAccentNum": 0, "foreignAccentRate": 0.0, "wordConcatNum": 1, "wordConcatRate": 0.0023584905660377358, "jLyMistakeNum": 1, "jLyMistakeRate": 0.0023584905660377358, "freqSuffixNum": 0, "partsNum": 151, "privateVNum": 0, "publicVNum": 0, "clauseWordNum": 56}