{"tokenNum": 356, "sentenceNum": 20, "lemmaNum": 176, "lemmaRate": 0.4943820224719101, "sentenceLength": 17.8, "allUpperNum": 7, "firstUpperNum": 31, "allUpperRate": 0.019662921348314606, "firstUpperRate": 0.08707865168539326, "declarSentNum": 20, "imperSentNum": 0, "questionNum": 0, "declarSentRate": 1.0, "imperSentRate": 0.0, "questionRate": 0.0, "accent": true, "saturation": 3.6666666666666665, "paragraphNum": 0, "nounNum": 72, "verbNum": 48, "adjNum": 22, "infNum": 7, "partPastNum": 1, "partPresNum": 2, "partFutNum": 0, "transNum": 0, "xNum": 19, "advNum": 34, "properNounNum": 10, "numNum": 4, "conjNum": 29, "punctNum": 52, "pronNum": 24, "relPronNum": 4, "demPronNum": 22, "adposNum": 3, "multiplePunctNum": 0, "phraseNum": 0, "nounRate": 0.20224719101123595, "verbRate": 0.1348314606741573, "adjRate": 0.06179775280898876, "infRate": 0.019662921348314606, "partPastRate": 0.0028089887640449437, "partPresRate": 0.0056179775280898875, "partFutRate": 0.0, "transRate": 0.0, "xRate": 0.05337078651685393, "advRate": 0.09550561797752809, "properNounRate": 0.028089887640449437, "numRate": 0.011235955056179775, "conjRate": 0.08146067415730338, "punctRate": 0.14606741573033707, "pronRate": 0.06741573033707865, "relPronRate": 0.011235955056179775, "demPronRate": 0.06179775280898876, "adposRate": 0.008426966292134831, "multiplePunctRate": 0.0, "partsDensityRate": 3.6666666666666665, "contentfulness": 8.8, "phraseRate": 0.0, "pastTenseNum": 8, "presentTenseNum": 33, "condNum": 1, "impNum": 1, "freqNum": 0, "causNum": 0, "modalNum": 2, "sg1VerbNum": 5, "sg2VerbNum": 0, "sg3VerbNum": 50, "pl1VerbNum": 5, "pl2VerbNum": 0, "pl3VerbNum": 8, "superlatNum": 0, "comparatNum": 0, "specDerivSuffixNum": 0, "pluralNounNum": 10, "pastTenseRate": 0.16666666666666666, "presentTenseRate": 0.6875, "condRate": 0.020833333333333332, "impRate": 0.020833333333333332, "freqRate": 0.0, "causRate": 0.0, "modalRate": 0.041666666666666664, "sg1VerbRate": 0.10416666666666667, "sg2VerbRate": 0.0, "sg3VerbRate": 1.0416666666666667, "pl1VerbRate": 0.10416666666666667, "pl2VerbRate": 0.0, "pl3VerbRate": 0.16666666666666666, "superlatRate": 0.0, "comparatRate": 0.0, "specDerivSuffixRate": 0.0, "pluralNounRate": 0.1388888888888889, "subjNum": 28, "objNum": 18, "attNum": 14, "subordNum": 19, "adverbNum": 42, "coordNum": 8, "clauseNum": 48, "simpleNum": 6, "complexNum": 14, "complexity1Num": 5, "complexity2Num": 7, "complexity3Num": 1, "compoundNum": 0, "subjRate": 0.07865168539325842, "objRate": 0.05056179775280899, "attRate": 0.03932584269662921, "subordRate": 0.05337078651685393, "adverbRate": 0.11797752808988764, "coordRate": 0.02247191011235955, "partsRate": 2.2916666666666665, "clauseRate": 2.4, "simpleRate": 0.3, "complexRate": 0.7, "complexity1Rate": 0.25, "complexity2Rate": 0.35, "complexity3Rate": 0.05, "complexClauseRate": 3.0, "sentencesPerParagraph": 0.0, "wordsLengthRate": 5.615131578947368, "compoundRate": 0.0, "positiveNum": 0, "negativeNum": 0, "precoPositiveNum": 0, "precoNegativeNum": 0, "negemoNum": 0, "negationNum": 6, "functionNum": 180, "contentNum": 176, "vulgarNum": 0, "racistNum": 0, "specStyleNum": 0, "addressingNum": 0, "closingNum": 0, "postscriptNum": 0, "brutalNum": 0, "positiveRate": 0.0, "negativeRate": 0.0, "precoPositiveRate": 0.0, "precoNegativeRate": 0.0, "negemoRate": 0.0, "negationRate": 0.016853932584269662, "functionRate": 0.5056179775280899, "contentRate": 0.4943820224719101, "vulgarRate": 0.0, "racistRate": 0.0, "specStyleRate": 0.0, "addressingRate": 0.0, "closingRate": 0.0, "postscriptRate": 0.0, "brutalRate": 0.0, "epistemicNum": 0, "investNum": 0, "conditionNum": 0, "weaselNum": 0, "peacockNum": 0, "hedgeNum": 0, "doxasticNum": 0, "epistemicRate": 0.0, "investRate": 0.0, "conditionRate": 0.0, "weaselRate": 0.0, "peacockRate": 0.0, "hedgeRate": 0.0, "doxasticRate": 0.0, "loveNum": 0, "anxietyNum": 0, "sorrowNum": 0, "joyNum": 0, "disgustNum": 0, "fearNum": 0, "surpriseNum": 0, "angerNum": 0, "loveRate": 0.0, "anxietyRate": 0.0, "sorrowRate": 0.0, "joyRate": 0.0, "disgustRate": 0.0, "fearRate": 0.0, "surpriseRate": 0.0, "angerRate": 0.0, "slangBeGeneralNum": 0, "slangBeCigaretteNum": 0, "slangBeHumanNum": 0, "slangBeVehicleNum": 0, "slangBeDrugNum": 0, "slangBvNum": 0, "slangBeGeneralRate": 0.0, "slangBeCigaretteRate": 0.0, "slangBeHumanRate": 0.0, "slangBeVehicleRate": 0.0, "slangBeDrugRate": 0.0, "slangBvRate": 0.0, "speechactNum": 0, "quoteNum": 0, "dashNum": 0, "publicNum": 0, "privateNum": 0, "suasiveNum": 0, "discMarkerNum": 0, "smileyNum": 0, "dateNum": 0, "hesitationNum": 0, "restartNum": 0, "repeatNum": 0, "conjBeforeDiscNum": 0, "conjAfterDiscNum": 0, "wordBeforeHesitationNum": 0, "wordAfterHesitationNum": 0, "otherCollocationNum": 0, "speechactRate": 0.0, "quoteRate": 0.0, "dashRate": 0.0, "publicRate": 0.0, "privateRate": 0.0, "suasiveRate": 0.0, "discMarkerRate": 0.0, "smileyRate": 0.0, "dateRate": 0.0, "hesitationRate": 0.0, "restartRate": 0.0, "repeatRate": 0.0, "conjBeforeDiscRate": 0.0, "conjAfterDiscRate": 0.0, "wordBeforeHesitationRate": 0.0, "wordAfterHesitationRate": 0.0, "otherCollocationRate": 0.0, "easyWordNum": 320, "hardWordNum": 36, "easyWordRate": 0.898876404494382, "hardWordRate": 0.10112359550561797, "fleschReadingEaseScore": 56.16462921348315, "gunningFogIndex": 7.159325842696631, "fleschKincaidGradeLevel": 9.847505617977529, "colemanLiauIndex": 12.988033707865167, "smogIndex": 9.3871, "automatedReadabilityIndex": 10.490786516853937, "linsearWriteIndex": 1.8721910112359552, "author": "", "locationNameNum": 0, "locationNameRate": 0.0, "personNameNum": 2, "personNameRate": 0.0056179775280898875, "organizationNameNum": 8, "organizationNameRate": 0.02247191011235955, "misspelledNum": 11, "misspelledRate": 0.03089887640449438, "missingAccentNum": 7, "missingAccentRate": 0.019662921348314606, "foreignAccentNum": 0, "foreignAccentRate": 0.0, "wordConcatNum": 3, "wordConcatRate": 0.008426966292134831, "jLyMistakeNum": 0, "jLyMistakeRate": 0.0, "freqSuffixNum": 0, "partsNum": 110, "privateVNum": 0, "publicVNum": 0, "clauseWordNum": 48}