{"tokenNum": 411, "sentenceNum": 29, "lemmaNum": 181, "lemmaRate": 0.44038929440389296, "sentenceLength": 14.172413793103448, "allUpperNum": 2, "firstUpperNum": 36, "allUpperRate": 0.004866180048661801, "firstUpperRate": 0.08759124087591241, "declarSentNum": 29, "imperSentNum": 0, "questionNum": 0, "declarSentRate": 1.0, "imperSentRate": 0.0, "questionRate": 0.0, "accent": false, "saturation": 2.661764705882353, "paragraphNum": 0, "nounNum": 49, "verbNum": 68, "adjNum": 22, "infNum": 6, "partPastNum": 0, "partPresNum": 2, "partFutNum": 0, "transNum": 2, "xNum": 28, "advNum": 51, "properNounNum": 4, "numNum": 7, "conjNum": 43, "punctNum": 81, "pronNum": 22, "relPronNum": 3, "demPronNum": 23, "adposNum": 3, "multiplePunctNum": 1, "phraseNum": 0, "nounRate": 0.1192214111922141, "verbRate": 0.1654501216545012, "adjRate": 0.0535279805352798, "infRate": 0.014598540145985401, "partPastRate": 0.0, "partPresRate": 0.004866180048661801, "partFutRate": 0.0, "transRate": 0.004866180048661801, "xRate": 0.0681265206812652, "advRate": 0.12408759124087591, "properNounRate": 0.009732360097323601, "numRate": 0.0170316301703163, "conjRate": 0.10462287104622871, "punctRate": 0.19708029197080293, "pronRate": 0.0535279805352798, "relPronRate": 0.0072992700729927005, "demPronRate": 0.05596107055961071, "adposRate": 0.0072992700729927005, "multiplePunctRate": 0.012345679012345678, "partsDensityRate": 2.7941176470588234, "contentfulness": 6.551724137931035, "phraseRate": 0.0, "pastTenseNum": 39, "presentTenseNum": 23, "condNum": 2, "impNum": 4, "freqNum": 0, "causNum": 0, "modalNum": 1, "sg1VerbNum": 28, "sg2VerbNum": 0, "sg3VerbNum": 51, "pl1VerbNum": 4, "pl2VerbNum": 0, "pl3VerbNum": 3, "superlatNum": 0, "comparatNum": 2, "specDerivSuffixNum": 0, "pluralNounNum": 7, "pastTenseRate": 0.5735294117647058, "presentTenseRate": 0.3382352941176471, "condRate": 0.029411764705882353, "impRate": 0.058823529411764705, "freqRate": 0.0, "causRate": 0.0, "modalRate": 0.014705882352941176, "sg1VerbRate": 0.4117647058823529, "sg2VerbRate": 0.0, "sg3VerbRate": 0.75, "pl1VerbRate": 0.058823529411764705, "pl2VerbRate": 0.0, "pl3VerbRate": 0.04411764705882353, "superlatRate": 0.0, "comparatRate": 0.09090909090909091, "specDerivSuffixRate": 0.0, "pluralNounRate": 0.14285714285714285, "subjNum": 20, "objNum": 14, "attNum": 11, "subordNum": 23, "adverbNum": 60, "coordNum": 16, "clauseNum": 68, "simpleNum": 12, "complexNum": 16, "complexity1Num": 4, "complexity2Num": 5, "complexity3Num": 4, "compoundNum": 0, "subjRate": 0.04866180048661801, "objRate": 0.0340632603406326, "attRate": 0.0267639902676399, "subordRate": 0.05596107055961071, "adverbRate": 0.145985401459854, "coordRate": 0.038929440389294405, "partsRate": 1.7794117647058822, "clauseRate": 2.3448275862068964, "simpleRate": 0.41379310344827586, "complexRate": 0.5517241379310345, "complexity1Rate": 0.13793103448275862, "complexity2Rate": 0.1724137931034483, "complexity3Rate": 0.13793103448275862, "complexClauseRate": 3.5, "sentencesPerParagraph": 0.0, "wordsLengthRate": 5.036363636363636, "compoundRate": 0.0, "positiveNum": 0, "negativeNum": 0, "precoPositiveNum": 0, "precoNegativeNum": 0, "negemoNum": 0, "negationNum": 7, "functionNum": 221, "contentNum": 190, "vulgarNum": 0, "racistNum": 0, "specStyleNum": 0, "addressingNum": 0, "closingNum": 0, "postscriptNum": 0, "brutalNum": 0, "positiveRate": 0.0, "negativeRate": 0.0, "precoPositiveRate": 0.0, "precoNegativeRate": 0.0, "negemoRate": 0.0, "negationRate": 0.0170316301703163, "functionRate": 0.537712895377129, "contentRate": 0.46228710462287104, "vulgarRate": 0.0, "racistRate": 0.0, "specStyleRate": 0.0, "addressingRate": 0.0, "closingRate": 0.0, "postscriptRate": 0.0, "brutalRate": 0.0, "epistemicNum": 0, "investNum": 0, "conditionNum": 0, "weaselNum": 0, "peacockNum": 0, "hedgeNum": 0, "doxasticNum": 0, "epistemicRate": 0.0, "investRate": 0.0, "conditionRate": 0.0, "weaselRate": 0.0, "peacockRate": 0.0, "hedgeRate": 0.0, "doxasticRate": 0.0, "loveNum": 0, "anxietyNum": 0, "sorrowNum": 0, "joyNum": 0, "disgustNum": 0, "fearNum": 0, "surpriseNum": 0, "angerNum": 0, "loveRate": 0.0, "anxietyRate": 0.0, "sorrowRate": 0.0, "joyRate": 0.0, "disgustRate": 0.0, "fearRate": 0.0, "surpriseRate": 0.0, "angerRate": 0.0, "slangBeGeneralNum": 0, "slangBeCigaretteNum": 0, "slangBeHumanNum": 0, "slangBeVehicleNum": 0, "slangBeDrugNum": 0, "slangBvNum": 0, "slangBeGeneralRate": 0.0, "slangBeCigaretteRate": 0.0, "slangBeHumanRate": 0.0, "slangBeVehicleRate": 0.0, "slangBeDrugRate": 0.0, "slangBvRate": 0.0, "speechactNum": 0, "quoteNum": 0, "dashNum": 0, "publicNum": 0, "privateNum": 0, "suasiveNum": 0, "discMarkerNum": 0, "smileyNum": 0, "dateNum": 0, "hesitationNum": 0, "restartNum": 0, "repeatNum": 0, "conjBeforeDiscNum": 0, "conjAfterDiscNum": 0, "wordBeforeHesitationNum": 0, "wordAfterHesitationNum": 0, "otherCollocationNum": 0, "speechactRate": 0.0, "quoteRate": 0.0, "dashRate": 0.0, "publicRate": 0.0, "privateRate": 0.0, "suasiveRate": 0.0, "discMarkerRate": 0.0, "smileyRate": 0.0, "dateRate": 0.0, "hesitationRate": 0.0, "restartRate": 0.0, "repeatRate": 0.0, "conjBeforeDiscRate": 0.0, "conjAfterDiscRate": 0.0, "wordBeforeHesitationRate": 0.0, "wordAfterHesitationRate": 0.0, "otherCollocationRate": 0.0, "easyWordNum": 392, "hardWordNum": 19, "easyWordRate": 0.9537712895377128, "hardWordRate": 0.046228710462287104, "fleschReadingEaseScore": 85.00182481751827, "gunningFogIndex": 5.687457001426295, "fleschKincaidGradeLevel": 4.924102693178959, "colemanLiauIndex": 8.791613138686127, "smogIndex": 7.675431598112922, "automatedReadabilityIndex": 5.32131638560282, "linsearWriteIndex": 0.766087759040188, "author": "", "locationNameNum": 2, "locationNameRate": 0.004866180048661801, "personNameNum": 1, "personNameRate": 0.0024330900243309003, "organizationNameNum": 0, "organizationNameRate": 0.0, "misspelledNum": 106, "misspelledRate": 0.25790754257907544, "missingAccentNum": 103, "missingAccentRate": 0.25060827250608275, "foreignAccentNum": 0, "foreignAccentRate": 0.0, "wordConcatNum": 0, "wordConcatRate": 0.0, "jLyMistakeNum": 0, "jLyMistakeRate": 0.0, "freqSuffixNum": 0, "partsNum": 121, "privateVNum": 0, "publicVNum": 0, "clauseWordNum": 68}