{"tokenNum": 404, "sentenceNum": 26, "lemmaNum": 195, "lemmaRate": 0.48267326732673266, "sentenceLength": 15.538461538461538, "allUpperNum": 1, "firstUpperNum": 4, "allUpperRate": 0.0024752475247524753, "firstUpperRate": 0.009900990099009901, "declarSentNum": 25, "imperSentNum": 0, "questionNum": 1, "declarSentRate": 0.9615384615384616, "imperSentRate": 0.0, "questionRate": 0.038461538461538464, "accent": true, "saturation": 3.823529411764706, "paragraphNum": 0, "nounNum": 61, "verbNum": 56, "adjNum": 36, "infNum": 6, "partPastNum": 2, "partPresNum": 2, "partFutNum": 0, "transNum": 0, "xNum": 9, "advNum": 66, "properNounNum": 5, "numNum": 6, "conjNum": 21, "punctNum": 59, "pronNum": 24, "relPronNum": 6, "demPronNum": 21, "adposNum": 5, "multiplePunctNum": 0, "phraseNum": 0, "nounRate": 0.15099009900990099, "verbRate": 0.13861386138613863, "adjRate": 0.0891089108910891, "infRate": 0.01485148514851485, "partPastRate": 0.0049504950495049506, "partPresRate": 0.0049504950495049506, "partFutRate": 0.0, "transRate": 0.0, "xRate": 0.022277227722772276, "advRate": 0.16336633663366337, "properNounRate": 0.012376237623762377, "numRate": 0.01485148514851485, "conjRate": 0.05198019801980198, "punctRate": 0.14603960396039603, "pronRate": 0.0594059405940594, "relPronRate": 0.01485148514851485, "demPronRate": 0.05198019801980198, "adposRate": 0.012376237623762377, "multiplePunctRate": 0.0, "partsDensityRate": 4.294117647058823, "contentfulness": 8.423076923076923, "phraseRate": 0.0, "pastTenseNum": 9, "presentTenseNum": 41, "condNum": 2, "impNum": 13, "freqNum": 0, "causNum": 0, "modalNum": 3, "sg1VerbNum": 11, "sg2VerbNum": 12, "sg3VerbNum": 40, "pl1VerbNum": 3, "pl2VerbNum": 0, "pl3VerbNum": 12, "superlatNum": 0, "comparatNum": 0, "specDerivSuffixNum": 0, "pluralNounNum": 9, "pastTenseRate": 0.16071428571428573, "presentTenseRate": 0.7321428571428571, "condRate": 0.03571428571428571, "impRate": 0.23214285714285715, "freqRate": 0.0, "causRate": 0.0, "modalRate": 0.05357142857142857, "sg1VerbRate": 0.19642857142857142, "sg2VerbRate": 0.21428571428571427, "sg3VerbRate": 0.7142857142857143, "pl1VerbRate": 0.05357142857142857, "pl2VerbRate": 0.0, "pl3VerbRate": 0.21428571428571427, "superlatRate": 0.0, "comparatRate": 0.0, "specDerivSuffixRate": 0.0, "pluralNounRate": 0.14754098360655737, "subjNum": 24, "objNum": 21, "attNum": 27, "subordNum": 15, "adverbNum": 72, "coordNum": 9, "clauseNum": 51, "simpleNum": 9, "complexNum": 17, "complexity1Num": 11, "complexity2Num": 4, "complexity3Num": 2, "compoundNum": 0, "subjRate": 0.0594059405940594, "objRate": 0.05198019801980198, "attRate": 0.06683168316831684, "subordRate": 0.03712871287128713, "adverbRate": 0.1782178217821782, "coordRate": 0.022277227722772276, "partsRate": 3.0, "clauseRate": 1.9615384615384615, "simpleRate": 0.34615384615384615, "complexRate": 0.6538461538461539, "complexity1Rate": 0.4230769230769231, "complexity2Rate": 0.15384615384615385, "complexity3Rate": 0.07692307692307693, "complexClauseRate": 2.4705882352941178, "sentencesPerParagraph": 0.0, "wordsLengthRate": 4.884057971014493, "compoundRate": 0.0, "positiveNum": 0, "negativeNum": 0, "precoPositiveNum": 0, "precoNegativeNum": 0, "negemoNum": 0, "negationNum": 9, "functionNum": 185, "contentNum": 219, "vulgarNum": 0, "racistNum": 0, "specStyleNum": 0, "addressingNum": 0, "closingNum": 0, "postscriptNum": 0, "brutalNum": 0, "positiveRate": 0.0, "negativeRate": 0.0, "precoPositiveRate": 0.0, "precoNegativeRate": 0.0, "negemoRate": 0.0, "negationRate": 0.022277227722772276, "functionRate": 0.45792079207920794, "contentRate": 0.5420792079207921, "vulgarRate": 0.0, "racistRate": 0.0, "specStyleRate": 0.0, "addressingRate": 0.0, "closingRate": 0.0, "postscriptRate": 0.0, "brutalRate": 0.0, "epistemicNum": 0, "investNum": 0, "conditionNum": 0, "weaselNum": 0, "peacockNum": 0, "hedgeNum": 0, "doxasticNum": 0, "epistemicRate": 0.0, "investRate": 0.0, "conditionRate": 0.0, "weaselRate": 0.0, "peacockRate": 0.0, "hedgeRate": 0.0, "doxasticRate": 0.0, "loveNum": 0, "anxietyNum": 0, "sorrowNum": 0, "joyNum": 0, "disgustNum": 0, "fearNum": 0, "surpriseNum": 0, "angerNum": 0, "loveRate": 0.0, "anxietyRate": 0.0, "sorrowRate": 0.0, "joyRate": 0.0, "disgustRate": 0.0, "fearRate": 0.0, "surpriseRate": 0.0, "angerRate": 0.0, "slangBeGeneralNum": 0, "slangBeCigaretteNum": 0, "slangBeHumanNum": 0, "slangBeVehicleNum": 0, "slangBeDrugNum": 0, "slangBvNum": 0, "slangBeGeneralRate": 0.0, "slangBeCigaretteRate": 0.0, "slangBeHumanRate": 0.0, "slangBeVehicleRate": 0.0, "slangBeDrugRate": 0.0, "slangBvRate": 0.0, "speechactNum": 0, "quoteNum": 0, "dashNum": 0, "publicNum": 0, "privateNum": 0, "suasiveNum": 0, "discMarkerNum": 0, "smileyNum": 0, "dateNum": 0, "hesitationNum": 0, "restartNum": 0, "repeatNum": 1, "conjBeforeDiscNum": 0, "conjAfterDiscNum": 0, "wordBeforeHesitationNum": 0, "wordAfterHesitationNum": 0, "otherCollocationNum": 0, "speechactRate": 0.0, "quoteRate": 0.0, "dashRate": 0.0, "publicRate": 0.0, "privateRate": 0.0, "suasiveRate": 0.0, "discMarkerRate": 0.0, "smileyRate": 0.0, "dateRate": 0.0, "hesitationRate": 0.0, "restartRate": 0.0, "repeatRate": 0.0024752475247524753, "conjBeforeDiscRate": 0.0, "conjAfterDiscRate": 0.0, "wordBeforeHesitationRate": 0.0, "wordAfterHesitationRate": 0.0, "otherCollocationRate": 0.0, "easyWordNum": 387, "hardWordNum": 17, "easyWordRate": 0.9579207920792079, "hardWordRate": 0.04207920792079208, "fleschReadingEaseScore": 74.00554074638237, "gunningFogIndex": 6.232216298552933, "fleschKincaidGradeLevel": 6.797227722772281, "colemanLiauIndex": 9.392678217821782, "smogIndex": 7.42949916751922, "automatedReadabilityIndex": 6.484973343488196, "linsearWriteIndex": 1.0468392993145468, "author": "", "locationNameNum": 0, "locationNameRate": 0.0, "personNameNum": 0, "personNameRate": 0.0, "organizationNameNum": 0, "organizationNameRate": 0.0, "misspelledNum": 12, "misspelledRate": 0.0297029702970297, "missingAccentNum": 6, "missingAccentRate": 0.01485148514851485, "foreignAccentNum": 0, "foreignAccentRate": 0.0, "wordConcatNum": 1, "wordConcatRate": 0.0024752475247524753, "jLyMistakeNum": 0, "jLyMistakeRate": 0.0, "freqSuffixNum": 0, "partsNum": 153, "privateVNum": 0, "publicVNum": 0, "clauseWordNum": 51}