{"tokenNum": 316, "sentenceNum": 21, "lemmaNum": 161, "lemmaRate": 0.509493670886076, "sentenceLength": 15.047619047619047, "allUpperNum": 5, "firstUpperNum": 34, "allUpperRate": 0.015822784810126583, "firstUpperRate": 0.10759493670886076, "declarSentNum": 21, "imperSentNum": 0, "questionNum": 0, "declarSentRate": 1.0, "imperSentRate": 0.0, "questionRate": 0.0, "accent": true, "saturation": 4.128205128205129, "paragraphNum": 0, "nounNum": 74, "verbNum": 33, "adjNum": 27, "infNum": 3, "partPastNum": 1, "partPresNum": 2, "partFutNum": 0, "transNum": 0, "xNum": 20, "advNum": 30, "properNounNum": 13, "numNum": 1, "conjNum": 21, "punctNum": 46, "pronNum": 19, "relPronNum": 2, "demPronNum": 16, "adposNum": 3, "multiplePunctNum": 0, "phraseNum": 0, "nounRate": 0.23417721518987342, "verbRate": 0.10443037974683544, "adjRate": 0.08544303797468354, "infRate": 0.00949367088607595, "partPastRate": 0.0031645569620253164, "partPresRate": 0.006329113924050633, "partFutRate": 0.0, "transRate": 0.0, "xRate": 0.06329113924050633, "advRate": 0.0949367088607595, "properNounRate": 0.04113924050632911, "numRate": 0.0031645569620253164, "conjRate": 0.06645569620253164, "punctRate": 0.14556962025316456, "pronRate": 0.060126582278481014, "relPronRate": 0.006329113924050633, "demPronRate": 0.05063291139240506, "adposRate": 0.00949367088607595, "multiplePunctRate": 0.0, "partsDensityRate": 4.205128205128205, "contentfulness": 7.809523809523809, "phraseRate": 0.0, "pastTenseNum": 3, "presentTenseNum": 27, "condNum": 1, "impNum": 0, "freqNum": 0, "causNum": 0, "modalNum": 4, "sg1VerbNum": 12, "sg2VerbNum": 0, "sg3VerbNum": 33, "pl1VerbNum": 2, "pl2VerbNum": 0, "pl3VerbNum": 5, "superlatNum": 0, "comparatNum": 2, "specDerivSuffixNum": 0, "pluralNounNum": 7, "pastTenseRate": 0.09090909090909091, "presentTenseRate": 0.8181818181818182, "condRate": 0.030303030303030304, "impRate": 0.0, "freqRate": 0.0, "causRate": 0.0, "modalRate": 0.12121212121212122, "sg1VerbRate": 0.36363636363636365, "sg2VerbRate": 0.0, "sg3VerbRate": 1.0, "pl1VerbRate": 0.06060606060606061, "pl2VerbRate": 0.0, "pl3VerbRate": 0.15151515151515152, "superlatRate": 0.0, "comparatRate": 0.07407407407407407, "specDerivSuffixRate": 0.0, "pluralNounRate": 0.0945945945945946, "subjNum": 29, "objNum": 11, "attNum": 18, "subordNum": 10, "adverbNum": 34, "coordNum": 14, "clauseNum": 39, "simpleNum": 11, "complexNum": 10, "complexity1Num": 5, "complexity2Num": 3, "complexity3Num": 1, "compoundNum": 0, "subjRate": 0.09177215189873418, "objRate": 0.03481012658227848, "attRate": 0.056962025316455694, "subordRate": 0.03164556962025317, "adverbRate": 0.10759493670886076, "coordRate": 0.04430379746835443, "partsRate": 2.717948717948718, "clauseRate": 1.8571428571428572, "simpleRate": 0.5238095238095238, "complexRate": 0.47619047619047616, "complexity1Rate": 0.23809523809523808, "complexity2Rate": 0.14285714285714285, "complexity3Rate": 0.047619047619047616, "complexClauseRate": 2.8, "sentencesPerParagraph": 0.0, "wordsLengthRate": 5.314814814814815, "compoundRate": 0.0, "positiveNum": 0, "negativeNum": 0, "precoPositiveNum": 0, "precoNegativeNum": 0, "negemoNum": 0, "negationNum": 4, "functionNum": 152, "contentNum": 164, "vulgarNum": 0, "racistNum": 0, "specStyleNum": 0, "addressingNum": 0, "closingNum": 0, "postscriptNum": 0, "brutalNum": 0, "positiveRate": 0.0, "negativeRate": 0.0, "precoPositiveRate": 0.0, "precoNegativeRate": 0.0, "negemoRate": 0.0, "negationRate": 0.012658227848101266, "functionRate": 0.4810126582278481, "contentRate": 0.5189873417721519, "vulgarRate": 0.0, "racistRate": 0.0, "specStyleRate": 0.0, "addressingRate": 0.0, "closingRate": 0.0, "postscriptRate": 0.0, "brutalRate": 0.0, "epistemicNum": 0, "investNum": 0, "conditionNum": 0, "weaselNum": 0, "peacockNum": 0, "hedgeNum": 0, "doxasticNum": 0, "epistemicRate": 0.0, "investRate": 0.0, "conditionRate": 0.0, "weaselRate": 0.0, "peacockRate": 0.0, "hedgeRate": 0.0, "doxasticRate": 0.0, "loveNum": 0, "anxietyNum": 0, "sorrowNum": 0, "joyNum": 0, "disgustNum": 0, "fearNum": 0, "surpriseNum": 0, "angerNum": 0, "loveRate": 0.0, "anxietyRate": 0.0, "sorrowRate": 0.0, "joyRate": 0.0, "disgustRate": 0.0, "fearRate": 0.0, "surpriseRate": 0.0, "angerRate": 0.0, "slangBeGeneralNum": 0, "slangBeCigaretteNum": 0, "slangBeHumanNum": 0, "slangBeVehicleNum": 0, "slangBeDrugNum": 0, "slangBvNum": 0, "slangBeGeneralRate": 0.0, "slangBeCigaretteRate": 0.0, "slangBeHumanRate": 0.0, "slangBeVehicleRate": 0.0, "slangBeDrugRate": 0.0, "slangBvRate": 0.0, "speechactNum": 0, "quoteNum": 0, "dashNum": 0, "publicNum": 0, "privateNum": 0, "suasiveNum": 0, "discMarkerNum": 0, "smileyNum": 0, "dateNum": 1, "hesitationNum": 0, "restartNum": 0, "repeatNum": 0, "conjBeforeDiscNum": 0, "conjAfterDiscNum": 0, "wordBeforeHesitationNum": 0, "wordAfterHesitationNum": 0, "otherCollocationNum": 0, "speechactRate": 0.0, "quoteRate": 0.0, "dashRate": 0.0, "publicRate": 0.0, "privateRate": 0.0, "suasiveRate": 0.0, "discMarkerRate": 0.0, "smileyRate": 0.0, "dateRate": 0.0031645569620253164, "hesitationRate": 0.0, "restartRate": 0.0, "repeatRate": 0.0, "conjBeforeDiscRate": 0.0, "conjAfterDiscRate": 0.0, "wordBeforeHesitationRate": 0.0, "wordAfterHesitationRate": 0.0, "otherCollocationRate": 0.0, "easyWordNum": 289, "hardWordNum": 27, "easyWordRate": 0.9145569620253164, "hardWordRate": 0.08544303797468354, "fleschReadingEaseScore": 59.57495780590716, "gunningFogIndex": 6.053224834237493, "fleschKincaidGradeLevel": 8.688065099457507, "colemanLiauIndex": 11.375813291139234, "smogIndex": 8.548686976883017, "automatedReadabilityIndex": 7.825391802290532, "linsearWriteIndex": 1.6371308016877641, "author": "", "locationNameNum": 0, "locationNameRate": 0.0, "personNameNum": 2, "personNameRate": 0.006329113924050633, "organizationNameNum": 9, "organizationNameRate": 0.028481012658227847, "misspelledNum": 4, "misspelledRate": 0.012658227848101266, "missingAccentNum": 1, "missingAccentRate": 0.0031645569620253164, "foreignAccentNum": 0, "foreignAccentRate": 0.0, "wordConcatNum": 1, "wordConcatRate": 0.0031645569620253164, "jLyMistakeNum": 0, "jLyMistakeRate": 0.0, "freqSuffixNum": 0, "partsNum": 106, "privateVNum": 0, "publicVNum": 0, "clauseWordNum": 39}