{"tokenNum": 350, "sentenceNum": 20, "lemmaNum": 182, "lemmaRate": 0.52, "sentenceLength": 17.5, "allUpperNum": 0, "firstUpperNum": 28, "allUpperRate": 0.0, "firstUpperRate": 0.08, "declarSentNum": 20, "imperSentNum": 0, "questionNum": 0, "declarSentRate": 1.0, "imperSentRate": 0.0, "questionRate": 0.0, "accent": true, "saturation": 4.044444444444444, "paragraphNum": 0, "nounNum": 61, "verbNum": 47, "adjNum": 35, "infNum": 4, "partPastNum": 0, "partPresNum": 2, "partFutNum": 0, "transNum": 3, "xNum": 20, "advNum": 44, "properNounNum": 7, "numNum": 1, "conjNum": 22, "punctNum": 49, "pronNum": 25, "relPronNum": 9, "demPronNum": 16, "adposNum": 6, "multiplePunctNum": 0, "phraseNum": 0, "nounRate": 0.1742857142857143, "verbRate": 0.13428571428571429, "adjRate": 0.1, "infRate": 0.011428571428571429, "partPastRate": 0.0, "partPresRate": 0.005714285714285714, "partFutRate": 0.0, "transRate": 0.008571428571428572, "xRate": 0.05714285714285714, "advRate": 0.12571428571428572, "properNounRate": 0.02, "numRate": 0.002857142857142857, "conjRate": 0.06285714285714286, "punctRate": 0.14, "pronRate": 0.07142857142857142, "relPronRate": 0.025714285714285714, "demPronRate": 0.045714285714285714, "adposRate": 0.017142857142857144, "multiplePunctRate": 0.0, "partsDensityRate": 4.155555555555556, "contentfulness": 9.35, "phraseRate": 0.0, "pastTenseNum": 20, "presentTenseNum": 23, "condNum": 0, "impNum": 3, "freqNum": 0, "causNum": 0, "modalNum": 1, "sg1VerbNum": 10, "sg2VerbNum": 6, "sg3VerbNum": 41, "pl1VerbNum": 1, "pl2VerbNum": 2, "pl3VerbNum": 9, "superlatNum": 2, "comparatNum": 1, "specDerivSuffixNum": 0, "pluralNounNum": 8, "pastTenseRate": 0.425531914893617, "presentTenseRate": 0.48936170212765956, "condRate": 0.0, "impRate": 0.06382978723404255, "freqRate": 0.0, "causRate": 0.0, "modalRate": 0.02127659574468085, "sg1VerbRate": 0.2127659574468085, "sg2VerbRate": 0.1276595744680851, "sg3VerbRate": 0.8723404255319149, "pl1VerbRate": 0.02127659574468085, "pl2VerbRate": 0.0425531914893617, "pl3VerbRate": 0.19148936170212766, "superlatRate": 0.05714285714285714, "comparatRate": 0.02857142857142857, "specDerivSuffixRate": 0.0, "pluralNounRate": 0.13114754098360656, "subjNum": 26, "objNum": 19, "attNum": 20, "subordNum": 13, "adverbNum": 63, "coordNum": 15, "clauseNum": 45, "simpleNum": 8, "complexNum": 12, "complexity1Num": 5, "complexity2Num": 4, "complexity3Num": 2, "compoundNum": 0, "subjRate": 0.07428571428571429, "objRate": 0.054285714285714284, "attRate": 0.05714285714285714, "subordRate": 0.037142857142857144, "adverbRate": 0.18, "coordRate": 0.04285714285714286, "partsRate": 3.1777777777777776, "clauseRate": 2.25, "simpleRate": 0.4, "complexRate": 0.6, "complexity1Rate": 0.25, "complexity2Rate": 0.2, "complexity3Rate": 0.1, "complexClauseRate": 3.0833333333333335, "sentencesPerParagraph": 0.0, "wordsLengthRate": 5.21594684385382, "compoundRate": 0.0, "positiveNum": 0, "negativeNum": 0, "precoPositiveNum": 0, "precoNegativeNum": 0, "negemoNum": 0, "negationNum": 7, "functionNum": 163, "contentNum": 187, "vulgarNum": 0, "racistNum": 0, "specStyleNum": 0, "addressingNum": 0, "closingNum": 0, "postscriptNum": 0, "brutalNum": 0, "positiveRate": 0.0, "negativeRate": 0.0, "precoPositiveRate": 0.0, "precoNegativeRate": 0.0, "negemoRate": 0.0, "negationRate": 0.02, "functionRate": 0.4657142857142857, "contentRate": 0.5342857142857143, "vulgarRate": 0.0, "racistRate": 0.0, "specStyleRate": 0.0, "addressingRate": 0.0, "closingRate": 0.0, "postscriptRate": 0.0, "brutalRate": 0.0, "epistemicNum": 0, "investNum": 0, "conditionNum": 0, "weaselNum": 0, "peacockNum": 0, "hedgeNum": 0, "doxasticNum": 0, "epistemicRate": 0.0, "investRate": 0.0, "conditionRate": 0.0, "weaselRate": 0.0, "peacockRate": 0.0, "hedgeRate": 0.0, "doxasticRate": 0.0, "loveNum": 0, "anxietyNum": 0, "sorrowNum": 0, "joyNum": 0, "disgustNum": 0, "fearNum": 0, "surpriseNum": 0, "angerNum": 0, "loveRate": 0.0, "anxietyRate": 0.0, "sorrowRate": 0.0, "joyRate": 0.0, "disgustRate": 0.0, "fearRate": 0.0, "surpriseRate": 0.0, "angerRate": 0.0, "slangBeGeneralNum": 0, "slangBeCigaretteNum": 0, "slangBeHumanNum": 0, "slangBeVehicleNum": 0, "slangBeDrugNum": 0, "slangBvNum": 0, "slangBeGeneralRate": 0.0, "slangBeCigaretteRate": 0.0, "slangBeHumanRate": 0.0, "slangBeVehicleRate": 0.0, "slangBeDrugRate": 0.0, "slangBvRate": 0.0, "speechactNum": 0, "quoteNum": 0, "dashNum": 0, "publicNum": 0, "privateNum": 0, "suasiveNum": 0, "discMarkerNum": 0, "smileyNum": 0, "dateNum": 0, "hesitationNum": 0, "restartNum": 0, "repeatNum": 0, "conjBeforeDiscNum": 0, "conjAfterDiscNum": 0, "wordBeforeHesitationNum": 0, "wordAfterHesitationNum": 0, "otherCollocationNum": 0, "speechactRate": 0.0, "quoteRate": 0.0, "dashRate": 0.0, "publicRate": 0.0, "privateRate": 0.0, "suasiveRate": 0.0, "discMarkerRate": 0.0, "smileyRate": 0.0, "dateRate": 0.0, "hesitationRate": 0.0, "restartRate": 0.0, "repeatRate": 0.0, "conjBeforeDiscRate": 0.0, "conjAfterDiscRate": 0.0, "wordBeforeHesitationRate": 0.0, "wordAfterHesitationRate": 0.0, "otherCollocationRate": 0.0, "easyWordNum": 337, "hardWordNum": 13, "easyWordRate": 0.9628571428571429, "hardWordRate": 0.037142857142857144, "fleschReadingEaseScore": 62.17250000000003, "gunningFogIndex": 7.014857142857143, "fleschKincaidGradeLevel": 8.935000000000002, "colemanLiauIndex": 11.142371428571426, "smogIndex": 6.88968998030894, "automatedReadabilityIndex": 8.864885714285712, "linsearWriteIndex": 1.557142857142857, "author": "", "locationNameNum": 0, "locationNameRate": 0.0, "personNameNum": 7, "personNameRate": 0.02, "organizationNameNum": 0, "organizationNameRate": 0.0, "misspelledNum": 5, "misspelledRate": 0.014285714285714285, "missingAccentNum": 0, "missingAccentRate": 0.0, "foreignAccentNum": 0, "foreignAccentRate": 0.0, "wordConcatNum": 1, "wordConcatRate": 0.002857142857142857, "jLyMistakeNum": 0, "jLyMistakeRate": 0.0, "freqSuffixNum": 0, "partsNum": 143, "privateVNum": 0, "publicVNum": 0, "clauseWordNum": 45}