{"tokenNum": 337, "sentenceNum": 13, "lemmaNum": 190, "lemmaRate": 0.5637982195845698, "sentenceLength": 25.923076923076923, "allUpperNum": 0, "firstUpperNum": 13, "allUpperRate": 0.0, "firstUpperRate": 0.03857566765578635, "declarSentNum": 13, "imperSentNum": 0, "questionNum": 0, "declarSentRate": 1.0, "imperSentRate": 0.0, "questionRate": 0.0, "accent": true, "saturation": 4.222222222222222, "paragraphNum": 0, "nounNum": 60, "verbNum": 48, "adjNum": 24, "infNum": 6, "partPastNum": 2, "partPresNum": 1, "partFutNum": 0, "transNum": 0, "xNum": 10, "advNum": 44, "properNounNum": 1, "numNum": 5, "conjNum": 26, "punctNum": 55, "pronNum": 24, "relPronNum": 6, "demPronNum": 16, "adposNum": 7, "multiplePunctNum": 1, "phraseNum": 0, "nounRate": 0.17804154302670624, "verbRate": 0.142433234421365, "adjRate": 0.0712166172106825, "infRate": 0.017804154302670624, "partPastRate": 0.005934718100890208, "partPresRate": 0.002967359050445104, "partFutRate": 0.0, "transRate": 0.0, "xRate": 0.02967359050445104, "advRate": 0.13056379821958458, "properNounRate": 0.002967359050445104, "numRate": 0.01483679525222552, "conjRate": 0.0771513353115727, "punctRate": 0.1632047477744807, "pronRate": 0.0712166172106825, "relPronRate": 0.017804154302670624, "demPronRate": 0.04747774480712166, "adposRate": 0.020771513353115726, "multiplePunctRate": 0.01818181818181818, "partsDensityRate": 3.911111111111111, "contentfulness": 13.538461538461538, "phraseRate": 0.0, "pastTenseNum": 12, "presentTenseNum": 30, "condNum": 4, "impNum": 8, "freqNum": 0, "causNum": 0, "modalNum": 2, "sg1VerbNum": 20, "sg2VerbNum": 8, "sg3VerbNum": 35, "pl1VerbNum": 1, "pl2VerbNum": 0, "pl3VerbNum": 4, "superlatNum": 0, "comparatNum": 1, "specDerivSuffixNum": 0, "pluralNounNum": 5, "pastTenseRate": 0.25, "presentTenseRate": 0.625, "condRate": 0.08333333333333333, "impRate": 0.16666666666666666, "freqRate": 0.0, "causRate": 0.0, "modalRate": 0.041666666666666664, "sg1VerbRate": 0.4166666666666667, "sg2VerbRate": 0.16666666666666666, "sg3VerbRate": 0.7291666666666666, "pl1VerbRate": 0.020833333333333332, "pl2VerbRate": 0.0, "pl3VerbRate": 0.08333333333333333, "superlatRate": 0.0, "comparatRate": 0.041666666666666664, "specDerivSuffixRate": 0.0, "pluralNounRate": 0.08333333333333333, "subjNum": 18, "objNum": 16, "attNum": 14, "subordNum": 17, "adverbNum": 59, "coordNum": 20, "clauseNum": 45, "simpleNum": 3, "complexNum": 10, "complexity1Num": 2, "complexity2Num": 2, "complexity3Num": 2, "compoundNum": 0, "subjRate": 0.05341246290801187, "objRate": 0.04747774480712166, "attRate": 0.04154302670623145, "subordRate": 0.050445103857566766, "adverbRate": 0.17507418397626112, "coordRate": 0.05934718100890208, "partsRate": 2.8222222222222224, "clauseRate": 3.4615384615384617, "simpleRate": 0.23076923076923078, "complexRate": 0.7692307692307693, "complexity1Rate": 0.15384615384615385, "complexity2Rate": 0.15384615384615385, "complexity3Rate": 0.15384615384615385, "complexClauseRate": 4.2, "sentencesPerParagraph": 0.0, "wordsLengthRate": 5.372340425531915, "compoundRate": 0.0, "positiveNum": 0, "negativeNum": 0, "precoPositiveNum": 0, "precoNegativeNum": 0, "negemoNum": 0, "negationNum": 4, "functionNum": 161, "contentNum": 176, "vulgarNum": 0, "racistNum": 0, "specStyleNum": 0, "addressingNum": 0, "closingNum": 0, "postscriptNum": 0, "brutalNum": 0, "positiveRate": 0.0, "negativeRate": 0.0, "precoPositiveRate": 0.0, "precoNegativeRate": 0.0, "negemoRate": 0.0, "negationRate": 0.011869436201780416, "functionRate": 0.47774480712166173, "contentRate": 0.5222551928783383, "vulgarRate": 0.0, "racistRate": 0.0, "specStyleRate": 0.0, "addressingRate": 0.0, "closingRate": 0.0, "postscriptRate": 0.0, "brutalRate": 0.0, "epistemicNum": 0, "investNum": 0, "conditionNum": 0, "weaselNum": 0, "peacockNum": 0, "hedgeNum": 0, "doxasticNum": 0, "epistemicRate": 0.0, "investRate": 0.0, "conditionRate": 0.0, "weaselRate": 0.0, "peacockRate": 0.0, "hedgeRate": 0.0, "doxasticRate": 0.0, "loveNum": 0, "anxietyNum": 0, "sorrowNum": 0, "joyNum": 0, "disgustNum": 0, "fearNum": 0, "surpriseNum": 0, "angerNum": 0, "loveRate": 0.0, "anxietyRate": 0.0, "sorrowRate": 0.0, "joyRate": 0.0, "disgustRate": 0.0, "fearRate": 0.0, "surpriseRate": 0.0, "angerRate": 0.0, "slangBeGeneralNum": 0, "slangBeCigaretteNum": 0, "slangBeHumanNum": 0, "slangBeVehicleNum": 0, "slangBeDrugNum": 0, "slangBvNum": 0, "slangBeGeneralRate": 0.0, "slangBeCigaretteRate": 0.0, "slangBeHumanRate": 0.0, "slangBeVehicleRate": 0.0, "slangBeDrugRate": 0.0, "slangBvRate": 0.0, "speechactNum": 0, "quoteNum": 0, "dashNum": 0, "publicNum": 0, "privateNum": 0, "suasiveNum": 0, "discMarkerNum": 0, "smileyNum": 1, "dateNum": 0, "hesitationNum": 0, "restartNum": 0, "repeatNum": 1, "conjBeforeDiscNum": 0, "conjAfterDiscNum": 0, "wordBeforeHesitationNum": 0, "wordAfterHesitationNum": 0, "otherCollocationNum": 0, "speechactRate": 0.0, "quoteRate": 0.0, "dashRate": 0.0, "publicRate": 0.0, "privateRate": 0.0, "suasiveRate": 0.0, "discMarkerRate": 0.0, "smileyRate": 0.002967359050445104, "dateRate": 0.0, "hesitationRate": 0.0, "restartRate": 0.0, "repeatRate": 0.002967359050445104, "conjBeforeDiscRate": 0.0, "conjAfterDiscRate": 0.0, "wordBeforeHesitationRate": 0.0, "wordAfterHesitationRate": 0.0, "otherCollocationRate": 0.0, "easyWordNum": 313, "hardWordNum": 24, "easyWordRate": 0.9287833827893175, "hardWordRate": 0.0712166172106825, "fleschReadingEaseScore": 54.75275051358139, "gunningFogIndex": 10.397717416115043, "fleschKincaidGradeLevel": 12.062433234421366, "colemanLiauIndex": 11.500121661721067, "smogIndex": 8.238735603445708, "automatedReadabilityIndex": 13.3624583428441, "linsearWriteIndex": 3.2798447842958227, "author": "", "locationNameNum": 0, "locationNameRate": 0.0, "personNameNum": 0, "personNameRate": 0.0, "organizationNameNum": 0, "organizationNameRate": 0.0, "misspelledNum": 1, "misspelledRate": 0.002967359050445104, "missingAccentNum": 0, "missingAccentRate": 0.0, "foreignAccentNum": 0, "foreignAccentRate": 0.0, "wordConcatNum": 0, "wordConcatRate": 0.0, "jLyMistakeNum": 0, "jLyMistakeRate": 0.0, "freqSuffixNum": 0, "partsNum": 127, "privateVNum": 0, "publicVNum": 0, "clauseWordNum": 45}