{"tokenNum": 86, "sentenceNum": 4, "lemmaNum": 62, "lemmaRate": 0.7209302325581395, "sentenceLength": 21.5, "allUpperNum": 1, "firstUpperNum": 5, "allUpperRate": 0.011627906976744186, "firstUpperRate": 0.05813953488372093, "declarSentNum": 4, "imperSentNum": 0, "questionNum": 0, "declarSentRate": 1.0, "imperSentRate": 0.0, "questionRate": 0.0, "accent": true, "saturation": 4.428571428571429, "paragraphNum": 0, "nounNum": 12, "verbNum": 12, "adjNum": 6, "infNum": 1, "partPastNum": 0, "partPresNum": 0, "partFutNum": 0, "transNum": 0, "xNum": 3, "advNum": 10, "properNounNum": 0, "numNum": 1, "conjNum": 6, "punctNum": 15, "pronNum": 3, "relPronNum": 1, "demPronNum": 1, "adposNum": 1, "multiplePunctNum": 3, "phraseNum": 0, "nounRate": 0.13953488372093023, "verbRate": 0.13953488372093023, "adjRate": 0.06976744186046512, "infRate": 0.011627906976744186, "partPastRate": 0.0, "partPresRate": 0.0, "partFutRate": 0.0, "transRate": 0.0, "xRate": 0.03488372093023256, "advRate": 0.11627906976744186, "properNounRate": 0.0, "numRate": 0.011627906976744186, "conjRate": 0.06976744186046512, "punctRate": 0.1744186046511628, "pronRate": 0.03488372093023256, "relPronRate": 0.011627906976744186, "demPronRate": 0.011627906976744186, "adposRate": 0.011627906976744186, "multiplePunctRate": 0.2, "partsDensityRate": 2.857142857142857, "contentfulness": 10.0, "phraseRate": 0.0, "pastTenseNum": 4, "presentTenseNum": 7, "condNum": 0, "impNum": 0, "freqNum": 0, "causNum": 0, "modalNum": 2, "sg1VerbNum": 5, "sg2VerbNum": 0, "sg3VerbNum": 8, "pl1VerbNum": 0, "pl2VerbNum": 0, "pl3VerbNum": 1, "superlatNum": 0, "comparatNum": 0, "specDerivSuffixNum": 0, "pluralNounNum": 1, "pastTenseRate": 0.3333333333333333, "presentTenseRate": 0.5833333333333334, "condRate": 0.0, "impRate": 0.0, "freqRate": 0.0, "causRate": 0.0, "modalRate": 0.16666666666666666, "sg1VerbRate": 0.4166666666666667, "sg2VerbRate": 0.0, "sg3VerbRate": 0.6666666666666666, "pl1VerbRate": 0.0, "pl2VerbRate": 0.0, "pl3VerbRate": 0.08333333333333333, "superlatRate": 0.0, "comparatRate": 0.0, "specDerivSuffixRate": 0.0, "pluralNounRate": 0.08333333333333333, "subjNum": 7, "objNum": 4, "attNum": 3, "subordNum": 4, "adverbNum": 16, "coordNum": 4, "clauseNum": 14, "simpleNum": 1, "complexNum": 3, "complexity1Num": 0, "complexity2Num": 1, "complexity3Num": 0, "compoundNum": 0, "subjRate": 0.08139534883720931, "objRate": 0.046511627906976744, "attRate": 0.03488372093023256, "subordRate": 0.046511627906976744, "adverbRate": 0.18604651162790697, "coordRate": 0.046511627906976744, "partsRate": 2.4285714285714284, "clauseRate": 3.5, "simpleRate": 0.25, "complexRate": 0.75, "complexity1Rate": 0.0, "complexity2Rate": 0.25, "complexity3Rate": 0.0, "complexClauseRate": 4.333333333333333, "sentencesPerParagraph": 0.0, "wordsLengthRate": 4.690140845070423, "compoundRate": 0.0, "positiveNum": 0, "negativeNum": 0, "precoPositiveNum": 0, "precoNegativeNum": 0, "negemoNum": 0, "negationNum": 3, "functionNum": 46, "contentNum": 40, "vulgarNum": 0, "racistNum": 0, "specStyleNum": 0, "addressingNum": 0, "closingNum": 0, "postscriptNum": 0, "brutalNum": 0, "positiveRate": 0.0, "negativeRate": 0.0, "precoPositiveRate": 0.0, "precoNegativeRate": 0.0, "negemoRate": 0.0, "negationRate": 0.03488372093023256, "functionRate": 0.5348837209302325, "contentRate": 0.46511627906976744, "vulgarRate": 0.0, "racistRate": 0.0, "specStyleRate": 0.0, "addressingRate": 0.0, "closingRate": 0.0, "postscriptRate": 0.0, "brutalRate": 0.0, "epistemicNum": 0, "investNum": 0, "conditionNum": 0, "weaselNum": 0, "peacockNum": 0, "hedgeNum": 0, "doxasticNum": 0, "epistemicRate": 0.0, "investRate": 0.0, "conditionRate": 0.0, "weaselRate": 0.0, "peacockRate": 0.0, "hedgeRate": 0.0, "doxasticRate": 0.0, "loveNum": 0, "anxietyNum": 0, "sorrowNum": 0, "joyNum": 0, "disgustNum": 0, "fearNum": 0, "surpriseNum": 0, "angerNum": 0, "loveRate": 0.0, "anxietyRate": 0.0, "sorrowRate": 0.0, "joyRate": 0.0, "disgustRate": 0.0, "fearRate": 0.0, "surpriseRate": 0.0, "angerRate": 0.0, "slangBeGeneralNum": 0, "slangBeCigaretteNum": 0, "slangBeHumanNum": 0, "slangBeVehicleNum": 0, "slangBeDrugNum": 0, "slangBvNum": 0, "slangBeGeneralRate": 0.0, "slangBeCigaretteRate": 0.0, "slangBeHumanRate": 0.0, "slangBeVehicleRate": 0.0, "slangBeDrugRate": 0.0, "slangBvRate": 0.0, "speechactNum": 0, "quoteNum": 0, "dashNum": 0, "publicNum": 0, "privateNum": 0, "suasiveNum": 0, "discMarkerNum": 0, "smileyNum": 0, "dateNum": 0, "hesitationNum": 0, "restartNum": 0, "repeatNum": 0, "conjBeforeDiscNum": 0, "conjAfterDiscNum": 0, "wordBeforeHesitationNum": 0, "wordAfterHesitationNum": 0, "otherCollocationNum": 0, "speechactRate": 0.0, "quoteRate": 0.0, "dashRate": 0.0, "publicRate": 0.0, "privateRate": 0.0, "suasiveRate": 0.0, "discMarkerRate": 0.0, "smileyRate": 0.0, "dateRate": 0.0, "hesitationRate": 0.0, "restartRate": 0.0, "repeatRate": 0.0, "conjBeforeDiscRate": 0.0, "conjAfterDiscRate": 0.0, "wordBeforeHesitationRate": 0.0, "wordAfterHesitationRate": 0.0, "otherCollocationRate": 0.0, "easyWordNum": 84, "hardWordNum": 2, "easyWordRate": 0.9767441860465116, "hardWordRate": 0.023255813953488372, "fleschReadingEaseScore": 75.81947674418606, "gunningFogIndex": 8.609302325581394, "fleschKincaidGradeLevel": 8.025232558139539, "colemanLiauIndex": 9.472069767441855, "smogIndex": 4.604124745555138, "automatedReadabilityIndex": 9.529186046511626, "linsearWriteIndex": 10.875, "author": "", "locationNameNum": 0, "locationNameRate": 0.0, "personNameNum": 0, "personNameRate": 0.0, "organizationNameNum": 0, "organizationNameRate": 0.0, "misspelledNum": 4, "misspelledRate": 0.046511627906976744, "missingAccentNum": 1, "missingAccentRate": 0.011627906976744186, "foreignAccentNum": 0, "foreignAccentRate": 0.0, "wordConcatNum": 0, "wordConcatRate": 0.0, "jLyMistakeNum": 0, "jLyMistakeRate": 0.0, "freqSuffixNum": 0, "partsNum": 34, "privateVNum": 0, "publicVNum": 0, "clauseWordNum": 14}