{"tokenNum": 427, "sentenceNum": 17, "lemmaNum": 223, "lemmaRate": 0.522248243559719, "sentenceLength": 25.11764705882353, "allUpperNum": 9, "firstUpperNum": 58, "allUpperRate": 0.02107728337236534, "firstUpperRate": 0.1358313817330211, "declarSentNum": 17, "imperSentNum": 0, "questionNum": 0, "declarSentRate": 1.0, "imperSentRate": 0.0, "questionRate": 0.0, "accent": true, "saturation": 4.8478260869565215, "paragraphNum": 0, "nounNum": 115, "verbNum": 45, "adjNum": 54, "infNum": 5, "partPastNum": 6, "partPresNum": 4, "partFutNum": 0, "transNum": 0, "xNum": 22, "advNum": 38, "properNounNum": 24, "numNum": 4, "conjNum": 15, "punctNum": 87, "pronNum": 10, "relPronNum": 1, "demPronNum": 7, "adposNum": 5, "multiplePunctNum": 4, "phraseNum": 0, "nounRate": 0.2693208430913349, "verbRate": 0.1053864168618267, "adjRate": 0.12646370023419204, "infRate": 0.0117096018735363, "partPastRate": 0.01405152224824356, "partPresRate": 0.00936768149882904, "partFutRate": 0.0, "transRate": 0.0, "xRate": 0.05152224824355972, "advRate": 0.08899297423887588, "properNounRate": 0.05620608899297424, "numRate": 0.00936768149882904, "conjRate": 0.0351288056206089, "punctRate": 0.20374707259953162, "pronRate": 0.0234192037470726, "relPronRate": 0.00234192037470726, "demPronRate": 0.01639344262295082, "adposRate": 0.0117096018735363, "multiplePunctRate": 0.04597701149425287, "partsDensityRate": 5.478260869565218, "contentfulness": 14.823529411764707, "phraseRate": 0.0, "pastTenseNum": 8, "presentTenseNum": 32, "condNum": 1, "impNum": 2, "freqNum": 0, "causNum": 1, "modalNum": 0, "sg1VerbNum": 5, "sg2VerbNum": 1, "sg3VerbNum": 41, "pl1VerbNum": 0, "pl2VerbNum": 0, "pl3VerbNum": 5, "superlatNum": 1, "comparatNum": 0, "specDerivSuffixNum": 0, "pluralNounNum": 10, "pastTenseRate": 0.17777777777777778, "presentTenseRate": 0.7111111111111111, "condRate": 0.022222222222222223, "impRate": 0.044444444444444446, "freqRate": 0.0, "causRate": 0.022222222222222223, "modalRate": 0.0, "sg1VerbRate": 0.1111111111111111, "sg2VerbRate": 0.022222222222222223, "sg3VerbRate": 0.9111111111111111, "pl1VerbRate": 0.0, "pl2VerbRate": 0.0, "pl3VerbRate": 0.1111111111111111, "superlatRate": 0.018518518518518517, "comparatRate": 0.0, "specDerivSuffixRate": 0.0, "pluralNounRate": 0.08695652173913043, "subjNum": 21, "objNum": 14, "attNum": 43, "subordNum": 10, "adverbNum": 46, "coordNum": 38, "clauseNum": 46, "simpleNum": 2, "complexNum": 15, "complexity1Num": 5, "complexity2Num": 7, "complexity3Num": 2, "compoundNum": 0, "subjRate": 0.04918032786885246, "objRate": 0.03278688524590164, "attRate": 0.10070257611241218, "subordRate": 0.0234192037470726, "adverbRate": 0.10772833723653395, "coordRate": 0.08899297423887588, "partsRate": 3.5217391304347827, "clauseRate": 2.7058823529411766, "simpleRate": 0.11764705882352941, "complexRate": 0.8823529411764706, "complexity1Rate": 0.29411764705882354, "complexity2Rate": 0.4117647058823529, "complexity3Rate": 0.11764705882352941, "complexClauseRate": 2.933333333333333, "sentencesPerParagraph": 0.0, "wordsLengthRate": 5.385294117647059, "compoundRate": 0.0, "positiveNum": 0, "negativeNum": 0, "precoPositiveNum": 0, "precoNegativeNum": 0, "negemoNum": 0, "negationNum": 10, "functionNum": 175, "contentNum": 252, "vulgarNum": 0, "racistNum": 0, "specStyleNum": 0, "addressingNum": 0, "closingNum": 0, "postscriptNum": 0, "brutalNum": 0, "positiveRate": 0.0, "negativeRate": 0.0, "precoPositiveRate": 0.0, "precoNegativeRate": 0.0, "negemoRate": 0.0, "negationRate": 0.0234192037470726, "functionRate": 0.4098360655737705, "contentRate": 0.5901639344262295, "vulgarRate": 0.0, "racistRate": 0.0, "specStyleRate": 0.0, "addressingRate": 0.0, "closingRate": 0.0, "postscriptRate": 0.0, "brutalRate": 0.0, "epistemicNum": 0, "investNum": 0, "conditionNum": 0, "weaselNum": 0, "peacockNum": 0, "hedgeNum": 0, "doxasticNum": 0, "epistemicRate": 0.0, "investRate": 0.0, "conditionRate": 0.0, "weaselRate": 0.0, "peacockRate": 0.0, "hedgeRate": 0.0, "doxasticRate": 0.0, "loveNum": 0, "anxietyNum": 0, "sorrowNum": 0, "joyNum": 0, "disgustNum": 0, "fearNum": 0, "surpriseNum": 0, "angerNum": 0, "loveRate": 0.0, "anxietyRate": 0.0, "sorrowRate": 0.0, "joyRate": 0.0, "disgustRate": 0.0, "fearRate": 0.0, "surpriseRate": 0.0, "angerRate": 0.0, "slangBeGeneralNum": 0, "slangBeCigaretteNum": 0, "slangBeHumanNum": 0, "slangBeVehicleNum": 0, "slangBeDrugNum": 0, "slangBvNum": 0, "slangBeGeneralRate": 0.0, "slangBeCigaretteRate": 0.0, "slangBeHumanRate": 0.0, "slangBeVehicleRate": 0.0, "slangBeDrugRate": 0.0, "slangBvRate": 0.0, "speechactNum": 0, "quoteNum": 0, "dashNum": 0, "publicNum": 0, "privateNum": 0, "suasiveNum": 0, "discMarkerNum": 0, "smileyNum": 0, "dateNum": 0, "hesitationNum": 0, "restartNum": 0, "repeatNum": 0, "conjBeforeDiscNum": 0, "conjAfterDiscNum": 0, "wordBeforeHesitationNum": 0, "wordAfterHesitationNum": 0, "otherCollocationNum": 0, "speechactRate": 0.0, "quoteRate": 0.0, "dashRate": 0.0, "publicRate": 0.0, "privateRate": 0.0, "suasiveRate": 0.0, "discMarkerRate": 0.0, "smileyRate": 0.0, "dateRate": 0.0, "hesitationRate": 0.0, "restartRate": 0.0, "repeatRate": 0.0, "conjBeforeDiscRate": 0.0, "conjAfterDiscRate": 0.0, "wordBeforeHesitationRate": 0.0, "wordAfterHesitationRate": 0.0, "otherCollocationRate": 0.0, "easyWordNum": 397, "hardWordNum": 30, "easyWordRate": 0.9297423887587822, "hardWordRate": 0.0702576112412178, "fleschReadingEaseScore": 62.86096294255408, "gunningFogIndex": 10.0751618680259, "fleschKincaidGradeLevel": 10.731409285025489, "colemanLiauIndex": 10.449693208430915, "smogIndex": 8.841846274778883, "automatedReadabilityIndex": 12.119760297561648, "linsearWriteIndex": 2.202920512467282, "author": "", "locationNameNum": 2, "locationNameRate": 0.00468384074941452, "personNameNum": 4, "personNameRate": 0.00936768149882904, "organizationNameNum": 1, "organizationNameRate": 0.00234192037470726, "misspelledNum": 7, "misspelledRate": 0.01639344262295082, "missingAccentNum": 1, "missingAccentRate": 0.00234192037470726, "foreignAccentNum": 0, "foreignAccentRate": 0.0, "wordConcatNum": 4, "wordConcatRate": 0.00936768149882904, "jLyMistakeNum": 0, "jLyMistakeRate": 0.0, "freqSuffixNum": 0, "partsNum": 162, "privateVNum": 0, "publicVNum": 0, "clauseWordNum": 46}