{"tokenNum": 345, "sentenceNum": 29, "lemmaNum": 209, "lemmaRate": 0.6057971014492753, "sentenceLength": 11.89655172413793, "allUpperNum": 0, "firstUpperNum": 36, "allUpperRate": 0.0, "firstUpperRate": 0.10434782608695652, "declarSentNum": 29, "imperSentNum": 0, "questionNum": 0, "declarSentRate": 1.0, "imperSentRate": 0.0, "questionRate": 0.0, "accent": true, "saturation": 3.542372881355932, "paragraphNum": 0, "nounNum": 62, "verbNum": 51, "adjNum": 39, "infNum": 4, "partPastNum": 5, "partPresNum": 3, "partFutNum": 0, "transNum": 0, "xNum": 25, "advNum": 28, "properNounNum": 12, "numNum": 3, "conjNum": 18, "punctNum": 80, "pronNum": 20, "relPronNum": 3, "demPronNum": 10, "adposNum": 0, "multiplePunctNum": 2, "phraseNum": 0, "nounRate": 0.17971014492753623, "verbRate": 0.14782608695652175, "adjRate": 0.11304347826086956, "infRate": 0.011594202898550725, "partPastRate": 0.014492753623188406, "partPresRate": 0.008695652173913044, "partFutRate": 0.0, "transRate": 0.0, "xRate": 0.07246376811594203, "advRate": 0.08115942028985507, "properNounRate": 0.034782608695652174, "numRate": 0.008695652173913044, "conjRate": 0.05217391304347826, "punctRate": 0.2318840579710145, "pronRate": 0.057971014492753624, "relPronRate": 0.008695652173913044, "demPronRate": 0.028985507246376812, "adposRate": 0.0, "multiplePunctRate": 0.025, "partsDensityRate": 3.0508474576271185, "contentfulness": 6.206896551724138, "phraseRate": 0.0, "pastTenseNum": 29, "presentTenseNum": 18, "condNum": 0, "impNum": 4, "freqNum": 0, "causNum": 0, "modalNum": 1, "sg1VerbNum": 22, "sg2VerbNum": 0, "sg3VerbNum": 40, "pl1VerbNum": 2, "pl2VerbNum": 0, "pl3VerbNum": 4, "superlatNum": 0, "comparatNum": 0, "specDerivSuffixNum": 0, "pluralNounNum": 6, "pastTenseRate": 0.5686274509803921, "presentTenseRate": 0.35294117647058826, "condRate": 0.0, "impRate": 0.0784313725490196, "freqRate": 0.0, "causRate": 0.0, "modalRate": 0.0196078431372549, "sg1VerbRate": 0.43137254901960786, "sg2VerbRate": 0.0, "sg3VerbRate": 0.7843137254901961, "pl1VerbRate": 0.0392156862745098, "pl2VerbRate": 0.0, "pl3VerbRate": 0.0784313725490196, "superlatRate": 0.0, "comparatRate": 0.0, "specDerivSuffixRate": 0.0, "pluralNounRate": 0.0967741935483871, "subjNum": 17, "objNum": 9, "attNum": 29, "subordNum": 14, "adverbNum": 29, "coordNum": 21, "clauseNum": 59, "simpleNum": 14, "complexNum": 15, "complexity1Num": 7, "complexity2Num": 4, "complexity3Num": 2, "compoundNum": 0, "subjRate": 0.04927536231884058, "objRate": 0.02608695652173913, "attRate": 0.08405797101449275, "subordRate": 0.04057971014492753, "adverbRate": 0.08405797101449275, "coordRate": 0.06086956521739131, "partsRate": 1.7796610169491525, "clauseRate": 2.0344827586206895, "simpleRate": 0.4827586206896552, "complexRate": 0.5172413793103449, "complexity1Rate": 0.2413793103448276, "complexity2Rate": 0.13793103448275862, "complexity3Rate": 0.06896551724137931, "complexClauseRate": 3.0, "sentencesPerParagraph": 0.0, "wordsLengthRate": 5.807547169811321, "compoundRate": 0.0, "positiveNum": 0, "negativeNum": 0, "precoPositiveNum": 0, "precoNegativeNum": 0, "negemoNum": 0, "negationNum": 1, "functionNum": 165, "contentNum": 180, "vulgarNum": 0, "racistNum": 0, "specStyleNum": 0, "addressingNum": 0, "closingNum": 0, "postscriptNum": 1, "brutalNum": 0, "positiveRate": 0.0, "negativeRate": 0.0, "precoPositiveRate": 0.0, "precoNegativeRate": 0.0, "negemoRate": 0.0, "negationRate": 0.002898550724637681, "functionRate": 0.4782608695652174, "contentRate": 0.5217391304347826, "vulgarRate": 0.0, "racistRate": 0.0, "specStyleRate": 0.0, "addressingRate": 0.0, "closingRate": 0.0, "postscriptRate": 0.002898550724637681, "brutalRate": 0.0, "epistemicNum": 0, "investNum": 0, "conditionNum": 0, "weaselNum": 0, "peacockNum": 0, "hedgeNum": 0, "doxasticNum": 0, "epistemicRate": 0.0, "investRate": 0.0, "conditionRate": 0.0, "weaselRate": 0.0, "peacockRate": 0.0, "hedgeRate": 0.0, "doxasticRate": 0.0, "loveNum": 0, "anxietyNum": 0, "sorrowNum": 0, "joyNum": 0, "disgustNum": 0, "fearNum": 0, "surpriseNum": 0, "angerNum": 0, "loveRate": 0.0, "anxietyRate": 0.0, "sorrowRate": 0.0, "joyRate": 0.0, "disgustRate": 0.0, "fearRate": 0.0, "surpriseRate": 0.0, "angerRate": 0.0, "slangBeGeneralNum": 0, "slangBeCigaretteNum": 0, "slangBeHumanNum": 0, "slangBeVehicleNum": 0, "slangBeDrugNum": 0, "slangBvNum": 0, "slangBeGeneralRate": 0.0, "slangBeCigaretteRate": 0.0, "slangBeHumanRate": 0.0, "slangBeVehicleRate": 0.0, "slangBeDrugRate": 0.0, "slangBvRate": 0.0, "speechactNum": 0, "quoteNum": 0, "dashNum": 0, "publicNum": 0, "privateNum": 0, "suasiveNum": 0, "discMarkerNum": 0, "smileyNum": 0, "dateNum": 0, "hesitationNum": 0, "restartNum": 0, "repeatNum": 1, "conjBeforeDiscNum": 0, "conjAfterDiscNum": 0, "wordBeforeHesitationNum": 0, "wordAfterHesitationNum": 0, "otherCollocationNum": 0, "speechactRate": 0.0, "quoteRate": 0.0, "dashRate": 0.0, "publicRate": 0.0, "privateRate": 0.0, "suasiveRate": 0.0, "discMarkerRate": 0.0, "smileyRate": 0.0, "dateRate": 0.0, "hesitationRate": 0.0, "restartRate": 0.0, "repeatRate": 0.002898550724637681, "conjBeforeDiscRate": 0.0, "conjAfterDiscRate": 0.0, "wordBeforeHesitationRate": 0.0, "wordAfterHesitationRate": 0.0, "otherCollocationRate": 0.0, "easyWordNum": 318, "hardWordNum": 27, "easyWordRate": 0.9217391304347826, "hardWordRate": 0.0782608695652174, "fleschReadingEaseScore": 71.90608695652176, "gunningFogIndex": 4.78992503748126, "fleschKincaidGradeLevel": 6.185307346326837, "colemanLiauIndex": 11.515689855072463, "smogIndex": 8.548686976883017, "automatedReadabilityIndex": 6.361754122938532, "linsearWriteIndex": 0.8690654672663669, "author": "", "locationNameNum": 4, "locationNameRate": 0.011594202898550725, "personNameNum": 5, "personNameRate": 0.014492753623188406, "organizationNameNum": 2, "organizationNameRate": 0.005797101449275362, "misspelledNum": 15, "misspelledRate": 0.043478260869565216, "missingAccentNum": 3, "missingAccentRate": 0.008695652173913044, "foreignAccentNum": 0, "foreignAccentRate": 0.0, "wordConcatNum": 3, "wordConcatRate": 0.008695652173913044, "jLyMistakeNum": 0, "jLyMistakeRate": 0.0, "freqSuffixNum": 0, "partsNum": 105, "privateVNum": 0, "publicVNum": 0, "clauseWordNum": 59}