{"tokenNum": 475, "sentenceNum": 28, "lemmaNum": 229, "lemmaRate": 0.48210526315789476, "sentenceLength": 16.964285714285715, "allUpperNum": 1, "firstUpperNum": 34, "allUpperRate": 0.002105263157894737, "firstUpperRate": 0.07157894736842105, "declarSentNum": 28, "imperSentNum": 0, "questionNum": 0, "declarSentRate": 1.0, "imperSentRate": 0.0, "questionRate": 0.0, "accent": false, "saturation": 2.8987341772151898, "paragraphNum": 0, "nounNum": 80, "verbNum": 84, "adjNum": 26, "infNum": 4, "partPastNum": 1, "partPresNum": 1, "partFutNum": 0, "transNum": 3, "xNum": 27, "advNum": 55, "properNounNum": 6, "numNum": 5, "conjNum": 40, "punctNum": 90, "pronNum": 12, "relPronNum": 6, "demPronNum": 14, "adposNum": 3, "multiplePunctNum": 1, "phraseNum": 0, "nounRate": 0.16842105263157894, "verbRate": 0.17684210526315788, "adjRate": 0.05473684210526316, "infRate": 0.008421052631578947, "partPastRate": 0.002105263157894737, "partPresRate": 0.002105263157894737, "partFutRate": 0.0, "transRate": 0.00631578947368421, "xRate": 0.056842105263157895, "advRate": 0.11578947368421053, "properNounRate": 0.01263157894736842, "numRate": 0.010526315789473684, "conjRate": 0.08421052631578947, "punctRate": 0.18947368421052632, "pronRate": 0.02526315789473684, "relPronRate": 0.01263157894736842, "demPronRate": 0.029473684210526315, "adposRate": 0.00631578947368421, "multiplePunctRate": 0.011111111111111112, "partsDensityRate": 3.1012658227848102, "contentfulness": 8.75, "phraseRate": 0.0, "pastTenseNum": 61, "presentTenseNum": 19, "condNum": 3, "impNum": 2, "freqNum": 0, "causNum": 0, "modalNum": 0, "sg1VerbNum": 32, "sg2VerbNum": 0, "sg3VerbNum": 50, "pl1VerbNum": 5, "pl2VerbNum": 0, "pl3VerbNum": 5, "superlatNum": 1, "comparatNum": 2, "specDerivSuffixNum": 0, "pluralNounNum": 1, "pastTenseRate": 0.7261904761904762, "presentTenseRate": 0.2261904761904762, "condRate": 0.03571428571428571, "impRate": 0.023809523809523808, "freqRate": 0.0, "causRate": 0.0, "modalRate": 0.0, "sg1VerbRate": 0.38095238095238093, "sg2VerbRate": 0.0, "sg3VerbRate": 0.5952380952380952, "pl1VerbRate": 0.05952380952380952, "pl2VerbRate": 0.0, "pl3VerbRate": 0.05952380952380952, "superlatRate": 0.038461538461538464, "comparatRate": 0.07692307692307693, "specDerivSuffixRate": 0.0, "pluralNounRate": 0.0125, "subjNum": 33, "objNum": 15, "attNum": 16, "subordNum": 25, "adverbNum": 63, "coordNum": 29, "clauseNum": 79, "simpleNum": 5, "complexNum": 23, "complexity1Num": 9, "complexity2Num": 7, "complexity3Num": 3, "compoundNum": 0, "subjRate": 0.06947368421052631, "objRate": 0.031578947368421054, "attRate": 0.03368421052631579, "subordRate": 0.05263157894736842, "adverbRate": 0.13263157894736843, "coordRate": 0.061052631578947365, "partsRate": 1.9746835443037976, "clauseRate": 2.8214285714285716, "simpleRate": 0.17857142857142858, "complexRate": 0.8214285714285714, "complexity1Rate": 0.32142857142857145, "complexity2Rate": 0.25, "complexity3Rate": 0.10714285714285714, "complexClauseRate": 3.217391304347826, "sentencesPerParagraph": 0.0, "wordsLengthRate": 4.953246753246753, "compoundRate": 0.0, "positiveNum": 0, "negativeNum": 0, "precoPositiveNum": 0, "precoNegativeNum": 0, "negemoNum": 0, "negationNum": 4, "functionNum": 230, "contentNum": 245, "vulgarNum": 0, "racistNum": 0, "specStyleNum": 0, "addressingNum": 0, "closingNum": 0, "postscriptNum": 0, "brutalNum": 0, "positiveRate": 0.0, "negativeRate": 0.0, "precoPositiveRate": 0.0, "precoNegativeRate": 0.0, "negemoRate": 0.0, "negationRate": 0.008421052631578947, "functionRate": 0.4842105263157895, "contentRate": 0.5157894736842106, "vulgarRate": 0.0, "racistRate": 0.0, "specStyleRate": 0.0, "addressingRate": 0.0, "closingRate": 0.0, "postscriptRate": 0.0, "brutalRate": 0.0, "epistemicNum": 0, "investNum": 0, "conditionNum": 0, "weaselNum": 0, "peacockNum": 0, "hedgeNum": 0, "doxasticNum": 0, "epistemicRate": 0.0, "investRate": 0.0, "conditionRate": 0.0, "weaselRate": 0.0, "peacockRate": 0.0, "hedgeRate": 0.0, "doxasticRate": 0.0, "loveNum": 0, "anxietyNum": 0, "sorrowNum": 0, "joyNum": 0, "disgustNum": 0, "fearNum": 0, "surpriseNum": 0, "angerNum": 0, "loveRate": 0.0, "anxietyRate": 0.0, "sorrowRate": 0.0, "joyRate": 0.0, "disgustRate": 0.0, "fearRate": 0.0, "surpriseRate": 0.0, "angerRate": 0.0, "slangBeGeneralNum": 0, "slangBeCigaretteNum": 0, "slangBeHumanNum": 0, "slangBeVehicleNum": 0, "slangBeDrugNum": 0, "slangBvNum": 0, "slangBeGeneralRate": 0.0, "slangBeCigaretteRate": 0.0, "slangBeHumanRate": 0.0, "slangBeVehicleRate": 0.0, "slangBeDrugRate": 0.0, "slangBvRate": 0.0, "speechactNum": 0, "quoteNum": 0, "dashNum": 0, "publicNum": 0, "privateNum": 0, "suasiveNum": 0, "discMarkerNum": 0, "smileyNum": 0, "dateNum": 0, "hesitationNum": 0, "restartNum": 0, "repeatNum": 0, "conjBeforeDiscNum": 0, "conjAfterDiscNum": 0, "wordBeforeHesitationNum": 0, "wordAfterHesitationNum": 0, "otherCollocationNum": 0, "speechactRate": 0.0, "quoteRate": 0.0, "dashRate": 0.0, "publicRate": 0.0, "privateRate": 0.0, "suasiveRate": 0.0, "discMarkerRate": 0.0, "smileyRate": 0.0, "dateRate": 0.0, "hesitationRate": 0.0, "restartRate": 0.0, "repeatRate": 0.0, "conjBeforeDiscRate": 0.0, "conjAfterDiscRate": 0.0, "wordBeforeHesitationRate": 0.0, "wordAfterHesitationRate": 0.0, "otherCollocationRate": 0.0, "easyWordNum": 455, "hardWordNum": 20, "easyWordRate": 0.9578947368421052, "hardWordRate": 0.042105263157894736, "fleschReadingEaseScore": 78.83477631578948, "gunningFogIndex": 6.802556390977443, "fleschKincaidGradeLevel": 6.477860902255639, "colemanLiauIndex": 8.640223157894734, "smogIndex": 7.793537801064561, "automatedReadabilityIndex": 6.596163909774436, "linsearWriteIndex": 0.8345864661654134, "author": "", "locationNameNum": 1, "locationNameRate": 0.002105263157894737, "personNameNum": 1, "personNameRate": 0.002105263157894737, "organizationNameNum": 0, "organizationNameRate": 0.0, "misspelledNum": 134, "misspelledRate": 0.28210526315789475, "missingAccentNum": 131, "missingAccentRate": 0.27578947368421053, "foreignAccentNum": 0, "foreignAccentRate": 0.0, "wordConcatNum": 1, "wordConcatRate": 0.002105263157894737, "jLyMistakeNum": 0, "jLyMistakeRate": 0.0, "freqSuffixNum": 0, "partsNum": 156, "privateVNum": 0, "publicVNum": 0, "clauseWordNum": 79}