{"tokenNum": 454, "sentenceNum": 24, "lemmaNum": 225, "lemmaRate": 0.4955947136563877, "sentenceLength": 18.916666666666668, "allUpperNum": 1, "firstUpperNum": 24, "allUpperRate": 0.0022026431718061676, "firstUpperRate": 0.05286343612334802, "declarSentNum": 24, "imperSentNum": 0, "questionNum": 0, "declarSentRate": 1.0, "imperSentRate": 0.0, "questionRate": 0.0, "accent": true, "saturation": 3.0, "paragraphNum": 0, "nounNum": 60, "verbNum": 71, "adjNum": 31, "infNum": 7, "partPastNum": 0, "partPresNum": 0, "partFutNum": 0, "transNum": 0, "xNum": 21, "advNum": 61, "properNounNum": 3, "numNum": 10, "conjNum": 50, "punctNum": 84, "pronNum": 35, "relPronNum": 7, "demPronNum": 24, "adposNum": 6, "multiplePunctNum": 3, "phraseNum": 0, "nounRate": 0.13215859030837004, "verbRate": 0.15638766519823788, "adjRate": 0.06828193832599119, "infRate": 0.015418502202643172, "partPastRate": 0.0, "partPresRate": 0.0, "partFutRate": 0.0, "transRate": 0.0, "xRate": 0.046255506607929514, "advRate": 0.1343612334801762, "properNounRate": 0.006607929515418502, "numRate": 0.022026431718061675, "conjRate": 0.11013215859030837, "punctRate": 0.18502202643171806, "pronRate": 0.07709251101321586, "relPronRate": 0.015418502202643172, "demPronRate": 0.05286343612334802, "adposRate": 0.013215859030837005, "multiplePunctRate": 0.03571428571428571, "partsDensityRate": 2.973333333333333, "contentfulness": 9.291666666666666, "phraseRate": 0.0, "pastTenseNum": 19, "presentTenseNum": 47, "condNum": 0, "impNum": 6, "freqNum": 0, "causNum": 0, "modalNum": 5, "sg1VerbNum": 23, "sg2VerbNum": 7, "sg3VerbNum": 68, "pl1VerbNum": 3, "pl2VerbNum": 0, "pl3VerbNum": 1, "superlatNum": 1, "comparatNum": 3, "specDerivSuffixNum": 0, "pluralNounNum": 6, "pastTenseRate": 0.2676056338028169, "presentTenseRate": 0.6619718309859155, "condRate": 0.0, "impRate": 0.08450704225352113, "freqRate": 0.0, "causRate": 0.0, "modalRate": 0.07042253521126761, "sg1VerbRate": 0.323943661971831, "sg2VerbRate": 0.09859154929577464, "sg3VerbRate": 0.9577464788732394, "pl1VerbRate": 0.04225352112676056, "pl2VerbRate": 0.0, "pl3VerbRate": 0.014084507042253521, "superlatRate": 0.03225806451612903, "comparatRate": 0.0967741935483871, "specDerivSuffixRate": 0.0, "pluralNounRate": 0.1, "subjNum": 34, "objNum": 15, "attNum": 15, "subordNum": 31, "adverbNum": 81, "coordNum": 21, "clauseNum": 75, "simpleNum": 5, "complexNum": 19, "complexity1Num": 7, "complexity2Num": 2, "complexity3Num": 7, "compoundNum": 0, "subjRate": 0.07488986784140969, "objRate": 0.03303964757709251, "attRate": 0.03303964757709251, "subordRate": 0.06828193832599119, "adverbRate": 0.17841409691629956, "coordRate": 0.046255506607929514, "partsRate": 2.2133333333333334, "clauseRate": 3.125, "simpleRate": 0.20833333333333334, "complexRate": 0.7916666666666666, "complexity1Rate": 0.2916666666666667, "complexity2Rate": 0.08333333333333333, "complexity3Rate": 0.2916666666666667, "complexClauseRate": 3.6842105263157894, "sentencesPerParagraph": 0.0, "wordsLengthRate": 4.667567567567567, "compoundRate": 0.0, "positiveNum": 0, "negativeNum": 0, "precoPositiveNum": 0, "precoNegativeNum": 0, "negemoNum": 0, "negationNum": 11, "functionNum": 231, "contentNum": 223, "vulgarNum": 0, "racistNum": 0, "specStyleNum": 0, "addressingNum": 0, "closingNum": 0, "postscriptNum": 0, "brutalNum": 0, "positiveRate": 0.0, "negativeRate": 0.0, "precoPositiveRate": 0.0, "precoNegativeRate": 0.0, "negemoRate": 0.0, "negationRate": 0.024229074889867842, "functionRate": 0.5088105726872246, "contentRate": 0.4911894273127753, "vulgarRate": 0.0, "racistRate": 0.0, "specStyleRate": 0.0, "addressingRate": 0.0, "closingRate": 0.0, "postscriptRate": 0.0, "brutalRate": 0.0, "epistemicNum": 0, "investNum": 0, "conditionNum": 0, "weaselNum": 0, "peacockNum": 0, "hedgeNum": 0, "doxasticNum": 0, "epistemicRate": 0.0, "investRate": 0.0, "conditionRate": 0.0, "weaselRate": 0.0, "peacockRate": 0.0, "hedgeRate": 0.0, "doxasticRate": 0.0, "loveNum": 0, "anxietyNum": 0, "sorrowNum": 0, "joyNum": 0, "disgustNum": 0, "fearNum": 0, "surpriseNum": 0, "angerNum": 0, "loveRate": 0.0, "anxietyRate": 0.0, "sorrowRate": 0.0, "joyRate": 0.0, "disgustRate": 0.0, "fearRate": 0.0, "surpriseRate": 0.0, "angerRate": 0.0, "slangBeGeneralNum": 0, "slangBeCigaretteNum": 0, "slangBeHumanNum": 0, "slangBeVehicleNum": 0, "slangBeDrugNum": 0, "slangBvNum": 0, "slangBeGeneralRate": 0.0, "slangBeCigaretteRate": 0.0, "slangBeHumanRate": 0.0, "slangBeVehicleRate": 0.0, "slangBeDrugRate": 0.0, "slangBvRate": 0.0, "speechactNum": 0, "quoteNum": 0, "dashNum": 0, "publicNum": 0, "privateNum": 0, "suasiveNum": 0, "discMarkerNum": 0, "smileyNum": 1, "dateNum": 2, "hesitationNum": 0, "restartNum": 0, "repeatNum": 2, "conjBeforeDiscNum": 0, "conjAfterDiscNum": 0, "wordBeforeHesitationNum": 0, "wordAfterHesitationNum": 0, "otherCollocationNum": 0, "speechactRate": 0.0, "quoteRate": 0.0, "dashRate": 0.0, "publicRate": 0.0, "privateRate": 0.0, "suasiveRate": 0.0, "discMarkerRate": 0.0, "smileyRate": 0.0022026431718061676, "dateRate": 0.004405286343612335, "hesitationRate": 0.0, "restartRate": 0.0, "repeatRate": 0.004405286343612335, "conjBeforeDiscRate": 0.0, "conjAfterDiscRate": 0.0, "wordBeforeHesitationRate": 0.0, "wordAfterHesitationRate": 0.0, "otherCollocationRate": 0.0, "easyWordNum": 440, "hardWordNum": 14, "easyWordRate": 0.9691629955947136, "hardWordRate": 0.030837004405286344, "fleschReadingEaseScore": 83.46850403817918, "gunningFogIndex": 7.579001468428782, "fleschKincaidGradeLevel": 6.316574889867841, "colemanLiauIndex": 7.5133436123348005, "smogIndex": 7.03164865440522, "automatedReadabilityIndex": 6.6712187958884, "linsearWriteIndex": 1.115455212922173, "author": "", "locationNameNum": 0, "locationNameRate": 0.0, "personNameNum": 2, "personNameRate": 0.004405286343612335, "organizationNameNum": 0, "organizationNameRate": 0.0, "misspelledNum": 7, "misspelledRate": 0.015418502202643172, "missingAccentNum": 3, "missingAccentRate": 0.006607929515418502, "foreignAccentNum": 0, "foreignAccentRate": 0.0, "wordConcatNum": 1, "wordConcatRate": 0.0022026431718061676, "jLyMistakeNum": 0, "jLyMistakeRate": 0.0, "freqSuffixNum": 0, "partsNum": 166, "privateVNum": 0, "publicVNum": 0, "clauseWordNum": 75}