{"tokenNum": 409, "sentenceNum": 22, "lemmaNum": 189, "lemmaRate": 0.4621026894865526, "sentenceLength": 18.59090909090909, "allUpperNum": 3, "firstUpperNum": 25, "allUpperRate": 0.007334963325183374, "firstUpperRate": 0.061124694376528114, "declarSentNum": 20, "imperSentNum": 1, "questionNum": 1, "declarSentRate": 0.9090909090909091, "imperSentRate": 0.045454545454545456, "questionRate": 0.045454545454545456, "accent": true, "saturation": 2.589041095890411, "paragraphNum": 0, "nounNum": 57, "verbNum": 62, "adjNum": 26, "infNum": 6, "partPastNum": 0, "partPresNum": 0, "partFutNum": 0, "transNum": 0, "xNum": 20, "advNum": 50, "properNounNum": 4, "numNum": 1, "conjNum": 28, "punctNum": 87, "pronNum": 35, "relPronNum": 7, "demPronNum": 19, "adposNum": 2, "multiplePunctNum": 2, "phraseNum": 0, "nounRate": 0.1393643031784841, "verbRate": 0.15158924205378974, "adjRate": 0.06356968215158924, "infRate": 0.014669926650366748, "partPastRate": 0.0, "partPresRate": 0.0, "partFutRate": 0.0, "transRate": 0.0, "xRate": 0.0488997555012225, "advRate": 0.12224938875305623, "properNounRate": 0.009779951100244499, "numRate": 0.0024449877750611247, "conjRate": 0.06845965770171149, "punctRate": 0.21271393643031786, "pronRate": 0.08557457212713937, "relPronRate": 0.017114914425427872, "demPronRate": 0.04645476772616137, "adposRate": 0.004889975550122249, "multiplePunctRate": 0.022988505747126436, "partsDensityRate": 2.671232876712329, "contentfulness": 8.863636363636363, "phraseRate": 0.0, "pastTenseNum": 15, "presentTenseNum": 41, "condNum": 3, "impNum": 6, "freqNum": 0, "causNum": 0, "modalNum": 0, "sg1VerbNum": 34, "sg2VerbNum": 1, "sg3VerbNum": 45, "pl1VerbNum": 0, "pl2VerbNum": 0, "pl3VerbNum": 12, "superlatNum": 0, "comparatNum": 0, "specDerivSuffixNum": 0, "pluralNounNum": 8, "pastTenseRate": 0.24193548387096775, "presentTenseRate": 0.6612903225806451, "condRate": 0.04838709677419355, "impRate": 0.0967741935483871, "freqRate": 0.0, "causRate": 0.0, "modalRate": 0.0, "sg1VerbRate": 0.5483870967741935, "sg2VerbRate": 0.016129032258064516, "sg3VerbRate": 0.7258064516129032, "pl1VerbRate": 0.0, "pl2VerbRate": 0.0, "pl3VerbRate": 0.1935483870967742, "superlatRate": 0.0, "comparatRate": 0.0, "specDerivSuffixRate": 0.0, "pluralNounRate": 0.14035087719298245, "subjNum": 24, "objNum": 21, "attNum": 19, "subordNum": 17, "adverbNum": 57, "coordNum": 25, "clauseNum": 73, "simpleNum": 9, "complexNum": 13, "complexity1Num": 5, "complexity2Num": 1, "complexity3Num": 2, "compoundNum": 0, "subjRate": 0.05867970660146699, "objRate": 0.05134474327628362, "attRate": 0.04645476772616137, "subordRate": 0.04156479217603912, "adverbRate": 0.1393643031784841, "coordRate": 0.061124694376528114, "partsRate": 2.0, "clauseRate": 3.3181818181818183, "simpleRate": 0.4090909090909091, "complexRate": 0.5909090909090909, "complexity1Rate": 0.22727272727272727, "complexity2Rate": 0.045454545454545456, "complexity3Rate": 0.09090909090909091, "complexClauseRate": 4.923076923076923, "sentencesPerParagraph": 0.0, "wordsLengthRate": 4.65527950310559, "compoundRate": 0.0, "positiveNum": 0, "negativeNum": 0, "precoPositiveNum": 0, "precoNegativeNum": 0, "negemoNum": 0, "negationNum": 14, "functionNum": 214, "contentNum": 195, "vulgarNum": 0, "racistNum": 0, "specStyleNum": 0, "addressingNum": 0, "closingNum": 0, "postscriptNum": 0, "brutalNum": 0, "positiveRate": 0.0, "negativeRate": 0.0, "precoPositiveRate": 0.0, "precoNegativeRate": 0.0, "negemoRate": 0.0, "negationRate": 0.034229828850855744, "functionRate": 0.5232273838630807, "contentRate": 0.4767726161369193, "vulgarRate": 0.0, "racistRate": 0.0, "specStyleRate": 0.0, "addressingRate": 0.0, "closingRate": 0.0, "postscriptRate": 0.0, "brutalRate": 0.0, "epistemicNum": 0, "investNum": 0, "conditionNum": 0, "weaselNum": 0, "peacockNum": 0, "hedgeNum": 0, "doxasticNum": 0, "epistemicRate": 0.0, "investRate": 0.0, "conditionRate": 0.0, "weaselRate": 0.0, "peacockRate": 0.0, "hedgeRate": 0.0, "doxasticRate": 0.0, "loveNum": 0, "anxietyNum": 0, "sorrowNum": 0, "joyNum": 0, "disgustNum": 0, "fearNum": 0, "surpriseNum": 0, "angerNum": 0, "loveRate": 0.0, "anxietyRate": 0.0, "sorrowRate": 0.0, "joyRate": 0.0, "disgustRate": 0.0, "fearRate": 0.0, "surpriseRate": 0.0, "angerRate": 0.0, "slangBeGeneralNum": 0, "slangBeCigaretteNum": 0, "slangBeHumanNum": 0, "slangBeVehicleNum": 0, "slangBeDrugNum": 0, "slangBvNum": 0, "slangBeGeneralRate": 0.0, "slangBeCigaretteRate": 0.0, "slangBeHumanRate": 0.0, "slangBeVehicleRate": 0.0, "slangBeDrugRate": 0.0, "slangBvRate": 0.0, "speechactNum": 0, "quoteNum": 0, "dashNum": 0, "publicNum": 0, "privateNum": 0, "suasiveNum": 0, "discMarkerNum": 0, "smileyNum": 0, "dateNum": 0, "hesitationNum": 0, "restartNum": 0, "repeatNum": 0, "conjBeforeDiscNum": 0, "conjAfterDiscNum": 0, "wordBeforeHesitationNum": 0, "wordAfterHesitationNum": 0, "otherCollocationNum": 0, "speechactRate": 0.0, "quoteRate": 0.0, "dashRate": 0.0, "publicRate": 0.0, "privateRate": 0.0, "suasiveRate": 0.0, "discMarkerRate": 0.0, "smileyRate": 0.0, "dateRate": 0.0, "hesitationRate": 0.0, "restartRate": 0.0, "repeatRate": 0.0, "conjBeforeDiscRate": 0.0, "conjAfterDiscRate": 0.0, "wordBeforeHesitationRate": 0.0, "wordAfterHesitationRate": 0.0, "otherCollocationRate": 0.0, "easyWordNum": 396, "hardWordNum": 13, "easyWordRate": 0.9682151589242054, "hardWordRate": 0.03178484107579462, "fleschReadingEaseScore": 89.92023949766616, "gunningFogIndex": 7.4490775727939535, "fleschKincaidGradeLevel": 5.335760168926427, "colemanLiauIndex": 6.809374083129583, "smogIndex": 6.88968998030894, "automatedReadabilityIndex": 5.945405645699047, "linsearWriteIndex": 1.311624805512336, "author": "", "locationNameNum": 0, "locationNameRate": 0.0, "personNameNum": 4, "personNameRate": 0.009779951100244499, "organizationNameNum": 0, "organizationNameRate": 0.0, "misspelledNum": 11, "misspelledRate": 0.02689486552567237, "missingAccentNum": 3, "missingAccentRate": 0.007334963325183374, "foreignAccentNum": 0, "foreignAccentRate": 0.0, "wordConcatNum": 1, "wordConcatRate": 0.0024449877750611247, "jLyMistakeNum": 1, "jLyMistakeRate": 0.0024449877750611247, "freqSuffixNum": 0, "partsNum": 146, "privateVNum": 0, "publicVNum": 0, "clauseWordNum": 73}