{"tokenNum": 343, "sentenceNum": 22, "lemmaNum": 191, "lemmaRate": 0.5568513119533528, "sentenceLength": 15.590909090909092, "allUpperNum": 0, "firstUpperNum": 29, "allUpperRate": 0.0, "firstUpperRate": 0.08454810495626822, "declarSentNum": 22, "imperSentNum": 0, "questionNum": 0, "declarSentRate": 1.0, "imperSentRate": 0.0, "questionRate": 0.0, "accent": true, "saturation": 4.441860465116279, "paragraphNum": 0, "nounNum": 72, "verbNum": 40, "adjNum": 29, "infNum": 5, "partPastNum": 5, "partPresNum": 5, "partFutNum": 0, "transNum": 1, "xNum": 21, "advNum": 31, "properNounNum": 9, "numNum": 1, "conjNum": 24, "punctNum": 59, "pronNum": 29, "relPronNum": 4, "demPronNum": 20, "adposNum": 4, "multiplePunctNum": 6, "phraseNum": 0, "nounRate": 0.2099125364431487, "verbRate": 0.11661807580174927, "adjRate": 0.08454810495626822, "infRate": 0.014577259475218658, "partPastRate": 0.014577259475218658, "partPresRate": 0.014577259475218658, "partFutRate": 0.0, "transRate": 0.0029154518950437317, "xRate": 0.061224489795918366, "advRate": 0.09037900874635568, "properNounRate": 0.026239067055393587, "numRate": 0.0029154518950437317, "conjRate": 0.06997084548104957, "punctRate": 0.17201166180758018, "pronRate": 0.08454810495626822, "relPronRate": 0.011661807580174927, "demPronRate": 0.05830903790087463, "adposRate": 0.011661807580174927, "multiplePunctRate": 0.1016949152542373, "partsDensityRate": 4.0, "contentfulness": 7.818181818181818, "phraseRate": 0.0, "pastTenseNum": 18, "presentTenseNum": 17, "condNum": 0, "impNum": 3, "freqNum": 0, "causNum": 0, "modalNum": 2, "sg1VerbNum": 10, "sg2VerbNum": 1, "sg3VerbNum": 41, "pl1VerbNum": 0, "pl2VerbNum": 0, "pl3VerbNum": 13, "superlatNum": 0, "comparatNum": 0, "specDerivSuffixNum": 0, "pluralNounNum": 16, "pastTenseRate": 0.45, "presentTenseRate": 0.425, "condRate": 0.0, "impRate": 0.075, "freqRate": 0.0, "causRate": 0.0, "modalRate": 0.05, "sg1VerbRate": 0.25, "sg2VerbRate": 0.025, "sg3VerbRate": 1.025, "pl1VerbRate": 0.0, "pl2VerbRate": 0.0, "pl3VerbRate": 0.325, "superlatRate": 0.0, "comparatRate": 0.0, "specDerivSuffixRate": 0.0, "pluralNounRate": 0.2222222222222222, "subjNum": 31, "objNum": 15, "attNum": 26, "subordNum": 16, "adverbNum": 39, "coordNum": 9, "clauseNum": 43, "simpleNum": 6, "complexNum": 15, "complexity1Num": 11, "complexity2Num": 1, "complexity3Num": 3, "compoundNum": 0, "subjRate": 0.09037900874635568, "objRate": 0.043731778425655975, "attRate": 0.07580174927113703, "subordRate": 0.04664723032069971, "adverbRate": 0.11370262390670553, "coordRate": 0.026239067055393587, "partsRate": 2.7906976744186047, "clauseRate": 1.9545454545454546, "simpleRate": 0.2727272727272727, "complexRate": 0.6818181818181818, "complexity1Rate": 0.5, "complexity2Rate": 0.045454545454545456, "complexity3Rate": 0.13636363636363635, "complexClauseRate": 2.466666666666667, "sentencesPerParagraph": 0.0, "wordsLengthRate": 5.595070422535211, "compoundRate": 0.0, "positiveNum": 0, "negativeNum": 0, "precoPositiveNum": 0, "precoNegativeNum": 0, "negemoNum": 0, "negationNum": 7, "functionNum": 171, "contentNum": 172, "vulgarNum": 0, "racistNum": 0, "specStyleNum": 0, "addressingNum": 0, "closingNum": 0, "postscriptNum": 0, "brutalNum": 0, "positiveRate": 0.0, "negativeRate": 0.0, "precoPositiveRate": 0.0, "precoNegativeRate": 0.0, "negemoRate": 0.0, "negationRate": 0.02040816326530612, "functionRate": 0.49854227405247814, "contentRate": 0.5014577259475219, "vulgarRate": 0.0, "racistRate": 0.0, "specStyleRate": 0.0, "addressingRate": 0.0, "closingRate": 0.0, "postscriptRate": 0.0, "brutalRate": 0.0, "epistemicNum": 0, "investNum": 0, "conditionNum": 0, "weaselNum": 0, "peacockNum": 0, "hedgeNum": 0, "doxasticNum": 0, "epistemicRate": 0.0, "investRate": 0.0, "conditionRate": 0.0, "weaselRate": 0.0, "peacockRate": 0.0, "hedgeRate": 0.0, "doxasticRate": 0.0, "loveNum": 0, "anxietyNum": 0, "sorrowNum": 0, "joyNum": 0, "disgustNum": 0, "fearNum": 0, "surpriseNum": 0, "angerNum": 0, "loveRate": 0.0, "anxietyRate": 0.0, "sorrowRate": 0.0, "joyRate": 0.0, "disgustRate": 0.0, "fearRate": 0.0, "surpriseRate": 0.0, "angerRate": 0.0, "slangBeGeneralNum": 0, "slangBeCigaretteNum": 0, "slangBeHumanNum": 0, "slangBeVehicleNum": 0, "slangBeDrugNum": 0, "slangBvNum": 0, "slangBeGeneralRate": 0.0, "slangBeCigaretteRate": 0.0, "slangBeHumanRate": 0.0, "slangBeVehicleRate": 0.0, "slangBeDrugRate": 0.0, "slangBvRate": 0.0, "speechactNum": 0, "quoteNum": 0, "dashNum": 0, "publicNum": 0, "privateNum": 0, "suasiveNum": 0, "discMarkerNum": 0, "smileyNum": 0, "dateNum": 0, "hesitationNum": 0, "restartNum": 0, "repeatNum": 0, "conjBeforeDiscNum": 0, "conjAfterDiscNum": 0, "wordBeforeHesitationNum": 0, "wordAfterHesitationNum": 0, "otherCollocationNum": 0, "speechactRate": 0.0, "quoteRate": 0.0, "dashRate": 0.0, "publicRate": 0.0, "privateRate": 0.0, "suasiveRate": 0.0, "discMarkerRate": 0.0, "smileyRate": 0.0, "dateRate": 0.0, "hesitationRate": 0.0, "restartRate": 0.0, "repeatRate": 0.0, "conjBeforeDiscRate": 0.0, "conjAfterDiscRate": 0.0, "wordBeforeHesitationRate": 0.0, "wordAfterHesitationRate": 0.0, "otherCollocationRate": 0.0, "easyWordNum": 321, "hardWordNum": 22, "easyWordRate": 0.9358600583090378, "hardWordRate": 0.0641399416909621, "fleschReadingEaseScore": 62.26037304532204, "gunningFogIndex": 6.262019613040022, "fleschKincaidGradeLevel": 8.44847203816592, "colemanLiauIndex": 12.207358600583088, "smogIndex": 8.021203637495837, "automatedReadabilityIndex": 8.761985157699442, "linsearWriteIndex": 1.4251258945136498, "author": "", "locationNameNum": 0, "locationNameRate": 0.0, "personNameNum": 7, "personNameRate": 0.02040816326530612, "organizationNameNum": 0, "organizationNameRate": 0.0, "misspelledNum": 9, "misspelledRate": 0.026239067055393587, "missingAccentNum": 8, "missingAccentRate": 0.023323615160349854, "foreignAccentNum": 0, "foreignAccentRate": 0.0, "wordConcatNum": 0, "wordConcatRate": 0.0, "jLyMistakeNum": 0, "jLyMistakeRate": 0.0, "freqSuffixNum": 0, "partsNum": 120, "privateVNum": 0, "publicVNum": 0, "clauseWordNum": 43}