{"tokenNum": 411, "sentenceNum": 23, "lemmaNum": 233, "lemmaRate": 0.5669099756690997, "sentenceLength": 17.869565217391305, "allUpperNum": 3, "firstUpperNum": 34, "allUpperRate": 0.0072992700729927005, "firstUpperRate": 0.0827250608272506, "declarSentNum": 22, "imperSentNum": 0, "questionNum": 1, "declarSentRate": 0.9565217391304348, "imperSentRate": 0.0, "questionRate": 0.043478260869565216, "accent": true, "saturation": 3.640625, "paragraphNum": 0, "nounNum": 95, "verbNum": 40, "adjNum": 31, "infNum": 3, "partPastNum": 0, "partPresNum": 0, "partFutNum": 0, "transNum": 0, "xNum": 23, "advNum": 46, "properNounNum": 32, "numNum": 8, "conjNum": 21, "punctNum": 96, "pronNum": 23, "relPronNum": 3, "demPronNum": 12, "adposNum": 0, "multiplePunctNum": 13, "phraseNum": 0, "nounRate": 0.23114355231143552, "verbRate": 0.09732360097323602, "adjRate": 0.07542579075425791, "infRate": 0.0072992700729927005, "partPastRate": 0.0, "partPresRate": 0.0, "partFutRate": 0.0, "transRate": 0.0, "xRate": 0.05596107055961071, "advRate": 0.11192214111922141, "properNounRate": 0.07785888077858881, "numRate": 0.019464720194647202, "conjRate": 0.051094890510948905, "punctRate": 0.23357664233576642, "pronRate": 0.05596107055961071, "relPronRate": 0.0072992700729927005, "demPronRate": 0.029197080291970802, "adposRate": 0.0, "multiplePunctRate": 0.13541666666666666, "partsDensityRate": 3.296875, "contentfulness": 9.173913043478262, "phraseRate": 0.0, "pastTenseNum": 13, "presentTenseNum": 24, "condNum": 2, "impNum": 1, "freqNum": 0, "causNum": 0, "modalNum": 3, "sg1VerbNum": 17, "sg2VerbNum": 0, "sg3VerbNum": 37, "pl1VerbNum": 0, "pl2VerbNum": 0, "pl3VerbNum": 6, "superlatNum": 0, "comparatNum": 3, "specDerivSuffixNum": 0, "pluralNounNum": 3, "pastTenseRate": 0.325, "presentTenseRate": 0.6, "condRate": 0.05, "impRate": 0.025, "freqRate": 0.0, "causRate": 0.0, "modalRate": 0.075, "sg1VerbRate": 0.425, "sg2VerbRate": 0.0, "sg3VerbRate": 0.925, "pl1VerbRate": 0.0, "pl2VerbRate": 0.0, "pl3VerbRate": 0.15, "superlatRate": 0.0, "comparatRate": 0.0967741935483871, "specDerivSuffixRate": 0.0, "pluralNounRate": 0.031578947368421054, "subjNum": 28, "objNum": 12, "attNum": 11, "subordNum": 9, "adverbNum": 51, "coordNum": 23, "clauseNum": 64, "simpleNum": 6, "complexNum": 17, "complexity1Num": 7, "complexity2Num": 5, "complexity3Num": 0, "compoundNum": 0, "subjRate": 0.0681265206812652, "objRate": 0.029197080291970802, "attRate": 0.0267639902676399, "subordRate": 0.021897810218978103, "adverbRate": 0.12408759124087591, "coordRate": 0.05596107055961071, "partsRate": 1.953125, "clauseRate": 2.782608695652174, "simpleRate": 0.2608695652173913, "complexRate": 0.7391304347826086, "complexity1Rate": 0.30434782608695654, "complexity2Rate": 0.21739130434782608, "complexity3Rate": 0.0, "complexClauseRate": 3.411764705882353, "sentencesPerParagraph": 0.0, "wordsLengthRate": 4.853968253968254, "compoundRate": 0.0, "positiveNum": 0, "negativeNum": 0, "precoPositiveNum": 0, "precoNegativeNum": 0, "negemoNum": 0, "negationNum": 9, "functionNum": 200, "contentNum": 211, "vulgarNum": 0, "racistNum": 0, "specStyleNum": 0, "addressingNum": 0, "closingNum": 0, "postscriptNum": 0, "brutalNum": 0, "positiveRate": 0.0, "negativeRate": 0.0, "precoPositiveRate": 0.0, "precoNegativeRate": 0.0, "negemoRate": 0.0, "negationRate": 0.021897810218978103, "functionRate": 0.48661800486618007, "contentRate": 0.51338199513382, "vulgarRate": 0.0, "racistRate": 0.0, "specStyleRate": 0.0, "addressingRate": 0.0, "closingRate": 0.0, "postscriptRate": 0.0, "brutalRate": 0.0, "epistemicNum": 0, "investNum": 0, "conditionNum": 0, "weaselNum": 0, "peacockNum": 0, "hedgeNum": 0, "doxasticNum": 0, "epistemicRate": 0.0, "investRate": 0.0, "conditionRate": 0.0, "weaselRate": 0.0, "peacockRate": 0.0, "hedgeRate": 0.0, "doxasticRate": 0.0, "loveNum": 0, "anxietyNum": 0, "sorrowNum": 0, "joyNum": 0, "disgustNum": 0, "fearNum": 0, "surpriseNum": 0, "angerNum": 0, "loveRate": 0.0, "anxietyRate": 0.0, "sorrowRate": 0.0, "joyRate": 0.0, "disgustRate": 0.0, "fearRate": 0.0, "surpriseRate": 0.0, "angerRate": 0.0, "slangBeGeneralNum": 0, "slangBeCigaretteNum": 0, "slangBeHumanNum": 0, "slangBeVehicleNum": 0, "slangBeDrugNum": 0, "slangBvNum": 0, "slangBeGeneralRate": 0.0, "slangBeCigaretteRate": 0.0, "slangBeHumanRate": 0.0, "slangBeVehicleRate": 0.0, "slangBeDrugRate": 0.0, "slangBvRate": 0.0, "speechactNum": 0, "quoteNum": 0, "dashNum": 0, "publicNum": 0, "privateNum": 0, "suasiveNum": 0, "discMarkerNum": 0, "smileyNum": 1, "dateNum": 0, "hesitationNum": 0, "restartNum": 0, "repeatNum": 1, "conjBeforeDiscNum": 0, "conjAfterDiscNum": 0, "wordBeforeHesitationNum": 0, "wordAfterHesitationNum": 0, "otherCollocationNum": 0, "speechactRate": 0.0, "quoteRate": 0.0, "dashRate": 0.0, "publicRate": 0.0, "privateRate": 0.0, "suasiveRate": 0.0, "discMarkerRate": 0.0, "smileyRate": 0.0024330900243309003, "dateRate": 0.0, "hesitationRate": 0.0, "restartRate": 0.0, "repeatRate": 0.0024330900243309003, "conjBeforeDiscRate": 0.0, "conjAfterDiscRate": 0.0, "wordBeforeHesitationRate": 0.0, "wordAfterHesitationRate": 0.0, "otherCollocationRate": 0.0, "easyWordNum": 397, "hardWordNum": 14, "easyWordRate": 0.9659367396593674, "hardWordRate": 0.0340632603406326, "fleschReadingEaseScore": 90.9236686766106, "gunningFogIndex": 7.1614513910927755, "fleschKincaidGradeLevel": 5.016600021157306, "colemanLiauIndex": 7.573530413625303, "smogIndex": 7.03164865440522, "automatedReadabilityIndex": 6.195804506505873, "linsearWriteIndex": 1.2215169787369091, "author": "", "locationNameNum": 3, "locationNameRate": 0.0072992700729927005, "personNameNum": 2, "personNameRate": 0.004866180048661801, "organizationNameNum": 1, "organizationNameRate": 0.0024330900243309003, "misspelledNum": 34, "misspelledRate": 0.0827250608272506, "missingAccentNum": 16, "missingAccentRate": 0.038929440389294405, "foreignAccentNum": 0, "foreignAccentRate": 0.0, "wordConcatNum": 3, "wordConcatRate": 0.0072992700729927005, "jLyMistakeNum": 0, "jLyMistakeRate": 0.0, "freqSuffixNum": 0, "partsNum": 125, "privateVNum": 0, "publicVNum": 0, "clauseWordNum": 64}