{"tokenNum": 389, "sentenceNum": 24, "lemmaNum": 213, "lemmaRate": 0.5475578406169666, "sentenceLength": 16.208333333333332, "allUpperNum": 0, "firstUpperNum": 23, "allUpperRate": 0.0, "firstUpperRate": 0.05912596401028278, "declarSentNum": 17, "imperSentNum": 3, "questionNum": 4, "declarSentRate": 0.7083333333333334, "imperSentRate": 0.125, "questionRate": 0.16666666666666666, "accent": true, "saturation": 3.8727272727272726, "paragraphNum": 0, "nounNum": 62, "verbNum": 49, "adjNum": 31, "infNum": 6, "partPastNum": 0, "partPresNum": 0, "partFutNum": 0, "transNum": 3, "xNum": 23, "advNum": 43, "properNounNum": 9, "numNum": 4, "conjNum": 38, "punctNum": 65, "pronNum": 31, "relPronNum": 5, "demPronNum": 20, "adposNum": 4, "multiplePunctNum": 8, "phraseNum": 0, "nounRate": 0.15938303341902313, "verbRate": 0.12596401028277635, "adjRate": 0.07969151670951156, "infRate": 0.015424164524421594, "partPastRate": 0.0, "partPresRate": 0.0, "partFutRate": 0.0, "transRate": 0.007712082262210797, "xRate": 0.05912596401028278, "advRate": 0.11053984575835475, "properNounRate": 0.02313624678663239, "numRate": 0.010282776349614395, "conjRate": 0.09768637532133675, "punctRate": 0.16709511568123395, "pronRate": 0.07969151670951156, "relPronRate": 0.012853470437017995, "demPronRate": 0.05141388174807198, "adposRate": 0.010282776349614395, "multiplePunctRate": 0.12307692307692308, "partsDensityRate": 3.3636363636363638, "contentfulness": 7.708333333333333, "phraseRate": 0.0, "pastTenseNum": 13, "presentTenseNum": 31, "condNum": 5, "impNum": 2, "freqNum": 0, "causNum": 0, "modalNum": 3, "sg1VerbNum": 16, "sg2VerbNum": 0, "sg3VerbNum": 51, "pl1VerbNum": 0, "pl2VerbNum": 2, "pl3VerbNum": 7, "superlatNum": 0, "comparatNum": 0, "specDerivSuffixNum": 0, "pluralNounNum": 6, "pastTenseRate": 0.2653061224489796, "presentTenseRate": 0.6326530612244898, "condRate": 0.10204081632653061, "impRate": 0.04081632653061224, "freqRate": 0.0, "causRate": 0.0, "modalRate": 0.061224489795918366, "sg1VerbRate": 0.32653061224489793, "sg2VerbRate": 0.0, "sg3VerbRate": 1.0408163265306123, "pl1VerbRate": 0.0, "pl2VerbRate": 0.04081632653061224, "pl3VerbRate": 0.14285714285714285, "superlatRate": 0.0, "comparatRate": 0.0, "specDerivSuffixRate": 0.0, "pluralNounRate": 0.0967741935483871, "subjNum": 30, "objNum": 8, "attNum": 19, "subordNum": 17, "adverbNum": 53, "coordNum": 15, "clauseNum": 55, "simpleNum": 10, "complexNum": 14, "complexity1Num": 5, "complexity2Num": 4, "complexity3Num": 2, "compoundNum": 0, "subjRate": 0.07712082262210797, "objRate": 0.02056555269922879, "attRate": 0.04884318766066838, "subordRate": 0.043701799485861184, "adverbRate": 0.13624678663239073, "coordRate": 0.038560411311053984, "partsRate": 2.272727272727273, "clauseRate": 2.2916666666666665, "simpleRate": 0.4166666666666667, "complexRate": 0.5833333333333334, "complexity1Rate": 0.20833333333333334, "complexity2Rate": 0.16666666666666666, "complexity3Rate": 0.08333333333333333, "complexClauseRate": 3.2142857142857144, "sentencesPerParagraph": 0.0, "wordsLengthRate": 4.966049382716049, "compoundRate": 0.0, "positiveNum": 0, "negativeNum": 0, "precoPositiveNum": 0, "precoNegativeNum": 0, "negemoNum": 0, "negationNum": 5, "functionNum": 204, "contentNum": 185, "vulgarNum": 0, "racistNum": 0, "specStyleNum": 0, "addressingNum": 0, "closingNum": 0, "postscriptNum": 1, "brutalNum": 0, "positiveRate": 0.0, "negativeRate": 0.0, "precoPositiveRate": 0.0, "precoNegativeRate": 0.0, "negemoRate": 0.0, "negationRate": 0.012853470437017995, "functionRate": 0.5244215938303342, "contentRate": 0.4755784061696658, "vulgarRate": 0.0, "racistRate": 0.0, "specStyleRate": 0.0, "addressingRate": 0.0, "closingRate": 0.0, "postscriptRate": 0.002570694087403599, "brutalRate": 0.0, "epistemicNum": 0, "investNum": 0, "conditionNum": 0, "weaselNum": 0, "peacockNum": 0, "hedgeNum": 0, "doxasticNum": 0, "epistemicRate": 0.0, "investRate": 0.0, "conditionRate": 0.0, "weaselRate": 0.0, "peacockRate": 0.0, "hedgeRate": 0.0, "doxasticRate": 0.0, "loveNum": 0, "anxietyNum": 0, "sorrowNum": 0, "joyNum": 0, "disgustNum": 0, "fearNum": 0, "surpriseNum": 0, "angerNum": 0, "loveRate": 0.0, "anxietyRate": 0.0, "sorrowRate": 0.0, "joyRate": 0.0, "disgustRate": 0.0, "fearRate": 0.0, "surpriseRate": 0.0, "angerRate": 0.0, "slangBeGeneralNum": 0, "slangBeCigaretteNum": 0, "slangBeHumanNum": 0, "slangBeVehicleNum": 0, "slangBeDrugNum": 0, "slangBvNum": 0, "slangBeGeneralRate": 0.0, "slangBeCigaretteRate": 0.0, "slangBeHumanRate": 0.0, "slangBeVehicleRate": 0.0, "slangBeDrugRate": 0.0, "slangBvRate": 0.0, "speechactNum": 0, "quoteNum": 0, "dashNum": 0, "publicNum": 0, "privateNum": 0, "suasiveNum": 0, "discMarkerNum": 0, "smileyNum": 1, "dateNum": 0, "hesitationNum": 0, "restartNum": 0, "repeatNum": 3, "conjBeforeDiscNum": 0, "conjAfterDiscNum": 0, "wordBeforeHesitationNum": 0, "wordAfterHesitationNum": 0, "otherCollocationNum": 0, "speechactRate": 0.0, "quoteRate": 0.0, "dashRate": 0.0, "publicRate": 0.0, "privateRate": 0.0, "suasiveRate": 0.0, "discMarkerRate": 0.0, "smileyRate": 0.002570694087403599, "dateRate": 0.0, "hesitationRate": 0.0, "restartRate": 0.0, "repeatRate": 0.007712082262210797, "conjBeforeDiscRate": 0.0, "conjAfterDiscRate": 0.0, "wordBeforeHesitationRate": 0.0, "wordAfterHesitationRate": 0.0, "otherCollocationRate": 0.0, "easyWordNum": 366, "hardWordNum": 23, "easyWordRate": 0.9408740359897172, "hardWordRate": 0.05912596401028278, "fleschReadingEaseScore": 75.33624089545846, "gunningFogIndex": 6.5069837189374455, "fleschKincaidGradeLevel": 6.778036632390744, "colemanLiauIndex": 9.546498714652952, "smogIndex": 8.131152278815165, "automatedReadabilityIndex": 6.942907026563837, "linsearWriteIndex": 1.2279348757497854, "author": "", "locationNameNum": 1, "locationNameRate": 0.002570694087403599, "personNameNum": 2, "personNameRate": 0.005141388174807198, "organizationNameNum": 0, "organizationNameRate": 0.0, "misspelledNum": 23, "misspelledRate": 0.05912596401028278, "missingAccentNum": 4, "missingAccentRate": 0.010282776349614395, "foreignAccentNum": 0, "foreignAccentRate": 0.0, "wordConcatNum": 2, "wordConcatRate": 0.005141388174807198, "jLyMistakeNum": 1, "jLyMistakeRate": 0.002570694087403599, "freqSuffixNum": 0, "partsNum": 125, "privateVNum": 0, "publicVNum": 0, "clauseWordNum": 55}