{"tokenNum": 333, "sentenceNum": 13, "lemmaNum": 192, "lemmaRate": 0.5765765765765766, "sentenceLength": 25.615384615384617, "allUpperNum": 1, "firstUpperNum": 16, "allUpperRate": 0.003003003003003003, "firstUpperRate": 0.04804804804804805, "declarSentNum": 12, "imperSentNum": 1, "questionNum": 0, "declarSentRate": 0.9230769230769231, "imperSentRate": 0.07692307692307693, "questionRate": 0.0, "accent": true, "saturation": 5.333333333333333, "paragraphNum": 0, "nounNum": 67, "verbNum": 41, "adjNum": 37, "infNum": 6, "partPastNum": 2, "partPresNum": 1, "partFutNum": 0, "transNum": 1, "xNum": 10, "advNum": 38, "properNounNum": 5, "numNum": 2, "conjNum": 32, "punctNum": 41, "pronNum": 24, "relPronNum": 4, "demPronNum": 17, "adposNum": 5, "multiplePunctNum": 1, "phraseNum": 0, "nounRate": 0.2012012012012012, "verbRate": 0.12312312312312312, "adjRate": 0.1111111111111111, "infRate": 0.018018018018018018, "partPastRate": 0.006006006006006006, "partPresRate": 0.003003003003003003, "partFutRate": 0.0, "transRate": 0.003003003003003003, "xRate": 0.03003003003003003, "advRate": 0.11411411411411411, "properNounRate": 0.015015015015015015, "numRate": 0.006006006006006006, "conjRate": 0.0960960960960961, "punctRate": 0.12312312312312312, "pronRate": 0.07207207207207207, "relPronRate": 0.012012012012012012, "demPronRate": 0.05105105105105105, "adposRate": 0.015015015015015015, "multiplePunctRate": 0.024390243902439025, "partsDensityRate": 5.083333333333333, "contentfulness": 14.076923076923077, "phraseRate": 0.0, "pastTenseNum": 6, "presentTenseNum": 30, "condNum": 3, "impNum": 2, "freqNum": 0, "causNum": 0, "modalNum": 4, "sg1VerbNum": 11, "sg2VerbNum": 0, "sg3VerbNum": 35, "pl1VerbNum": 1, "pl2VerbNum": 0, "pl3VerbNum": 15, "superlatNum": 0, "comparatNum": 2, "specDerivSuffixNum": 0, "pluralNounNum": 12, "pastTenseRate": 0.14634146341463414, "presentTenseRate": 0.7317073170731707, "condRate": 0.07317073170731707, "impRate": 0.04878048780487805, "freqRate": 0.0, "causRate": 0.0, "modalRate": 0.0975609756097561, "sg1VerbRate": 0.2682926829268293, "sg2VerbRate": 0.0, "sg3VerbRate": 0.8536585365853658, "pl1VerbRate": 0.024390243902439025, "pl2VerbRate": 0.0, "pl3VerbRate": 0.36585365853658536, "superlatRate": 0.0, "comparatRate": 0.05405405405405406, "specDerivSuffixRate": 0.0, "pluralNounRate": 0.1791044776119403, "subjNum": 26, "objNum": 20, "attNum": 27, "subordNum": 16, "adverbNum": 46, "coordNum": 17, "clauseNum": 36, "simpleNum": 4, "complexNum": 9, "complexity1Num": 3, "complexity2Num": 1, "complexity3Num": 2, "compoundNum": 0, "subjRate": 0.07807807807807808, "objRate": 0.06006006006006006, "attRate": 0.08108108108108109, "subordRate": 0.04804804804804805, "adverbRate": 0.13813813813813813, "coordRate": 0.05105105105105105, "partsRate": 3.7777777777777777, "clauseRate": 2.769230769230769, "simpleRate": 0.3076923076923077, "complexRate": 0.6923076923076923, "complexity1Rate": 0.23076923076923078, "complexity2Rate": 0.07692307692307693, "complexity3Rate": 0.15384615384615385, "complexClauseRate": 3.5555555555555554, "sentencesPerParagraph": 0.0, "wordsLengthRate": 5.527397260273973, "compoundRate": 0.0, "positiveNum": 0, "negativeNum": 0, "precoPositiveNum": 0, "precoNegativeNum": 0, "negemoNum": 0, "negationNum": 13, "functionNum": 150, "contentNum": 183, "vulgarNum": 0, "racistNum": 0, "specStyleNum": 0, "addressingNum": 0, "closingNum": 0, "postscriptNum": 0, "brutalNum": 0, "positiveRate": 0.0, "negativeRate": 0.0, "precoPositiveRate": 0.0, "precoNegativeRate": 0.0, "negemoRate": 0.0, "negationRate": 0.03903903903903904, "functionRate": 0.45045045045045046, "contentRate": 0.5495495495495496, "vulgarRate": 0.0, "racistRate": 0.0, "specStyleRate": 0.0, "addressingRate": 0.0, "closingRate": 0.0, "postscriptRate": 0.0, "brutalRate": 0.0, "epistemicNum": 0, "investNum": 0, "conditionNum": 0, "weaselNum": 0, "peacockNum": 0, "hedgeNum": 0, "doxasticNum": 0, "epistemicRate": 0.0, "investRate": 0.0, "conditionRate": 0.0, "weaselRate": 0.0, "peacockRate": 0.0, "hedgeRate": 0.0, "doxasticRate": 0.0, "loveNum": 0, "anxietyNum": 0, "sorrowNum": 0, "joyNum": 0, "disgustNum": 0, "fearNum": 0, "surpriseNum": 0, "angerNum": 0, "loveRate": 0.0, "anxietyRate": 0.0, "sorrowRate": 0.0, "joyRate": 0.0, "disgustRate": 0.0, "fearRate": 0.0, "surpriseRate": 0.0, "angerRate": 0.0, "slangBeGeneralNum": 0, "slangBeCigaretteNum": 0, "slangBeHumanNum": 0, "slangBeVehicleNum": 0, "slangBeDrugNum": 0, "slangBvNum": 0, "slangBeGeneralRate": 0.0, "slangBeCigaretteRate": 0.0, "slangBeHumanRate": 0.0, "slangBeVehicleRate": 0.0, "slangBeDrugRate": 0.0, "slangBvRate": 0.0, "speechactNum": 0, "quoteNum": 0, "dashNum": 0, "publicNum": 0, "privateNum": 0, "suasiveNum": 0, "discMarkerNum": 0, "smileyNum": 0, "dateNum": 0, "hesitationNum": 0, "restartNum": 0, "repeatNum": 2, "conjBeforeDiscNum": 0, "conjAfterDiscNum": 0, "wordBeforeHesitationNum": 0, "wordAfterHesitationNum": 0, "otherCollocationNum": 0, "speechactRate": 0.0, "quoteRate": 0.0, "dashRate": 0.0, "publicRate": 0.0, "privateRate": 0.0, "suasiveRate": 0.0, "discMarkerRate": 0.0, "smileyRate": 0.0, "dateRate": 0.0, "hesitationRate": 0.0, "restartRate": 0.0, "repeatRate": 0.006006006006006006, "conjBeforeDiscRate": 0.0, "conjAfterDiscRate": 0.0, "wordBeforeHesitationRate": 0.0, "wordAfterHesitationRate": 0.0, "otherCollocationRate": 0.0, "easyWordNum": 304, "hardWordNum": 29, "easyWordRate": 0.9129129129129129, "hardWordRate": 0.08708708708708708, "fleschReadingEaseScore": 43.392141372141396, "gunningFogIndex": 10.280988680988683, "fleschKincaidGradeLevel": 13.57057057057057, "colemanLiauIndex": 13.473006006006003, "smogIndex": 8.745826893841286, "automatedReadabilityIndex": 14.786250866250867, "linsearWriteIndex": 3.4005544005544, "author": "", "locationNameNum": 1, "locationNameRate": 0.003003003003003003, "personNameNum": 0, "personNameRate": 0.0, "organizationNameNum": 1, "organizationNameRate": 0.003003003003003003, "misspelledNum": 11, "misspelledRate": 0.03303303303303303, "missingAccentNum": 2, "missingAccentRate": 0.006006006006006006, "foreignAccentNum": 0, "foreignAccentRate": 0.0, "wordConcatNum": 1, "wordConcatRate": 0.003003003003003003, "jLyMistakeNum": 0, "jLyMistakeRate": 0.0, "freqSuffixNum": 0, "partsNum": 136, "privateVNum": 0, "publicVNum": 0, "clauseWordNum": 36}