{"tokenNum": 138, "sentenceNum": 16, "lemmaNum": 88, "lemmaRate": 0.6376811594202898, "sentenceLength": 8.625, "allUpperNum": 1, "firstUpperNum": 13, "allUpperRate": 0.007246376811594203, "firstUpperRate": 0.09420289855072464, "declarSentNum": 14, "imperSentNum": 1, "questionNum": 1, "declarSentRate": 0.875, "imperSentRate": 0.0625, "questionRate": 0.0625, "accent": true, "saturation": 3.6666666666666665, "paragraphNum": 0, "nounNum": 23, "verbNum": 17, "adjNum": 9, "infNum": 2, "partPastNum": 0, "partPresNum": 0, "partFutNum": 0, "transNum": 0, "xNum": 16, "advNum": 16, "properNounNum": 1, "numNum": 0, "conjNum": 5, "punctNum": 35, "pronNum": 7, "relPronNum": 1, "demPronNum": 4, "adposNum": 0, "multiplePunctNum": 1, "phraseNum": 0, "nounRate": 0.16666666666666666, "verbRate": 0.12318840579710146, "adjRate": 0.06521739130434782, "infRate": 0.014492753623188406, "partPastRate": 0.0, "partPresRate": 0.0, "partFutRate": 0.0, "transRate": 0.0, "xRate": 0.11594202898550725, "advRate": 0.11594202898550725, "properNounRate": 0.007246376811594203, "numRate": 0.0, "conjRate": 0.036231884057971016, "punctRate": 0.2536231884057971, "pronRate": 0.050724637681159424, "relPronRate": 0.007246376811594203, "demPronRate": 0.028985507246376812, "adposRate": 0.0, "multiplePunctRate": 0.02857142857142857, "partsDensityRate": 2.7083333333333335, "contentfulness": 4.0625, "phraseRate": 0.0, "pastTenseNum": 1, "presentTenseNum": 14, "condNum": 1, "impNum": 1, "freqNum": 0, "causNum": 1, "modalNum": 2, "sg1VerbNum": 6, "sg2VerbNum": 0, "sg3VerbNum": 14, "pl1VerbNum": 0, "pl2VerbNum": 0, "pl3VerbNum": 2, "superlatNum": 0, "comparatNum": 1, "specDerivSuffixNum": 0, "pluralNounNum": 0, "pastTenseRate": 0.058823529411764705, "presentTenseRate": 0.8235294117647058, "condRate": 0.058823529411764705, "impRate": 0.058823529411764705, "freqRate": 0.0, "causRate": 0.058823529411764705, "modalRate": 0.11764705882352941, "sg1VerbRate": 0.35294117647058826, "sg2VerbRate": 0.0, "sg3VerbRate": 0.8235294117647058, "pl1VerbRate": 0.0, "pl2VerbRate": 0.0, "pl3VerbRate": 0.11764705882352941, "superlatRate": 0.0, "comparatRate": 0.1111111111111111, "specDerivSuffixRate": 0.0, "pluralNounRate": 0.0, "subjNum": 8, "objNum": 3, "attNum": 7, "subordNum": 3, "adverbNum": 18, "coordNum": 2, "clauseNum": 24, "simpleNum": 10, "complexNum": 6, "complexity1Num": 4, "complexity2Num": 2, "complexity3Num": 0, "compoundNum": 0, "subjRate": 0.057971014492753624, "objRate": 0.021739130434782608, "attRate": 0.050724637681159424, "subordRate": 0.021739130434782608, "adverbRate": 0.13043478260869565, "coordRate": 0.014492753623188406, "partsRate": 1.5833333333333333, "clauseRate": 1.5, "simpleRate": 0.625, "complexRate": 0.375, "complexity1Rate": 0.25, "complexity2Rate": 0.125, "complexity3Rate": 0.0, "complexClauseRate": 2.3333333333333335, "sentencesPerParagraph": 0.0, "wordsLengthRate": 5.514563106796117, "compoundRate": 0.0, "positiveNum": 0, "negativeNum": 0, "precoPositiveNum": 0, "precoNegativeNum": 0, "negemoNum": 0, "negationNum": 1, "functionNum": 73, "contentNum": 65, "vulgarNum": 0, "racistNum": 0, "specStyleNum": 0, "addressingNum": 0, "closingNum": 0, "postscriptNum": 0, "brutalNum": 0, "positiveRate": 0.0, "negativeRate": 0.0, "precoPositiveRate": 0.0, "precoNegativeRate": 0.0, "negemoRate": 0.0, "negationRate": 0.007246376811594203, "functionRate": 0.5289855072463768, "contentRate": 0.47101449275362317, "vulgarRate": 0.0, "racistRate": 0.0, "specStyleRate": 0.0, "addressingRate": 0.0, "closingRate": 0.0, "postscriptRate": 0.0, "brutalRate": 0.0, "epistemicNum": 0, "investNum": 0, "conditionNum": 0, "weaselNum": 0, "peacockNum": 0, "hedgeNum": 0, "doxasticNum": 0, "epistemicRate": 0.0, "investRate": 0.0, "conditionRate": 0.0, "weaselRate": 0.0, "peacockRate": 0.0, "hedgeRate": 0.0, "doxasticRate": 0.0, "loveNum": 0, "anxietyNum": 0, "sorrowNum": 0, "joyNum": 0, "disgustNum": 0, "fearNum": 0, "surpriseNum": 0, "angerNum": 0, "loveRate": 0.0, "anxietyRate": 0.0, "sorrowRate": 0.0, "joyRate": 0.0, "disgustRate": 0.0, "fearRate": 0.0, "surpriseRate": 0.0, "angerRate": 0.0, "slangBeGeneralNum": 0, "slangBeCigaretteNum": 0, "slangBeHumanNum": 0, "slangBeVehicleNum": 0, "slangBeDrugNum": 0, "slangBvNum": 0, "slangBeGeneralRate": 0.0, "slangBeCigaretteRate": 0.0, "slangBeHumanRate": 0.0, "slangBeVehicleRate": 0.0, "slangBeDrugRate": 0.0, "slangBvRate": 0.0, "speechactNum": 0, "quoteNum": 0, "dashNum": 0, "publicNum": 0, "privateNum": 0, "suasiveNum": 0, "discMarkerNum": 0, "smileyNum": 0, "dateNum": 0, "hesitationNum": 0, "restartNum": 1, "repeatNum": 2, "conjBeforeDiscNum": 0, "conjAfterDiscNum": 0, "wordBeforeHesitationNum": 0, "wordAfterHesitationNum": 0, "otherCollocationNum": 0, "speechactRate": 0.0, "quoteRate": 0.0, "dashRate": 0.0, "publicRate": 0.0, "privateRate": 0.0, "suasiveRate": 0.0, "discMarkerRate": 0.0, "smileyRate": 0.0, "dateRate": 0.0, "hesitationRate": 0.0, "restartRate": 0.007246376811594203, "repeatRate": 0.014492753623188406, "conjBeforeDiscRate": 0.0, "conjAfterDiscRate": 0.0, "wordBeforeHesitationRate": 0.0, "wordAfterHesitationRate": 0.0, "otherCollocationRate": 0.0, "easyWordNum": 121, "hardWordNum": 17, "easyWordRate": 0.8768115942028986, "hardWordRate": 0.12318840579710146, "fleschReadingEaseScore": 79.15019021739131, "gunningFogIndex": 3.493478260869565, "fleschKincaidGradeLevel": 4.362155797101451, "colemanLiauIndex": 9.210811594202898, "smogIndex": 7.42949916751922, "automatedReadabilityIndex": 2.8829347826086966, "linsearWriteIndex": 2.5778985507246377, "author": "", "locationNameNum": 0, "locationNameRate": 0.0, "personNameNum": 0, "personNameRate": 0.0, "organizationNameNum": 0, "organizationNameRate": 0.0, "misspelledNum": 32, "misspelledRate": 0.2318840579710145, "missingAccentNum": 17, "missingAccentRate": 0.12318840579710146, "foreignAccentNum": 0, "foreignAccentRate": 0.0, "wordConcatNum": 0, "wordConcatRate": 0.0, "jLyMistakeNum": 0, "jLyMistakeRate": 0.0, "freqSuffixNum": 0, "partsNum": 38, "privateVNum": 0, "publicVNum": 0, "clauseWordNum": 24}