{"tokenNum": 376, "sentenceNum": 21, "lemmaNum": 216, "lemmaRate": 0.574468085106383, "sentenceLength": 17.904761904761905, "allUpperNum": 25, "firstUpperNum": 100, "allUpperRate": 0.06648936170212766, "firstUpperRate": 0.26595744680851063, "declarSentNum": 21, "imperSentNum": 0, "questionNum": 0, "declarSentRate": 1.0, "imperSentRate": 0.0, "questionRate": 0.0, "accent": false, "saturation": 7.714285714285714, "paragraphNum": 0, "nounNum": 234, "verbNum": 17, "adjNum": 8, "infNum": 2, "partPastNum": 0, "partPresNum": 0, "partFutNum": 0, "transNum": 0, "xNum": 50, "advNum": 9, "properNounNum": 212, "numNum": 2, "conjNum": 5, "punctNum": 35, "pronNum": 3, "relPronNum": 2, "demPronNum": 1, "adposNum": 4, "multiplePunctNum": 2, "phraseNum": 0, "nounRate": 0.6223404255319149, "verbRate": 0.04521276595744681, "adjRate": 0.02127659574468085, "infRate": 0.005319148936170213, "partPastRate": 0.0, "partPresRate": 0.0, "partFutRate": 0.0, "transRate": 0.0, "xRate": 0.13297872340425532, "advRate": 0.023936170212765957, "properNounRate": 0.5638297872340425, "numRate": 0.005319148936170213, "conjRate": 0.013297872340425532, "punctRate": 0.09308510638297872, "pronRate": 0.007978723404255319, "relPronRate": 0.005319148936170213, "demPronRate": 0.0026595744680851063, "adposRate": 0.010638297872340425, "multiplePunctRate": 0.05714285714285714, "partsDensityRate": 9.392857142857142, "contentfulness": 12.523809523809524, "phraseRate": 0.0, "pastTenseNum": 12, "presentTenseNum": 3, "condNum": 0, "impNum": 0, "freqNum": 0, "causNum": 1, "modalNum": 0, "sg1VerbNum": 1, "sg2VerbNum": 0, "sg3VerbNum": 16, "pl1VerbNum": 0, "pl2VerbNum": 0, "pl3VerbNum": 1, "superlatNum": 0, "comparatNum": 1, "specDerivSuffixNum": 0, "pluralNounNum": 0, "pastTenseRate": 0.7058823529411765, "presentTenseRate": 0.17647058823529413, "condRate": 0.0, "impRate": 0.0, "freqRate": 0.0, "causRate": 0.058823529411764705, "modalRate": 0.0, "sg1VerbRate": 0.058823529411764705, "sg2VerbRate": 0.0, "sg3VerbRate": 0.9411764705882353, "pl1VerbRate": 0.0, "pl2VerbRate": 0.0, "pl3VerbRate": 0.058823529411764705, "superlatRate": 0.0, "comparatRate": 0.125, "specDerivSuffixRate": 0.0, "pluralNounRate": 0.0, "subjNum": 15, "objNum": 8, "attNum": 6, "subordNum": 4, "adverbNum": 5, "coordNum": 10, "clauseNum": 28, "simpleNum": 15, "complexNum": 6, "complexity1Num": 5, "complexity2Num": 1, "complexity3Num": 0, "compoundNum": 0, "subjRate": 0.0398936170212766, "objRate": 0.02127659574468085, "attRate": 0.015957446808510637, "subordRate": 0.010638297872340425, "adverbRate": 0.013297872340425532, "coordRate": 0.026595744680851064, "partsRate": 1.5714285714285714, "clauseRate": 1.3333333333333333, "simpleRate": 0.7142857142857143, "complexRate": 0.2857142857142857, "complexity1Rate": 0.23809523809523808, "complexity2Rate": 0.047619047619047616, "complexity3Rate": 0.0, "complexClauseRate": 2.1666666666666665, "sentencesPerParagraph": 0.0, "wordsLengthRate": 4.93841642228739, "compoundRate": 0.0, "positiveNum": 0, "negativeNum": 0, "precoPositiveNum": 0, "precoNegativeNum": 0, "negemoNum": 0, "negationNum": 1, "functionNum": 113, "contentNum": 263, "vulgarNum": 0, "racistNum": 0, "specStyleNum": 0, "addressingNum": 0, "closingNum": 0, "postscriptNum": 0, "brutalNum": 0, "positiveRate": 0.0, "negativeRate": 0.0, "precoPositiveRate": 0.0, "precoNegativeRate": 0.0, "negemoRate": 0.0, "negationRate": 0.0026595744680851063, "functionRate": 0.300531914893617, "contentRate": 0.699468085106383, "vulgarRate": 0.0, "racistRate": 0.0, "specStyleRate": 0.0, "addressingRate": 0.0, "closingRate": 0.0, "postscriptRate": 0.0, "brutalRate": 0.0, "epistemicNum": 0, "investNum": 0, "conditionNum": 0, "weaselNum": 0, "peacockNum": 0, "hedgeNum": 0, "doxasticNum": 0, "epistemicRate": 0.0, "investRate": 0.0, "conditionRate": 0.0, "weaselRate": 0.0, "peacockRate": 0.0, "hedgeRate": 0.0, "doxasticRate": 0.0, "loveNum": 0, "anxietyNum": 0, "sorrowNum": 0, "joyNum": 0, "disgustNum": 0, "fearNum": 0, "surpriseNum": 0, "angerNum": 0, "loveRate": 0.0, "anxietyRate": 0.0, "sorrowRate": 0.0, "joyRate": 0.0, "disgustRate": 0.0, "fearRate": 0.0, "surpriseRate": 0.0, "angerRate": 0.0, "slangBeGeneralNum": 0, "slangBeCigaretteNum": 0, "slangBeHumanNum": 0, "slangBeVehicleNum": 0, "slangBeDrugNum": 0, "slangBvNum": 0, "slangBeGeneralRate": 0.0, "slangBeCigaretteRate": 0.0, "slangBeHumanRate": 0.0, "slangBeVehicleRate": 0.0, "slangBeDrugRate": 0.0, "slangBvRate": 0.0, "speechactNum": 0, "quoteNum": 0, "dashNum": 0, "publicNum": 0, "privateNum": 0, "suasiveNum": 0, "discMarkerNum": 0, "smileyNum": 0, "dateNum": 0, "hesitationNum": 0, "restartNum": 0, "repeatNum": 1, "conjBeforeDiscNum": 0, "conjAfterDiscNum": 0, "wordBeforeHesitationNum": 0, "wordAfterHesitationNum": 0, "otherCollocationNum": 0, "speechactRate": 0.0, "quoteRate": 0.0, "dashRate": 0.0, "publicRate": 0.0, "privateRate": 0.0, "suasiveRate": 0.0, "discMarkerRate": 0.0, "smileyRate": 0.0, "dateRate": 0.0, "hesitationRate": 0.0, "restartRate": 0.0, "repeatRate": 0.0026595744680851063, "conjBeforeDiscRate": 0.0, "conjAfterDiscRate": 0.0, "wordBeforeHesitationRate": 0.0, "wordAfterHesitationRate": 0.0, "otherCollocationRate": 0.0, "easyWordNum": 340, "hardWordNum": 36, "easyWordRate": 0.9042553191489362, "hardWordRate": 0.09574468085106383, "fleschReadingEaseScore": 62.661666666666704, "gunningFogIndex": 7.200202634245187, "fleschKincaidGradeLevel": 8.967325227963524, "colemanLiauIndex": 10.751827127659574, "smogIndex": 9.3871, "automatedReadabilityIndex": 8.754960739614994, "linsearWriteIndex": 1.7102330293819654, "author": "", "locationNameNum": 0, "locationNameRate": 0.0, "personNameNum": 22, "personNameRate": 0.05851063829787234, "organizationNameNum": 1, "organizationNameRate": 0.0026595744680851063, "misspelledNum": 58, "misspelledRate": 0.15425531914893617, "missingAccentNum": 34, "missingAccentRate": 0.09042553191489362, "foreignAccentNum": 0, "foreignAccentRate": 0.0, "wordConcatNum": 0, "wordConcatRate": 0.0, "jLyMistakeNum": 2, "jLyMistakeRate": 0.005319148936170213, "freqSuffixNum": 0, "partsNum": 44, "privateVNum": 0, "publicVNum": 0, "clauseWordNum": 28}