{"tokenNum": 470, "sentenceNum": 25, "lemmaNum": 231, "lemmaRate": 0.49148936170212765, "sentenceLength": 18.8, "allUpperNum": 1, "firstUpperNum": 31, "allUpperRate": 0.002127659574468085, "firstUpperRate": 0.06595744680851064, "declarSentNum": 25, "imperSentNum": 0, "questionNum": 0, "declarSentRate": 1.0, "imperSentRate": 0.0, "questionRate": 0.0, "accent": true, "saturation": 3.4477611940298507, "paragraphNum": 0, "nounNum": 89, "verbNum": 59, "adjNum": 43, "infNum": 7, "partPastNum": 3, "partPresNum": 5, "partFutNum": 0, "transNum": 1, "xNum": 21, "advNum": 52, "properNounNum": 6, "numNum": 7, "conjNum": 34, "punctNum": 95, "pronNum": 26, "relPronNum": 5, "demPronNum": 18, "adposNum": 5, "multiplePunctNum": 1, "phraseNum": 0, "nounRate": 0.18936170212765957, "verbRate": 0.125531914893617, "adjRate": 0.09148936170212765, "infRate": 0.014893617021276596, "partPastRate": 0.006382978723404255, "partPresRate": 0.010638297872340425, "partFutRate": 0.0, "transRate": 0.002127659574468085, "xRate": 0.04468085106382979, "advRate": 0.11063829787234042, "properNounRate": 0.01276595744680851, "numRate": 0.014893617021276596, "conjRate": 0.07234042553191489, "punctRate": 0.20212765957446807, "pronRate": 0.05531914893617021, "relPronRate": 0.010638297872340425, "demPronRate": 0.03829787234042553, "adposRate": 0.010638297872340425, "multiplePunctRate": 0.010526315789473684, "partsDensityRate": 3.626865671641791, "contentfulness": 9.72, "phraseRate": 0.0, "pastTenseNum": 8, "presentTenseNum": 44, "condNum": 4, "impNum": 6, "freqNum": 0, "causNum": 1, "modalNum": 1, "sg1VerbNum": 12, "sg2VerbNum": 6, "sg3VerbNum": 49, "pl1VerbNum": 10, "pl2VerbNum": 1, "pl3VerbNum": 4, "superlatNum": 0, "comparatNum": 1, "specDerivSuffixNum": 0, "pluralNounNum": 4, "pastTenseRate": 0.13559322033898305, "presentTenseRate": 0.7457627118644068, "condRate": 0.06779661016949153, "impRate": 0.1016949152542373, "freqRate": 0.0, "causRate": 0.01694915254237288, "modalRate": 0.01694915254237288, "sg1VerbRate": 0.2033898305084746, "sg2VerbRate": 0.1016949152542373, "sg3VerbRate": 0.8305084745762712, "pl1VerbRate": 0.1694915254237288, "pl2VerbRate": 0.01694915254237288, "pl3VerbRate": 0.06779661016949153, "superlatRate": 0.0, "comparatRate": 0.023255813953488372, "specDerivSuffixRate": 0.0, "pluralNounRate": 0.0449438202247191, "subjNum": 26, "objNum": 22, "attNum": 24, "subordNum": 22, "adverbNum": 64, "coordNum": 27, "clauseNum": 67, "simpleNum": 8, "complexNum": 17, "complexity1Num": 4, "complexity2Num": 8, "complexity3Num": 1, "compoundNum": 0, "subjRate": 0.05531914893617021, "objRate": 0.04680851063829787, "attRate": 0.05106382978723404, "subordRate": 0.04680851063829787, "adverbRate": 0.13617021276595745, "coordRate": 0.0574468085106383, "partsRate": 2.4328358208955225, "clauseRate": 2.68, "simpleRate": 0.32, "complexRate": 0.68, "complexity1Rate": 0.16, "complexity2Rate": 0.32, "complexity3Rate": 0.04, "complexClauseRate": 3.4705882352941178, "sentencesPerParagraph": 0.0, "wordsLengthRate": 5.1866666666666665, "compoundRate": 0.0, "positiveNum": 0, "negativeNum": 0, "precoPositiveNum": 0, "precoNegativeNum": 0, "negemoNum": 0, "negationNum": 15, "functionNum": 227, "contentNum": 243, "vulgarNum": 0, "racistNum": 0, "specStyleNum": 0, "addressingNum": 0, "closingNum": 0, "postscriptNum": 0, "brutalNum": 0, "positiveRate": 0.0, "negativeRate": 0.0, "precoPositiveRate": 0.0, "precoNegativeRate": 0.0, "negemoRate": 0.0, "negationRate": 0.031914893617021274, "functionRate": 0.4829787234042553, "contentRate": 0.5170212765957447, "vulgarRate": 0.0, "racistRate": 0.0, "specStyleRate": 0.0, "addressingRate": 0.0, "closingRate": 0.0, "postscriptRate": 0.0, "brutalRate": 0.0, "epistemicNum": 0, "investNum": 0, "conditionNum": 0, "weaselNum": 0, "peacockNum": 0, "hedgeNum": 0, "doxasticNum": 0, "epistemicRate": 0.0, "investRate": 0.0, "conditionRate": 0.0, "weaselRate": 0.0, "peacockRate": 0.0, "hedgeRate": 0.0, "doxasticRate": 0.0, "loveNum": 0, "anxietyNum": 0, "sorrowNum": 0, "joyNum": 0, "disgustNum": 0, "fearNum": 0, "surpriseNum": 0, "angerNum": 0, "loveRate": 0.0, "anxietyRate": 0.0, "sorrowRate": 0.0, "joyRate": 0.0, "disgustRate": 0.0, "fearRate": 0.0, "surpriseRate": 0.0, "angerRate": 0.0, "slangBeGeneralNum": 0, "slangBeCigaretteNum": 0, "slangBeHumanNum": 0, "slangBeVehicleNum": 0, "slangBeDrugNum": 0, "slangBvNum": 0, "slangBeGeneralRate": 0.0, "slangBeCigaretteRate": 0.0, "slangBeHumanRate": 0.0, "slangBeVehicleRate": 0.0, "slangBeDrugRate": 0.0, "slangBvRate": 0.0, "speechactNum": 0, "quoteNum": 0, "dashNum": 0, "publicNum": 0, "privateNum": 0, "suasiveNum": 0, "discMarkerNum": 0, "smileyNum": 0, "dateNum": 2, "hesitationNum": 0, "restartNum": 0, "repeatNum": 2, "conjBeforeDiscNum": 0, "conjAfterDiscNum": 0, "wordBeforeHesitationNum": 0, "wordAfterHesitationNum": 0, "otherCollocationNum": 0, "speechactRate": 0.0, "quoteRate": 0.0, "dashRate": 0.0, "publicRate": 0.0, "privateRate": 0.0, "suasiveRate": 0.0, "discMarkerRate": 0.0, "smileyRate": 0.0, "dateRate": 0.00425531914893617, "hesitationRate": 0.0, "restartRate": 0.0, "repeatRate": 0.00425531914893617, "conjBeforeDiscRate": 0.0, "conjAfterDiscRate": 0.0, "wordBeforeHesitationRate": 0.0, "wordAfterHesitationRate": 0.0, "otherCollocationRate": 0.0, "easyWordNum": 445, "hardWordNum": 25, "easyWordRate": 0.9468085106382979, "hardWordRate": 0.05319148936170213, "fleschReadingEaseScore": 73.09300000000002, "gunningFogIndex": 7.541276595744681, "fleschKincaidGradeLevel": 7.734765957446811, "colemanLiauIndex": 9.551904255319148, "smogIndex": 8.344100000000001, "automatedReadabilityIndex": 8.243042553191486, "linsearWriteIndex": 1.1234042553191488, "author": "", "locationNameNum": 0, "locationNameRate": 0.0, "personNameNum": 4, "personNameRate": 0.00851063829787234, "organizationNameNum": 0, "organizationNameRate": 0.0, "misspelledNum": 3, "misspelledRate": 0.006382978723404255, "missingAccentNum": 3, "missingAccentRate": 0.006382978723404255, "foreignAccentNum": 0, "foreignAccentRate": 0.0, "wordConcatNum": 0, "wordConcatRate": 0.0, "jLyMistakeNum": 0, "jLyMistakeRate": 0.0, "freqSuffixNum": 0, "partsNum": 163, "privateVNum": 0, "publicVNum": 0, "clauseWordNum": 67}