{"tokenNum": 385, "sentenceNum": 22, "lemmaNum": 178, "lemmaRate": 0.4623376623376623, "sentenceLength": 17.5, "allUpperNum": 1, "firstUpperNum": 29, "allUpperRate": 0.0025974025974025974, "firstUpperRate": 0.07532467532467532, "declarSentNum": 21, "imperSentNum": 1, "questionNum": 0, "declarSentRate": 0.9545454545454546, "imperSentRate": 0.045454545454545456, "questionRate": 0.0, "accent": true, "saturation": 3.1228070175438596, "paragraphNum": 0, "nounNum": 69, "verbNum": 50, "adjNum": 18, "infNum": 5, "partPastNum": 0, "partPresNum": 2, "partFutNum": 0, "transNum": 1, "xNum": 20, "advNum": 44, "properNounNum": 11, "numNum": 2, "conjNum": 29, "punctNum": 89, "pronNum": 21, "relPronNum": 3, "demPronNum": 20, "adposNum": 3, "multiplePunctNum": 6, "phraseNum": 0, "nounRate": 0.17922077922077922, "verbRate": 0.12987012987012986, "adjRate": 0.046753246753246755, "infRate": 0.012987012987012988, "partPastRate": 0.0, "partPresRate": 0.005194805194805195, "partFutRate": 0.0, "transRate": 0.0025974025974025974, "xRate": 0.05194805194805195, "advRate": 0.11428571428571428, "properNounRate": 0.02857142857142857, "numRate": 0.005194805194805195, "conjRate": 0.07532467532467532, "punctRate": 0.23116883116883116, "pronRate": 0.05454545454545454, "relPronRate": 0.007792207792207792, "demPronRate": 0.05194805194805195, "adposRate": 0.007792207792207792, "multiplePunctRate": 0.06741573033707865, "partsDensityRate": 3.175438596491228, "contentfulness": 8.227272727272727, "phraseRate": 0.0, "pastTenseNum": 9, "presentTenseNum": 36, "condNum": 1, "impNum": 11, "freqNum": 0, "causNum": 0, "modalNum": 1, "sg1VerbNum": 5, "sg2VerbNum": 4, "sg3VerbNum": 53, "pl1VerbNum": 2, "pl2VerbNum": 0, "pl3VerbNum": 5, "superlatNum": 0, "comparatNum": 2, "specDerivSuffixNum": 0, "pluralNounNum": 5, "pastTenseRate": 0.18, "presentTenseRate": 0.72, "condRate": 0.02, "impRate": 0.22, "freqRate": 0.0, "causRate": 0.0, "modalRate": 0.02, "sg1VerbRate": 0.1, "sg2VerbRate": 0.08, "sg3VerbRate": 1.06, "pl1VerbRate": 0.04, "pl2VerbRate": 0.0, "pl3VerbRate": 0.1, "superlatRate": 0.0, "comparatRate": 0.1111111111111111, "specDerivSuffixRate": 0.0, "pluralNounRate": 0.07246376811594203, "subjNum": 21, "objNum": 18, "attNum": 8, "subordNum": 18, "adverbNum": 59, "coordNum": 14, "clauseNum": 57, "simpleNum": 11, "complexNum": 11, "complexity1Num": 4, "complexity2Num": 1, "complexity3Num": 1, "compoundNum": 0, "subjRate": 0.05454545454545454, "objRate": 0.046753246753246755, "attRate": 0.02077922077922078, "subordRate": 0.046753246753246755, "adverbRate": 0.15324675324675324, "coordRate": 0.03636363636363636, "partsRate": 2.1052631578947367, "clauseRate": 2.590909090909091, "simpleRate": 0.5, "complexRate": 0.5, "complexity1Rate": 0.18181818181818182, "complexity2Rate": 0.045454545454545456, "complexity3Rate": 0.045454545454545456, "complexClauseRate": 4.181818181818182, "sentencesPerParagraph": 0.0, "wordsLengthRate": 5.226351351351352, "compoundRate": 0.0, "positiveNum": 0, "negativeNum": 0, "precoPositiveNum": 0, "precoNegativeNum": 0, "negemoNum": 0, "negationNum": 13, "functionNum": 204, "contentNum": 181, "vulgarNum": 0, "racistNum": 0, "specStyleNum": 0, "addressingNum": 0, "closingNum": 0, "postscriptNum": 0, "brutalNum": 0, "positiveRate": 0.0, "negativeRate": 0.0, "precoPositiveRate": 0.0, "precoNegativeRate": 0.0, "negemoRate": 0.0, "negationRate": 0.033766233766233764, "functionRate": 0.5298701298701298, "contentRate": 0.4701298701298701, "vulgarRate": 0.0, "racistRate": 0.0, "specStyleRate": 0.0, "addressingRate": 0.0, "closingRate": 0.0, "postscriptRate": 0.0, "brutalRate": 0.0, "epistemicNum": 0, "investNum": 0, "conditionNum": 0, "weaselNum": 0, "peacockNum": 0, "hedgeNum": 0, "doxasticNum": 0, "epistemicRate": 0.0, "investRate": 0.0, "conditionRate": 0.0, "weaselRate": 0.0, "peacockRate": 0.0, "hedgeRate": 0.0, "doxasticRate": 0.0, "loveNum": 0, "anxietyNum": 0, "sorrowNum": 0, "joyNum": 0, "disgustNum": 0, "fearNum": 0, "surpriseNum": 0, "angerNum": 0, "loveRate": 0.0, "anxietyRate": 0.0, "sorrowRate": 0.0, "joyRate": 0.0, "disgustRate": 0.0, "fearRate": 0.0, "surpriseRate": 0.0, "angerRate": 0.0, "slangBeGeneralNum": 0, "slangBeCigaretteNum": 0, "slangBeHumanNum": 0, "slangBeVehicleNum": 0, "slangBeDrugNum": 0, "slangBvNum": 0, "slangBeGeneralRate": 0.0, "slangBeCigaretteRate": 0.0, "slangBeHumanRate": 0.0, "slangBeVehicleRate": 0.0, "slangBeDrugRate": 0.0, "slangBvRate": 0.0, "speechactNum": 0, "quoteNum": 0, "dashNum": 0, "publicNum": 0, "privateNum": 0, "suasiveNum": 0, "discMarkerNum": 0, "smileyNum": 0, "dateNum": 0, "hesitationNum": 0, "restartNum": 0, "repeatNum": 13, "conjBeforeDiscNum": 0, "conjAfterDiscNum": 0, "wordBeforeHesitationNum": 0, "wordAfterHesitationNum": 0, "otherCollocationNum": 0, "speechactRate": 0.0, "quoteRate": 0.0, "dashRate": 0.0, "publicRate": 0.0, "privateRate": 0.0, "suasiveRate": 0.0, "discMarkerRate": 0.0, "smileyRate": 0.0, "dateRate": 0.0, "hesitationRate": 0.0, "restartRate": 0.0, "repeatRate": 0.033766233766233764, "conjBeforeDiscRate": 0.0, "conjAfterDiscRate": 0.0, "wordBeforeHesitationRate": 0.0, "wordAfterHesitationRate": 0.0, "otherCollocationRate": 0.0, "easyWordNum": 363, "hardWordNum": 22, "easyWordRate": 0.9428571428571428, "hardWordRate": 0.05714285714285714, "fleschReadingEaseScore": 73.92860389610392, "gunningFogIndex": 7.022857142857143, "fleschKincaidGradeLevel": 7.295259740259741, "colemanLiauIndex": 9.182607792207794, "smogIndex": 8.021203637495837, "automatedReadabilityIndex": 7.297740259740262, "linsearWriteIndex": 1.4203069657615113, "author": "", "locationNameNum": 0, "locationNameRate": 0.0, "personNameNum": 10, "personNameRate": 0.025974025974025976, "organizationNameNum": 1, "organizationNameRate": 0.0025974025974025974, "misspelledNum": 7, "misspelledRate": 0.01818181818181818, "missingAccentNum": 4, "missingAccentRate": 0.01038961038961039, "foreignAccentNum": 0, "foreignAccentRate": 0.0, "wordConcatNum": 0, "wordConcatRate": 0.0, "jLyMistakeNum": 0, "jLyMistakeRate": 0.0, "freqSuffixNum": 0, "partsNum": 120, "privateVNum": 0, "publicVNum": 0, "clauseWordNum": 57}