{"tokenNum": 328, "sentenceNum": 17, "lemmaNum": 198, "lemmaRate": 0.6036585365853658, "sentenceLength": 19.294117647058822, "allUpperNum": 1, "firstUpperNum": 54, "allUpperRate": 0.003048780487804878, "firstUpperRate": 0.16463414634146342, "declarSentNum": 17, "imperSentNum": 0, "questionNum": 0, "declarSentRate": 1.0, "imperSentRate": 0.0, "questionRate": 0.0, "accent": true, "saturation": 4.5, "paragraphNum": 0, "nounNum": 112, "verbNum": 38, "adjNum": 14, "infNum": 3, "partPastNum": 1, "partPresNum": 0, "partFutNum": 0, "transNum": 0, "xNum": 19, "advNum": 27, "properNounNum": 45, "numNum": 1, "conjNum": 23, "punctNum": 61, "pronNum": 13, "relPronNum": 12, "demPronNum": 8, "adposNum": 0, "multiplePunctNum": 1, "phraseNum": 0, "nounRate": 0.34146341463414637, "verbRate": 0.11585365853658537, "adjRate": 0.042682926829268296, "infRate": 0.009146341463414634, "partPastRate": 0.003048780487804878, "partPresRate": 0.0, "partFutRate": 0.0, "transRate": 0.0, "xRate": 0.057926829268292686, "advRate": 0.08231707317073171, "properNounRate": 0.13719512195121952, "numRate": 0.003048780487804878, "conjRate": 0.0701219512195122, "punctRate": 0.18597560975609756, "pronRate": 0.039634146341463415, "relPronRate": 0.036585365853658534, "demPronRate": 0.024390243902439025, "adposRate": 0.0, "multiplePunctRate": 0.01639344262295082, "partsDensityRate": 4.340909090909091, "contentfulness": 11.235294117647058, "phraseRate": 0.0, "pastTenseNum": 6, "presentTenseNum": 29, "condNum": 0, "impNum": 0, "freqNum": 0, "causNum": 1, "modalNum": 0, "sg1VerbNum": 1, "sg2VerbNum": 0, "sg3VerbNum": 41, "pl1VerbNum": 0, "pl2VerbNum": 0, "pl3VerbNum": 7, "superlatNum": 0, "comparatNum": 1, "specDerivSuffixNum": 0, "pluralNounNum": 8, "pastTenseRate": 0.15789473684210525, "presentTenseRate": 0.7631578947368421, "condRate": 0.0, "impRate": 0.0, "freqRate": 0.0, "causRate": 0.02631578947368421, "modalRate": 0.0, "sg1VerbRate": 0.02631578947368421, "sg2VerbRate": 0.0, "sg3VerbRate": 1.0789473684210527, "pl1VerbRate": 0.0, "pl2VerbRate": 0.0, "pl3VerbRate": 0.18421052631578946, "superlatRate": 0.0, "comparatRate": 0.07142857142857142, "specDerivSuffixRate": 0.0, "pluralNounRate": 0.07142857142857142, "subjNum": 25, "objNum": 20, "attNum": 10, "subordNum": 14, "adverbNum": 30, "coordNum": 14, "clauseNum": 44, "simpleNum": 4, "complexNum": 13, "complexity1Num": 7, "complexity2Num": 3, "complexity3Num": 0, "compoundNum": 0, "subjRate": 0.07621951219512195, "objRate": 0.06097560975609756, "attRate": 0.03048780487804878, "subordRate": 0.042682926829268296, "adverbRate": 0.09146341463414634, "coordRate": 0.042682926829268296, "partsRate": 2.25, "clauseRate": 2.588235294117647, "simpleRate": 0.23529411764705882, "complexRate": 0.7647058823529411, "complexity1Rate": 0.4117647058823529, "complexity2Rate": 0.17647058823529413, "complexity3Rate": 0.0, "complexClauseRate": 3.076923076923077, "sentencesPerParagraph": 0.0, "wordsLengthRate": 5.49438202247191, "compoundRate": 0.0, "positiveNum": 0, "negativeNum": 0, "precoPositiveNum": 0, "precoNegativeNum": 0, "negemoNum": 0, "negationNum": 4, "functionNum": 137, "contentNum": 191, "vulgarNum": 0, "racistNum": 0, "specStyleNum": 0, "addressingNum": 0, "closingNum": 0, "postscriptNum": 0, "brutalNum": 0, "positiveRate": 0.0, "negativeRate": 0.0, "precoPositiveRate": 0.0, "precoNegativeRate": 0.0, "negemoRate": 0.0, "negationRate": 0.012195121951219513, "functionRate": 0.4176829268292683, "contentRate": 0.5823170731707317, "vulgarRate": 0.0, "racistRate": 0.0, "specStyleRate": 0.0, "addressingRate": 0.0, "closingRate": 0.0, "postscriptRate": 0.0, "brutalRate": 0.0, "epistemicNum": 0, "investNum": 0, "conditionNum": 0, "weaselNum": 0, "peacockNum": 0, "hedgeNum": 0, "doxasticNum": 0, "epistemicRate": 0.0, "investRate": 0.0, "conditionRate": 0.0, "weaselRate": 0.0, "peacockRate": 0.0, "hedgeRate": 0.0, "doxasticRate": 0.0, "loveNum": 0, "anxietyNum": 0, "sorrowNum": 0, "joyNum": 0, "disgustNum": 0, "fearNum": 0, "surpriseNum": 0, "angerNum": 0, "loveRate": 0.0, "anxietyRate": 0.0, "sorrowRate": 0.0, "joyRate": 0.0, "disgustRate": 0.0, "fearRate": 0.0, "surpriseRate": 0.0, "angerRate": 0.0, "slangBeGeneralNum": 0, "slangBeCigaretteNum": 0, "slangBeHumanNum": 0, "slangBeVehicleNum": 0, "slangBeDrugNum": 0, "slangBvNum": 0, "slangBeGeneralRate": 0.0, "slangBeCigaretteRate": 0.0, "slangBeHumanRate": 0.0, "slangBeVehicleRate": 0.0, "slangBeDrugRate": 0.0, "slangBvRate": 0.0, "speechactNum": 0, "quoteNum": 0, "dashNum": 0, "publicNum": 0, "privateNum": 0, "suasiveNum": 0, "discMarkerNum": 0, "smileyNum": 0, "dateNum": 0, "hesitationNum": 0, "restartNum": 1, "repeatNum": 1, "conjBeforeDiscNum": 0, "conjAfterDiscNum": 0, "wordBeforeHesitationNum": 0, "wordAfterHesitationNum": 0, "otherCollocationNum": 0, "speechactRate": 0.0, "quoteRate": 0.0, "dashRate": 0.0, "publicRate": 0.0, "privateRate": 0.0, "suasiveRate": 0.0, "discMarkerRate": 0.0, "smileyRate": 0.0, "dateRate": 0.0, "hesitationRate": 0.0, "restartRate": 0.003048780487804878, "repeatRate": 0.003048780487804878, "conjBeforeDiscRate": 0.0, "conjAfterDiscRate": 0.0, "wordBeforeHesitationRate": 0.0, "wordAfterHesitationRate": 0.0, "otherCollocationRate": 0.0, "easyWordNum": 304, "hardWordNum": 24, "easyWordRate": 0.926829268292683, "hardWordRate": 0.07317073170731707, "fleschReadingEaseScore": 59.57769010043043, "gunningFogIndex": 7.746915351506456, "fleschKincaidGradeLevel": 9.742632711621233, "colemanLiauIndex": 11.243564024390242, "smogIndex": 8.238735603445708, "automatedReadabilityIndex": 9.842851506456242, "linsearWriteIndex": 2.201219512195122, "author": "", "locationNameNum": 0, "locationNameRate": 0.0, "personNameNum": 30, "personNameRate": 0.09146341463414634, "organizationNameNum": 0, "organizationNameRate": 0.0, "misspelledNum": 10, "misspelledRate": 0.03048780487804878, "missingAccentNum": 4, "missingAccentRate": 0.012195121951219513, "foreignAccentNum": 0, "foreignAccentRate": 0.0, "wordConcatNum": 2, "wordConcatRate": 0.006097560975609756, "jLyMistakeNum": 0, "jLyMistakeRate": 0.0, "freqSuffixNum": 0, "partsNum": 99, "privateVNum": 0, "publicVNum": 0, "clauseWordNum": 44}