{"tokenNum": 343, "sentenceNum": 28, "lemmaNum": 159, "lemmaRate": 0.46355685131195334, "sentenceLength": 12.25, "allUpperNum": 1, "firstUpperNum": 38, "allUpperRate": 0.0029154518950437317, "firstUpperRate": 0.11078717201166181, "declarSentNum": 28, "imperSentNum": 0, "questionNum": 0, "declarSentRate": 1.0, "imperSentRate": 0.0, "questionRate": 0.0, "accent": true, "saturation": 3.18, "paragraphNum": 0, "nounNum": 37, "verbNum": 59, "adjNum": 15, "infNum": 8, "partPastNum": 0, "partPresNum": 0, "partFutNum": 0, "transNum": 1, "xNum": 26, "advNum": 51, "properNounNum": 11, "numNum": 2, "conjNum": 30, "punctNum": 49, "pronNum": 50, "relPronNum": 10, "demPronNum": 26, "adposNum": 4, "multiplePunctNum": 1, "phraseNum": 0, "nounRate": 0.10787172011661808, "verbRate": 0.17201166180758018, "adjRate": 0.043731778425655975, "infRate": 0.023323615160349854, "partPastRate": 0.0, "partPresRate": 0.0, "partFutRate": 0.0, "transRate": 0.0029154518950437317, "xRate": 0.07580174927113703, "advRate": 0.14868804664723032, "properNounRate": 0.03206997084548105, "numRate": 0.0058309037900874635, "conjRate": 0.08746355685131195, "punctRate": 0.14285714285714285, "pronRate": 0.1457725947521866, "relPronRate": 0.029154518950437316, "demPronRate": 0.07580174927113703, "adposRate": 0.011661807580174927, "multiplePunctRate": 0.02040816326530612, "partsDensityRate": 3.24, "contentfulness": 5.785714285714286, "phraseRate": 0.0, "pastTenseNum": 8, "presentTenseNum": 43, "condNum": 4, "impNum": 6, "freqNum": 0, "causNum": 0, "modalNum": 1, "sg1VerbNum": 37, "sg2VerbNum": 14, "sg3VerbNum": 44, "pl1VerbNum": 1, "pl2VerbNum": 0, "pl3VerbNum": 5, "superlatNum": 0, "comparatNum": 1, "specDerivSuffixNum": 0, "pluralNounNum": 4, "pastTenseRate": 0.13559322033898305, "presentTenseRate": 0.7288135593220338, "condRate": 0.06779661016949153, "impRate": 0.1016949152542373, "freqRate": 0.0, "causRate": 0.0, "modalRate": 0.01694915254237288, "sg1VerbRate": 0.6271186440677966, "sg2VerbRate": 0.23728813559322035, "sg3VerbRate": 0.7457627118644068, "pl1VerbRate": 0.01694915254237288, "pl2VerbRate": 0.0, "pl3VerbRate": 0.0847457627118644, "superlatRate": 0.0, "comparatRate": 0.06666666666666667, "specDerivSuffixRate": 0.0, "pluralNounRate": 0.10810810810810811, "subjNum": 16, "objNum": 21, "attNum": 5, "subordNum": 23, "adverbNum": 60, "coordNum": 4, "clauseNum": 50, "simpleNum": 15, "complexNum": 13, "complexity1Num": 8, "complexity2Num": 2, "complexity3Num": 2, "compoundNum": 0, "subjRate": 0.04664723032069971, "objRate": 0.061224489795918366, "attRate": 0.014577259475218658, "subordRate": 0.06705539358600583, "adverbRate": 0.1749271137026239, "coordRate": 0.011661807580174927, "partsRate": 2.12, "clauseRate": 1.7857142857142858, "simpleRate": 0.5357142857142857, "complexRate": 0.4642857142857143, "complexity1Rate": 0.2857142857142857, "complexity2Rate": 0.07142857142857142, "complexity3Rate": 0.07142857142857142, "complexClauseRate": 2.6923076923076925, "sentencesPerParagraph": 0.0, "wordsLengthRate": 4.887755102040816, "compoundRate": 0.0, "positiveNum": 0, "negativeNum": 0, "precoPositiveNum": 0, "precoNegativeNum": 0, "negemoNum": 0, "negationNum": 11, "functionNum": 181, "contentNum": 162, "vulgarNum": 0, "racistNum": 0, "specStyleNum": 0, "addressingNum": 0, "closingNum": 0, "postscriptNum": 0, "brutalNum": 0, "positiveRate": 0.0, "negativeRate": 0.0, "precoPositiveRate": 0.0, "precoNegativeRate": 0.0, "negemoRate": 0.0, "negationRate": 0.03206997084548105, "functionRate": 0.5276967930029155, "contentRate": 0.47230320699708456, "vulgarRate": 0.0, "racistRate": 0.0, "specStyleRate": 0.0, "addressingRate": 0.0, "closingRate": 0.0, "postscriptRate": 0.0, "brutalRate": 0.0, "epistemicNum": 0, "investNum": 0, "conditionNum": 0, "weaselNum": 0, "peacockNum": 0, "hedgeNum": 0, "doxasticNum": 0, "epistemicRate": 0.0, "investRate": 0.0, "conditionRate": 0.0, "weaselRate": 0.0, "peacockRate": 0.0, "hedgeRate": 0.0, "doxasticRate": 0.0, "loveNum": 0, "anxietyNum": 0, "sorrowNum": 0, "joyNum": 0, "disgustNum": 0, "fearNum": 0, "surpriseNum": 0, "angerNum": 0, "loveRate": 0.0, "anxietyRate": 0.0, "sorrowRate": 0.0, "joyRate": 0.0, "disgustRate": 0.0, "fearRate": 0.0, "surpriseRate": 0.0, "angerRate": 0.0, "slangBeGeneralNum": 0, "slangBeCigaretteNum": 0, "slangBeHumanNum": 0, "slangBeVehicleNum": 0, "slangBeDrugNum": 0, "slangBvNum": 0, "slangBeGeneralRate": 0.0, "slangBeCigaretteRate": 0.0, "slangBeHumanRate": 0.0, "slangBeVehicleRate": 0.0, "slangBeDrugRate": 0.0, "slangBvRate": 0.0, "speechactNum": 0, "quoteNum": 0, "dashNum": 0, "publicNum": 0, "privateNum": 0, "suasiveNum": 0, "discMarkerNum": 0, "smileyNum": 0, "dateNum": 0, "hesitationNum": 0, "restartNum": 0, "repeatNum": 0, "conjBeforeDiscNum": 0, "conjAfterDiscNum": 0, "wordBeforeHesitationNum": 0, "wordAfterHesitationNum": 0, "otherCollocationNum": 0, "speechactRate": 0.0, "quoteRate": 0.0, "dashRate": 0.0, "publicRate": 0.0, "privateRate": 0.0, "suasiveRate": 0.0, "discMarkerRate": 0.0, "smileyRate": 0.0, "dateRate": 0.0, "hesitationRate": 0.0, "restartRate": 0.0, "repeatRate": 0.0, "conjBeforeDiscRate": 0.0, "conjAfterDiscRate": 0.0, "wordBeforeHesitationRate": 0.0, "wordAfterHesitationRate": 0.0, "otherCollocationRate": 0.0, "easyWordNum": 330, "hardWordNum": 13, "easyWordRate": 0.9620991253644315, "hardWordRate": 0.037900874635568516, "fleschReadingEaseScore": 81.19017128279884, "gunningFogIndex": 4.915160349854228, "fleschKincaidGradeLevel": 4.978170553935865, "colemanLiauIndex": 9.185032069970845, "smogIndex": 6.88968998030894, "automatedReadabilityIndex": 4.674737609329448, "linsearWriteIndex": 0.7857142857142858, "author": "", "locationNameNum": 0, "locationNameRate": 0.0, "personNameNum": 2, "personNameRate": 0.0058309037900874635, "organizationNameNum": 0, "organizationNameRate": 0.0, "misspelledNum": 1, "misspelledRate": 0.0029154518950437317, "missingAccentNum": 0, "missingAccentRate": 0.0, "foreignAccentNum": 0, "foreignAccentRate": 0.0, "wordConcatNum": 1, "wordConcatRate": 0.0029154518950437317, "jLyMistakeNum": 0, "jLyMistakeRate": 0.0, "freqSuffixNum": 0, "partsNum": 106, "privateVNum": 0, "publicVNum": 0, "clauseWordNum": 50}