{"tokenNum": 442, "sentenceNum": 28, "lemmaNum": 203, "lemmaRate": 0.4592760180995475, "sentenceLength": 15.785714285714286, "allUpperNum": 0, "firstUpperNum": 36, "allUpperRate": 0.0, "firstUpperRate": 0.08144796380090498, "declarSentNum": 27, "imperSentNum": 0, "questionNum": 1, "declarSentRate": 0.9642857142857143, "imperSentRate": 0.0, "questionRate": 0.03571428571428571, "accent": true, "saturation": 3.3278688524590163, "paragraphNum": 0, "nounNum": 72, "verbNum": 52, "adjNum": 32, "infNum": 5, "partPastNum": 1, "partPresNum": 1, "partFutNum": 0, "transNum": 1, "xNum": 30, "advNum": 57, "properNounNum": 11, "numNum": 2, "conjNum": 39, "punctNum": 75, "pronNum": 30, "relPronNum": 2, "demPronNum": 26, "adposNum": 7, "multiplePunctNum": 0, "phraseNum": 0, "nounRate": 0.16289592760180996, "verbRate": 0.11764705882352941, "adjRate": 0.07239819004524888, "infRate": 0.011312217194570135, "partPastRate": 0.0022624434389140274, "partPresRate": 0.0022624434389140274, "partFutRate": 0.0, "transRate": 0.0022624434389140274, "xRate": 0.06787330316742081, "advRate": 0.12895927601809956, "properNounRate": 0.024886877828054297, "numRate": 0.004524886877828055, "conjRate": 0.08823529411764706, "punctRate": 0.16968325791855204, "pronRate": 0.06787330316742081, "relPronRate": 0.004524886877828055, "demPronRate": 0.058823529411764705, "adposRate": 0.01583710407239819, "multiplePunctRate": 0.0, "partsDensityRate": 3.4918032786885247, "contentfulness": 7.607142857142857, "phraseRate": 0.0, "pastTenseNum": 21, "presentTenseNum": 26, "condNum": 5, "impNum": 4, "freqNum": 0, "causNum": 0, "modalNum": 1, "sg1VerbNum": 13, "sg2VerbNum": 2, "sg3VerbNum": 63, "pl1VerbNum": 0, "pl2VerbNum": 0, "pl3VerbNum": 4, "superlatNum": 0, "comparatNum": 1, "specDerivSuffixNum": 0, "pluralNounNum": 8, "pastTenseRate": 0.40384615384615385, "presentTenseRate": 0.5, "condRate": 0.09615384615384616, "impRate": 0.07692307692307693, "freqRate": 0.0, "causRate": 0.0, "modalRate": 0.019230769230769232, "sg1VerbRate": 0.25, "sg2VerbRate": 0.038461538461538464, "sg3VerbRate": 1.2115384615384615, "pl1VerbRate": 0.0, "pl2VerbRate": 0.0, "pl3VerbRate": 0.07692307692307693, "superlatRate": 0.0, "comparatRate": 0.03125, "specDerivSuffixRate": 0.0, "pluralNounRate": 0.1111111111111111, "subjNum": 24, "objNum": 13, "attNum": 24, "subordNum": 19, "adverbNum": 61, "coordNum": 17, "clauseNum": 61, "simpleNum": 9, "complexNum": 19, "complexity1Num": 12, "complexity2Num": 3, "complexity3Num": 2, "compoundNum": 0, "subjRate": 0.05429864253393665, "objRate": 0.029411764705882353, "attRate": 0.05429864253393665, "subordRate": 0.042986425339366516, "adverbRate": 0.13800904977375567, "coordRate": 0.038461538461538464, "partsRate": 2.278688524590164, "clauseRate": 2.1785714285714284, "simpleRate": 0.32142857142857145, "complexRate": 0.6785714285714286, "complexity1Rate": 0.42857142857142855, "complexity2Rate": 0.10714285714285714, "complexity3Rate": 0.07142857142857142, "complexClauseRate": 2.736842105263158, "sentencesPerParagraph": 0.0, "wordsLengthRate": 4.855585831062671, "compoundRate": 0.0, "positiveNum": 0, "negativeNum": 0, "precoPositiveNum": 0, "precoNegativeNum": 0, "negemoNum": 0, "negationNum": 14, "functionNum": 229, "contentNum": 213, "vulgarNum": 0, "racistNum": 0, "specStyleNum": 0, "addressingNum": 0, "closingNum": 0, "postscriptNum": 0, "brutalNum": 0, "positiveRate": 0.0, "negativeRate": 0.0, "precoPositiveRate": 0.0, "precoNegativeRate": 0.0, "negemoRate": 0.0, "negationRate": 0.03167420814479638, "functionRate": 0.5180995475113123, "contentRate": 0.4819004524886878, "vulgarRate": 0.0, "racistRate": 0.0, "specStyleRate": 0.0, "addressingRate": 0.0, "closingRate": 0.0, "postscriptRate": 0.0, "brutalRate": 0.0, "epistemicNum": 0, "investNum": 0, "conditionNum": 0, "weaselNum": 0, "peacockNum": 0, "hedgeNum": 0, "doxasticNum": 0, "epistemicRate": 0.0, "investRate": 0.0, "conditionRate": 0.0, "weaselRate": 0.0, "peacockRate": 0.0, "hedgeRate": 0.0, "doxasticRate": 0.0, "loveNum": 0, "anxietyNum": 0, "sorrowNum": 0, "joyNum": 0, "disgustNum": 0, "fearNum": 0, "surpriseNum": 0, "angerNum": 0, "loveRate": 0.0, "anxietyRate": 0.0, "sorrowRate": 0.0, "joyRate": 0.0, "disgustRate": 0.0, "fearRate": 0.0, "surpriseRate": 0.0, "angerRate": 0.0, "slangBeGeneralNum": 0, "slangBeCigaretteNum": 0, "slangBeHumanNum": 0, "slangBeVehicleNum": 0, "slangBeDrugNum": 0, "slangBvNum": 0, "slangBeGeneralRate": 0.0, "slangBeCigaretteRate": 0.0, "slangBeHumanRate": 0.0, "slangBeVehicleRate": 0.0, "slangBeDrugRate": 0.0, "slangBvRate": 0.0, "speechactNum": 0, "quoteNum": 0, "dashNum": 0, "publicNum": 0, "privateNum": 0, "suasiveNum": 0, "discMarkerNum": 0, "smileyNum": 0, "dateNum": 0, "hesitationNum": 0, "restartNum": 1, "repeatNum": 0, "conjBeforeDiscNum": 0, "conjAfterDiscNum": 0, "wordBeforeHesitationNum": 0, "wordAfterHesitationNum": 0, "otherCollocationNum": 0, "speechactRate": 0.0, "quoteRate": 0.0, "dashRate": 0.0, "publicRate": 0.0, "privateRate": 0.0, "suasiveRate": 0.0, "discMarkerRate": 0.0, "smileyRate": 0.0, "dateRate": 0.0, "hesitationRate": 0.0, "restartRate": 0.0022624434389140274, "repeatRate": 0.0, "conjBeforeDiscRate": 0.0, "conjAfterDiscRate": 0.0, "wordBeforeHesitationRate": 0.0, "wordAfterHesitationRate": 0.0, "otherCollocationRate": 0.0, "easyWordNum": 412, "hardWordNum": 30, "easyWordRate": 0.9321266968325792, "hardWordRate": 0.06787330316742081, "fleschReadingEaseScore": 75.01385746606336, "gunningFogIndex": 6.341435035552683, "fleschKincaidGradeLevel": 6.718012281835815, "colemanLiauIndex": 8.51938009049774, "smogIndex": 8.841846274778883, "automatedReadabilityIndex": 5.910255332902395, "linsearWriteIndex": 0.9149967679379445, "author": "", "locationNameNum": 3, "locationNameRate": 0.006787330316742082, "personNameNum": 5, "personNameRate": 0.011312217194570135, "organizationNameNum": 0, "organizationNameRate": 0.0, "misspelledNum": 2, "misspelledRate": 0.004524886877828055, "missingAccentNum": 0, "missingAccentRate": 0.0, "foreignAccentNum": 0, "foreignAccentRate": 0.0, "wordConcatNum": 0, "wordConcatRate": 0.0, "jLyMistakeNum": 0, "jLyMistakeRate": 0.0, "freqSuffixNum": 0, "partsNum": 139, "privateVNum": 0, "publicVNum": 0, "clauseWordNum": 61}