{"tokenNum": 386, "sentenceNum": 21, "lemmaNum": 218, "lemmaRate": 0.5647668393782384, "sentenceLength": 18.38095238095238, "allUpperNum": 6, "firstUpperNum": 41, "allUpperRate": 0.015544041450777202, "firstUpperRate": 0.10621761658031088, "declarSentNum": 21, "imperSentNum": 0, "questionNum": 0, "declarSentRate": 1.0, "imperSentRate": 0.0, "questionRate": 0.0, "accent": true, "saturation": 4.448979591836735, "paragraphNum": 0, "nounNum": 83, "verbNum": 34, "adjNum": 39, "infNum": 4, "partPastNum": 2, "partPresNum": 6, "partFutNum": 0, "transNum": 2, "xNum": 21, "advNum": 42, "properNounNum": 20, "numNum": 1, "conjNum": 31, "punctNum": 77, "pronNum": 24, "relPronNum": 5, "demPronNum": 18, "adposNum": 3, "multiplePunctNum": 4, "phraseNum": 0, "nounRate": 0.21502590673575128, "verbRate": 0.08808290155440414, "adjRate": 0.10103626943005181, "infRate": 0.010362694300518135, "partPastRate": 0.0051813471502590676, "partPresRate": 0.015544041450777202, "partFutRate": 0.0, "transRate": 0.0051813471502590676, "xRate": 0.054404145077720206, "advRate": 0.10880829015544041, "properNounRate": 0.05181347150259067, "numRate": 0.0025906735751295338, "conjRate": 0.08031088082901554, "punctRate": 0.19948186528497408, "pronRate": 0.06217616580310881, "relPronRate": 0.012953367875647668, "demPronRate": 0.046632124352331605, "adposRate": 0.007772020725388601, "multiplePunctRate": 0.05194805194805195, "partsDensityRate": 4.040816326530612, "contentfulness": 9.428571428571429, "phraseRate": 0.0, "pastTenseNum": 11, "presentTenseNum": 19, "condNum": 1, "impNum": 1, "freqNum": 0, "causNum": 0, "modalNum": 2, "sg1VerbNum": 10, "sg2VerbNum": 0, "sg3VerbNum": 36, "pl1VerbNum": 3, "pl2VerbNum": 0, "pl3VerbNum": 6, "superlatNum": 0, "comparatNum": 2, "specDerivSuffixNum": 0, "pluralNounNum": 10, "pastTenseRate": 0.3235294117647059, "presentTenseRate": 0.5588235294117647, "condRate": 0.029411764705882353, "impRate": 0.029411764705882353, "freqRate": 0.0, "causRate": 0.0, "modalRate": 0.058823529411764705, "sg1VerbRate": 0.29411764705882354, "sg2VerbRate": 0.0, "sg3VerbRate": 1.0588235294117647, "pl1VerbRate": 0.08823529411764706, "pl2VerbRate": 0.0, "pl3VerbRate": 0.17647058823529413, "superlatRate": 0.0, "comparatRate": 0.05128205128205128, "specDerivSuffixRate": 0.0, "pluralNounRate": 0.12048192771084337, "subjNum": 25, "objNum": 14, "attNum": 21, "subordNum": 15, "adverbNum": 51, "coordNum": 23, "clauseNum": 49, "simpleNum": 8, "complexNum": 13, "complexity1Num": 5, "complexity2Num": 4, "complexity3Num": 1, "compoundNum": 0, "subjRate": 0.06476683937823834, "objRate": 0.03626943005181347, "attRate": 0.054404145077720206, "subordRate": 0.038860103626943004, "adverbRate": 0.13212435233160622, "coordRate": 0.05958549222797927, "partsRate": 2.7346938775510203, "clauseRate": 2.3333333333333335, "simpleRate": 0.38095238095238093, "complexRate": 0.6190476190476191, "complexity1Rate": 0.23809523809523808, "complexity2Rate": 0.19047619047619047, "complexity3Rate": 0.047619047619047616, "complexClauseRate": 3.1538461538461537, "sentencesPerParagraph": 0.0, "wordsLengthRate": 6.035598705501618, "compoundRate": 0.0, "positiveNum": 0, "negativeNum": 0, "precoPositiveNum": 0, "precoNegativeNum": 0, "negemoNum": 0, "negationNum": 7, "functionNum": 188, "contentNum": 198, "vulgarNum": 0, "racistNum": 0, "specStyleNum": 0, "addressingNum": 0, "closingNum": 0, "postscriptNum": 0, "brutalNum": 0, "positiveRate": 0.0, "negativeRate": 0.0, "precoPositiveRate": 0.0, "precoNegativeRate": 0.0, "negemoRate": 0.0, "negationRate": 0.018134715025906734, "functionRate": 0.48704663212435234, "contentRate": 0.5129533678756477, "vulgarRate": 0.0, "racistRate": 0.0, "specStyleRate": 0.0, "addressingRate": 0.0, "closingRate": 0.0, "postscriptRate": 0.0, "brutalRate": 0.0, "epistemicNum": 0, "investNum": 0, "conditionNum": 0, "weaselNum": 0, "peacockNum": 0, "hedgeNum": 0, "doxasticNum": 0, "epistemicRate": 0.0, "investRate": 0.0, "conditionRate": 0.0, "weaselRate": 0.0, "peacockRate": 0.0, "hedgeRate": 0.0, "doxasticRate": 0.0, "loveNum": 0, "anxietyNum": 0, "sorrowNum": 0, "joyNum": 0, "disgustNum": 0, "fearNum": 0, "surpriseNum": 0, "angerNum": 0, "loveRate": 0.0, "anxietyRate": 0.0, "sorrowRate": 0.0, "joyRate": 0.0, "disgustRate": 0.0, "fearRate": 0.0, "surpriseRate": 0.0, "angerRate": 0.0, "slangBeGeneralNum": 0, "slangBeCigaretteNum": 0, "slangBeHumanNum": 0, "slangBeVehicleNum": 0, "slangBeDrugNum": 0, "slangBvNum": 0, "slangBeGeneralRate": 0.0, "slangBeCigaretteRate": 0.0, "slangBeHumanRate": 0.0, "slangBeVehicleRate": 0.0, "slangBeDrugRate": 0.0, "slangBvRate": 0.0, "speechactNum": 0, "quoteNum": 0, "dashNum": 0, "publicNum": 0, "privateNum": 0, "suasiveNum": 0, "discMarkerNum": 0, "smileyNum": 0, "dateNum": 0, "hesitationNum": 0, "restartNum": 0, "repeatNum": 5, "conjBeforeDiscNum": 0, "conjAfterDiscNum": 0, "wordBeforeHesitationNum": 0, "wordAfterHesitationNum": 0, "otherCollocationNum": 0, "speechactRate": 0.0, "quoteRate": 0.0, "dashRate": 0.0, "publicRate": 0.0, "privateRate": 0.0, "suasiveRate": 0.0, "discMarkerRate": 0.0, "smileyRate": 0.0, "dateRate": 0.0, "hesitationRate": 0.0, "restartRate": 0.0, "repeatRate": 0.012953367875647668, "conjBeforeDiscRate": 0.0, "conjAfterDiscRate": 0.0, "wordBeforeHesitationRate": 0.0, "wordAfterHesitationRate": 0.0, "otherCollocationRate": 0.0, "easyWordNum": 336, "hardWordNum": 50, "easyWordRate": 0.8704663212435233, "hardWordRate": 0.12953367875647667, "fleschReadingEaseScore": 49.223929188255624, "gunningFogIndex": 7.40315815445349, "fleschKincaidGradeLevel": 10.9599185788305, "colemanLiauIndex": 13.63457772020725, "smogIndex": 10.504223727775692, "automatedReadabilityIndex": 11.298274117937332, "linsearWriteIndex": 1.874414014310387, "author": "", "locationNameNum": 0, "locationNameRate": 0.0, "personNameNum": 7, "personNameRate": 0.018134715025906734, "organizationNameNum": 4, "organizationNameRate": 0.010362694300518135, "misspelledNum": 7, "misspelledRate": 0.018134715025906734, "missingAccentNum": 1, "missingAccentRate": 0.0025906735751295338, "foreignAccentNum": 0, "foreignAccentRate": 0.0, "wordConcatNum": 1, "wordConcatRate": 0.0025906735751295338, "jLyMistakeNum": 1, "jLyMistakeRate": 0.0025906735751295338, "freqSuffixNum": 0, "partsNum": 134, "privateVNum": 0, "publicVNum": 0, "clauseWordNum": 49}