{"tokenNum": 105, "sentenceNum": 7, "lemmaNum": 83, "lemmaRate": 0.7904761904761904, "sentenceLength": 15.0, "allUpperNum": 0, "firstUpperNum": 6, "allUpperRate": 0.0, "firstUpperRate": 0.05714285714285714, "declarSentNum": 7, "imperSentNum": 0, "questionNum": 0, "declarSentRate": 1.0, "imperSentRate": 0.0, "questionRate": 0.0, "accent": false, "saturation": 5.928571428571429, "paragraphNum": 0, "nounNum": 20, "verbNum": 13, "adjNum": 7, "infNum": 0, "partPastNum": 1, "partPresNum": 1, "partFutNum": 0, "transNum": 0, "xNum": 6, "advNum": 17, "properNounNum": 0, "numNum": 1, "conjNum": 5, "punctNum": 14, "pronNum": 8, "relPronNum": 3, "demPronNum": 6, "adposNum": 2, "multiplePunctNum": 1, "phraseNum": 0, "nounRate": 0.19047619047619047, "verbRate": 0.12380952380952381, "adjRate": 0.06666666666666667, "infRate": 0.0, "partPastRate": 0.009523809523809525, "partPresRate": 0.009523809523809525, "partFutRate": 0.0, "transRate": 0.0, "xRate": 0.05714285714285714, "advRate": 0.1619047619047619, "properNounRate": 0.0, "numRate": 0.009523809523809525, "conjRate": 0.047619047619047616, "punctRate": 0.13333333333333333, "pronRate": 0.0761904761904762, "relPronRate": 0.02857142857142857, "demPronRate": 0.05714285714285714, "adposRate": 0.01904761904761905, "multiplePunctRate": 0.07142857142857142, "partsDensityRate": 4.071428571428571, "contentfulness": 8.142857142857142, "phraseRate": 0.0, "pastTenseNum": 4, "presentTenseNum": 9, "condNum": 0, "impNum": 4, "freqNum": 0, "causNum": 0, "modalNum": 0, "sg1VerbNum": 3, "sg2VerbNum": 2, "sg3VerbNum": 11, "pl1VerbNum": 0, "pl2VerbNum": 0, "pl3VerbNum": 6, "superlatNum": 0, "comparatNum": 0, "specDerivSuffixNum": 0, "pluralNounNum": 1, "pastTenseRate": 0.3076923076923077, "presentTenseRate": 0.6923076923076923, "condRate": 0.0, "impRate": 0.3076923076923077, "freqRate": 0.0, "causRate": 0.0, "modalRate": 0.0, "sg1VerbRate": 0.23076923076923078, "sg2VerbRate": 0.15384615384615385, "sg3VerbRate": 0.8461538461538461, "pl1VerbRate": 0.0, "pl2VerbRate": 0.0, "pl3VerbRate": 0.46153846153846156, "superlatRate": 0.0, "comparatRate": 0.0, "specDerivSuffixRate": 0.0, "pluralNounRate": 0.05, "subjNum": 8, "objNum": 4, "attNum": 4, "subordNum": 4, "adverbNum": 18, "coordNum": 5, "clauseNum": 14, "simpleNum": 2, "complexNum": 5, "complexity1Num": 3, "complexity2Num": 2, "complexity3Num": 0, "compoundNum": 0, "subjRate": 0.0761904761904762, "objRate": 0.0380952380952381, "attRate": 0.0380952380952381, "subordRate": 0.0380952380952381, "adverbRate": 0.17142857142857143, "coordRate": 0.047619047619047616, "partsRate": 2.7857142857142856, "clauseRate": 2.0, "simpleRate": 0.2857142857142857, "complexRate": 0.7142857142857143, "complexity1Rate": 0.42857142857142855, "complexity2Rate": 0.2857142857142857, "complexity3Rate": 0.0, "complexClauseRate": 2.4, "sentencesPerParagraph": 0.0, "wordsLengthRate": 5.175824175824176, "compoundRate": 0.0, "positiveNum": 0, "negativeNum": 0, "precoPositiveNum": 0, "precoNegativeNum": 0, "negemoNum": 0, "negationNum": 2, "functionNum": 48, "contentNum": 57, "vulgarNum": 0, "racistNum": 0, "specStyleNum": 0, "addressingNum": 0, "closingNum": 0, "postscriptNum": 0, "brutalNum": 0, "positiveRate": 0.0, "negativeRate": 0.0, "precoPositiveRate": 0.0, "precoNegativeRate": 0.0, "negemoRate": 0.0, "negationRate": 0.01904761904761905, "functionRate": 0.45714285714285713, "contentRate": 0.5428571428571428, "vulgarRate": 0.0, "racistRate": 0.0, "specStyleRate": 0.0, "addressingRate": 0.0, "closingRate": 0.0, "postscriptRate": 0.0, "brutalRate": 0.0, "epistemicNum": 0, "investNum": 0, "conditionNum": 0, "weaselNum": 0, "peacockNum": 0, "hedgeNum": 0, "doxasticNum": 0, "epistemicRate": 0.0, "investRate": 0.0, "conditionRate": 0.0, "weaselRate": 0.0, "peacockRate": 0.0, "hedgeRate": 0.0, "doxasticRate": 0.0, "loveNum": 0, "anxietyNum": 0, "sorrowNum": 0, "joyNum": 0, "disgustNum": 0, "fearNum": 0, "surpriseNum": 0, "angerNum": 0, "loveRate": 0.0, "anxietyRate": 0.0, "sorrowRate": 0.0, "joyRate": 0.0, "disgustRate": 0.0, "fearRate": 0.0, "surpriseRate": 0.0, "angerRate": 0.0, "slangBeGeneralNum": 0, "slangBeCigaretteNum": 0, "slangBeHumanNum": 0, "slangBeVehicleNum": 0, "slangBeDrugNum": 0, "slangBvNum": 0, "slangBeGeneralRate": 0.0, "slangBeCigaretteRate": 0.0, "slangBeHumanRate": 0.0, "slangBeVehicleRate": 0.0, "slangBeDrugRate": 0.0, "slangBvRate": 0.0, "speechactNum": 0, "quoteNum": 0, "dashNum": 0, "publicNum": 0, "privateNum": 0, "suasiveNum": 0, "discMarkerNum": 0, "smileyNum": 0, "dateNum": 0, "hesitationNum": 0, "restartNum": 0, "repeatNum": 2, "conjBeforeDiscNum": 0, "conjAfterDiscNum": 0, "wordBeforeHesitationNum": 0, "wordAfterHesitationNum": 0, "otherCollocationNum": 0, "speechactRate": 0.0, "quoteRate": 0.0, "dashRate": 0.0, "publicRate": 0.0, "privateRate": 0.0, "suasiveRate": 0.0, "discMarkerRate": 0.0, "smileyRate": 0.0, "dateRate": 0.0, "hesitationRate": 0.0, "restartRate": 0.0, "repeatRate": 0.01904761904761905, "conjBeforeDiscRate": 0.0, "conjAfterDiscRate": 0.0, "wordBeforeHesitationRate": 0.0, "wordAfterHesitationRate": 0.0, "otherCollocationRate": 0.0, "easyWordNum": 101, "hardWordNum": 4, "easyWordRate": 0.9619047619047619, "hardWordRate": 0.0380952380952381, "fleschReadingEaseScore": 69.14142857142859, "gunningFogIndex": 6.015238095238096, "fleschKincaidGradeLevel": 7.341904761904765, "colemanLiauIndex": 11.125514285714281, "smogIndex": 5.2151, "automatedReadabilityIndex": 7.6014285714285705, "linsearWriteIndex": 6.27891156462585, "author": "", "locationNameNum": 0, "locationNameRate": 0.0, "personNameNum": 1, "personNameRate": 0.009523809523809525, "organizationNameNum": 0, "organizationNameRate": 0.0, "misspelledNum": 38, "misspelledRate": 0.3619047619047619, "missingAccentNum": 28, "missingAccentRate": 0.26666666666666666, "foreignAccentNum": 0, "foreignAccentRate": 0.0, "wordConcatNum": 0, "wordConcatRate": 0.0, "jLyMistakeNum": 3, "jLyMistakeRate": 0.02857142857142857, "freqSuffixNum": 0, "partsNum": 39, "privateVNum": 0, "publicVNum": 0, "clauseWordNum": 14}