{"tokenNum": 363, "sentenceNum": 15, "lemmaNum": 207, "lemmaRate": 0.5702479338842975, "sentenceLength": 24.2, "allUpperNum": 5, "firstUpperNum": 68, "allUpperRate": 0.013774104683195593, "firstUpperRate": 0.18732782369146006, "declarSentNum": 14, "imperSentNum": 0, "questionNum": 1, "declarSentRate": 0.9333333333333333, "imperSentRate": 0.0, "questionRate": 0.06666666666666667, "accent": true, "saturation": 5.175, "paragraphNum": 0, "nounNum": 109, "verbNum": 30, "adjNum": 18, "infNum": 5, "partPastNum": 0, "partPresNum": 1, "partFutNum": 0, "transNum": 0, "xNum": 19, "advNum": 24, "properNounNum": 70, "numNum": 8, "conjNum": 25, "punctNum": 96, "pronNum": 10, "relPronNum": 1, "demPronNum": 7, "adposNum": 2, "multiplePunctNum": 9, "phraseNum": 0, "nounRate": 0.3002754820936639, "verbRate": 0.08264462809917356, "adjRate": 0.049586776859504134, "infRate": 0.013774104683195593, "partPastRate": 0.0, "partPresRate": 0.0027548209366391185, "partFutRate": 0.0, "transRate": 0.0, "xRate": 0.05234159779614325, "advRate": 0.06611570247933884, "properNounRate": 0.1928374655647383, "numRate": 0.02203856749311295, "conjRate": 0.06887052341597796, "punctRate": 0.2644628099173554, "pronRate": 0.027548209366391185, "relPronRate": 0.0027548209366391185, "demPronRate": 0.01928374655647383, "adposRate": 0.005509641873278237, "multiplePunctRate": 0.09375, "partsDensityRate": 4.525, "contentfulness": 12.066666666666666, "phraseRate": 0.0, "pastTenseNum": 10, "presentTenseNum": 15, "condNum": 1, "impNum": 0, "freqNum": 0, "causNum": 0, "modalNum": 1, "sg1VerbNum": 12, "sg2VerbNum": 0, "sg3VerbNum": 20, "pl1VerbNum": 0, "pl2VerbNum": 0, "pl3VerbNum": 3, "superlatNum": 0, "comparatNum": 1, "specDerivSuffixNum": 0, "pluralNounNum": 4, "pastTenseRate": 0.3333333333333333, "presentTenseRate": 0.5, "condRate": 0.03333333333333333, "impRate": 0.0, "freqRate": 0.0, "causRate": 0.0, "modalRate": 0.03333333333333333, "sg1VerbRate": 0.4, "sg2VerbRate": 0.0, "sg3VerbRate": 0.6666666666666666, "pl1VerbRate": 0.0, "pl2VerbRate": 0.0, "pl3VerbRate": 0.1, "superlatRate": 0.0, "comparatRate": 0.05555555555555555, "specDerivSuffixRate": 0.0, "pluralNounRate": 0.03669724770642202, "subjNum": 14, "objNum": 5, "attNum": 9, "subordNum": 8, "adverbNum": 35, "coordNum": 31, "clauseNum": 40, "simpleNum": 4, "complexNum": 11, "complexity1Num": 5, "complexity2Num": 2, "complexity3Num": 1, "compoundNum": 0, "subjRate": 0.03856749311294766, "objRate": 0.013774104683195593, "attRate": 0.024793388429752067, "subordRate": 0.02203856749311295, "adverbRate": 0.09641873278236915, "coordRate": 0.08539944903581267, "partsRate": 2.35, "clauseRate": 2.6666666666666665, "simpleRate": 0.26666666666666666, "complexRate": 0.7333333333333333, "complexity1Rate": 0.3333333333333333, "complexity2Rate": 0.13333333333333333, "complexity3Rate": 0.06666666666666667, "complexClauseRate": 3.272727272727273, "sentencesPerParagraph": 0.0, "wordsLengthRate": 4.752808988764045, "compoundRate": 0.0, "positiveNum": 0, "negativeNum": 0, "precoPositiveNum": 0, "precoNegativeNum": 0, "negemoNum": 0, "negationNum": 4, "functionNum": 182, "contentNum": 181, "vulgarNum": 0, "racistNum": 0, "specStyleNum": 0, "addressingNum": 0, "closingNum": 0, "postscriptNum": 0, "brutalNum": 0, "positiveRate": 0.0, "negativeRate": 0.0, "precoPositiveRate": 0.0, "precoNegativeRate": 0.0, "negemoRate": 0.0, "negationRate": 0.011019283746556474, "functionRate": 0.5013774104683195, "contentRate": 0.4986225895316804, "vulgarRate": 0.0, "racistRate": 0.0, "specStyleRate": 0.0, "addressingRate": 0.0, "closingRate": 0.0, "postscriptRate": 0.0, "brutalRate": 0.0, "epistemicNum": 0, "investNum": 0, "conditionNum": 0, "weaselNum": 0, "peacockNum": 0, "hedgeNum": 0, "doxasticNum": 0, "epistemicRate": 0.0, "investRate": 0.0, "conditionRate": 0.0, "weaselRate": 0.0, "peacockRate": 0.0, "hedgeRate": 0.0, "doxasticRate": 0.0, "loveNum": 0, "anxietyNum": 0, "sorrowNum": 0, "joyNum": 0, "disgustNum": 0, "fearNum": 0, "surpriseNum": 0, "angerNum": 0, "loveRate": 0.0, "anxietyRate": 0.0, "sorrowRate": 0.0, "joyRate": 0.0, "disgustRate": 0.0, "fearRate": 0.0, "surpriseRate": 0.0, "angerRate": 0.0, "slangBeGeneralNum": 0, "slangBeCigaretteNum": 0, "slangBeHumanNum": 0, "slangBeVehicleNum": 0, "slangBeDrugNum": 0, "slangBvNum": 0, "slangBeGeneralRate": 0.0, "slangBeCigaretteRate": 0.0, "slangBeHumanRate": 0.0, "slangBeVehicleRate": 0.0, "slangBeDrugRate": 0.0, "slangBvRate": 0.0, "speechactNum": 0, "quoteNum": 0, "dashNum": 0, "publicNum": 0, "privateNum": 0, "suasiveNum": 0, "discMarkerNum": 0, "smileyNum": 3, "dateNum": 0, "hesitationNum": 0, "restartNum": 0, "repeatNum": 19, "conjBeforeDiscNum": 0, "conjAfterDiscNum": 0, "wordBeforeHesitationNum": 0, "wordAfterHesitationNum": 0, "otherCollocationNum": 0, "speechactRate": 0.0, "quoteRate": 0.0, "dashRate": 0.0, "publicRate": 0.0, "privateRate": 0.0, "suasiveRate": 0.0, "discMarkerRate": 0.0, "smileyRate": 0.008264462809917356, "dateRate": 0.0, "hesitationRate": 0.0, "restartRate": 0.0, "repeatRate": 0.05234159779614325, "conjBeforeDiscRate": 0.0, "conjAfterDiscRate": 0.0, "wordBeforeHesitationRate": 0.0, "wordAfterHesitationRate": 0.0, "otherCollocationRate": 0.0, "easyWordNum": 340, "hardWordNum": 23, "easyWordRate": 0.9366391184573003, "hardWordRate": 0.06336088154269973, "fleschReadingEaseScore": 78.79431404958682, "gunningFogIndex": 9.70534435261708, "fleschKincaidGradeLevel": 8.28105785123967, "colemanLiauIndex": 6.267093663911844, "smogIndex": 8.131152278815165, "automatedReadabilityIndex": 8.316280991735539, "linsearWriteIndex": 2.6088154269972454, "author": "", "locationNameNum": 10, "locationNameRate": 0.027548209366391185, "personNameNum": 14, "personNameRate": 0.03856749311294766, "organizationNameNum": 5, "organizationNameRate": 0.013774104683195593, "misspelledNum": 6, "misspelledRate": 0.01652892561983471, "missingAccentNum": 1, "missingAccentRate": 0.0027548209366391185, "foreignAccentNum": 0, "foreignAccentRate": 0.0, "wordConcatNum": 1, "wordConcatRate": 0.0027548209366391185, "jLyMistakeNum": 0, "jLyMistakeRate": 0.0, "freqSuffixNum": 0, "partsNum": 94, "privateVNum": 0, "publicVNum": 0, "clauseWordNum": 40}