{"tokenNum": 329, "sentenceNum": 14, "lemmaNum": 204, "lemmaRate": 0.6200607902735562, "sentenceLength": 23.5, "allUpperNum": 7, "firstUpperNum": 31, "allUpperRate": 0.02127659574468085, "firstUpperRate": 0.09422492401215805, "declarSentNum": 14, "imperSentNum": 0, "questionNum": 0, "declarSentRate": 1.0, "imperSentRate": 0.0, "questionRate": 0.0, "accent": false, "saturation": 8.16, "paragraphNum": 0, "nounNum": 132, "verbNum": 10, "adjNum": 9, "infNum": 2, "partPastNum": 0, "partPresNum": 0, "partFutNum": 0, "transNum": 0, "xNum": 66, "advNum": 9, "properNounNum": 107, "numNum": 34, "conjNum": 13, "punctNum": 37, "pronNum": 6, "relPronNum": 2, "demPronNum": 3, "adposNum": 0, "multiplePunctNum": 2, "phraseNum": 0, "nounRate": 0.4012158054711246, "verbRate": 0.030395136778115502, "adjRate": 0.02735562310030395, "infRate": 0.0060790273556231, "partPastRate": 0.0, "partPresRate": 0.0, "partFutRate": 0.0, "transRate": 0.0, "xRate": 0.2006079027355623, "advRate": 0.02735562310030395, "properNounRate": 0.3252279635258359, "numRate": 0.1033434650455927, "conjRate": 0.03951367781155015, "punctRate": 0.11246200607902736, "pronRate": 0.0182370820668693, "relPronRate": 0.0060790273556231, "demPronRate": 0.00911854103343465, "adposRate": 0.0, "multiplePunctRate": 0.05405405405405406, "partsDensityRate": 6.2, "contentfulness": 11.071428571428571, "phraseRate": 0.0, "pastTenseNum": 2, "presentTenseNum": 6, "condNum": 0, "impNum": 0, "freqNum": 0, "causNum": 0, "modalNum": 2, "sg1VerbNum": 4, "sg2VerbNum": 0, "sg3VerbNum": 9, "pl1VerbNum": 0, "pl2VerbNum": 0, "pl3VerbNum": 1, "superlatNum": 0, "comparatNum": 0, "specDerivSuffixNum": 0, "pluralNounNum": 2, "pastTenseRate": 0.2, "presentTenseRate": 0.6, "condRate": 0.0, "impRate": 0.0, "freqRate": 0.0, "causRate": 0.0, "modalRate": 0.2, "sg1VerbRate": 0.4, "sg2VerbRate": 0.0, "sg3VerbRate": 0.9, "pl1VerbRate": 0.0, "pl2VerbRate": 0.0, "pl3VerbRate": 0.1, "superlatRate": 0.0, "comparatRate": 0.0, "specDerivSuffixRate": 0.0, "pluralNounRate": 0.015151515151515152, "subjNum": 3, "objNum": 2, "attNum": 4, "subordNum": 3, "adverbNum": 9, "coordNum": 6, "clauseNum": 25, "simpleNum": 4, "complexNum": 10, "complexity1Num": 9, "complexity2Num": 1, "complexity3Num": 0, "compoundNum": 0, "subjRate": 0.00911854103343465, "objRate": 0.0060790273556231, "attRate": 0.0121580547112462, "subordRate": 0.00911854103343465, "adverbRate": 0.02735562310030395, "coordRate": 0.0182370820668693, "partsRate": 0.96, "clauseRate": 1.7857142857142858, "simpleRate": 0.2857142857142857, "complexRate": 0.7142857142857143, "complexity1Rate": 0.6428571428571429, "complexity2Rate": 0.07142857142857142, "complexity3Rate": 0.0, "complexClauseRate": 2.1, "sentencesPerParagraph": 0.0, "wordsLengthRate": 4.441780821917808, "compoundRate": 0.0, "positiveNum": 0, "negativeNum": 0, "precoPositiveNum": 0, "precoNegativeNum": 0, "negemoNum": 0, "negationNum": 2, "functionNum": 174, "contentNum": 155, "vulgarNum": 0, "racistNum": 0, "specStyleNum": 0, "addressingNum": 0, "closingNum": 0, "postscriptNum": 0, "brutalNum": 0, "positiveRate": 0.0, "negativeRate": 0.0, "precoPositiveRate": 0.0, "precoNegativeRate": 0.0, "negemoRate": 0.0, "negationRate": 0.0060790273556231, "functionRate": 0.5288753799392097, "contentRate": 0.47112462006079026, "vulgarRate": 0.0, "racistRate": 0.0, "specStyleRate": 0.0, "addressingRate": 0.0, "closingRate": 0.0, "postscriptRate": 0.0, "brutalRate": 0.0, "epistemicNum": 0, "investNum": 0, "conditionNum": 0, "weaselNum": 0, "peacockNum": 0, "hedgeNum": 0, "doxasticNum": 0, "epistemicRate": 0.0, "investRate": 0.0, "conditionRate": 0.0, "weaselRate": 0.0, "peacockRate": 0.0, "hedgeRate": 0.0, "doxasticRate": 0.0, "loveNum": 0, "anxietyNum": 0, "sorrowNum": 0, "joyNum": 0, "disgustNum": 0, "fearNum": 0, "surpriseNum": 0, "angerNum": 0, "loveRate": 0.0, "anxietyRate": 0.0, "sorrowRate": 0.0, "joyRate": 0.0, "disgustRate": 0.0, "fearRate": 0.0, "surpriseRate": 0.0, "angerRate": 0.0, "slangBeGeneralNum": 0, "slangBeCigaretteNum": 0, "slangBeHumanNum": 0, "slangBeVehicleNum": 0, "slangBeDrugNum": 0, "slangBvNum": 0, "slangBeGeneralRate": 0.0, "slangBeCigaretteRate": 0.0, "slangBeHumanRate": 0.0, "slangBeVehicleRate": 0.0, "slangBeDrugRate": 0.0, "slangBvRate": 0.0, "speechactNum": 0, "quoteNum": 1, "dashNum": 0, "publicNum": 0, "privateNum": 0, "suasiveNum": 0, "discMarkerNum": 0, "smileyNum": 1, "dateNum": 0, "hesitationNum": 0, "restartNum": 0, "repeatNum": 0, "conjBeforeDiscNum": 0, "conjAfterDiscNum": 0, "wordBeforeHesitationNum": 0, "wordAfterHesitationNum": 0, "otherCollocationNum": 0, "speechactRate": 0.0, "quoteRate": 0.00303951367781155, "dashRate": 0.0, "publicRate": 0.0, "privateRate": 0.0, "suasiveRate": 0.0, "discMarkerRate": 0.0, "smileyRate": 0.00303951367781155, "dateRate": 0.0, "hesitationRate": 0.0, "restartRate": 0.0, "repeatRate": 0.0, "conjBeforeDiscRate": 0.0, "conjAfterDiscRate": 0.0, "wordBeforeHesitationRate": 0.0, "wordAfterHesitationRate": 0.0, "otherCollocationRate": 0.0, "easyWordNum": 313, "hardWordNum": 16, "easyWordRate": 0.9513677811550152, "hardWordRate": 0.0486322188449848, "fleschReadingEaseScore": 69.0682142857143, "gunningFogIndex": 9.419452887537995, "fleschKincaidGradeLevel": 9.463753799392098, "colemanLiauIndex": 7.9388996960486296, "smogIndex": 7.3011, "automatedReadabilityIndex": 9.303161094224922, "linsearWriteIndex": 2.7993920972644375, "author": "", "locationNameNum": 1, "locationNameRate": 0.00303951367781155, "personNameNum": 0, "personNameRate": 0.0, "organizationNameNum": 2, "organizationNameRate": 0.0060790273556231, "misspelledNum": 97, "misspelledRate": 0.2948328267477204, "missingAccentNum": 31, "missingAccentRate": 0.09422492401215805, "foreignAccentNum": 0, "foreignAccentRate": 0.0, "wordConcatNum": 2, "wordConcatRate": 0.0060790273556231, "jLyMistakeNum": 1, "jLyMistakeRate": 0.00303951367781155, "freqSuffixNum": 0, "partsNum": 24, "privateVNum": 0, "publicVNum": 0, "clauseWordNum": 25}