{"tokenNum": 427, "sentenceNum": 28, "lemmaNum": 195, "lemmaRate": 0.4566744730679157, "sentenceLength": 15.25, "allUpperNum": 0, "firstUpperNum": 40, "allUpperRate": 0.0, "firstUpperRate": 0.0936768149882904, "declarSentNum": 27, "imperSentNum": 0, "questionNum": 1, "declarSentRate": 0.9642857142857143, "imperSentRate": 0.0, "questionRate": 0.03571428571428571, "accent": true, "saturation": 2.5657894736842106, "paragraphNum": 0, "nounNum": 69, "verbNum": 77, "adjNum": 11, "infNum": 9, "partPastNum": 1, "partPresNum": 1, "partFutNum": 0, "transNum": 0, "xNum": 28, "advNum": 63, "properNounNum": 18, "numNum": 1, "conjNum": 34, "punctNum": 75, "pronNum": 24, "relPronNum": 9, "demPronNum": 17, "adposNum": 4, "multiplePunctNum": 1, "phraseNum": 0, "nounRate": 0.16159250585480095, "verbRate": 0.18032786885245902, "adjRate": 0.02576112412177986, "infRate": 0.02107728337236534, "partPastRate": 0.00234192037470726, "partPresRate": 0.00234192037470726, "partFutRate": 0.0, "transRate": 0.0, "xRate": 0.06557377049180328, "advRate": 0.14754098360655737, "properNounRate": 0.04215456674473068, "numRate": 0.00234192037470726, "conjRate": 0.07962529274004684, "punctRate": 0.1756440281030445, "pronRate": 0.05620608899297424, "relPronRate": 0.02107728337236534, "demPronRate": 0.03981264637002342, "adposRate": 0.00936768149882904, "multiplePunctRate": 0.013333333333333334, "partsDensityRate": 2.8947368421052633, "contentfulness": 7.857142857142857, "phraseRate": 0.0, "pastTenseNum": 51, "presentTenseNum": 17, "condNum": 1, "impNum": 4, "freqNum": 0, "causNum": 0, "modalNum": 3, "sg1VerbNum": 0, "sg2VerbNum": 3, "sg3VerbNum": 78, "pl1VerbNum": 2, "pl2VerbNum": 0, "pl3VerbNum": 11, "superlatNum": 0, "comparatNum": 1, "specDerivSuffixNum": 0, "pluralNounNum": 2, "pastTenseRate": 0.6623376623376623, "presentTenseRate": 0.22077922077922077, "condRate": 0.012987012987012988, "impRate": 0.05194805194805195, "freqRate": 0.0, "causRate": 0.0, "modalRate": 0.03896103896103896, "sg1VerbRate": 0.0, "sg2VerbRate": 0.03896103896103896, "sg3VerbRate": 1.0129870129870129, "pl1VerbRate": 0.025974025974025976, "pl2VerbRate": 0.0, "pl3VerbRate": 0.14285714285714285, "superlatRate": 0.0, "comparatRate": 0.09090909090909091, "specDerivSuffixRate": 0.0, "pluralNounRate": 0.028985507246376812, "subjNum": 34, "objNum": 16, "attNum": 7, "subordNum": 27, "adverbNum": 67, "coordNum": 13, "clauseNum": 76, "simpleNum": 7, "complexNum": 21, "complexity1Num": 10, "complexity2Num": 4, "complexity3Num": 2, "compoundNum": 0, "subjRate": 0.07962529274004684, "objRate": 0.03747072599531616, "attRate": 0.01639344262295082, "subordRate": 0.06323185011709602, "adverbRate": 0.15690866510538642, "coordRate": 0.03044496487119438, "partsRate": 1.8026315789473684, "clauseRate": 2.7142857142857144, "simpleRate": 0.25, "complexRate": 0.75, "complexity1Rate": 0.35714285714285715, "complexity2Rate": 0.14285714285714285, "complexity3Rate": 0.07142857142857142, "complexClauseRate": 3.2857142857142856, "sentencesPerParagraph": 0.0, "wordsLengthRate": 4.704545454545454, "compoundRate": 0.0, "positiveNum": 0, "negativeNum": 0, "precoPositiveNum": 0, "precoNegativeNum": 0, "negemoNum": 0, "negationNum": 10, "functionNum": 207, "contentNum": 220, "vulgarNum": 0, "racistNum": 0, "specStyleNum": 0, "addressingNum": 0, "closingNum": 0, "postscriptNum": 0, "brutalNum": 0, "positiveRate": 0.0, "negativeRate": 0.0, "precoPositiveRate": 0.0, "precoNegativeRate": 0.0, "negemoRate": 0.0, "negationRate": 0.0234192037470726, "functionRate": 0.4847775175644028, "contentRate": 0.5152224824355972, "vulgarRate": 0.0, "racistRate": 0.0, "specStyleRate": 0.0, "addressingRate": 0.0, "closingRate": 0.0, "postscriptRate": 0.0, "brutalRate": 0.0, "epistemicNum": 0, "investNum": 0, "conditionNum": 0, "weaselNum": 0, "peacockNum": 0, "hedgeNum": 0, "doxasticNum": 0, "epistemicRate": 0.0, "investRate": 0.0, "conditionRate": 0.0, "weaselRate": 0.0, "peacockRate": 0.0, "hedgeRate": 0.0, "doxasticRate": 0.0, "loveNum": 0, "anxietyNum": 0, "sorrowNum": 0, "joyNum": 0, "disgustNum": 0, "fearNum": 0, "surpriseNum": 0, "angerNum": 0, "loveRate": 0.0, "anxietyRate": 0.0, "sorrowRate": 0.0, "joyRate": 0.0, "disgustRate": 0.0, "fearRate": 0.0, "surpriseRate": 0.0, "angerRate": 0.0, "slangBeGeneralNum": 0, "slangBeCigaretteNum": 0, "slangBeHumanNum": 0, "slangBeVehicleNum": 0, "slangBeDrugNum": 0, "slangBvNum": 0, "slangBeGeneralRate": 0.0, "slangBeCigaretteRate": 0.0, "slangBeHumanRate": 0.0, "slangBeVehicleRate": 0.0, "slangBeDrugRate": 0.0, "slangBvRate": 0.0, "speechactNum": 0, "quoteNum": 0, "dashNum": 0, "publicNum": 0, "privateNum": 0, "suasiveNum": 0, "discMarkerNum": 0, "smileyNum": 0, "dateNum": 0, "hesitationNum": 0, "restartNum": 0, "repeatNum": 0, "conjBeforeDiscNum": 0, "conjAfterDiscNum": 0, "wordBeforeHesitationNum": 0, "wordAfterHesitationNum": 0, "otherCollocationNum": 0, "speechactRate": 0.0, "quoteRate": 0.0, "dashRate": 0.0, "publicRate": 0.0, "privateRate": 0.0, "suasiveRate": 0.0, "discMarkerRate": 0.0, "smileyRate": 0.0, "dateRate": 0.0, "hesitationRate": 0.0, "restartRate": 0.0, "repeatRate": 0.0, "conjBeforeDiscRate": 0.0, "conjAfterDiscRate": 0.0, "wordBeforeHesitationRate": 0.0, "wordAfterHesitationRate": 0.0, "otherCollocationRate": 0.0, "easyWordNum": 409, "hardWordNum": 18, "easyWordRate": 0.9578454332552693, "hardWordRate": 0.04215456674473068, "fleschReadingEaseScore": 82.18856850117098, "gunningFogIndex": 6.1168618266978925, "fleschKincaidGradeLevel": 5.584197892271664, "colemanLiauIndex": 7.759803278688523, "smogIndex": 7.554174236665414, "automatedReadabilityIndex": 5.035, "linsearWriteIndex": 0.8275342924054869, "author": "", "locationNameNum": 1, "locationNameRate": 0.00234192037470726, "personNameNum": 13, "personNameRate": 0.03044496487119438, "organizationNameNum": 0, "organizationNameRate": 0.0, "misspelledNum": 9, "misspelledRate": 0.02107728337236534, "missingAccentNum": 1, "missingAccentRate": 0.00234192037470726, "foreignAccentNum": 0, "foreignAccentRate": 0.0, "wordConcatNum": 4, "wordConcatRate": 0.00936768149882904, "jLyMistakeNum": 0, "jLyMistakeRate": 0.0, "freqSuffixNum": 0, "partsNum": 137, "privateVNum": 0, "publicVNum": 0, "clauseWordNum": 76}