{"tokenNum": 372, "sentenceNum": 19, "lemmaNum": 186, "lemmaRate": 0.5, "sentenceLength": 19.57894736842105, "allUpperNum": 0, "firstUpperNum": 25, "allUpperRate": 0.0, "firstUpperRate": 0.06720430107526881, "declarSentNum": 18, "imperSentNum": 0, "questionNum": 1, "declarSentRate": 0.9473684210526315, "imperSentRate": 0.0, "questionRate": 0.05263157894736842, "accent": true, "saturation": 3.72, "paragraphNum": 0, "nounNum": 67, "verbNum": 57, "adjNum": 24, "infNum": 10, "partPastNum": 1, "partPresNum": 2, "partFutNum": 0, "transNum": 0, "xNum": 20, "advNum": 50, "properNounNum": 7, "numNum": 4, "conjNum": 32, "punctNum": 52, "pronNum": 17, "relPronNum": 4, "demPronNum": 16, "adposNum": 2, "multiplePunctNum": 0, "phraseNum": 0, "nounRate": 0.18010752688172044, "verbRate": 0.1532258064516129, "adjRate": 0.06451612903225806, "infRate": 0.026881720430107527, "partPastRate": 0.002688172043010753, "partPresRate": 0.005376344086021506, "partFutRate": 0.0, "transRate": 0.0, "xRate": 0.053763440860215055, "advRate": 0.13440860215053763, "properNounRate": 0.01881720430107527, "numRate": 0.010752688172043012, "conjRate": 0.08602150537634409, "punctRate": 0.13978494623655913, "pronRate": 0.0456989247311828, "relPronRate": 0.010752688172043012, "demPronRate": 0.043010752688172046, "adposRate": 0.005376344086021506, "multiplePunctRate": 0.0, "partsDensityRate": 3.96, "contentfulness": 10.421052631578947, "phraseRate": 0.0, "pastTenseNum": 19, "presentTenseNum": 28, "condNum": 5, "impNum": 4, "freqNum": 0, "causNum": 0, "modalNum": 3, "sg1VerbNum": 15, "sg2VerbNum": 1, "sg3VerbNum": 38, "pl1VerbNum": 1, "pl2VerbNum": 2, "pl3VerbNum": 9, "superlatNum": 0, "comparatNum": 0, "specDerivSuffixNum": 0, "pluralNounNum": 6, "pastTenseRate": 0.3333333333333333, "presentTenseRate": 0.49122807017543857, "condRate": 0.08771929824561403, "impRate": 0.07017543859649122, "freqRate": 0.0, "causRate": 0.0, "modalRate": 0.05263157894736842, "sg1VerbRate": 0.2631578947368421, "sg2VerbRate": 0.017543859649122806, "sg3VerbRate": 0.6666666666666666, "pl1VerbRate": 0.017543859649122806, "pl2VerbRate": 0.03508771929824561, "pl3VerbRate": 0.15789473684210525, "superlatRate": 0.0, "comparatRate": 0.0, "specDerivSuffixRate": 0.0, "pluralNounRate": 0.08955223880597014, "subjNum": 21, "objNum": 14, "attNum": 20, "subordNum": 13, "adverbNum": 59, "coordNum": 14, "clauseNum": 50, "simpleNum": 7, "complexNum": 12, "complexity1Num": 4, "complexity2Num": 2, "complexity3Num": 2, "compoundNum": 0, "subjRate": 0.056451612903225805, "objRate": 0.03763440860215054, "attRate": 0.053763440860215055, "subordRate": 0.03494623655913978, "adverbRate": 0.1586021505376344, "coordRate": 0.03763440860215054, "partsRate": 2.56, "clauseRate": 2.6315789473684212, "simpleRate": 0.3684210526315789, "complexRate": 0.631578947368421, "complexity1Rate": 0.21052631578947367, "complexity2Rate": 0.10526315789473684, "complexity3Rate": 0.10526315789473684, "complexClauseRate": 3.5833333333333335, "sentencesPerParagraph": 0.0, "wordsLengthRate": 5.271875, "compoundRate": 0.0, "positiveNum": 0, "negativeNum": 0, "precoPositiveNum": 0, "precoNegativeNum": 0, "negemoNum": 0, "negationNum": 12, "functionNum": 174, "contentNum": 198, "vulgarNum": 0, "racistNum": 0, "specStyleNum": 0, "addressingNum": 0, "closingNum": 0, "postscriptNum": 0, "brutalNum": 0, "positiveRate": 0.0, "negativeRate": 0.0, "precoPositiveRate": 0.0, "precoNegativeRate": 0.0, "negemoRate": 0.0, "negationRate": 0.03225806451612903, "functionRate": 0.46774193548387094, "contentRate": 0.532258064516129, "vulgarRate": 0.0, "racistRate": 0.0, "specStyleRate": 0.0, "addressingRate": 0.0, "closingRate": 0.0, "postscriptRate": 0.0, "brutalRate": 0.0, "epistemicNum": 0, "investNum": 0, "conditionNum": 0, "weaselNum": 0, "peacockNum": 0, "hedgeNum": 0, "doxasticNum": 0, "epistemicRate": 0.0, "investRate": 0.0, "conditionRate": 0.0, "weaselRate": 0.0, "peacockRate": 0.0, "hedgeRate": 0.0, "doxasticRate": 0.0, "loveNum": 0, "anxietyNum": 0, "sorrowNum": 0, "joyNum": 0, "disgustNum": 0, "fearNum": 0, "surpriseNum": 0, "angerNum": 0, "loveRate": 0.0, "anxietyRate": 0.0, "sorrowRate": 0.0, "joyRate": 0.0, "disgustRate": 0.0, "fearRate": 0.0, "surpriseRate": 0.0, "angerRate": 0.0, "slangBeGeneralNum": 0, "slangBeCigaretteNum": 0, "slangBeHumanNum": 0, "slangBeVehicleNum": 0, "slangBeDrugNum": 0, "slangBvNum": 0, "slangBeGeneralRate": 0.0, "slangBeCigaretteRate": 0.0, "slangBeHumanRate": 0.0, "slangBeVehicleRate": 0.0, "slangBeDrugRate": 0.0, "slangBvRate": 0.0, "speechactNum": 0, "quoteNum": 0, "dashNum": 0, "publicNum": 0, "privateNum": 0, "suasiveNum": 0, "discMarkerNum": 0, "smileyNum": 0, "dateNum": 1, "hesitationNum": 0, "restartNum": 0, "repeatNum": 1, "conjBeforeDiscNum": 0, "conjAfterDiscNum": 0, "wordBeforeHesitationNum": 0, "wordAfterHesitationNum": 0, "otherCollocationNum": 0, "speechactRate": 0.0, "quoteRate": 0.0, "dashRate": 0.0, "publicRate": 0.0, "privateRate": 0.0, "suasiveRate": 0.0, "discMarkerRate": 0.0, "smileyRate": 0.0, "dateRate": 0.002688172043010753, "hesitationRate": 0.0, "restartRate": 0.0, "repeatRate": 0.002688172043010753, "conjBeforeDiscRate": 0.0, "conjAfterDiscRate": 0.0, "wordBeforeHesitationRate": 0.0, "wordAfterHesitationRate": 0.0, "otherCollocationRate": 0.0, "easyWordNum": 349, "hardWordNum": 23, "easyWordRate": 0.9381720430107527, "hardWordRate": 0.06182795698924731, "fleschReadingEaseScore": 64.15591680814943, "gunningFogIndex": 7.85631013016412, "fleschKincaidGradeLevel": 9.174821731748725, "colemanLiauIndex": 11.433180107526884, "smogIndex": 8.131152278815165, "automatedReadabilityIndex": 10.136893039049234, "linsearWriteIndex": 1.82258064516129, "author": "", "locationNameNum": 1, "locationNameRate": 0.002688172043010753, "personNameNum": 1, "personNameRate": 0.002688172043010753, "organizationNameNum": 2, "organizationNameRate": 0.005376344086021506, "misspelledNum": 0, "misspelledRate": 0.0, "missingAccentNum": 0, "missingAccentRate": 0.0, "foreignAccentNum": 0, "foreignAccentRate": 0.0, "wordConcatNum": 0, "wordConcatRate": 0.0, "jLyMistakeNum": 0, "jLyMistakeRate": 0.0, "freqSuffixNum": 0, "partsNum": 128, "privateVNum": 0, "publicVNum": 0, "clauseWordNum": 50}