{"tokenNum": 360, "sentenceNum": 23, "lemmaNum": 181, "lemmaRate": 0.5027777777777778, "sentenceLength": 15.652173913043478, "allUpperNum": 0, "firstUpperNum": 42, "allUpperRate": 0.0, "firstUpperRate": 0.11666666666666667, "declarSentNum": 23, "imperSentNum": 0, "questionNum": 0, "declarSentRate": 1.0, "imperSentRate": 0.0, "questionRate": 0.0, "accent": true, "saturation": 3.693877551020408, "paragraphNum": 0, "nounNum": 84, "verbNum": 48, "adjNum": 22, "infNum": 8, "partPastNum": 1, "partPresNum": 1, "partFutNum": 0, "transNum": 0, "xNum": 21, "advNum": 26, "properNounNum": 27, "numNum": 1, "conjNum": 26, "punctNum": 60, "pronNum": 30, "relPronNum": 7, "demPronNum": 14, "adposNum": 3, "multiplePunctNum": 0, "phraseNum": 0, "nounRate": 0.23333333333333334, "verbRate": 0.13333333333333333, "adjRate": 0.06111111111111111, "infRate": 0.022222222222222223, "partPastRate": 0.002777777777777778, "partPresRate": 0.002777777777777778, "partFutRate": 0.0, "transRate": 0.0, "xRate": 0.058333333333333334, "advRate": 0.07222222222222222, "properNounRate": 0.075, "numRate": 0.002777777777777778, "conjRate": 0.07222222222222222, "punctRate": 0.16666666666666666, "pronRate": 0.08333333333333333, "relPronRate": 0.019444444444444445, "demPronRate": 0.03888888888888889, "adposRate": 0.008333333333333333, "multiplePunctRate": 0.0, "partsDensityRate": 3.673469387755102, "contentfulness": 7.826086956521739, "phraseRate": 0.0, "pastTenseNum": 14, "presentTenseNum": 26, "condNum": 3, "impNum": 1, "freqNum": 0, "causNum": 0, "modalNum": 1, "sg1VerbNum": 23, "sg2VerbNum": 0, "sg3VerbNum": 40, "pl1VerbNum": 2, "pl2VerbNum": 0, "pl3VerbNum": 8, "superlatNum": 1, "comparatNum": 1, "specDerivSuffixNum": 0, "pluralNounNum": 9, "pastTenseRate": 0.2916666666666667, "presentTenseRate": 0.5416666666666666, "condRate": 0.0625, "impRate": 0.020833333333333332, "freqRate": 0.0, "causRate": 0.0, "modalRate": 0.020833333333333332, "sg1VerbRate": 0.4791666666666667, "sg2VerbRate": 0.0, "sg3VerbRate": 0.8333333333333334, "pl1VerbRate": 0.041666666666666664, "pl2VerbRate": 0.0, "pl3VerbRate": 0.16666666666666666, "superlatRate": 0.045454545454545456, "comparatRate": 0.045454545454545456, "specDerivSuffixRate": 0.0, "pluralNounRate": 0.10714285714285714, "subjNum": 24, "objNum": 19, "attNum": 16, "subordNum": 13, "adverbNum": 34, "coordNum": 15, "clauseNum": 49, "simpleNum": 6, "complexNum": 17, "complexity1Num": 10, "complexity2Num": 5, "complexity3Num": 2, "compoundNum": 0, "subjRate": 0.06666666666666667, "objRate": 0.05277777777777778, "attRate": 0.044444444444444446, "subordRate": 0.03611111111111111, "adverbRate": 0.09444444444444444, "coordRate": 0.041666666666666664, "partsRate": 2.204081632653061, "clauseRate": 2.130434782608696, "simpleRate": 0.2608695652173913, "complexRate": 0.7391304347826086, "complexity1Rate": 0.43478260869565216, "complexity2Rate": 0.21739130434782608, "complexity3Rate": 0.08695652173913043, "complexClauseRate": 2.5294117647058822, "sentencesPerParagraph": 0.0, "wordsLengthRate": 5.316666666666666, "compoundRate": 0.0, "positiveNum": 0, "negativeNum": 0, "precoPositiveNum": 0, "precoNegativeNum": 0, "negemoNum": 0, "negationNum": 6, "functionNum": 180, "contentNum": 180, "vulgarNum": 0, "racistNum": 0, "specStyleNum": 0, "addressingNum": 0, "closingNum": 0, "postscriptNum": 1, "brutalNum": 0, "positiveRate": 0.0, "negativeRate": 0.0, "precoPositiveRate": 0.0, "precoNegativeRate": 0.0, "negemoRate": 0.0, "negationRate": 0.016666666666666666, "functionRate": 0.5, "contentRate": 0.5, "vulgarRate": 0.0, "racistRate": 0.0, "specStyleRate": 0.0, "addressingRate": 0.0, "closingRate": 0.0, "postscriptRate": 0.002777777777777778, "brutalRate": 0.0, "epistemicNum": 0, "investNum": 0, "conditionNum": 0, "weaselNum": 0, "peacockNum": 0, "hedgeNum": 0, "doxasticNum": 0, "epistemicRate": 0.0, "investRate": 0.0, "conditionRate": 0.0, "weaselRate": 0.0, "peacockRate": 0.0, "hedgeRate": 0.0, "doxasticRate": 0.0, "loveNum": 0, "anxietyNum": 0, "sorrowNum": 0, "joyNum": 0, "disgustNum": 0, "fearNum": 0, "surpriseNum": 0, "angerNum": 0, "loveRate": 0.0, "anxietyRate": 0.0, "sorrowRate": 0.0, "joyRate": 0.0, "disgustRate": 0.0, "fearRate": 0.0, "surpriseRate": 0.0, "angerRate": 0.0, "slangBeGeneralNum": 0, "slangBeCigaretteNum": 0, "slangBeHumanNum": 0, "slangBeVehicleNum": 0, "slangBeDrugNum": 0, "slangBvNum": 0, "slangBeGeneralRate": 0.0, "slangBeCigaretteRate": 0.0, "slangBeHumanRate": 0.0, "slangBeVehicleRate": 0.0, "slangBeDrugRate": 0.0, "slangBvRate": 0.0, "speechactNum": 0, "quoteNum": 0, "dashNum": 0, "publicNum": 0, "privateNum": 0, "suasiveNum": 0, "discMarkerNum": 0, "smileyNum": 0, "dateNum": 0, "hesitationNum": 0, "restartNum": 0, "repeatNum": 0, "conjBeforeDiscNum": 0, "conjAfterDiscNum": 0, "wordBeforeHesitationNum": 0, "wordAfterHesitationNum": 0, "otherCollocationNum": 0, "speechactRate": 0.0, "quoteRate": 0.0, "dashRate": 0.0, "publicRate": 0.0, "privateRate": 0.0, "suasiveRate": 0.0, "discMarkerRate": 0.0, "smileyRate": 0.0, "dateRate": 0.0, "hesitationRate": 0.0, "restartRate": 0.0, "repeatRate": 0.0, "conjBeforeDiscRate": 0.0, "conjAfterDiscRate": 0.0, "wordBeforeHesitationRate": 0.0, "wordAfterHesitationRate": 0.0, "otherCollocationRate": 0.0, "easyWordNum": 340, "hardWordNum": 20, "easyWordRate": 0.9444444444444444, "hardWordRate": 0.05555555555555555, "fleschReadingEaseScore": 69.92304347826088, "gunningFogIndex": 6.283091787439614, "fleschKincaidGradeLevel": 7.394903381642514, "colemanLiauIndex": 10.852058333333336, "smogIndex": 7.793537801064561, "automatedReadabilityIndex": 7.70883695652174, "linsearWriteIndex": 1.2886473429951693, "author": "", "locationNameNum": 0, "locationNameRate": 0.0, "personNameNum": 7, "personNameRate": 0.019444444444444445, "organizationNameNum": 1, "organizationNameRate": 0.002777777777777778, "misspelledNum": 7, "misspelledRate": 0.019444444444444445, "missingAccentNum": 2, "missingAccentRate": 0.005555555555555556, "foreignAccentNum": 0, "foreignAccentRate": 0.0, "wordConcatNum": 0, "wordConcatRate": 0.0, "jLyMistakeNum": 0, "jLyMistakeRate": 0.0, "freqSuffixNum": 0, "partsNum": 108, "privateVNum": 0, "publicVNum": 0, "clauseWordNum": 49}