{"tokenNum": 348, "sentenceNum": 16, "lemmaNum": 215, "lemmaRate": 0.617816091954023, "sentenceLength": 21.75, "allUpperNum": 1, "firstUpperNum": 27, "allUpperRate": 0.0028735632183908046, "firstUpperRate": 0.07758620689655173, "declarSentNum": 16, "imperSentNum": 0, "questionNum": 0, "declarSentRate": 1.0, "imperSentRate": 0.0, "questionRate": 0.0, "accent": true, "saturation": 5.657894736842105, "paragraphNum": 0, "nounNum": 82, "verbNum": 36, "adjNum": 53, "infNum": 0, "partPastNum": 3, "partPresNum": 10, "partFutNum": 0, "transNum": 1, "xNum": 16, "advNum": 27, "properNounNum": 10, "numNum": 4, "conjNum": 16, "punctNum": 48, "pronNum": 15, "relPronNum": 10, "demPronNum": 7, "adposNum": 5, "multiplePunctNum": 1, "phraseNum": 0, "nounRate": 0.23563218390804597, "verbRate": 0.10344827586206896, "adjRate": 0.15229885057471265, "infRate": 0.0, "partPastRate": 0.008620689655172414, "partPresRate": 0.028735632183908046, "partFutRate": 0.0, "transRate": 0.0028735632183908046, "xRate": 0.04597701149425287, "advRate": 0.07758620689655173, "properNounRate": 0.028735632183908046, "numRate": 0.011494252873563218, "conjRate": 0.04597701149425287, "punctRate": 0.13793103448275862, "pronRate": 0.04310344827586207, "relPronRate": 0.028735632183908046, "demPronRate": 0.020114942528735632, "adposRate": 0.014367816091954023, "multiplePunctRate": 0.020833333333333332, "partsDensityRate": 5.2105263157894735, "contentfulness": 12.375, "phraseRate": 0.0, "pastTenseNum": 23, "presentTenseNum": 13, "condNum": 0, "impNum": 3, "freqNum": 0, "causNum": 0, "modalNum": 1, "sg1VerbNum": 4, "sg2VerbNum": 0, "sg3VerbNum": 26, "pl1VerbNum": 4, "pl2VerbNum": 0, "pl3VerbNum": 19, "superlatNum": 1, "comparatNum": 0, "specDerivSuffixNum": 0, "pluralNounNum": 12, "pastTenseRate": 0.6388888888888888, "presentTenseRate": 0.3611111111111111, "condRate": 0.0, "impRate": 0.08333333333333333, "freqRate": 0.0, "causRate": 0.0, "modalRate": 0.027777777777777776, "sg1VerbRate": 0.1111111111111111, "sg2VerbRate": 0.0, "sg3VerbRate": 0.7222222222222222, "pl1VerbRate": 0.1111111111111111, "pl2VerbRate": 0.0, "pl3VerbRate": 0.5277777777777778, "superlatRate": 0.018867924528301886, "comparatRate": 0.0, "specDerivSuffixRate": 0.0, "pluralNounRate": 0.14634146341463414, "subjNum": 27, "objNum": 14, "attNum": 43, "subordNum": 18, "adverbNum": 35, "coordNum": 7, "clauseNum": 38, "simpleNum": 3, "complexNum": 13, "complexity1Num": 6, "complexity2Num": 6, "complexity3Num": 0, "compoundNum": 0, "subjRate": 0.07758620689655173, "objRate": 0.040229885057471264, "attRate": 0.1235632183908046, "subordRate": 0.05172413793103448, "adverbRate": 0.10057471264367816, "coordRate": 0.020114942528735632, "partsRate": 3.3157894736842106, "clauseRate": 2.375, "simpleRate": 0.1875, "complexRate": 0.8125, "complexity1Rate": 0.375, "complexity2Rate": 0.375, "complexity3Rate": 0.0, "complexClauseRate": 2.6923076923076925, "sentencesPerParagraph": 0.0, "wordsLengthRate": 6.13, "compoundRate": 0.0, "positiveNum": 0, "negativeNum": 0, "precoPositiveNum": 0, "precoNegativeNum": 0, "negemoNum": 0, "negationNum": 1, "functionNum": 150, "contentNum": 198, "vulgarNum": 0, "racistNum": 0, "specStyleNum": 0, "addressingNum": 0, "closingNum": 0, "postscriptNum": 0, "brutalNum": 0, "positiveRate": 0.0, "negativeRate": 0.0, "precoPositiveRate": 0.0, "precoNegativeRate": 0.0, "negemoRate": 0.0, "negationRate": 0.0028735632183908046, "functionRate": 0.43103448275862066, "contentRate": 0.5689655172413793, "vulgarRate": 0.0, "racistRate": 0.0, "specStyleRate": 0.0, "addressingRate": 0.0, "closingRate": 0.0, "postscriptRate": 0.0, "brutalRate": 0.0, "epistemicNum": 0, "investNum": 0, "conditionNum": 0, "weaselNum": 0, "peacockNum": 0, "hedgeNum": 0, "doxasticNum": 0, "epistemicRate": 0.0, "investRate": 0.0, "conditionRate": 0.0, "weaselRate": 0.0, "peacockRate": 0.0, "hedgeRate": 0.0, "doxasticRate": 0.0, "loveNum": 0, "anxietyNum": 0, "sorrowNum": 0, "joyNum": 0, "disgustNum": 0, "fearNum": 0, "surpriseNum": 0, "angerNum": 0, "loveRate": 0.0, "anxietyRate": 0.0, "sorrowRate": 0.0, "joyRate": 0.0, "disgustRate": 0.0, "fearRate": 0.0, "surpriseRate": 0.0, "angerRate": 0.0, "slangBeGeneralNum": 0, "slangBeCigaretteNum": 0, "slangBeHumanNum": 0, "slangBeVehicleNum": 0, "slangBeDrugNum": 0, "slangBvNum": 0, "slangBeGeneralRate": 0.0, "slangBeCigaretteRate": 0.0, "slangBeHumanRate": 0.0, "slangBeVehicleRate": 0.0, "slangBeDrugRate": 0.0, "slangBvRate": 0.0, "speechactNum": 0, "quoteNum": 0, "dashNum": 0, "publicNum": 0, "privateNum": 0, "suasiveNum": 0, "discMarkerNum": 0, "smileyNum": 0, "dateNum": 0, "hesitationNum": 0, "restartNum": 1, "repeatNum": 1, "conjBeforeDiscNum": 0, "conjAfterDiscNum": 0, "wordBeforeHesitationNum": 0, "wordAfterHesitationNum": 0, "otherCollocationNum": 0, "speechactRate": 0.0, "quoteRate": 0.0, "dashRate": 0.0, "publicRate": 0.0, "privateRate": 0.0, "suasiveRate": 0.0, "discMarkerRate": 0.0, "smileyRate": 0.0, "dateRate": 0.0, "hesitationRate": 0.0, "restartRate": 0.0028735632183908046, "repeatRate": 0.0028735632183908046, "conjBeforeDiscRate": 0.0, "conjAfterDiscRate": 0.0, "wordBeforeHesitationRate": 0.0, "wordAfterHesitationRate": 0.0, "otherCollocationRate": 0.0, "easyWordNum": 302, "hardWordNum": 46, "easyWordRate": 0.867816091954023, "hardWordRate": 0.13218390804597702, "fleschReadingEaseScore": 33.0621982758621, "gunningFogIndex": 8.751724137931035, "fleschKincaidGradeLevel": 14.051120689655175, "colemanLiauIndex": 15.968626436781605, "smogIndex": 10.203070172399654, "automatedReadabilityIndex": 14.849224137931039, "linsearWriteIndex": 2.8074712643678157, "author": "", "locationNameNum": 4, "locationNameRate": 0.011494252873563218, "personNameNum": 3, "personNameRate": 0.008620689655172414, "organizationNameNum": 0, "organizationNameRate": 0.0, "misspelledNum": 7, "misspelledRate": 0.020114942528735632, "missingAccentNum": 1, "missingAccentRate": 0.0028735632183908046, "foreignAccentNum": 0, "foreignAccentRate": 0.0, "wordConcatNum": 0, "wordConcatRate": 0.0, "jLyMistakeNum": 0, "jLyMistakeRate": 0.0, "freqSuffixNum": 0, "partsNum": 126, "privateVNum": 0, "publicVNum": 0, "clauseWordNum": 38}