{"tokenNum": 374, "sentenceNum": 34, "lemmaNum": 202, "lemmaRate": 0.5401069518716578, "sentenceLength": 11.0, "allUpperNum": 100, "firstUpperNum": 153, "allUpperRate": 0.26737967914438504, "firstUpperRate": 0.4090909090909091, "declarSentNum": 33, "imperSentNum": 0, "questionNum": 1, "declarSentRate": 0.9705882352941176, "imperSentRate": 0.0, "questionRate": 0.029411764705882353, "accent": true, "saturation": 3.15625, "paragraphNum": 0, "nounNum": 88, "verbNum": 48, "adjNum": 21, "infNum": 9, "partPastNum": 1, "partPresNum": 0, "partFutNum": 0, "transNum": 1, "xNum": 29, "advNum": 53, "properNounNum": 26, "numNum": 0, "conjNum": 24, "punctNum": 70, "pronNum": 11, "relPronNum": 3, "demPronNum": 11, "adposNum": 4, "multiplePunctNum": 9, "phraseNum": 0, "nounRate": 0.23529411764705882, "verbRate": 0.12834224598930483, "adjRate": 0.05614973262032086, "infRate": 0.02406417112299465, "partPastRate": 0.00267379679144385, "partPresRate": 0.0, "partFutRate": 0.0, "transRate": 0.00267379679144385, "xRate": 0.07754010695187166, "advRate": 0.14171122994652408, "properNounRate": 0.06951871657754011, "numRate": 0.0, "conjRate": 0.06417112299465241, "punctRate": 0.18716577540106952, "pronRate": 0.029411764705882353, "relPronRate": 0.008021390374331552, "demPronRate": 0.029411764705882353, "adposRate": 0.0106951871657754, "multiplePunctRate": 0.12857142857142856, "partsDensityRate": 3.28125, "contentfulness": 6.176470588235294, "phraseRate": 0.0, "pastTenseNum": 6, "presentTenseNum": 33, "condNum": 0, "impNum": 1, "freqNum": 0, "causNum": 2, "modalNum": 0, "sg1VerbNum": 10, "sg2VerbNum": 0, "sg3VerbNum": 39, "pl1VerbNum": 0, "pl2VerbNum": 0, "pl3VerbNum": 4, "superlatNum": 0, "comparatNum": 0, "specDerivSuffixNum": 0, "pluralNounNum": 4, "pastTenseRate": 0.125, "presentTenseRate": 0.6875, "condRate": 0.0, "impRate": 0.020833333333333332, "freqRate": 0.0, "causRate": 0.041666666666666664, "modalRate": 0.0, "sg1VerbRate": 0.20833333333333334, "sg2VerbRate": 0.0, "sg3VerbRate": 0.8125, "pl1VerbRate": 0.0, "pl2VerbRate": 0.0, "pl3VerbRate": 0.08333333333333333, "superlatRate": 0.0, "comparatRate": 0.0, "specDerivSuffixRate": 0.0, "pluralNounRate": 0.045454545454545456, "subjNum": 23, "objNum": 14, "attNum": 9, "subordNum": 7, "adverbNum": 53, "coordNum": 17, "clauseNum": 64, "simpleNum": 13, "complexNum": 21, "complexity1Num": 13, "complexity2Num": 7, "complexity3Num": 1, "compoundNum": 0, "subjRate": 0.06149732620320856, "objRate": 0.0374331550802139, "attRate": 0.02406417112299465, "subordRate": 0.01871657754010695, "adverbRate": 0.14171122994652408, "coordRate": 0.045454545454545456, "partsRate": 1.8125, "clauseRate": 1.8823529411764706, "simpleRate": 0.38235294117647056, "complexRate": 0.6176470588235294, "complexity1Rate": 0.38235294117647056, "complexity2Rate": 0.20588235294117646, "complexity3Rate": 0.029411764705882353, "complexClauseRate": 2.4285714285714284, "sentencesPerParagraph": 0.0, "wordsLengthRate": 4.7006578947368425, "compoundRate": 0.0, "positiveNum": 0, "negativeNum": 0, "precoPositiveNum": 0, "precoNegativeNum": 0, "negemoNum": 0, "negationNum": 6, "functionNum": 164, "contentNum": 210, "vulgarNum": 0, "racistNum": 0, "specStyleNum": 0, "addressingNum": 0, "closingNum": 0, "postscriptNum": 0, "brutalNum": 0, "positiveRate": 0.0, "negativeRate": 0.0, "precoPositiveRate": 0.0, "precoNegativeRate": 0.0, "negemoRate": 0.0, "negationRate": 0.016042780748663103, "functionRate": 0.4385026737967914, "contentRate": 0.5614973262032086, "vulgarRate": 0.0, "racistRate": 0.0, "specStyleRate": 0.0, "addressingRate": 0.0, "closingRate": 0.0, "postscriptRate": 0.0, "brutalRate": 0.0, "epistemicNum": 0, "investNum": 0, "conditionNum": 0, "weaselNum": 0, "peacockNum": 0, "hedgeNum": 0, "doxasticNum": 0, "epistemicRate": 0.0, "investRate": 0.0, "conditionRate": 0.0, "weaselRate": 0.0, "peacockRate": 0.0, "hedgeRate": 0.0, "doxasticRate": 0.0, "loveNum": 0, "anxietyNum": 0, "sorrowNum": 0, "joyNum": 0, "disgustNum": 0, "fearNum": 0, "surpriseNum": 0, "angerNum": 0, "loveRate": 0.0, "anxietyRate": 0.0, "sorrowRate": 0.0, "joyRate": 0.0, "disgustRate": 0.0, "fearRate": 0.0, "surpriseRate": 0.0, "angerRate": 0.0, "slangBeGeneralNum": 0, "slangBeCigaretteNum": 0, "slangBeHumanNum": 0, "slangBeVehicleNum": 0, "slangBeDrugNum": 0, "slangBvNum": 0, "slangBeGeneralRate": 0.0, "slangBeCigaretteRate": 0.0, "slangBeHumanRate": 0.0, "slangBeVehicleRate": 0.0, "slangBeDrugRate": 0.0, "slangBvRate": 0.0, "speechactNum": 0, "quoteNum": 0, "dashNum": 0, "publicNum": 0, "privateNum": 0, "suasiveNum": 0, "discMarkerNum": 0, "smileyNum": 0, "dateNum": 0, "hesitationNum": 0, "restartNum": 0, "repeatNum": 7, "conjBeforeDiscNum": 0, "conjAfterDiscNum": 0, "wordBeforeHesitationNum": 0, "wordAfterHesitationNum": 0, "otherCollocationNum": 0, "speechactRate": 0.0, "quoteRate": 0.0, "dashRate": 0.0, "publicRate": 0.0, "privateRate": 0.0, "suasiveRate": 0.0, "discMarkerRate": 0.0, "smileyRate": 0.0, "dateRate": 0.0, "hesitationRate": 0.0, "restartRate": 0.0, "repeatRate": 0.01871657754010695, "conjBeforeDiscRate": 0.0, "conjAfterDiscRate": 0.0, "wordBeforeHesitationRate": 0.0, "wordAfterHesitationRate": 0.0, "otherCollocationRate": 0.0, "easyWordNum": 356, "hardWordNum": 18, "easyWordRate": 0.9518716577540107, "hardWordRate": 0.0481283422459893, "fleschReadingEaseScore": 79.17534759358291, "gunningFogIndex": 4.419251336898396, "fleschKincaidGradeLevel": 4.948663101604279, "colemanLiauIndex": 7.775475935828876, "smogIndex": 7.285733465282437, "automatedReadabilityIndex": 2.9225935828877034, "linsearWriteIndex": 0.4981126140295691, "author": "", "locationNameNum": 0, "locationNameRate": 0.0, "personNameNum": 6, "personNameRate": 0.016042780748663103, "organizationNameNum": 0, "organizationNameRate": 0.0, "misspelledNum": 15, "misspelledRate": 0.040106951871657755, "missingAccentNum": 2, "missingAccentRate": 0.0053475935828877, "foreignAccentNum": 0, "foreignAccentRate": 0.0, "wordConcatNum": 1, "wordConcatRate": 0.00267379679144385, "jLyMistakeNum": 2, "jLyMistakeRate": 0.0053475935828877, "freqSuffixNum": 0, "partsNum": 116, "privateVNum": 0, "publicVNum": 0, "clauseWordNum": 64}