{"tokenNum": 595, "sentenceNum": 32, "lemmaNum": 197, "lemmaRate": 0.3310924369747899, "sentenceLength": 18.59375, "allUpperNum": 5, "firstUpperNum": 53, "allUpperRate": 0.008403361344537815, "firstUpperRate": 0.08907563025210084, "declarSentNum": 29, "imperSentNum": 3, "questionNum": 0, "declarSentRate": 0.90625, "imperSentRate": 0.09375, "questionRate": 0.0, "accent": true, "saturation": 2.984848484848485, "paragraphNum": 0, "nounNum": 94, "verbNum": 40, "adjNum": 21, "infNum": 3, "partPastNum": 2, "partPresNum": 1, "partFutNum": 0, "transNum": 0, "xNum": 41, "advNum": 28, "properNounNum": 21, "numNum": 4, "conjNum": 16, "punctNum": 302, "pronNum": 13, "relPronNum": 4, "demPronNum": 8, "adposNum": 5, "multiplePunctNum": 32, "phraseNum": 0, "nounRate": 0.15798319327731092, "verbRate": 0.06722689075630252, "adjRate": 0.03529411764705882, "infRate": 0.005042016806722689, "partPastRate": 0.0033613445378151263, "partPresRate": 0.0016806722689075631, "partFutRate": 0.0, "transRate": 0.0, "xRate": 0.06890756302521009, "advRate": 0.047058823529411764, "properNounRate": 0.03529411764705882, "numRate": 0.0067226890756302525, "conjRate": 0.02689075630252101, "punctRate": 0.507563025210084, "pronRate": 0.021848739495798318, "relPronRate": 0.0067226890756302525, "demPronRate": 0.013445378151260505, "adposRate": 0.008403361344537815, "multiplePunctRate": 0.10596026490066225, "partsDensityRate": 2.772727272727273, "contentfulness": 5.71875, "phraseRate": 0.0, "pastTenseNum": 4, "presentTenseNum": 33, "condNum": 0, "impNum": 2, "freqNum": 0, "causNum": 0, "modalNum": 1, "sg1VerbNum": 13, "sg2VerbNum": 3, "sg3VerbNum": 28, "pl1VerbNum": 1, "pl2VerbNum": 0, "pl3VerbNum": 5, "superlatNum": 1, "comparatNum": 0, "specDerivSuffixNum": 0, "pluralNounNum": 2, "pastTenseRate": 0.1, "presentTenseRate": 0.825, "condRate": 0.0, "impRate": 0.05, "freqRate": 0.0, "causRate": 0.0, "modalRate": 0.025, "sg1VerbRate": 0.325, "sg2VerbRate": 0.075, "sg3VerbRate": 0.7, "pl1VerbRate": 0.025, "pl2VerbRate": 0.0, "pl3VerbRate": 0.125, "superlatRate": 0.047619047619047616, "comparatRate": 0.0, "specDerivSuffixRate": 0.0, "pluralNounRate": 0.02127659574468085, "subjNum": 24, "objNum": 7, "attNum": 12, "subordNum": 10, "adverbNum": 35, "coordNum": 9, "clauseNum": 66, "simpleNum": 13, "complexNum": 19, "complexity1Num": 8, "complexity2Num": 8, "complexity3Num": 2, "compoundNum": 0, "subjRate": 0.040336134453781515, "objRate": 0.011764705882352941, "attRate": 0.020168067226890758, "subordRate": 0.01680672268907563, "adverbRate": 0.058823529411764705, "coordRate": 0.015126050420168067, "partsRate": 1.3181818181818181, "clauseRate": 2.0625, "simpleRate": 0.40625, "complexRate": 0.59375, "complexity1Rate": 0.25, "complexity2Rate": 0.25, "complexity3Rate": 0.0625, "complexClauseRate": 2.789473684210526, "sentencesPerParagraph": 0.0, "wordsLengthRate": 5.092150170648464, "compoundRate": 0.0, "positiveNum": 0, "negativeNum": 0, "precoPositiveNum": 0, "precoNegativeNum": 0, "negemoNum": 0, "negationNum": 5, "functionNum": 412, "contentNum": 183, "vulgarNum": 0, "racistNum": 0, "specStyleNum": 0, "addressingNum": 0, "closingNum": 0, "postscriptNum": 0, "brutalNum": 0, "positiveRate": 0.0, "negativeRate": 0.0, "precoPositiveRate": 0.0, "precoNegativeRate": 0.0, "negemoRate": 0.0, "negationRate": 0.008403361344537815, "functionRate": 0.692436974789916, "contentRate": 0.30756302521008405, "vulgarRate": 0.0, "racistRate": 0.0, "specStyleRate": 0.0, "addressingRate": 0.0, "closingRate": 0.0, "postscriptRate": 0.0, "brutalRate": 0.0, "epistemicNum": 0, "investNum": 0, "conditionNum": 0, "weaselNum": 0, "peacockNum": 0, "hedgeNum": 0, "doxasticNum": 0, "epistemicRate": 0.0, "investRate": 0.0, "conditionRate": 0.0, "weaselRate": 0.0, "peacockRate": 0.0, "hedgeRate": 0.0, "doxasticRate": 0.0, "loveNum": 0, "anxietyNum": 0, "sorrowNum": 0, "joyNum": 0, "disgustNum": 0, "fearNum": 0, "surpriseNum": 0, "angerNum": 0, "loveRate": 0.0, "anxietyRate": 0.0, "sorrowRate": 0.0, "joyRate": 0.0, "disgustRate": 0.0, "fearRate": 0.0, "surpriseRate": 0.0, "angerRate": 0.0, "slangBeGeneralNum": 0, "slangBeCigaretteNum": 0, "slangBeHumanNum": 0, "slangBeVehicleNum": 0, "slangBeDrugNum": 0, "slangBvNum": 0, "slangBeGeneralRate": 0.0, "slangBeCigaretteRate": 0.0, "slangBeHumanRate": 0.0, "slangBeVehicleRate": 0.0, "slangBeDrugRate": 0.0, "slangBvRate": 0.0, "speechactNum": 0, "quoteNum": 0, "dashNum": 0, "publicNum": 0, "privateNum": 0, "suasiveNum": 0, "discMarkerNum": 0, "smileyNum": 30, "dateNum": 0, "hesitationNum": 0, "restartNum": 0, "repeatNum": 10, "conjBeforeDiscNum": 0, "conjAfterDiscNum": 0, "wordBeforeHesitationNum": 0, "wordAfterHesitationNum": 0, "otherCollocationNum": 0, "speechactRate": 0.0, "quoteRate": 0.0, "dashRate": 0.0, "publicRate": 0.0, "privateRate": 0.0, "suasiveRate": 0.0, "discMarkerRate": 0.0, "smileyRate": 0.05042016806722689, "dateRate": 0.0, "hesitationRate": 0.0, "restartRate": 0.0, "repeatRate": 0.01680672268907563, "conjBeforeDiscRate": 0.0, "conjAfterDiscRate": 0.0, "wordBeforeHesitationRate": 0.0, "wordAfterHesitationRate": 0.0, "otherCollocationRate": 0.0, "easyWordNum": 570, "hardWordNum": 25, "easyWordRate": 0.957983193277311, "hardWordRate": 0.04201680672268908, "fleschReadingEaseScore": 121.13545299369748, "gunningFogIndex": 7.454306722689076, "fleschKincaidGradeLevel": 0.9825709033613457, "colemanLiauIndex": 1.6025613445378148, "smogIndex": 8.17850203761792, "automatedReadabilityIndex": 1.7831439075630264, "linsearWriteIndex": 0.5861344537815127, "author": "", "locationNameNum": 2, "locationNameRate": 0.0033613445378151263, "personNameNum": 7, "personNameRate": 0.011764705882352941, "organizationNameNum": 1, "organizationNameRate": 0.0016806722689075631, "misspelledNum": 9, "misspelledRate": 0.015126050420168067, "missingAccentNum": 1, "missingAccentRate": 0.0016806722689075631, "foreignAccentNum": 0, "foreignAccentRate": 0.0, "wordConcatNum": 1, "wordConcatRate": 0.0016806722689075631, "jLyMistakeNum": 0, "jLyMistakeRate": 0.0, "freqSuffixNum": 0, "partsNum": 87, "privateVNum": 0, "publicVNum": 0, "clauseWordNum": 66}