{"tokenNum": 410, "sentenceNum": 23, "lemmaNum": 206, "lemmaRate": 0.5024390243902439, "sentenceLength": 17.82608695652174, "allUpperNum": 1, "firstUpperNum": 41, "allUpperRate": 0.0024390243902439024, "firstUpperRate": 0.1, "declarSentNum": 23, "imperSentNum": 0, "questionNum": 0, "declarSentRate": 1.0, "imperSentRate": 0.0, "questionRate": 0.0, "accent": true, "saturation": 3.6140350877192984, "paragraphNum": 0, "nounNum": 69, "verbNum": 57, "adjNum": 19, "infNum": 6, "partPastNum": 0, "partPresNum": 1, "partFutNum": 0, "transNum": 0, "xNum": 23, "advNum": 50, "properNounNum": 17, "numNum": 4, "conjNum": 27, "punctNum": 72, "pronNum": 42, "relPronNum": 5, "demPronNum": 30, "adposNum": 3, "multiplePunctNum": 2, "phraseNum": 0, "nounRate": 0.16829268292682928, "verbRate": 0.13902439024390245, "adjRate": 0.046341463414634146, "infRate": 0.014634146341463415, "partPastRate": 0.0, "partPresRate": 0.0024390243902439024, "partFutRate": 0.0, "transRate": 0.0, "xRate": 0.05609756097560976, "advRate": 0.12195121951219512, "properNounRate": 0.041463414634146344, "numRate": 0.00975609756097561, "conjRate": 0.06585365853658537, "punctRate": 0.17560975609756097, "pronRate": 0.1024390243902439, "relPronRate": 0.012195121951219513, "demPronRate": 0.07317073170731707, "adposRate": 0.007317073170731708, "multiplePunctRate": 0.027777777777777776, "partsDensityRate": 3.4210526315789473, "contentfulness": 8.478260869565217, "phraseRate": 0.0, "pastTenseNum": 4, "presentTenseNum": 47, "condNum": 2, "impNum": 8, "freqNum": 0, "causNum": 0, "modalNum": 1, "sg1VerbNum": 6, "sg2VerbNum": 2, "sg3VerbNum": 72, "pl1VerbNum": 5, "pl2VerbNum": 0, "pl3VerbNum": 12, "superlatNum": 0, "comparatNum": 1, "specDerivSuffixNum": 0, "pluralNounNum": 9, "pastTenseRate": 0.07017543859649122, "presentTenseRate": 0.8245614035087719, "condRate": 0.03508771929824561, "impRate": 0.14035087719298245, "freqRate": 0.0, "causRate": 0.0, "modalRate": 0.017543859649122806, "sg1VerbRate": 0.10526315789473684, "sg2VerbRate": 0.03508771929824561, "sg3VerbRate": 1.263157894736842, "pl1VerbRate": 0.08771929824561403, "pl2VerbRate": 0.0, "pl3VerbRate": 0.21052631578947367, "superlatRate": 0.0, "comparatRate": 0.05263157894736842, "specDerivSuffixRate": 0.0, "pluralNounRate": 0.13043478260869565, "subjNum": 36, "objNum": 16, "attNum": 8, "subordNum": 25, "adverbNum": 64, "coordNum": 16, "clauseNum": 57, "simpleNum": 6, "complexNum": 17, "complexity1Num": 7, "complexity2Num": 5, "complexity3Num": 3, "compoundNum": 0, "subjRate": 0.08780487804878048, "objRate": 0.03902439024390244, "attRate": 0.01951219512195122, "subordRate": 0.06097560975609756, "adverbRate": 0.15609756097560976, "coordRate": 0.03902439024390244, "partsRate": 2.456140350877193, "clauseRate": 2.4782608695652173, "simpleRate": 0.2608695652173913, "complexRate": 0.7391304347826086, "complexity1Rate": 0.30434782608695654, "complexity2Rate": 0.21739130434782608, "complexity3Rate": 0.13043478260869565, "complexClauseRate": 3.0, "sentencesPerParagraph": 0.0, "wordsLengthRate": 5.115384615384615, "compoundRate": 0.0, "positiveNum": 0, "negativeNum": 0, "precoPositiveNum": 0, "precoNegativeNum": 0, "negemoNum": 0, "negationNum": 11, "functionNum": 215, "contentNum": 195, "vulgarNum": 0, "racistNum": 0, "specStyleNum": 0, "addressingNum": 0, "closingNum": 0, "postscriptNum": 0, "brutalNum": 0, "positiveRate": 0.0, "negativeRate": 0.0, "precoPositiveRate": 0.0, "precoNegativeRate": 0.0, "negemoRate": 0.0, "negationRate": 0.026829268292682926, "functionRate": 0.524390243902439, "contentRate": 0.47560975609756095, "vulgarRate": 0.0, "racistRate": 0.0, "specStyleRate": 0.0, "addressingRate": 0.0, "closingRate": 0.0, "postscriptRate": 0.0, "brutalRate": 0.0, "epistemicNum": 0, "investNum": 0, "conditionNum": 0, "weaselNum": 0, "peacockNum": 0, "hedgeNum": 0, "doxasticNum": 0, "epistemicRate": 0.0, "investRate": 0.0, "conditionRate": 0.0, "weaselRate": 0.0, "peacockRate": 0.0, "hedgeRate": 0.0, "doxasticRate": 0.0, "loveNum": 0, "anxietyNum": 0, "sorrowNum": 0, "joyNum": 0, "disgustNum": 0, "fearNum": 0, "surpriseNum": 0, "angerNum": 0, "loveRate": 0.0, "anxietyRate": 0.0, "sorrowRate": 0.0, "joyRate": 0.0, "disgustRate": 0.0, "fearRate": 0.0, "surpriseRate": 0.0, "angerRate": 0.0, "slangBeGeneralNum": 0, "slangBeCigaretteNum": 0, "slangBeHumanNum": 0, "slangBeVehicleNum": 0, "slangBeDrugNum": 0, "slangBvNum": 0, "slangBeGeneralRate": 0.0, "slangBeCigaretteRate": 0.0, "slangBeHumanRate": 0.0, "slangBeVehicleRate": 0.0, "slangBeDrugRate": 0.0, "slangBvRate": 0.0, "speechactNum": 0, "quoteNum": 0, "dashNum": 0, "publicNum": 0, "privateNum": 0, "suasiveNum": 0, "discMarkerNum": 0, "smileyNum": 0, "dateNum": 0, "hesitationNum": 0, "restartNum": 0, "repeatNum": 0, "conjBeforeDiscNum": 0, "conjAfterDiscNum": 0, "wordBeforeHesitationNum": 0, "wordAfterHesitationNum": 0, "otherCollocationNum": 0, "speechactRate": 0.0, "quoteRate": 0.0, "dashRate": 0.0, "publicRate": 0.0, "privateRate": 0.0, "suasiveRate": 0.0, "discMarkerRate": 0.0, "smileyRate": 0.0, "dateRate": 0.0, "hesitationRate": 0.0, "restartRate": 0.0, "repeatRate": 0.0, "conjBeforeDiscRate": 0.0, "conjAfterDiscRate": 0.0, "wordBeforeHesitationRate": 0.0, "wordAfterHesitationRate": 0.0, "otherCollocationRate": 0.0, "easyWordNum": 387, "hardWordNum": 23, "easyWordRate": 0.9439024390243902, "hardWordRate": 0.05609756097560976, "fleschReadingEaseScore": 70.92054612937436, "gunningFogIndex": 7.152873806998939, "fleschKincaidGradeLevel": 7.795832449628843, "colemanLiauIndex": 9.842880487804877, "smogIndex": 8.131152278815165, "automatedReadabilityIndex": 7.988775185577943, "linsearWriteIndex": 1.3011664899257687, "author": "", "locationNameNum": 1, "locationNameRate": 0.0024390243902439024, "personNameNum": 6, "personNameRate": 0.014634146341463415, "organizationNameNum": 1, "organizationNameRate": 0.0024390243902439024, "misspelledNum": 5, "misspelledRate": 0.012195121951219513, "missingAccentNum": 1, "missingAccentRate": 0.0024390243902439024, "foreignAccentNum": 0, "foreignAccentRate": 0.0, "wordConcatNum": 2, "wordConcatRate": 0.004878048780487805, "jLyMistakeNum": 0, "jLyMistakeRate": 0.0, "freqSuffixNum": 0, "partsNum": 140, "privateVNum": 0, "publicVNum": 0, "clauseWordNum": 57}