{"tokenNum": 407, "sentenceNum": 26, "lemmaNum": 207, "lemmaRate": 0.5085995085995086, "sentenceLength": 15.653846153846153, "allUpperNum": 15, "firstUpperNum": 60, "allUpperRate": 0.036855036855036855, "firstUpperRate": 0.14742014742014742, "declarSentNum": 26, "imperSentNum": 0, "questionNum": 0, "declarSentRate": 1.0, "imperSentRate": 0.0, "questionRate": 0.0, "accent": true, "saturation": 3.6315789473684212, "paragraphNum": 0, "nounNum": 85, "verbNum": 47, "adjNum": 36, "infNum": 6, "partPastNum": 0, "partPresNum": 0, "partFutNum": 0, "transNum": 0, "xNum": 31, "advNum": 39, "properNounNum": 31, "numNum": 9, "conjNum": 32, "punctNum": 77, "pronNum": 16, "relPronNum": 3, "demPronNum": 13, "adposNum": 2, "multiplePunctNum": 4, "phraseNum": 0, "nounRate": 0.20884520884520885, "verbRate": 0.11547911547911548, "adjRate": 0.08845208845208845, "infRate": 0.014742014742014743, "partPastRate": 0.0, "partPresRate": 0.0, "partFutRate": 0.0, "transRate": 0.0, "xRate": 0.07616707616707617, "advRate": 0.09582309582309582, "properNounRate": 0.07616707616707617, "numRate": 0.022113022113022112, "conjRate": 0.07862407862407862, "punctRate": 0.1891891891891892, "pronRate": 0.03931203931203931, "relPronRate": 0.007371007371007371, "demPronRate": 0.03194103194103194, "adposRate": 0.004914004914004914, "multiplePunctRate": 0.05194805194805195, "partsDensityRate": 3.6315789473684212, "contentfulness": 7.961538461538462, "phraseRate": 0.0, "pastTenseNum": 8, "presentTenseNum": 33, "condNum": 2, "impNum": 3, "freqNum": 0, "causNum": 0, "modalNum": 1, "sg1VerbNum": 10, "sg2VerbNum": 2, "sg3VerbNum": 25, "pl1VerbNum": 5, "pl2VerbNum": 0, "pl3VerbNum": 17, "superlatNum": 1, "comparatNum": 1, "specDerivSuffixNum": 0, "pluralNounNum": 11, "pastTenseRate": 0.1702127659574468, "presentTenseRate": 0.7021276595744681, "condRate": 0.0425531914893617, "impRate": 0.06382978723404255, "freqRate": 0.0, "causRate": 0.0, "modalRate": 0.02127659574468085, "sg1VerbRate": 0.2127659574468085, "sg2VerbRate": 0.0425531914893617, "sg3VerbRate": 0.5319148936170213, "pl1VerbRate": 0.10638297872340426, "pl2VerbRate": 0.0, "pl3VerbRate": 0.3617021276595745, "superlatRate": 0.027777777777777776, "comparatRate": 0.027777777777777776, "specDerivSuffixRate": 0.0, "pluralNounRate": 0.12941176470588237, "subjNum": 29, "objNum": 13, "attNum": 22, "subordNum": 14, "adverbNum": 53, "coordNum": 15, "clauseNum": 57, "simpleNum": 11, "complexNum": 15, "complexity1Num": 7, "complexity2Num": 4, "complexity3Num": 3, "compoundNum": 0, "subjRate": 0.07125307125307126, "objRate": 0.03194103194103194, "attRate": 0.05405405405405406, "subordRate": 0.0343980343980344, "adverbRate": 0.13022113022113022, "coordRate": 0.036855036855036855, "partsRate": 2.3157894736842106, "clauseRate": 2.1923076923076925, "simpleRate": 0.4230769230769231, "complexRate": 0.5769230769230769, "complexity1Rate": 0.2692307692307692, "complexity2Rate": 0.15384615384615385, "complexity3Rate": 0.11538461538461539, "complexClauseRate": 3.066666666666667, "sentencesPerParagraph": 0.0, "wordsLengthRate": 4.8969696969696965, "compoundRate": 0.0, "positiveNum": 0, "negativeNum": 0, "precoPositiveNum": 0, "precoNegativeNum": 0, "negemoNum": 0, "negationNum": 5, "functionNum": 200, "contentNum": 207, "vulgarNum": 0, "racistNum": 0, "specStyleNum": 0, "addressingNum": 0, "closingNum": 0, "postscriptNum": 0, "brutalNum": 0, "positiveRate": 0.0, "negativeRate": 0.0, "precoPositiveRate": 0.0, "precoNegativeRate": 0.0, "negemoRate": 0.0, "negationRate": 0.012285012285012284, "functionRate": 0.4914004914004914, "contentRate": 0.5085995085995086, "vulgarRate": 0.0, "racistRate": 0.0, "specStyleRate": 0.0, "addressingRate": 0.0, "closingRate": 0.0, "postscriptRate": 0.0, "brutalRate": 0.0, "epistemicNum": 0, "investNum": 0, "conditionNum": 0, "weaselNum": 0, "peacockNum": 0, "hedgeNum": 0, "doxasticNum": 0, "epistemicRate": 0.0, "investRate": 0.0, "conditionRate": 0.0, "weaselRate": 0.0, "peacockRate": 0.0, "hedgeRate": 0.0, "doxasticRate": 0.0, "loveNum": 0, "anxietyNum": 0, "sorrowNum": 0, "joyNum": 0, "disgustNum": 0, "fearNum": 0, "surpriseNum": 0, "angerNum": 0, "loveRate": 0.0, "anxietyRate": 0.0, "sorrowRate": 0.0, "joyRate": 0.0, "disgustRate": 0.0, "fearRate": 0.0, "surpriseRate": 0.0, "angerRate": 0.0, "slangBeGeneralNum": 0, "slangBeCigaretteNum": 0, "slangBeHumanNum": 0, "slangBeVehicleNum": 0, "slangBeDrugNum": 0, "slangBvNum": 0, "slangBeGeneralRate": 0.0, "slangBeCigaretteRate": 0.0, "slangBeHumanRate": 0.0, "slangBeVehicleRate": 0.0, "slangBeDrugRate": 0.0, "slangBvRate": 0.0, "speechactNum": 0, "quoteNum": 0, "dashNum": 0, "publicNum": 0, "privateNum": 0, "suasiveNum": 0, "discMarkerNum": 0, "smileyNum": 1, "dateNum": 1, "hesitationNum": 0, "restartNum": 0, "repeatNum": 0, "conjBeforeDiscNum": 0, "conjAfterDiscNum": 0, "wordBeforeHesitationNum": 0, "wordAfterHesitationNum": 0, "otherCollocationNum": 0, "speechactRate": 0.0, "quoteRate": 0.0, "dashRate": 0.0, "publicRate": 0.0, "privateRate": 0.0, "suasiveRate": 0.0, "discMarkerRate": 0.0, "smileyRate": 0.002457002457002457, "dateRate": 0.002457002457002457, "hesitationRate": 0.0, "restartRate": 0.0, "repeatRate": 0.0, "conjBeforeDiscRate": 0.0, "conjAfterDiscRate": 0.0, "wordBeforeHesitationRate": 0.0, "wordAfterHesitationRate": 0.0, "otherCollocationRate": 0.0, "easyWordNum": 381, "hardWordNum": 26, "easyWordRate": 0.9361179361179361, "hardWordRate": 0.06388206388206388, "fleschReadingEaseScore": 88.47017907767908, "gunningFogIndex": 6.287091287091287, "fleschKincaidGradeLevel": 4.8083660933660965, "colemanLiauIndex": 8.266319410319412, "smogIndex": 8.447377352677275, "automatedReadabilityIndex": 5.641959931959931, "linsearWriteIndex": 1.0223020223020223, "author": "", "locationNameNum": 4, "locationNameRate": 0.009828009828009828, "personNameNum": 2, "personNameRate": 0.004914004914004914, "organizationNameNum": 10, "organizationNameRate": 0.02457002457002457, "misspelledNum": 5, "misspelledRate": 0.012285012285012284, "missingAccentNum": 2, "missingAccentRate": 0.004914004914004914, "foreignAccentNum": 0, "foreignAccentRate": 0.0, "wordConcatNum": 1, "wordConcatRate": 0.002457002457002457, "jLyMistakeNum": 0, "jLyMistakeRate": 0.0, "freqSuffixNum": 0, "partsNum": 132, "privateVNum": 0, "publicVNum": 0, "clauseWordNum": 57}