{"tokenNum": 166, "sentenceNum": 13, "lemmaNum": 98, "lemmaRate": 0.5903614457831325, "sentenceLength": 12.76923076923077, "allUpperNum": 1, "firstUpperNum": 14, "allUpperRate": 0.006024096385542169, "firstUpperRate": 0.08433734939759036, "declarSentNum": 12, "imperSentNum": 1, "questionNum": 0, "declarSentRate": 0.9230769230769231, "imperSentRate": 0.07692307692307693, "questionRate": 0.0, "accent": true, "saturation": 3.2666666666666666, "paragraphNum": 0, "nounNum": 29, "verbNum": 29, "adjNum": 16, "infNum": 4, "partPastNum": 0, "partPresNum": 1, "partFutNum": 0, "transNum": 0, "xNum": 11, "advNum": 16, "properNounNum": 3, "numNum": 0, "conjNum": 9, "punctNum": 32, "pronNum": 5, "relPronNum": 0, "demPronNum": 3, "adposNum": 1, "multiplePunctNum": 3, "phraseNum": 0, "nounRate": 0.1746987951807229, "verbRate": 0.1746987951807229, "adjRate": 0.0963855421686747, "infRate": 0.024096385542168676, "partPastRate": 0.0, "partPresRate": 0.006024096385542169, "partFutRate": 0.0, "transRate": 0.0, "xRate": 0.06626506024096386, "advRate": 0.0963855421686747, "properNounRate": 0.018072289156626505, "numRate": 0.0, "conjRate": 0.05421686746987952, "punctRate": 0.1927710843373494, "pronRate": 0.030120481927710843, "relPronRate": 0.0, "demPronRate": 0.018072289156626505, "adposRate": 0.006024096385542169, "multiplePunctRate": 0.09375, "partsDensityRate": 3.0, "contentfulness": 6.923076923076923, "phraseRate": 0.0, "pastTenseNum": 1, "presentTenseNum": 24, "condNum": 2, "impNum": 0, "freqNum": 0, "causNum": 0, "modalNum": 0, "sg1VerbNum": 1, "sg2VerbNum": 0, "sg3VerbNum": 24, "pl1VerbNum": 0, "pl2VerbNum": 0, "pl3VerbNum": 5, "superlatNum": 1, "comparatNum": 0, "specDerivSuffixNum": 0, "pluralNounNum": 1, "pastTenseRate": 0.034482758620689655, "presentTenseRate": 0.8275862068965517, "condRate": 0.06896551724137931, "impRate": 0.0, "freqRate": 0.0, "causRate": 0.0, "modalRate": 0.0, "sg1VerbRate": 0.034482758620689655, "sg2VerbRate": 0.0, "sg3VerbRate": 0.8275862068965517, "pl1VerbRate": 0.0, "pl2VerbRate": 0.0, "pl3VerbRate": 0.1724137931034483, "superlatRate": 0.0625, "comparatRate": 0.0, "specDerivSuffixRate": 0.0, "pluralNounRate": 0.034482758620689655, "subjNum": 9, "objNum": 6, "attNum": 11, "subordNum": 3, "adverbNum": 19, "coordNum": 13, "clauseNum": 30, "simpleNum": 5, "complexNum": 8, "complexity1Num": 4, "complexity2Num": 2, "complexity3Num": 1, "compoundNum": 0, "subjRate": 0.05421686746987952, "objRate": 0.03614457831325301, "attRate": 0.06626506024096386, "subordRate": 0.018072289156626505, "adverbRate": 0.1144578313253012, "coordRate": 0.0783132530120482, "partsRate": 1.9333333333333333, "clauseRate": 2.3076923076923075, "simpleRate": 0.38461538461538464, "complexRate": 0.6153846153846154, "complexity1Rate": 0.3076923076923077, "complexity2Rate": 0.15384615384615385, "complexity3Rate": 0.07692307692307693, "complexClauseRate": 3.125, "sentencesPerParagraph": 0.0, "wordsLengthRate": 4.955223880597015, "compoundRate": 0.0, "positiveNum": 0, "negativeNum": 0, "precoPositiveNum": 0, "precoNegativeNum": 0, "negemoNum": 0, "negationNum": 5, "functionNum": 76, "contentNum": 90, "vulgarNum": 0, "racistNum": 0, "specStyleNum": 0, "addressingNum": 0, "closingNum": 0, "postscriptNum": 0, "brutalNum": 0, "positiveRate": 0.0, "negativeRate": 0.0, "precoPositiveRate": 0.0, "precoNegativeRate": 0.0, "negemoRate": 0.0, "negationRate": 0.030120481927710843, "functionRate": 0.4578313253012048, "contentRate": 0.5421686746987951, "vulgarRate": 0.0, "racistRate": 0.0, "specStyleRate": 0.0, "addressingRate": 0.0, "closingRate": 0.0, "postscriptRate": 0.0, "brutalRate": 0.0, "epistemicNum": 0, "investNum": 0, "conditionNum": 0, "weaselNum": 0, "peacockNum": 0, "hedgeNum": 0, "doxasticNum": 0, "epistemicRate": 0.0, "investRate": 0.0, "conditionRate": 0.0, "weaselRate": 0.0, "peacockRate": 0.0, "hedgeRate": 0.0, "doxasticRate": 0.0, "loveNum": 0, "anxietyNum": 0, "sorrowNum": 0, "joyNum": 0, "disgustNum": 0, "fearNum": 0, "surpriseNum": 0, "angerNum": 0, "loveRate": 0.0, "anxietyRate": 0.0, "sorrowRate": 0.0, "joyRate": 0.0, "disgustRate": 0.0, "fearRate": 0.0, "surpriseRate": 0.0, "angerRate": 0.0, "slangBeGeneralNum": 0, "slangBeCigaretteNum": 0, "slangBeHumanNum": 0, "slangBeVehicleNum": 0, "slangBeDrugNum": 0, "slangBvNum": 0, "slangBeGeneralRate": 0.0, "slangBeCigaretteRate": 0.0, "slangBeHumanRate": 0.0, "slangBeVehicleRate": 0.0, "slangBeDrugRate": 0.0, "slangBvRate": 0.0, "speechactNum": 0, "quoteNum": 0, "dashNum": 0, "publicNum": 0, "privateNum": 0, "suasiveNum": 0, "discMarkerNum": 0, "smileyNum": 0, "dateNum": 0, "hesitationNum": 0, "restartNum": 0, "repeatNum": 0, "conjBeforeDiscNum": 0, "conjAfterDiscNum": 0, "wordBeforeHesitationNum": 0, "wordAfterHesitationNum": 0, "otherCollocationNum": 0, "speechactRate": 0.0, "quoteRate": 0.0, "dashRate": 0.0, "publicRate": 0.0, "privateRate": 0.0, "suasiveRate": 0.0, "discMarkerRate": 0.0, "smileyRate": 0.0, "dateRate": 0.0, "hesitationRate": 0.0, "restartRate": 0.0, "repeatRate": 0.0, "conjBeforeDiscRate": 0.0, "conjAfterDiscRate": 0.0, "wordBeforeHesitationRate": 0.0, "wordAfterHesitationRate": 0.0, "otherCollocationRate": 0.0, "easyWordNum": 154, "hardWordNum": 12, "easyWordRate": 0.927710843373494, "hardWordRate": 0.07228915662650602, "fleschReadingEaseScore": 82.26338739573683, "gunningFogIndex": 5.136607970342911, "fleschKincaidGradeLevel": 4.957469879518076, "colemanLiauIndex": 8.859704819277106, "smogIndex": 6.742157984588678, "automatedReadabilityIndex": 4.674193697868397, "linsearWriteIndex": 3.1473586654309553, "author": "", "locationNameNum": 0, "locationNameRate": 0.0, "personNameNum": 1, "personNameRate": 0.006024096385542169, "organizationNameNum": 0, "organizationNameRate": 0.0, "misspelledNum": 3, "misspelledRate": 0.018072289156626505, "missingAccentNum": 1, "missingAccentRate": 0.006024096385542169, "foreignAccentNum": 0, "foreignAccentRate": 0.0, "wordConcatNum": 0, "wordConcatRate": 0.0, "jLyMistakeNum": 0, "jLyMistakeRate": 0.0, "freqSuffixNum": 0, "partsNum": 58, "privateVNum": 0, "publicVNum": 0, "clauseWordNum": 30}