{"tokenNum": 380, "sentenceNum": 25, "lemmaNum": 171, "lemmaRate": 0.45, "sentenceLength": 15.2, "allUpperNum": 0, "firstUpperNum": 26, "allUpperRate": 0.0, "firstUpperRate": 0.06842105263157895, "declarSentNum": 25, "imperSentNum": 0, "questionNum": 0, "declarSentRate": 1.0, "imperSentRate": 0.0, "questionRate": 0.0, "accent": true, "saturation": 3.5625, "paragraphNum": 0, "nounNum": 73, "verbNum": 40, "adjNum": 45, "infNum": 7, "partPastNum": 0, "partPresNum": 5, "partFutNum": 0, "transNum": 2, "xNum": 22, "advNum": 28, "properNounNum": 2, "numNum": 1, "conjNum": 28, "punctNum": 62, "pronNum": 21, "relPronNum": 3, "demPronNum": 23, "adposNum": 3, "multiplePunctNum": 0, "phraseNum": 0, "nounRate": 0.19210526315789472, "verbRate": 0.10526315789473684, "adjRate": 0.11842105263157894, "infRate": 0.018421052631578946, "partPastRate": 0.0, "partPresRate": 0.013157894736842105, "partFutRate": 0.0, "transRate": 0.005263157894736842, "xRate": 0.05789473684210526, "advRate": 0.07368421052631578, "properNounRate": 0.005263157894736842, "numRate": 0.002631578947368421, "conjRate": 0.07368421052631578, "punctRate": 0.1631578947368421, "pronRate": 0.05526315789473684, "relPronRate": 0.007894736842105263, "demPronRate": 0.060526315789473685, "adposRate": 0.007894736842105263, "multiplePunctRate": 0.0, "partsDensityRate": 3.875, "contentfulness": 7.44, "phraseRate": 0.0, "pastTenseNum": 2, "presentTenseNum": 31, "condNum": 0, "impNum": 2, "freqNum": 0, "causNum": 0, "modalNum": 4, "sg1VerbNum": 4, "sg2VerbNum": 0, "sg3VerbNum": 53, "pl1VerbNum": 2, "pl2VerbNum": 0, "pl3VerbNum": 1, "superlatNum": 1, "comparatNum": 0, "specDerivSuffixNum": 0, "pluralNounNum": 7, "pastTenseRate": 0.05, "presentTenseRate": 0.775, "condRate": 0.0, "impRate": 0.05, "freqRate": 0.0, "causRate": 0.0, "modalRate": 0.1, "sg1VerbRate": 0.1, "sg2VerbRate": 0.0, "sg3VerbRate": 1.325, "pl1VerbRate": 0.05, "pl2VerbRate": 0.0, "pl3VerbRate": 0.025, "superlatRate": 0.022222222222222223, "comparatRate": 0.0, "specDerivSuffixRate": 0.0, "pluralNounRate": 0.0958904109589041, "subjNum": 28, "objNum": 14, "attNum": 28, "subordNum": 18, "adverbNum": 33, "coordNum": 12, "clauseNum": 48, "simpleNum": 10, "complexNum": 15, "complexity1Num": 10, "complexity2Num": 2, "complexity3Num": 3, "compoundNum": 0, "subjRate": 0.07368421052631578, "objRate": 0.03684210526315789, "attRate": 0.07368421052631578, "subordRate": 0.04736842105263158, "adverbRate": 0.0868421052631579, "coordRate": 0.031578947368421054, "partsRate": 2.3958333333333335, "clauseRate": 1.92, "simpleRate": 0.4, "complexRate": 0.6, "complexity1Rate": 0.4, "complexity2Rate": 0.08, "complexity3Rate": 0.12, "complexClauseRate": 2.533333333333333, "sentencesPerParagraph": 0.0, "wordsLengthRate": 5.3930817610062896, "compoundRate": 0.0, "positiveNum": 0, "negativeNum": 0, "precoPositiveNum": 0, "precoNegativeNum": 0, "negemoNum": 0, "negationNum": 4, "functionNum": 194, "contentNum": 186, "vulgarNum": 0, "racistNum": 0, "specStyleNum": 0, "addressingNum": 0, "closingNum": 0, "postscriptNum": 0, "brutalNum": 0, "positiveRate": 0.0, "negativeRate": 0.0, "precoPositiveRate": 0.0, "precoNegativeRate": 0.0, "negemoRate": 0.0, "negationRate": 0.010526315789473684, "functionRate": 0.5105263157894737, "contentRate": 0.48947368421052634, "vulgarRate": 0.0, "racistRate": 0.0, "specStyleRate": 0.0, "addressingRate": 0.0, "closingRate": 0.0, "postscriptRate": 0.0, "brutalRate": 0.0, "epistemicNum": 0, "investNum": 0, "conditionNum": 0, "weaselNum": 0, "peacockNum": 0, "hedgeNum": 0, "doxasticNum": 0, "epistemicRate": 0.0, "investRate": 0.0, "conditionRate": 0.0, "weaselRate": 0.0, "peacockRate": 0.0, "hedgeRate": 0.0, "doxasticRate": 0.0, "loveNum": 0, "anxietyNum": 0, "sorrowNum": 0, "joyNum": 0, "disgustNum": 0, "fearNum": 0, "surpriseNum": 0, "angerNum": 0, "loveRate": 0.0, "anxietyRate": 0.0, "sorrowRate": 0.0, "joyRate": 0.0, "disgustRate": 0.0, "fearRate": 0.0, "surpriseRate": 0.0, "angerRate": 0.0, "slangBeGeneralNum": 0, "slangBeCigaretteNum": 0, "slangBeHumanNum": 0, "slangBeVehicleNum": 0, "slangBeDrugNum": 0, "slangBvNum": 0, "slangBeGeneralRate": 0.0, "slangBeCigaretteRate": 0.0, "slangBeHumanRate": 0.0, "slangBeVehicleRate": 0.0, "slangBeDrugRate": 0.0, "slangBvRate": 0.0, "speechactNum": 0, "quoteNum": 0, "dashNum": 0, "publicNum": 0, "privateNum": 0, "suasiveNum": 0, "discMarkerNum": 0, "smileyNum": 0, "dateNum": 0, "hesitationNum": 0, "restartNum": 0, "repeatNum": 1, "conjBeforeDiscNum": 0, "conjAfterDiscNum": 0, "wordBeforeHesitationNum": 0, "wordAfterHesitationNum": 0, "otherCollocationNum": 0, "speechactRate": 0.0, "quoteRate": 0.0, "dashRate": 0.0, "publicRate": 0.0, "privateRate": 0.0, "suasiveRate": 0.0, "discMarkerRate": 0.0, "smileyRate": 0.0, "dateRate": 0.0, "hesitationRate": 0.0, "restartRate": 0.0, "repeatRate": 0.002631578947368421, "conjBeforeDiscRate": 0.0, "conjAfterDiscRate": 0.0, "wordBeforeHesitationRate": 0.0, "wordAfterHesitationRate": 0.0, "otherCollocationRate": 0.0, "easyWordNum": 335, "hardWordNum": 45, "easyWordRate": 0.881578947368421, "hardWordRate": 0.11842105263157894, "fleschReadingEaseScore": 58.71857894736843, "gunningFogIndex": 6.127368421052632, "fleschKincaidGradeLevel": 8.845368421052633, "colemanLiauIndex": 11.402302631578944, "smogIndex": 10.125756701596842, "automatedReadabilityIndex": 7.922763157894735, "linsearWriteIndex": 1.357894736842105, "author": "", "locationNameNum": 0, "locationNameRate": 0.0, "personNameNum": 2, "personNameRate": 0.005263157894736842, "organizationNameNum": 0, "organizationNameRate": 0.0, "misspelledNum": 5, "misspelledRate": 0.013157894736842105, "missingAccentNum": 2, "missingAccentRate": 0.005263157894736842, "foreignAccentNum": 0, "foreignAccentRate": 0.0, "wordConcatNum": 0, "wordConcatRate": 0.0, "jLyMistakeNum": 0, "jLyMistakeRate": 0.0, "freqSuffixNum": 0, "partsNum": 115, "privateVNum": 0, "publicVNum": 0, "clauseWordNum": 48}