{"tokenNum": 425, "sentenceNum": 39, "lemmaNum": 184, "lemmaRate": 0.4329411764705882, "sentenceLength": 10.897435897435898, "allUpperNum": 1, "firstUpperNum": 37, "allUpperRate": 0.002352941176470588, "firstUpperRate": 0.08705882352941176, "declarSentNum": 38, "imperSentNum": 1, "questionNum": 0, "declarSentRate": 0.9743589743589743, "imperSentRate": 0.02564102564102564, "questionRate": 0.0, "accent": true, "saturation": 2.453333333333333, "paragraphNum": 0, "nounNum": 54, "verbNum": 61, "adjNum": 17, "infNum": 6, "partPastNum": 1, "partPresNum": 0, "partFutNum": 0, "transNum": 0, "xNum": 25, "advNum": 45, "properNounNum": 6, "numNum": 1, "conjNum": 26, "punctNum": 126, "pronNum": 27, "relPronNum": 4, "demPronNum": 18, "adposNum": 4, "multiplePunctNum": 1, "phraseNum": 0, "nounRate": 0.12705882352941175, "verbRate": 0.14352941176470588, "adjRate": 0.04, "infRate": 0.01411764705882353, "partPastRate": 0.002352941176470588, "partPresRate": 0.0, "partFutRate": 0.0, "transRate": 0.0, "xRate": 0.058823529411764705, "advRate": 0.10588235294117647, "properNounRate": 0.01411764705882353, "numRate": 0.002352941176470588, "conjRate": 0.0611764705882353, "punctRate": 0.2964705882352941, "pronRate": 0.06352941176470588, "relPronRate": 0.009411764705882352, "demPronRate": 0.042352941176470586, "adposRate": 0.009411764705882352, "multiplePunctRate": 0.007936507936507936, "partsDensityRate": 2.36, "contentfulness": 4.538461538461538, "phraseRate": 0.0, "pastTenseNum": 31, "presentTenseNum": 24, "condNum": 1, "impNum": 0, "freqNum": 0, "causNum": 0, "modalNum": 2, "sg1VerbNum": 6, "sg2VerbNum": 3, "sg3VerbNum": 75, "pl1VerbNum": 1, "pl2VerbNum": 0, "pl3VerbNum": 1, "superlatNum": 0, "comparatNum": 1, "specDerivSuffixNum": 0, "pluralNounNum": 3, "pastTenseRate": 0.5081967213114754, "presentTenseRate": 0.39344262295081966, "condRate": 0.01639344262295082, "impRate": 0.0, "freqRate": 0.0, "causRate": 0.0, "modalRate": 0.03278688524590164, "sg1VerbRate": 0.09836065573770492, "sg2VerbRate": 0.04918032786885246, "sg3VerbRate": 1.2295081967213115, "pl1VerbRate": 0.01639344262295082, "pl2VerbRate": 0.0, "pl3VerbRate": 0.01639344262295082, "superlatRate": 0.0, "comparatRate": 0.058823529411764705, "specDerivSuffixRate": 0.0, "pluralNounRate": 0.05555555555555555, "subjNum": 23, "objNum": 11, "attNum": 10, "subordNum": 12, "adverbNum": 49, "coordNum": 22, "clauseNum": 75, "simpleNum": 20, "complexNum": 19, "complexity1Num": 12, "complexity2Num": 3, "complexity3Num": 2, "compoundNum": 0, "subjRate": 0.05411764705882353, "objRate": 0.02588235294117647, "attRate": 0.023529411764705882, "subordRate": 0.02823529411764706, "adverbRate": 0.11529411764705882, "coordRate": 0.05176470588235294, "partsRate": 1.5333333333333334, "clauseRate": 1.9230769230769231, "simpleRate": 0.5128205128205128, "complexRate": 0.48717948717948717, "complexity1Rate": 0.3076923076923077, "complexity2Rate": 0.07692307692307693, "complexity3Rate": 0.05128205128205128, "complexClauseRate": 2.8947368421052633, "sentencesPerParagraph": 0.0, "wordsLengthRate": 4.709030100334449, "compoundRate": 0.0, "positiveNum": 0, "negativeNum": 0, "precoPositiveNum": 0, "precoNegativeNum": 0, "negemoNum": 0, "negationNum": 7, "functionNum": 248, "contentNum": 177, "vulgarNum": 0, "racistNum": 0, "specStyleNum": 0, "addressingNum": 0, "closingNum": 0, "postscriptNum": 0, "brutalNum": 0, "positiveRate": 0.0, "negativeRate": 0.0, "precoPositiveRate": 0.0, "precoNegativeRate": 0.0, "negemoRate": 0.0, "negationRate": 0.01647058823529412, "functionRate": 0.5835294117647059, "contentRate": 0.4164705882352941, "vulgarRate": 0.0, "racistRate": 0.0, "specStyleRate": 0.0, "addressingRate": 0.0, "closingRate": 0.0, "postscriptRate": 0.0, "brutalRate": 0.0, "epistemicNum": 0, "investNum": 0, "conditionNum": 0, "weaselNum": 0, "peacockNum": 0, "hedgeNum": 0, "doxasticNum": 0, "epistemicRate": 0.0, "investRate": 0.0, "conditionRate": 0.0, "weaselRate": 0.0, "peacockRate": 0.0, "hedgeRate": 0.0, "doxasticRate": 0.0, "loveNum": 0, "anxietyNum": 0, "sorrowNum": 0, "joyNum": 0, "disgustNum": 0, "fearNum": 0, "surpriseNum": 0, "angerNum": 0, "loveRate": 0.0, "anxietyRate": 0.0, "sorrowRate": 0.0, "joyRate": 0.0, "disgustRate": 0.0, "fearRate": 0.0, "surpriseRate": 0.0, "angerRate": 0.0, "slangBeGeneralNum": 0, "slangBeCigaretteNum": 0, "slangBeHumanNum": 0, "slangBeVehicleNum": 0, "slangBeDrugNum": 0, "slangBvNum": 0, "slangBeGeneralRate": 0.0, "slangBeCigaretteRate": 0.0, "slangBeHumanRate": 0.0, "slangBeVehicleRate": 0.0, "slangBeDrugRate": 0.0, "slangBvRate": 0.0, "speechactNum": 0, "quoteNum": 0, "dashNum": 0, "publicNum": 0, "privateNum": 0, "suasiveNum": 0, "discMarkerNum": 0, "smileyNum": 0, "dateNum": 0, "hesitationNum": 0, "restartNum": 0, "repeatNum": 21, "conjBeforeDiscNum": 0, "conjAfterDiscNum": 0, "wordBeforeHesitationNum": 0, "wordAfterHesitationNum": 0, "otherCollocationNum": 0, "speechactRate": 0.0, "quoteRate": 0.0, "dashRate": 0.0, "publicRate": 0.0, "privateRate": 0.0, "suasiveRate": 0.0, "discMarkerRate": 0.0, "smileyRate": 0.0, "dateRate": 0.0, "hesitationRate": 0.0, "restartRate": 0.0, "repeatRate": 0.04941176470588235, "conjBeforeDiscRate": 0.0, "conjAfterDiscRate": 0.0, "wordBeforeHesitationRate": 0.0, "wordAfterHesitationRate": 0.0, "otherCollocationRate": 0.0, "easyWordNum": 409, "hardWordNum": 16, "easyWordRate": 0.9623529411764706, "hardWordRate": 0.03764705882352941, "fleschReadingEaseScore": 101.02210256410257, "gunningFogIndex": 4.374033182503771, "fleschKincaidGradeLevel": 1.8760000000000012, "colemanLiauIndex": 5.140407058823527, "smogIndex": 6.788186056548925, "automatedReadabilityIndex": 0.7641532428355973, "linsearWriteIndex": 0.30618401206636503, "author": "", "locationNameNum": 0, "locationNameRate": 0.0, "personNameNum": 6, "personNameRate": 0.01411764705882353, "organizationNameNum": 0, "organizationNameRate": 0.0, "misspelledNum": 2, "misspelledRate": 0.004705882352941176, "missingAccentNum": 0, "missingAccentRate": 0.0, "foreignAccentNum": 0, "foreignAccentRate": 0.0, "wordConcatNum": 0, "wordConcatRate": 0.0, "jLyMistakeNum": 0, "jLyMistakeRate": 0.0, "freqSuffixNum": 0, "partsNum": 115, "privateVNum": 0, "publicVNum": 0, "clauseWordNum": 75}