{"tokenNum": 330, "sentenceNum": 20, "lemmaNum": 193, "lemmaRate": 0.5848484848484848, "sentenceLength": 16.5, "allUpperNum": 1, "firstUpperNum": 29, "allUpperRate": 0.0030303030303030303, "firstUpperRate": 0.08787878787878788, "declarSentNum": 20, "imperSentNum": 0, "questionNum": 0, "declarSentRate": 1.0, "imperSentRate": 0.0, "questionRate": 0.0, "accent": true, "saturation": 4.1063829787234045, "paragraphNum": 0, "nounNum": 74, "verbNum": 41, "adjNum": 30, "infNum": 4, "partPastNum": 2, "partPresNum": 1, "partFutNum": 0, "transNum": 1, "xNum": 19, "advNum": 21, "properNounNum": 11, "numNum": 10, "conjNum": 31, "punctNum": 57, "pronNum": 19, "relPronNum": 5, "demPronNum": 6, "adposNum": 2, "multiplePunctNum": 1, "phraseNum": 0, "nounRate": 0.22424242424242424, "verbRate": 0.12424242424242424, "adjRate": 0.09090909090909091, "infRate": 0.012121212121212121, "partPastRate": 0.006060606060606061, "partPresRate": 0.0030303030303030303, "partFutRate": 0.0, "transRate": 0.0030303030303030303, "xRate": 0.05757575757575758, "advRate": 0.06363636363636363, "properNounRate": 0.03333333333333333, "numRate": 0.030303030303030304, "conjRate": 0.09393939393939393, "punctRate": 0.17272727272727273, "pronRate": 0.05757575757575758, "relPronRate": 0.015151515151515152, "demPronRate": 0.01818181818181818, "adposRate": 0.006060606060606061, "multiplePunctRate": 0.017543859649122806, "partsDensityRate": 3.5106382978723403, "contentfulness": 8.25, "phraseRate": 0.0, "pastTenseNum": 3, "presentTenseNum": 34, "condNum": 2, "impNum": 4, "freqNum": 0, "causNum": 0, "modalNum": 5, "sg1VerbNum": 5, "sg2VerbNum": 6, "sg3VerbNum": 41, "pl1VerbNum": 1, "pl2VerbNum": 0, "pl3VerbNum": 4, "superlatNum": 1, "comparatNum": 0, "specDerivSuffixNum": 0, "pluralNounNum": 7, "pastTenseRate": 0.07317073170731707, "presentTenseRate": 0.8292682926829268, "condRate": 0.04878048780487805, "impRate": 0.0975609756097561, "freqRate": 0.0, "causRate": 0.0, "modalRate": 0.12195121951219512, "sg1VerbRate": 0.12195121951219512, "sg2VerbRate": 0.14634146341463414, "sg3VerbRate": 1.0, "pl1VerbRate": 0.024390243902439025, "pl2VerbRate": 0.0, "pl3VerbRate": 0.0975609756097561, "superlatRate": 0.03333333333333333, "comparatRate": 0.0, "specDerivSuffixRate": 0.0, "pluralNounRate": 0.0945945945945946, "subjNum": 26, "objNum": 15, "attNum": 21, "subordNum": 10, "adverbNum": 26, "coordNum": 22, "clauseNum": 47, "simpleNum": 5, "complexNum": 15, "complexity1Num": 6, "complexity2Num": 7, "complexity3Num": 1, "compoundNum": 0, "subjRate": 0.07878787878787878, "objRate": 0.045454545454545456, "attRate": 0.06363636363636363, "subordRate": 0.030303030303030304, "adverbRate": 0.07878787878787878, "coordRate": 0.06666666666666667, "partsRate": 2.3404255319148937, "clauseRate": 2.35, "simpleRate": 0.25, "complexRate": 0.75, "complexity1Rate": 0.3, "complexity2Rate": 0.35, "complexity3Rate": 0.05, "complexClauseRate": 2.8, "sentencesPerParagraph": 0.0, "wordsLengthRate": 5.758241758241758, "compoundRate": 0.0, "positiveNum": 0, "negativeNum": 0, "precoPositiveNum": 0, "precoNegativeNum": 0, "negemoNum": 0, "negationNum": 6, "functionNum": 165, "contentNum": 165, "vulgarNum": 0, "racistNum": 0, "specStyleNum": 0, "addressingNum": 0, "closingNum": 0, "postscriptNum": 0, "brutalNum": 0, "positiveRate": 0.0, "negativeRate": 0.0, "precoPositiveRate": 0.0, "precoNegativeRate": 0.0, "negemoRate": 0.0, "negationRate": 0.01818181818181818, "functionRate": 0.5, "contentRate": 0.5, "vulgarRate": 0.0, "racistRate": 0.0, "specStyleRate": 0.0, "addressingRate": 0.0, "closingRate": 0.0, "postscriptRate": 0.0, "brutalRate": 0.0, "epistemicNum": 0, "investNum": 0, "conditionNum": 0, "weaselNum": 0, "peacockNum": 0, "hedgeNum": 0, "doxasticNum": 0, "epistemicRate": 0.0, "investRate": 0.0, "conditionRate": 0.0, "weaselRate": 0.0, "peacockRate": 0.0, "hedgeRate": 0.0, "doxasticRate": 0.0, "loveNum": 0, "anxietyNum": 0, "sorrowNum": 0, "joyNum": 0, "disgustNum": 0, "fearNum": 0, "surpriseNum": 0, "angerNum": 0, "loveRate": 0.0, "anxietyRate": 0.0, "sorrowRate": 0.0, "joyRate": 0.0, "disgustRate": 0.0, "fearRate": 0.0, "surpriseRate": 0.0, "angerRate": 0.0, "slangBeGeneralNum": 0, "slangBeCigaretteNum": 0, "slangBeHumanNum": 0, "slangBeVehicleNum": 0, "slangBeDrugNum": 0, "slangBvNum": 0, "slangBeGeneralRate": 0.0, "slangBeCigaretteRate": 0.0, "slangBeHumanRate": 0.0, "slangBeVehicleRate": 0.0, "slangBeDrugRate": 0.0, "slangBvRate": 0.0, "speechactNum": 0, "quoteNum": 0, "dashNum": 0, "publicNum": 0, "privateNum": 0, "suasiveNum": 0, "discMarkerNum": 0, "smileyNum": 0, "dateNum": 0, "hesitationNum": 0, "restartNum": 0, "repeatNum": 5, "conjBeforeDiscNum": 0, "conjAfterDiscNum": 0, "wordBeforeHesitationNum": 0, "wordAfterHesitationNum": 0, "otherCollocationNum": 0, "speechactRate": 0.0, "quoteRate": 0.0, "dashRate": 0.0, "publicRate": 0.0, "privateRate": 0.0, "suasiveRate": 0.0, "discMarkerRate": 0.0, "smileyRate": 0.0, "dateRate": 0.0, "hesitationRate": 0.0, "restartRate": 0.0, "repeatRate": 0.015151515151515152, "conjBeforeDiscRate": 0.0, "conjAfterDiscRate": 0.0, "wordBeforeHesitationRate": 0.0, "wordAfterHesitationRate": 0.0, "otherCollocationRate": 0.0, "easyWordNum": 291, "hardWordNum": 39, "easyWordRate": 0.8818181818181818, "hardWordRate": 0.11818181818181818, "fleschReadingEaseScore": 57.547500000000014, "gunningFogIndex": 6.647272727272727, "fleschKincaidGradeLevel": 9.331666666666667, "colemanLiauIndex": 12.882333333333332, "smogIndex": 9.642632912329528, "automatedReadabilityIndex": 9.75627272727273, "linsearWriteIndex": 1.9469696969696968, "author": "", "locationNameNum": 0, "locationNameRate": 0.0, "personNameNum": 1, "personNameRate": 0.0030303030303030303, "organizationNameNum": 0, "organizationNameRate": 0.0, "misspelledNum": 2, "misspelledRate": 0.006060606060606061, "missingAccentNum": 0, "missingAccentRate": 0.0, "foreignAccentNum": 0, "foreignAccentRate": 0.0, "wordConcatNum": 2, "wordConcatRate": 0.006060606060606061, "jLyMistakeNum": 0, "jLyMistakeRate": 0.0, "freqSuffixNum": 0, "partsNum": 110, "privateVNum": 0, "publicVNum": 0, "clauseWordNum": 47}