{"tokenNum": 443, "sentenceNum": 17, "lemmaNum": 203, "lemmaRate": 0.4582392776523702, "sentenceLength": 26.058823529411764, "allUpperNum": 3, "firstUpperNum": 23, "allUpperRate": 0.006772009029345372, "firstUpperRate": 0.05191873589164785, "declarSentNum": 17, "imperSentNum": 0, "questionNum": 0, "declarSentRate": 1.0, "imperSentRate": 0.0, "questionRate": 0.0, "accent": true, "saturation": 3.56140350877193, "paragraphNum": 0, "nounNum": 60, "verbNum": 49, "adjNum": 37, "infNum": 7, "partPastNum": 2, "partPresNum": 3, "partFutNum": 0, "transNum": 1, "xNum": 14, "advNum": 61, "properNounNum": 4, "numNum": 5, "conjNum": 41, "punctNum": 93, "pronNum": 32, "relPronNum": 10, "demPronNum": 23, "adposNum": 5, "multiplePunctNum": 22, "phraseNum": 0, "nounRate": 0.13544018058690746, "verbRate": 0.11060948081264109, "adjRate": 0.0835214446952596, "infRate": 0.01580135440180587, "partPastRate": 0.004514672686230248, "partPresRate": 0.006772009029345372, "partFutRate": 0.0, "transRate": 0.002257336343115124, "xRate": 0.03160270880361174, "advRate": 0.13769751693002258, "properNounRate": 0.009029345372460496, "numRate": 0.011286681715575621, "conjRate": 0.09255079006772009, "punctRate": 0.20993227990970656, "pronRate": 0.07223476297968397, "relPronRate": 0.022573363431151242, "demPronRate": 0.05191873589164785, "adposRate": 0.011286681715575621, "multiplePunctRate": 0.23655913978494625, "partsDensityRate": 3.6315789473684212, "contentfulness": 12.176470588235293, "phraseRate": 0.0, "pastTenseNum": 4, "presentTenseNum": 38, "condNum": 1, "impNum": 6, "freqNum": 0, "causNum": 0, "modalNum": 0, "sg1VerbNum": 22, "sg2VerbNum": 7, "sg3VerbNum": 44, "pl1VerbNum": 1, "pl2VerbNum": 0, "pl3VerbNum": 2, "superlatNum": 0, "comparatNum": 0, "specDerivSuffixNum": 0, "pluralNounNum": 1, "pastTenseRate": 0.08163265306122448, "presentTenseRate": 0.7755102040816326, "condRate": 0.02040816326530612, "impRate": 0.12244897959183673, "freqRate": 0.0, "causRate": 0.0, "modalRate": 0.0, "sg1VerbRate": 0.4489795918367347, "sg2VerbRate": 0.14285714285714285, "sg3VerbRate": 0.8979591836734694, "pl1VerbRate": 0.02040816326530612, "pl2VerbRate": 0.0, "pl3VerbRate": 0.04081632653061224, "superlatRate": 0.0, "comparatRate": 0.0, "specDerivSuffixRate": 0.0, "pluralNounRate": 0.016666666666666666, "subjNum": 33, "objNum": 10, "attNum": 20, "subordNum": 25, "adverbNum": 69, "coordNum": 20, "clauseNum": 57, "simpleNum": 5, "complexNum": 12, "complexity1Num": 4, "complexity2Num": 2, "complexity3Num": 1, "compoundNum": 0, "subjRate": 0.0744920993227991, "objRate": 0.022573363431151242, "attRate": 0.045146726862302484, "subordRate": 0.056433408577878104, "adverbRate": 0.15575620767494355, "coordRate": 0.045146726862302484, "partsRate": 2.6666666666666665, "clauseRate": 3.3529411764705883, "simpleRate": 0.29411764705882354, "complexRate": 0.7058823529411765, "complexity1Rate": 0.23529411764705882, "complexity2Rate": 0.11764705882352941, "complexity3Rate": 0.058823529411764705, "complexClauseRate": 4.333333333333333, "sentencesPerParagraph": 0.0, "wordsLengthRate": 4.748571428571428, "compoundRate": 0.0, "positiveNum": 0, "negativeNum": 0, "precoPositiveNum": 0, "precoNegativeNum": 0, "negemoNum": 0, "negationNum": 10, "functionNum": 236, "contentNum": 207, "vulgarNum": 0, "racistNum": 0, "specStyleNum": 0, "addressingNum": 0, "closingNum": 0, "postscriptNum": 0, "brutalNum": 0, "positiveRate": 0.0, "negativeRate": 0.0, "precoPositiveRate": 0.0, "precoNegativeRate": 0.0, "negemoRate": 0.0, "negationRate": 0.022573363431151242, "functionRate": 0.5327313769751693, "contentRate": 0.4672686230248307, "vulgarRate": 0.0, "racistRate": 0.0, "specStyleRate": 0.0, "addressingRate": 0.0, "closingRate": 0.0, "postscriptRate": 0.0, "brutalRate": 0.0, "epistemicNum": 0, "investNum": 0, "conditionNum": 0, "weaselNum": 0, "peacockNum": 0, "hedgeNum": 0, "doxasticNum": 0, "epistemicRate": 0.0, "investRate": 0.0, "conditionRate": 0.0, "weaselRate": 0.0, "peacockRate": 0.0, "hedgeRate": 0.0, "doxasticRate": 0.0, "loveNum": 0, "anxietyNum": 0, "sorrowNum": 0, "joyNum": 0, "disgustNum": 0, "fearNum": 0, "surpriseNum": 0, "angerNum": 0, "loveRate": 0.0, "anxietyRate": 0.0, "sorrowRate": 0.0, "joyRate": 0.0, "disgustRate": 0.0, "fearRate": 0.0, "surpriseRate": 0.0, "angerRate": 0.0, "slangBeGeneralNum": 0, "slangBeCigaretteNum": 0, "slangBeHumanNum": 0, "slangBeVehicleNum": 0, "slangBeDrugNum": 0, "slangBvNum": 0, "slangBeGeneralRate": 0.0, "slangBeCigaretteRate": 0.0, "slangBeHumanRate": 0.0, "slangBeVehicleRate": 0.0, "slangBeDrugRate": 0.0, "slangBvRate": 0.0, "speechactNum": 0, "quoteNum": 0, "dashNum": 0, "publicNum": 0, "privateNum": 0, "suasiveNum": 0, "discMarkerNum": 0, "smileyNum": 1, "dateNum": 0, "hesitationNum": 0, "restartNum": 1, "repeatNum": 2, "conjBeforeDiscNum": 0, "conjAfterDiscNum": 0, "wordBeforeHesitationNum": 0, "wordAfterHesitationNum": 0, "otherCollocationNum": 0, "speechactRate": 0.0, "quoteRate": 0.0, "dashRate": 0.0, "publicRate": 0.0, "privateRate": 0.0, "suasiveRate": 0.0, "discMarkerRate": 0.0, "smileyRate": 0.002257336343115124, "dateRate": 0.0, "hesitationRate": 0.0, "restartRate": 0.002257336343115124, "repeatRate": 0.004514672686230248, "conjBeforeDiscRate": 0.0, "conjAfterDiscRate": 0.0, "wordBeforeHesitationRate": 0.0, "wordAfterHesitationRate": 0.0, "otherCollocationRate": 0.0, "easyWordNum": 419, "hardWordNum": 24, "easyWordRate": 0.945823927765237, "hardWordRate": 0.05417607223476298, "fleschReadingEaseScore": 70.00425574292926, "gunningFogIndex": 10.445199840658612, "fleschKincaidGradeLevel": 9.96887797105298, "colemanLiauIndex": 8.092277652370203, "smogIndex": 8.238735603445708, "automatedReadabilityIndex": 10.70521311910769, "linsearWriteIndex": 2.1669101048997477, "author": "", "locationNameNum": 0, "locationNameRate": 0.0, "personNameNum": 2, "personNameRate": 0.004514672686230248, "organizationNameNum": 0, "organizationNameRate": 0.0, "misspelledNum": 6, "misspelledRate": 0.013544018058690745, "missingAccentNum": 0, "missingAccentRate": 0.0, "foreignAccentNum": 0, "foreignAccentRate": 0.0, "wordConcatNum": 3, "wordConcatRate": 0.006772009029345372, "jLyMistakeNum": 0, "jLyMistakeRate": 0.0, "freqSuffixNum": 0, "partsNum": 152, "privateVNum": 0, "publicVNum": 0, "clauseWordNum": 57}