{"tokenNum": 456, "sentenceNum": 20, "lemmaNum": 258, "lemmaRate": 0.5657894736842105, "sentenceLength": 22.8, "allUpperNum": 3, "firstUpperNum": 20, "allUpperRate": 0.006578947368421052, "firstUpperRate": 0.043859649122807015, "declarSentNum": 19, "imperSentNum": 1, "questionNum": 0, "declarSentRate": 0.95, "imperSentRate": 0.05, "questionRate": 0.0, "accent": true, "saturation": 5.375, "paragraphNum": 0, "nounNum": 90, "verbNum": 44, "adjNum": 67, "infNum": 3, "partPastNum": 2, "partPresNum": 5, "partFutNum": 0, "transNum": 1, "xNum": 19, "advNum": 42, "properNounNum": 0, "numNum": 0, "conjNum": 38, "punctNum": 75, "pronNum": 39, "relPronNum": 12, "demPronNum": 15, "adposNum": 8, "multiplePunctNum": 0, "phraseNum": 0, "nounRate": 0.19736842105263158, "verbRate": 0.09649122807017543, "adjRate": 0.14692982456140352, "infRate": 0.006578947368421052, "partPastRate": 0.0043859649122807015, "partPresRate": 0.010964912280701754, "partFutRate": 0.0, "transRate": 0.0021929824561403508, "xRate": 0.041666666666666664, "advRate": 0.09210526315789473, "properNounRate": 0.0, "numRate": 0.0, "conjRate": 0.08333333333333333, "punctRate": 0.16447368421052633, "pronRate": 0.08552631578947369, "relPronRate": 0.02631578947368421, "demPronRate": 0.03289473684210526, "adposRate": 0.017543859649122806, "multiplePunctRate": 0.0, "partsDensityRate": 5.0625, "contentfulness": 12.15, "phraseRate": 0.0, "pastTenseNum": 7, "presentTenseNum": 34, "condNum": 6, "impNum": 5, "freqNum": 0, "causNum": 0, "modalNum": 5, "sg1VerbNum": 3, "sg2VerbNum": 0, "sg3VerbNum": 64, "pl1VerbNum": 0, "pl2VerbNum": 0, "pl3VerbNum": 16, "superlatNum": 0, "comparatNum": 1, "specDerivSuffixNum": 0, "pluralNounNum": 12, "pastTenseRate": 0.1590909090909091, "presentTenseRate": 0.7727272727272727, "condRate": 0.13636363636363635, "impRate": 0.11363636363636363, "freqRate": 0.0, "causRate": 0.0, "modalRate": 0.11363636363636363, "sg1VerbRate": 0.06818181818181818, "sg2VerbRate": 0.0, "sg3VerbRate": 1.4545454545454546, "pl1VerbRate": 0.0, "pl2VerbRate": 0.0, "pl3VerbRate": 0.36363636363636365, "superlatRate": 0.0, "comparatRate": 0.014925373134328358, "specDerivSuffixRate": 0.0, "pluralNounRate": 0.13333333333333333, "subjNum": 32, "objNum": 21, "attNum": 41, "subordNum": 18, "adverbNum": 63, "coordNum": 27, "clauseNum": 48, "simpleNum": 8, "complexNum": 12, "complexity1Num": 4, "complexity2Num": 4, "complexity3Num": 1, "compoundNum": 0, "subjRate": 0.07017543859649122, "objRate": 0.046052631578947366, "attRate": 0.08991228070175439, "subordRate": 0.039473684210526314, "adverbRate": 0.13815789473684212, "coordRate": 0.05921052631578947, "partsRate": 3.8333333333333335, "clauseRate": 2.4, "simpleRate": 0.4, "complexRate": 0.6, "complexity1Rate": 0.2, "complexity2Rate": 0.2, "complexity3Rate": 0.05, "complexClauseRate": 3.3333333333333335, "sentencesPerParagraph": 0.0, "wordsLengthRate": 6.393700787401575, "compoundRate": 0.0, "positiveNum": 0, "negativeNum": 0, "precoPositiveNum": 0, "precoNegativeNum": 0, "negemoNum": 0, "negationNum": 6, "functionNum": 213, "contentNum": 243, "vulgarNum": 0, "racistNum": 0, "specStyleNum": 0, "addressingNum": 0, "closingNum": 0, "postscriptNum": 0, "brutalNum": 0, "positiveRate": 0.0, "negativeRate": 0.0, "precoPositiveRate": 0.0, "precoNegativeRate": 0.0, "negemoRate": 0.0, "negationRate": 0.013157894736842105, "functionRate": 0.46710526315789475, "contentRate": 0.5328947368421053, "vulgarRate": 0.0, "racistRate": 0.0, "specStyleRate": 0.0, "addressingRate": 0.0, "closingRate": 0.0, "postscriptRate": 0.0, "brutalRate": 0.0, "epistemicNum": 0, "investNum": 0, "conditionNum": 0, "weaselNum": 0, "peacockNum": 0, "hedgeNum": 0, "doxasticNum": 0, "epistemicRate": 0.0, "investRate": 0.0, "conditionRate": 0.0, "weaselRate": 0.0, "peacockRate": 0.0, "hedgeRate": 0.0, "doxasticRate": 0.0, "loveNum": 0, "anxietyNum": 0, "sorrowNum": 0, "joyNum": 0, "disgustNum": 0, "fearNum": 0, "surpriseNum": 0, "angerNum": 0, "loveRate": 0.0, "anxietyRate": 0.0, "sorrowRate": 0.0, "joyRate": 0.0, "disgustRate": 0.0, "fearRate": 0.0, "surpriseRate": 0.0, "angerRate": 0.0, "slangBeGeneralNum": 0, "slangBeCigaretteNum": 0, "slangBeHumanNum": 0, "slangBeVehicleNum": 0, "slangBeDrugNum": 0, "slangBvNum": 0, "slangBeGeneralRate": 0.0, "slangBeCigaretteRate": 0.0, "slangBeHumanRate": 0.0, "slangBeVehicleRate": 0.0, "slangBeDrugRate": 0.0, "slangBvRate": 0.0, "speechactNum": 0, "quoteNum": 0, "dashNum": 0, "publicNum": 0, "privateNum": 0, "suasiveNum": 0, "discMarkerNum": 0, "smileyNum": 0, "dateNum": 0, "hesitationNum": 0, "restartNum": 0, "repeatNum": 0, "conjBeforeDiscNum": 0, "conjAfterDiscNum": 0, "wordBeforeHesitationNum": 0, "wordAfterHesitationNum": 0, "otherCollocationNum": 0, "speechactRate": 0.0, "quoteRate": 0.0, "dashRate": 0.0, "publicRate": 0.0, "privateRate": 0.0, "suasiveRate": 0.0, "discMarkerRate": 0.0, "smileyRate": 0.0, "dateRate": 0.0, "hesitationRate": 0.0, "restartRate": 0.0, "repeatRate": 0.0, "conjBeforeDiscRate": 0.0, "conjAfterDiscRate": 0.0, "wordBeforeHesitationRate": 0.0, "wordAfterHesitationRate": 0.0, "otherCollocationRate": 0.0, "easyWordNum": 383, "hardWordNum": 73, "easyWordRate": 0.8399122807017544, "hardWordRate": 0.1600877192982456, "fleschReadingEaseScore": 27.2943157894737, "gunningFogIndex": 9.1840350877193, "fleschKincaidGradeLevel": 15.11647368421053, "colemanLiauIndex": 16.362368421052626, "smogIndex": 12.040495906366182, "automatedReadabilityIndex": 15.689078947368422, "linsearWriteIndex": 2.196271929824561, "author": "", "locationNameNum": 0, "locationNameRate": 0.0, "personNameNum": 0, "personNameRate": 0.0, "organizationNameNum": 0, "organizationNameRate": 0.0, "misspelledNum": 9, "misspelledRate": 0.019736842105263157, "missingAccentNum": 5, "missingAccentRate": 0.010964912280701754, "foreignAccentNum": 0, "foreignAccentRate": 0.0, "wordConcatNum": 1, "wordConcatRate": 0.0021929824561403508, "jLyMistakeNum": 0, "jLyMistakeRate": 0.0, "freqSuffixNum": 0, "partsNum": 184, "privateVNum": 0, "publicVNum": 0, "clauseWordNum": 48}