{"tokenNum": 463, "sentenceNum": 39, "lemmaNum": 220, "lemmaRate": 0.47516198704103674, "sentenceLength": 11.871794871794872, "allUpperNum": 0, "firstUpperNum": 37, "allUpperRate": 0.0, "firstUpperRate": 0.07991360691144708, "declarSentNum": 37, "imperSentNum": 2, "questionNum": 0, "declarSentRate": 0.9487179487179487, "imperSentRate": 0.05128205128205128, "questionRate": 0.0, "accent": true, "saturation": 2.75, "paragraphNum": 0, "nounNum": 62, "verbNum": 72, "adjNum": 23, "infNum": 5, "partPastNum": 0, "partPresNum": 1, "partFutNum": 0, "transNum": 3, "xNum": 39, "advNum": 73, "properNounNum": 0, "numNum": 1, "conjNum": 18, "punctNum": 101, "pronNum": 21, "relPronNum": 8, "demPronNum": 15, "adposNum": 4, "multiplePunctNum": 3, "phraseNum": 0, "nounRate": 0.13390928725701945, "verbRate": 0.15550755939524838, "adjRate": 0.04967602591792657, "infRate": 0.01079913606911447, "partPastRate": 0.0, "partPresRate": 0.0021598272138228943, "partFutRate": 0.0, "transRate": 0.0064794816414686825, "xRate": 0.08423326133909287, "advRate": 0.15766738660907129, "properNounRate": 0.0, "numRate": 0.0021598272138228943, "conjRate": 0.038876889848812095, "punctRate": 0.21814254859611232, "pronRate": 0.04535637149028078, "relPronRate": 0.017278617710583154, "demPronRate": 0.032397408207343416, "adposRate": 0.008639308855291577, "multiplePunctRate": 0.0297029702970297, "partsDensityRate": 2.875, "contentfulness": 5.897435897435898, "phraseRate": 0.0, "pastTenseNum": 44, "presentTenseNum": 23, "condNum": 1, "impNum": 1, "freqNum": 0, "causNum": 1, "modalNum": 0, "sg1VerbNum": 32, "sg2VerbNum": 2, "sg3VerbNum": 44, "pl1VerbNum": 2, "pl2VerbNum": 2, "pl3VerbNum": 7, "superlatNum": 2, "comparatNum": 2, "specDerivSuffixNum": 0, "pluralNounNum": 3, "pastTenseRate": 0.6111111111111112, "presentTenseRate": 0.3194444444444444, "condRate": 0.013888888888888888, "impRate": 0.013888888888888888, "freqRate": 0.0, "causRate": 0.013888888888888888, "modalRate": 0.0, "sg1VerbRate": 0.4444444444444444, "sg2VerbRate": 0.027777777777777776, "sg3VerbRate": 0.6111111111111112, "pl1VerbRate": 0.027777777777777776, "pl2VerbRate": 0.027777777777777776, "pl3VerbRate": 0.09722222222222222, "superlatRate": 0.08695652173913043, "comparatRate": 0.08695652173913043, "specDerivSuffixRate": 0.0, "pluralNounRate": 0.04838709677419355, "subjNum": 26, "objNum": 14, "attNum": 11, "subordNum": 13, "adverbNum": 77, "coordNum": 25, "clauseNum": 80, "simpleNum": 17, "complexNum": 21, "complexity1Num": 11, "complexity2Num": 4, "complexity3Num": 3, "compoundNum": 0, "subjRate": 0.056155507559395246, "objRate": 0.03023758099352052, "attRate": 0.023758099352051837, "subordRate": 0.028077753779697623, "adverbRate": 0.16630669546436286, "coordRate": 0.05399568034557235, "partsRate": 1.9125, "clauseRate": 2.051282051282051, "simpleRate": 0.4358974358974359, "complexRate": 0.5384615384615384, "complexity1Rate": 0.28205128205128205, "complexity2Rate": 0.10256410256410256, "complexity3Rate": 0.07692307692307693, "complexClauseRate": 3.0, "sentencesPerParagraph": 0.0, "wordsLengthRate": 4.928176795580111, "compoundRate": 0.0, "positiveNum": 0, "negativeNum": 0, "precoPositiveNum": 0, "precoNegativeNum": 0, "negemoNum": 0, "negationNum": 15, "functionNum": 233, "contentNum": 230, "vulgarNum": 0, "racistNum": 0, "specStyleNum": 0, "addressingNum": 0, "closingNum": 0, "postscriptNum": 0, "brutalNum": 0, "positiveRate": 0.0, "negativeRate": 0.0, "precoPositiveRate": 0.0, "precoNegativeRate": 0.0, "negemoRate": 0.0, "negationRate": 0.032397408207343416, "functionRate": 0.5032397408207343, "contentRate": 0.49676025917926564, "vulgarRate": 0.0, "racistRate": 0.0, "specStyleRate": 0.0, "addressingRate": 0.0, "closingRate": 0.0, "postscriptRate": 0.0, "brutalRate": 0.0, "epistemicNum": 0, "investNum": 0, "conditionNum": 0, "weaselNum": 0, "peacockNum": 0, "hedgeNum": 0, "doxasticNum": 0, "epistemicRate": 0.0, "investRate": 0.0, "conditionRate": 0.0, "weaselRate": 0.0, "peacockRate": 0.0, "hedgeRate": 0.0, "doxasticRate": 0.0, "loveNum": 0, "anxietyNum": 0, "sorrowNum": 0, "joyNum": 0, "disgustNum": 0, "fearNum": 0, "surpriseNum": 0, "angerNum": 0, "loveRate": 0.0, "anxietyRate": 0.0, "sorrowRate": 0.0, "joyRate": 0.0, "disgustRate": 0.0, "fearRate": 0.0, "surpriseRate": 0.0, "angerRate": 0.0, "slangBeGeneralNum": 0, "slangBeCigaretteNum": 0, "slangBeHumanNum": 0, "slangBeVehicleNum": 0, "slangBeDrugNum": 0, "slangBvNum": 0, "slangBeGeneralRate": 0.0, "slangBeCigaretteRate": 0.0, "slangBeHumanRate": 0.0, "slangBeVehicleRate": 0.0, "slangBeDrugRate": 0.0, "slangBvRate": 0.0, "speechactNum": 0, "quoteNum": 0, "dashNum": 0, "publicNum": 0, "privateNum": 0, "suasiveNum": 0, "discMarkerNum": 0, "smileyNum": 1, "dateNum": 0, "hesitationNum": 0, "restartNum": 0, "repeatNum": 2, "conjBeforeDiscNum": 0, "conjAfterDiscNum": 0, "wordBeforeHesitationNum": 0, "wordAfterHesitationNum": 0, "otherCollocationNum": 0, "speechactRate": 0.0, "quoteRate": 0.0, "dashRate": 0.0, "publicRate": 0.0, "privateRate": 0.0, "suasiveRate": 0.0, "discMarkerRate": 0.0, "smileyRate": 0.0021598272138228943, "dateRate": 0.0, "hesitationRate": 0.0, "restartRate": 0.0, "repeatRate": 0.004319654427645789, "conjBeforeDiscRate": 0.0, "conjAfterDiscRate": 0.0, "wordBeforeHesitationRate": 0.0, "wordAfterHesitationRate": 0.0, "otherCollocationRate": 0.0, "easyWordNum": 445, "hardWordNum": 18, "easyWordRate": 0.9611231101511879, "hardWordRate": 0.038876889848812095, "fleschReadingEaseScore": 90.26849753558179, "gunningFogIndex": 4.764268704657474, "fleschKincaidGradeLevel": 3.6179697624190084, "colemanLiauIndex": 7.759747300215981, "smogIndex": 7.010146845296333, "automatedReadabilityIndex": 3.3458974358974345, "linsearWriteIndex": 0.28482029129977304, "author": "", "locationNameNum": 0, "locationNameRate": 0.0, "personNameNum": 1, "personNameRate": 0.0021598272138228943, "organizationNameNum": 0, "organizationNameRate": 0.0, "misspelledNum": 8, "misspelledRate": 0.017278617710583154, "missingAccentNum": 1, "missingAccentRate": 0.0021598272138228943, "foreignAccentNum": 0, "foreignAccentRate": 0.0, "wordConcatNum": 2, "wordConcatRate": 0.004319654427645789, "jLyMistakeNum": 0, "jLyMistakeRate": 0.0, "freqSuffixNum": 0, "partsNum": 153, "privateVNum": 0, "publicVNum": 0, "clauseWordNum": 80}