{"tokenNum": 388, "sentenceNum": 14, "lemmaNum": 223, "lemmaRate": 0.5747422680412371, "sentenceLength": 27.714285714285715, "allUpperNum": 1, "firstUpperNum": 21, "allUpperRate": 0.002577319587628866, "firstUpperRate": 0.05412371134020619, "declarSentNum": 13, "imperSentNum": 1, "questionNum": 0, "declarSentRate": 0.9285714285714286, "imperSentRate": 0.07142857142857142, "questionRate": 0.0, "accent": true, "saturation": 5.186046511627907, "paragraphNum": 0, "nounNum": 96, "verbNum": 45, "adjNum": 64, "infNum": 4, "partPastNum": 4, "partPresNum": 2, "partFutNum": 0, "transNum": 3, "xNum": 12, "advNum": 26, "properNounNum": 7, "numNum": 3, "conjNum": 22, "punctNum": 49, "pronNum": 17, "relPronNum": 3, "demPronNum": 10, "adposNum": 8, "multiplePunctNum": 1, "phraseNum": 0, "nounRate": 0.24742268041237114, "verbRate": 0.11597938144329897, "adjRate": 0.16494845360824742, "infRate": 0.010309278350515464, "partPastRate": 0.010309278350515464, "partPresRate": 0.005154639175257732, "partFutRate": 0.0, "transRate": 0.007731958762886598, "xRate": 0.030927835051546393, "advRate": 0.06701030927835051, "properNounRate": 0.01804123711340206, "numRate": 0.007731958762886598, "conjRate": 0.05670103092783505, "punctRate": 0.12628865979381443, "pronRate": 0.04381443298969072, "relPronRate": 0.007731958762886598, "demPronRate": 0.02577319587628866, "adposRate": 0.020618556701030927, "multiplePunctRate": 0.02040816326530612, "partsDensityRate": 5.372093023255814, "contentfulness": 16.5, "phraseRate": 0.0, "pastTenseNum": 30, "presentTenseNum": 11, "condNum": 0, "impNum": 0, "freqNum": 0, "causNum": 0, "modalNum": 1, "sg1VerbNum": 8, "sg2VerbNum": 0, "sg3VerbNum": 43, "pl1VerbNum": 3, "pl2VerbNum": 0, "pl3VerbNum": 7, "superlatNum": 0, "comparatNum": 1, "specDerivSuffixNum": 0, "pluralNounNum": 16, "pastTenseRate": 0.6666666666666666, "presentTenseRate": 0.24444444444444444, "condRate": 0.0, "impRate": 0.0, "freqRate": 0.0, "causRate": 0.0, "modalRate": 0.022222222222222223, "sg1VerbRate": 0.17777777777777778, "sg2VerbRate": 0.0, "sg3VerbRate": 0.9555555555555556, "pl1VerbRate": 0.06666666666666667, "pl2VerbRate": 0.0, "pl3VerbRate": 0.15555555555555556, "superlatRate": 0.0, "comparatRate": 0.015625, "specDerivSuffixRate": 0.0, "pluralNounRate": 0.16666666666666666, "subjNum": 29, "objNum": 12, "attNum": 54, "subordNum": 15, "adverbNum": 33, "coordNum": 16, "clauseNum": 43, "simpleNum": 3, "complexNum": 11, "complexity1Num": 1, "complexity2Num": 6, "complexity3Num": 1, "compoundNum": 0, "subjRate": 0.07474226804123711, "objRate": 0.030927835051546393, "attRate": 0.13917525773195877, "subordRate": 0.03865979381443299, "adverbRate": 0.08505154639175258, "coordRate": 0.041237113402061855, "partsRate": 3.3488372093023258, "clauseRate": 3.0714285714285716, "simpleRate": 0.21428571428571427, "complexRate": 0.7857142857142857, "complexity1Rate": 0.07142857142857142, "complexity2Rate": 0.42857142857142855, "complexity3Rate": 0.07142857142857142, "complexClauseRate": 3.6363636363636362, "sentencesPerParagraph": 0.0, "wordsLengthRate": 6.398230088495575, "compoundRate": 0.0, "positiveNum": 0, "negativeNum": 0, "precoPositiveNum": 0, "precoNegativeNum": 0, "negemoNum": 0, "negationNum": 5, "functionNum": 157, "contentNum": 231, "vulgarNum": 0, "racistNum": 0, "specStyleNum": 0, "addressingNum": 0, "closingNum": 0, "postscriptNum": 0, "brutalNum": 0, "positiveRate": 0.0, "negativeRate": 0.0, "precoPositiveRate": 0.0, "precoNegativeRate": 0.0, "negemoRate": 0.0, "negationRate": 0.01288659793814433, "functionRate": 0.40463917525773196, "contentRate": 0.595360824742268, "vulgarRate": 0.0, "racistRate": 0.0, "specStyleRate": 0.0, "addressingRate": 0.0, "closingRate": 0.0, "postscriptRate": 0.0, "brutalRate": 0.0, "epistemicNum": 0, "investNum": 0, "conditionNum": 0, "weaselNum": 0, "peacockNum": 0, "hedgeNum": 0, "doxasticNum": 0, "epistemicRate": 0.0, "investRate": 0.0, "conditionRate": 0.0, "weaselRate": 0.0, "peacockRate": 0.0, "hedgeRate": 0.0, "doxasticRate": 0.0, "loveNum": 0, "anxietyNum": 0, "sorrowNum": 0, "joyNum": 0, "disgustNum": 0, "fearNum": 0, "surpriseNum": 0, "angerNum": 0, "loveRate": 0.0, "anxietyRate": 0.0, "sorrowRate": 0.0, "joyRate": 0.0, "disgustRate": 0.0, "fearRate": 0.0, "surpriseRate": 0.0, "angerRate": 0.0, "slangBeGeneralNum": 0, "slangBeCigaretteNum": 0, "slangBeHumanNum": 0, "slangBeVehicleNum": 0, "slangBeDrugNum": 0, "slangBvNum": 0, "slangBeGeneralRate": 0.0, "slangBeCigaretteRate": 0.0, "slangBeHumanRate": 0.0, "slangBeVehicleRate": 0.0, "slangBeDrugRate": 0.0, "slangBvRate": 0.0, "speechactNum": 0, "quoteNum": 0, "dashNum": 0, "publicNum": 0, "privateNum": 0, "suasiveNum": 0, "discMarkerNum": 0, "smileyNum": 0, "dateNum": 0, "hesitationNum": 0, "restartNum": 0, "repeatNum": 1, "conjBeforeDiscNum": 0, "conjAfterDiscNum": 0, "wordBeforeHesitationNum": 0, "wordAfterHesitationNum": 0, "otherCollocationNum": 0, "speechactRate": 0.0, "quoteRate": 0.0, "dashRate": 0.0, "publicRate": 0.0, "privateRate": 0.0, "suasiveRate": 0.0, "discMarkerRate": 0.0, "smileyRate": 0.0, "dateRate": 0.0, "hesitationRate": 0.0, "restartRate": 0.0, "repeatRate": 0.002577319587628866, "conjBeforeDiscRate": 0.0, "conjAfterDiscRate": 0.0, "wordBeforeHesitationRate": 0.0, "wordAfterHesitationRate": 0.0, "otherCollocationRate": 0.0, "easyWordNum": 312, "hardWordNum": 76, "easyWordRate": 0.8041237113402062, "hardWordRate": 0.1958762886597938, "fleschReadingEaseScore": 11.68541237113405, "gunningFogIndex": 11.164064801178204, "fleschKincaidGradeLevel": 18.514447717231224, "colemanLiauIndex": 17.73342268041237, "smogIndex": 12.221763196225844, "automatedReadabilityIndex": 19.24258100147275, "linsearWriteIndex": 3.8692930780559633, "author": "", "locationNameNum": 3, "locationNameRate": 0.007731958762886598, "personNameNum": 1, "personNameRate": 0.002577319587628866, "organizationNameNum": 2, "organizationNameRate": 0.005154639175257732, "misspelledNum": 9, "misspelledRate": 0.023195876288659795, "missingAccentNum": 2, "missingAccentRate": 0.005154639175257732, "foreignAccentNum": 0, "foreignAccentRate": 0.0, "wordConcatNum": 3, "wordConcatRate": 0.007731958762886598, "jLyMistakeNum": 0, "jLyMistakeRate": 0.0, "freqSuffixNum": 0, "partsNum": 144, "privateVNum": 0, "publicVNum": 0, "clauseWordNum": 43}