{"tokenNum": 437, "sentenceNum": 24, "lemmaNum": 208, "lemmaRate": 0.4759725400457666, "sentenceLength": 18.208333333333332, "allUpperNum": 0, "firstUpperNum": 28, "allUpperRate": 0.0, "firstUpperRate": 0.06407322654462243, "declarSentNum": 24, "imperSentNum": 0, "questionNum": 0, "declarSentRate": 1.0, "imperSentRate": 0.0, "questionRate": 0.0, "accent": true, "saturation": 3.1044776119402986, "paragraphNum": 0, "nounNum": 61, "verbNum": 60, "adjNum": 42, "infNum": 10, "partPastNum": 1, "partPresNum": 5, "partFutNum": 0, "transNum": 5, "xNum": 21, "advNum": 44, "properNounNum": 7, "numNum": 1, "conjNum": 48, "punctNum": 77, "pronNum": 45, "relPronNum": 10, "demPronNum": 37, "adposNum": 3, "multiplePunctNum": 0, "phraseNum": 0, "nounRate": 0.13958810068649885, "verbRate": 0.13729977116704806, "adjRate": 0.09610983981693363, "infRate": 0.02288329519450801, "partPastRate": 0.002288329519450801, "partPresRate": 0.011441647597254004, "partFutRate": 0.0, "transRate": 0.011441647597254004, "xRate": 0.04805491990846682, "advRate": 0.10068649885583524, "properNounRate": 0.016018306636155607, "numRate": 0.002288329519450801, "conjRate": 0.10983981693363844, "punctRate": 0.17620137299771166, "pronRate": 0.10297482837528604, "relPronRate": 0.02288329519450801, "demPronRate": 0.08466819221967964, "adposRate": 0.006864988558352402, "multiplePunctRate": 0.0, "partsDensityRate": 3.08955223880597, "contentfulness": 8.625, "phraseRate": 0.0, "pastTenseNum": 8, "presentTenseNum": 42, "condNum": 4, "impNum": 9, "freqNum": 0, "causNum": 1, "modalNum": 3, "sg1VerbNum": 15, "sg2VerbNum": 4, "sg3VerbNum": 66, "pl1VerbNum": 1, "pl2VerbNum": 0, "pl3VerbNum": 13, "superlatNum": 0, "comparatNum": 3, "specDerivSuffixNum": 0, "pluralNounNum": 10, "pastTenseRate": 0.13333333333333333, "presentTenseRate": 0.7, "condRate": 0.06666666666666667, "impRate": 0.15, "freqRate": 0.0, "causRate": 0.016666666666666666, "modalRate": 0.05, "sg1VerbRate": 0.25, "sg2VerbRate": 0.06666666666666667, "sg3VerbRate": 1.1, "pl1VerbRate": 0.016666666666666666, "pl2VerbRate": 0.0, "pl3VerbRate": 0.21666666666666667, "superlatRate": 0.0, "comparatRate": 0.07142857142857142, "specDerivSuffixRate": 0.0, "pluralNounRate": 0.16393442622950818, "subjNum": 28, "objNum": 26, "attNum": 18, "subordNum": 31, "adverbNum": 54, "coordNum": 15, "clauseNum": 67, "simpleNum": 6, "complexNum": 17, "complexity1Num": 5, "complexity2Num": 5, "complexity3Num": 4, "compoundNum": 0, "subjRate": 0.06407322654462243, "objRate": 0.059496567505720827, "attRate": 0.041189931350114416, "subordRate": 0.07093821510297482, "adverbRate": 0.12356979405034325, "coordRate": 0.034324942791762014, "partsRate": 2.1044776119402986, "clauseRate": 2.7916666666666665, "simpleRate": 0.25, "complexRate": 0.7083333333333334, "complexity1Rate": 0.20833333333333334, "complexity2Rate": 0.20833333333333334, "complexity3Rate": 0.16666666666666666, "complexClauseRate": 3.588235294117647, "sentencesPerParagraph": 0.0, "wordsLengthRate": 5.386111111111111, "compoundRate": 0.0, "positiveNum": 0, "negativeNum": 0, "precoPositiveNum": 0, "precoNegativeNum": 0, "negemoNum": 0, "negationNum": 10, "functionNum": 230, "contentNum": 207, "vulgarNum": 0, "racistNum": 0, "specStyleNum": 0, "addressingNum": 0, "closingNum": 0, "postscriptNum": 0, "brutalNum": 0, "positiveRate": 0.0, "negativeRate": 0.0, "precoPositiveRate": 0.0, "precoNegativeRate": 0.0, "negemoRate": 0.0, "negationRate": 0.02288329519450801, "functionRate": 0.5263157894736842, "contentRate": 0.47368421052631576, "vulgarRate": 0.0, "racistRate": 0.0, "specStyleRate": 0.0, "addressingRate": 0.0, "closingRate": 0.0, "postscriptRate": 0.0, "brutalRate": 0.0, "epistemicNum": 0, "investNum": 0, "conditionNum": 0, "weaselNum": 0, "peacockNum": 0, "hedgeNum": 0, "doxasticNum": 0, "epistemicRate": 0.0, "investRate": 0.0, "conditionRate": 0.0, "weaselRate": 0.0, "peacockRate": 0.0, "hedgeRate": 0.0, "doxasticRate": 0.0, "loveNum": 0, "anxietyNum": 0, "sorrowNum": 0, "joyNum": 0, "disgustNum": 0, "fearNum": 0, "surpriseNum": 0, "angerNum": 0, "loveRate": 0.0, "anxietyRate": 0.0, "sorrowRate": 0.0, "joyRate": 0.0, "disgustRate": 0.0, "fearRate": 0.0, "surpriseRate": 0.0, "angerRate": 0.0, "slangBeGeneralNum": 0, "slangBeCigaretteNum": 0, "slangBeHumanNum": 0, "slangBeVehicleNum": 0, "slangBeDrugNum": 0, "slangBvNum": 0, "slangBeGeneralRate": 0.0, "slangBeCigaretteRate": 0.0, "slangBeHumanRate": 0.0, "slangBeVehicleRate": 0.0, "slangBeDrugRate": 0.0, "slangBvRate": 0.0, "speechactNum": 0, "quoteNum": 0, "dashNum": 0, "publicNum": 0, "privateNum": 0, "suasiveNum": 0, "discMarkerNum": 0, "smileyNum": 0, "dateNum": 0, "hesitationNum": 0, "restartNum": 0, "repeatNum": 1, "conjBeforeDiscNum": 0, "conjAfterDiscNum": 0, "wordBeforeHesitationNum": 0, "wordAfterHesitationNum": 0, "otherCollocationNum": 0, "speechactRate": 0.0, "quoteRate": 0.0, "dashRate": 0.0, "publicRate": 0.0, "privateRate": 0.0, "suasiveRate": 0.0, "discMarkerRate": 0.0, "smileyRate": 0.0, "dateRate": 0.0, "hesitationRate": 0.0, "restartRate": 0.0, "repeatRate": 0.002288329519450801, "conjBeforeDiscRate": 0.0, "conjAfterDiscRate": 0.0, "wordBeforeHesitationRate": 0.0, "wordAfterHesitationRate": 0.0, "otherCollocationRate": 0.0, "easyWordNum": 405, "hardWordNum": 32, "easyWordRate": 0.9267734553775744, "hardWordRate": 0.07322654462242563, "fleschReadingEaseScore": 66.58374761632344, "gunningFogIndex": 7.312623951182303, "fleschKincaidGradeLevel": 8.495689359267736, "colemanLiauIndex": 11.088965675057207, "smogIndex": 9.029198982220553, "automatedReadabilityIndex": 9.176340579710143, "linsearWriteIndex": 1.2930968726163234, "author": "", "locationNameNum": 0, "locationNameRate": 0.0, "personNameNum": 0, "personNameRate": 0.0, "organizationNameNum": 0, "organizationNameRate": 0.0, "misspelledNum": 9, "misspelledRate": 0.020594965675057208, "missingAccentNum": 1, "missingAccentRate": 0.002288329519450801, "foreignAccentNum": 0, "foreignAccentRate": 0.0, "wordConcatNum": 2, "wordConcatRate": 0.004576659038901602, "jLyMistakeNum": 0, "jLyMistakeRate": 0.0, "freqSuffixNum": 0, "partsNum": 141, "privateVNum": 0, "publicVNum": 0, "clauseWordNum": 67}