{"tokenNum": 335, "sentenceNum": 22, "lemmaNum": 172, "lemmaRate": 0.5134328358208955, "sentenceLength": 15.227272727272727, "allUpperNum": 3, "firstUpperNum": 40, "allUpperRate": 0.008955223880597015, "firstUpperRate": 0.11940298507462686, "declarSentNum": 20, "imperSentNum": 1, "questionNum": 1, "declarSentRate": 0.9090909090909091, "imperSentRate": 0.045454545454545456, "questionRate": 0.045454545454545456, "accent": true, "saturation": 3.3076923076923075, "paragraphNum": 0, "nounNum": 55, "verbNum": 43, "adjNum": 22, "infNum": 3, "partPastNum": 0, "partPresNum": 0, "partFutNum": 0, "transNum": 1, "xNum": 20, "advNum": 39, "properNounNum": 18, "numNum": 5, "conjNum": 34, "punctNum": 60, "pronNum": 19, "relPronNum": 4, "demPronNum": 18, "adposNum": 1, "multiplePunctNum": 1, "phraseNum": 0, "nounRate": 0.16417910447761194, "verbRate": 0.12835820895522387, "adjRate": 0.06567164179104477, "infRate": 0.008955223880597015, "partPastRate": 0.0, "partPresRate": 0.0, "partFutRate": 0.0, "transRate": 0.0029850746268656717, "xRate": 0.05970149253731343, "advRate": 0.11641791044776119, "properNounRate": 0.05373134328358209, "numRate": 0.014925373134328358, "conjRate": 0.10149253731343283, "punctRate": 0.1791044776119403, "pronRate": 0.056716417910447764, "relPronRate": 0.011940298507462687, "demPronRate": 0.05373134328358209, "adposRate": 0.0029850746268656717, "multiplePunctRate": 0.016666666666666666, "partsDensityRate": 3.0576923076923075, "contentfulness": 7.2272727272727275, "phraseRate": 0.0, "pastTenseNum": 10, "presentTenseNum": 30, "condNum": 2, "impNum": 5, "freqNum": 0, "causNum": 0, "modalNum": 1, "sg1VerbNum": 12, "sg2VerbNum": 2, "sg3VerbNum": 40, "pl1VerbNum": 1, "pl2VerbNum": 0, "pl3VerbNum": 7, "superlatNum": 0, "comparatNum": 1, "specDerivSuffixNum": 0, "pluralNounNum": 9, "pastTenseRate": 0.23255813953488372, "presentTenseRate": 0.6976744186046512, "condRate": 0.046511627906976744, "impRate": 0.11627906976744186, "freqRate": 0.0, "causRate": 0.0, "modalRate": 0.023255813953488372, "sg1VerbRate": 0.27906976744186046, "sg2VerbRate": 0.046511627906976744, "sg3VerbRate": 0.9302325581395349, "pl1VerbRate": 0.023255813953488372, "pl2VerbRate": 0.0, "pl3VerbRate": 0.16279069767441862, "superlatRate": 0.0, "comparatRate": 0.045454545454545456, "specDerivSuffixRate": 0.0, "pluralNounRate": 0.16363636363636364, "subjNum": 23, "objNum": 10, "attNum": 8, "subordNum": 17, "adverbNum": 50, "coordNum": 13, "clauseNum": 52, "simpleNum": 11, "complexNum": 11, "complexity1Num": 2, "complexity2Num": 6, "complexity3Num": 0, "compoundNum": 0, "subjRate": 0.06865671641791045, "objRate": 0.029850746268656716, "attRate": 0.023880597014925373, "subordRate": 0.050746268656716415, "adverbRate": 0.14925373134328357, "coordRate": 0.03880597014925373, "partsRate": 2.0, "clauseRate": 2.3636363636363638, "simpleRate": 0.5, "complexRate": 0.5, "complexity1Rate": 0.09090909090909091, "complexity2Rate": 0.2727272727272727, "complexity3Rate": 0.0, "complexClauseRate": 3.727272727272727, "sentencesPerParagraph": 0.0, "wordsLengthRate": 4.829090909090909, "compoundRate": 0.0, "positiveNum": 0, "negativeNum": 0, "precoPositiveNum": 0, "precoNegativeNum": 0, "negemoNum": 0, "negationNum": 9, "functionNum": 176, "contentNum": 159, "vulgarNum": 0, "racistNum": 0, "specStyleNum": 0, "addressingNum": 0, "closingNum": 0, "postscriptNum": 0, "brutalNum": 0, "positiveRate": 0.0, "negativeRate": 0.0, "precoPositiveRate": 0.0, "precoNegativeRate": 0.0, "negemoRate": 0.0, "negationRate": 0.026865671641791045, "functionRate": 0.5253731343283582, "contentRate": 0.4746268656716418, "vulgarRate": 0.0, "racistRate": 0.0, "specStyleRate": 0.0, "addressingRate": 0.0, "closingRate": 0.0, "postscriptRate": 0.0, "brutalRate": 0.0, "epistemicNum": 0, "investNum": 0, "conditionNum": 0, "weaselNum": 0, "peacockNum": 0, "hedgeNum": 0, "doxasticNum": 0, "epistemicRate": 0.0, "investRate": 0.0, "conditionRate": 0.0, "weaselRate": 0.0, "peacockRate": 0.0, "hedgeRate": 0.0, "doxasticRate": 0.0, "loveNum": 0, "anxietyNum": 0, "sorrowNum": 0, "joyNum": 0, "disgustNum": 0, "fearNum": 0, "surpriseNum": 0, "angerNum": 0, "loveRate": 0.0, "anxietyRate": 0.0, "sorrowRate": 0.0, "joyRate": 0.0, "disgustRate": 0.0, "fearRate": 0.0, "surpriseRate": 0.0, "angerRate": 0.0, "slangBeGeneralNum": 0, "slangBeCigaretteNum": 0, "slangBeHumanNum": 0, "slangBeVehicleNum": 0, "slangBeDrugNum": 0, "slangBvNum": 0, "slangBeGeneralRate": 0.0, "slangBeCigaretteRate": 0.0, "slangBeHumanRate": 0.0, "slangBeVehicleRate": 0.0, "slangBeDrugRate": 0.0, "slangBvRate": 0.0, "speechactNum": 0, "quoteNum": 0, "dashNum": 0, "publicNum": 0, "privateNum": 0, "suasiveNum": 0, "discMarkerNum": 0, "smileyNum": 0, "dateNum": 0, "hesitationNum": 0, "restartNum": 0, "repeatNum": 6, "conjBeforeDiscNum": 0, "conjAfterDiscNum": 0, "wordBeforeHesitationNum": 0, "wordAfterHesitationNum": 0, "otherCollocationNum": 0, "speechactRate": 0.0, "quoteRate": 0.0, "dashRate": 0.0, "publicRate": 0.0, "privateRate": 0.0, "suasiveRate": 0.0, "discMarkerRate": 0.0, "smileyRate": 0.0, "dateRate": 0.0, "hesitationRate": 0.0, "restartRate": 0.0, "repeatRate": 0.01791044776119403, "conjBeforeDiscRate": 0.0, "conjAfterDiscRate": 0.0, "wordBeforeHesitationRate": 0.0, "wordAfterHesitationRate": 0.0, "otherCollocationRate": 0.0, "easyWordNum": 316, "hardWordNum": 19, "easyWordRate": 0.9432835820895522, "hardWordRate": 0.056716417910447764, "fleschReadingEaseScore": 80.51543758480325, "gunningFogIndex": 6.11359565807327, "fleschKincaidGradeLevel": 5.8119199457259185, "colemanLiauIndex": 8.287265671641787, "smogIndex": 7.675431598112922, "automatedReadabilityIndex": 5.445427408412481, "linsearWriteIndex": 1.394843962008141, "author": "", "locationNameNum": 0, "locationNameRate": 0.0, "personNameNum": 10, "personNameRate": 0.029850746268656716, "organizationNameNum": 3, "organizationNameRate": 0.008955223880597015, "misspelledNum": 2, "misspelledRate": 0.005970149253731343, "missingAccentNum": 0, "missingAccentRate": 0.0, "foreignAccentNum": 0, "foreignAccentRate": 0.0, "wordConcatNum": 2, "wordConcatRate": 0.005970149253731343, "jLyMistakeNum": 0, "jLyMistakeRate": 0.0, "freqSuffixNum": 0, "partsNum": 104, "privateVNum": 0, "publicVNum": 0, "clauseWordNum": 52}