{"tokenNum": 382, "sentenceNum": 22, "lemmaNum": 178, "lemmaRate": 0.46596858638743455, "sentenceLength": 17.363636363636363, "allUpperNum": 1, "firstUpperNum": 28, "allUpperRate": 0.002617801047120419, "firstUpperRate": 0.07329842931937172, "declarSentNum": 21, "imperSentNum": 1, "questionNum": 0, "declarSentRate": 0.9545454545454546, "imperSentRate": 0.045454545454545456, "questionRate": 0.0, "accent": true, "saturation": 3.4901960784313726, "paragraphNum": 0, "nounNum": 65, "verbNum": 47, "adjNum": 26, "infNum": 5, "partPastNum": 2, "partPresNum": 0, "partFutNum": 0, "transNum": 2, "xNum": 25, "advNum": 37, "properNounNum": 10, "numNum": 3, "conjNum": 22, "punctNum": 90, "pronNum": 27, "relPronNum": 1, "demPronNum": 19, "adposNum": 3, "multiplePunctNum": 1, "phraseNum": 0, "nounRate": 0.17015706806282724, "verbRate": 0.12303664921465969, "adjRate": 0.06806282722513089, "infRate": 0.013089005235602094, "partPastRate": 0.005235602094240838, "partPresRate": 0.0, "partFutRate": 0.0, "transRate": 0.005235602094240838, "xRate": 0.06544502617801047, "advRate": 0.0968586387434555, "properNounRate": 0.02617801047120419, "numRate": 0.007853403141361256, "conjRate": 0.05759162303664921, "punctRate": 0.2356020942408377, "pronRate": 0.07068062827225131, "relPronRate": 0.002617801047120419, "demPronRate": 0.049738219895287955, "adposRate": 0.007853403141361256, "multiplePunctRate": 0.011111111111111112, "partsDensityRate": 3.4313725490196076, "contentfulness": 7.954545454545454, "phraseRate": 0.0, "pastTenseNum": 10, "presentTenseNum": 32, "condNum": 5, "impNum": 9, "freqNum": 0, "causNum": 0, "modalNum": 5, "sg1VerbNum": 24, "sg2VerbNum": 5, "sg3VerbNum": 32, "pl1VerbNum": 1, "pl2VerbNum": 2, "pl3VerbNum": 8, "superlatNum": 2, "comparatNum": 0, "specDerivSuffixNum": 0, "pluralNounNum": 7, "pastTenseRate": 0.2127659574468085, "presentTenseRate": 0.6808510638297872, "condRate": 0.10638297872340426, "impRate": 0.19148936170212766, "freqRate": 0.0, "causRate": 0.0, "modalRate": 0.10638297872340426, "sg1VerbRate": 0.5106382978723404, "sg2VerbRate": 0.10638297872340426, "sg3VerbRate": 0.6808510638297872, "pl1VerbRate": 0.02127659574468085, "pl2VerbRate": 0.0425531914893617, "pl3VerbRate": 0.1702127659574468, "superlatRate": 0.07692307692307693, "comparatRate": 0.0, "specDerivSuffixRate": 0.0, "pluralNounRate": 0.1076923076923077, "subjNum": 25, "objNum": 14, "attNum": 17, "subordNum": 17, "adverbNum": 48, "coordNum": 6, "clauseNum": 51, "simpleNum": 8, "complexNum": 14, "complexity1Num": 9, "complexity2Num": 2, "complexity3Num": 0, "compoundNum": 0, "subjRate": 0.06544502617801047, "objRate": 0.03664921465968586, "attRate": 0.04450261780104712, "subordRate": 0.04450261780104712, "adverbRate": 0.1256544502617801, "coordRate": 0.015706806282722512, "partsRate": 2.156862745098039, "clauseRate": 2.3181818181818183, "simpleRate": 0.36363636363636365, "complexRate": 0.6363636363636364, "complexity1Rate": 0.4090909090909091, "complexity2Rate": 0.09090909090909091, "complexity3Rate": 0.0, "complexClauseRate": 3.0714285714285716, "sentencesPerParagraph": 0.0, "wordsLengthRate": 4.914383561643835, "compoundRate": 0.0, "positiveNum": 0, "negativeNum": 0, "precoPositiveNum": 0, "precoNegativeNum": 0, "negemoNum": 0, "negationNum": 8, "functionNum": 207, "contentNum": 175, "vulgarNum": 0, "racistNum": 0, "specStyleNum": 0, "addressingNum": 0, "closingNum": 0, "postscriptNum": 0, "brutalNum": 0, "positiveRate": 0.0, "negativeRate": 0.0, "precoPositiveRate": 0.0, "precoNegativeRate": 0.0, "negemoRate": 0.0, "negationRate": 0.020942408376963352, "functionRate": 0.5418848167539267, "contentRate": 0.4581151832460733, "vulgarRate": 0.0, "racistRate": 0.0, "specStyleRate": 0.0, "addressingRate": 0.0, "closingRate": 0.0, "postscriptRate": 0.0, "brutalRate": 0.0, "epistemicNum": 0, "investNum": 0, "conditionNum": 0, "weaselNum": 0, "peacockNum": 0, "hedgeNum": 0, "doxasticNum": 0, "epistemicRate": 0.0, "investRate": 0.0, "conditionRate": 0.0, "weaselRate": 0.0, "peacockRate": 0.0, "hedgeRate": 0.0, "doxasticRate": 0.0, "loveNum": 0, "anxietyNum": 0, "sorrowNum": 0, "joyNum": 0, "disgustNum": 0, "fearNum": 0, "surpriseNum": 0, "angerNum": 0, "loveRate": 0.0, "anxietyRate": 0.0, "sorrowRate": 0.0, "joyRate": 0.0, "disgustRate": 0.0, "fearRate": 0.0, "surpriseRate": 0.0, "angerRate": 0.0, "slangBeGeneralNum": 0, "slangBeCigaretteNum": 0, "slangBeHumanNum": 0, "slangBeVehicleNum": 0, "slangBeDrugNum": 0, "slangBvNum": 0, "slangBeGeneralRate": 0.0, "slangBeCigaretteRate": 0.0, "slangBeHumanRate": 0.0, "slangBeVehicleRate": 0.0, "slangBeDrugRate": 0.0, "slangBvRate": 0.0, "speechactNum": 0, "quoteNum": 0, "dashNum": 0, "publicNum": 0, "privateNum": 0, "suasiveNum": 0, "discMarkerNum": 0, "smileyNum": 0, "dateNum": 0, "hesitationNum": 0, "restartNum": 0, "repeatNum": 14, "conjBeforeDiscNum": 0, "conjAfterDiscNum": 0, "wordBeforeHesitationNum": 0, "wordAfterHesitationNum": 0, "otherCollocationNum": 0, "speechactRate": 0.0, "quoteRate": 0.0, "dashRate": 0.0, "publicRate": 0.0, "privateRate": 0.0, "suasiveRate": 0.0, "discMarkerRate": 0.0, "smileyRate": 0.0, "dateRate": 0.0, "hesitationRate": 0.0, "restartRate": 0.0, "repeatRate": 0.03664921465968586, "conjBeforeDiscRate": 0.0, "conjAfterDiscRate": 0.0, "wordBeforeHesitationRate": 0.0, "wordAfterHesitationRate": 0.0, "otherCollocationRate": 0.0, "easyWordNum": 370, "hardWordNum": 12, "easyWordRate": 0.9685863874345549, "hardWordRate": 0.031413612565445025, "fleschReadingEaseScore": 88.00096144693005, "gunningFogIndex": 6.958019990480723, "fleschKincaidGradeLevel": 5.298572108519753, "colemanLiauIndex": 7.389774869109946, "smogIndex": 6.742157984588678, "automatedReadabilityIndex": 5.79590195145169, "linsearWriteIndex": 1.3024750118990958, "author": "", "locationNameNum": 0, "locationNameRate": 0.0, "personNameNum": 5, "personNameRate": 0.013089005235602094, "organizationNameNum": 0, "organizationNameRate": 0.0, "misspelledNum": 8, "misspelledRate": 0.020942408376963352, "missingAccentNum": 0, "missingAccentRate": 0.0, "foreignAccentNum": 0, "foreignAccentRate": 0.0, "wordConcatNum": 0, "wordConcatRate": 0.0, "jLyMistakeNum": 0, "jLyMistakeRate": 0.0, "freqSuffixNum": 0, "partsNum": 110, "privateVNum": 0, "publicVNum": 0, "clauseWordNum": 51}