{"tokenNum": 321, "sentenceNum": 21, "lemmaNum": 175, "lemmaRate": 0.5451713395638629, "sentenceLength": 15.285714285714286, "allUpperNum": 0, "firstUpperNum": 24, "allUpperRate": 0.0, "firstUpperRate": 0.07476635514018691, "declarSentNum": 21, "imperSentNum": 0, "questionNum": 0, "declarSentRate": 1.0, "imperSentRate": 0.0, "questionRate": 0.0, "accent": true, "saturation": 3.723404255319149, "paragraphNum": 0, "nounNum": 48, "verbNum": 40, "adjNum": 32, "infNum": 4, "partPastNum": 2, "partPresNum": 0, "partFutNum": 0, "transNum": 2, "xNum": 19, "advNum": 39, "properNounNum": 4, "numNum": 7, "conjNum": 24, "punctNum": 59, "pronNum": 19, "relPronNum": 6, "demPronNum": 11, "adposNum": 4, "multiplePunctNum": 1, "phraseNum": 0, "nounRate": 0.14953271028037382, "verbRate": 0.12461059190031153, "adjRate": 0.09968847352024922, "infRate": 0.012461059190031152, "partPastRate": 0.006230529595015576, "partPresRate": 0.0, "partFutRate": 0.0, "transRate": 0.006230529595015576, "xRate": 0.059190031152647975, "advRate": 0.12149532710280374, "properNounRate": 0.012461059190031152, "numRate": 0.021806853582554516, "conjRate": 0.07476635514018691, "punctRate": 0.1838006230529595, "pronRate": 0.059190031152647975, "relPronRate": 0.018691588785046728, "demPronRate": 0.03426791277258567, "adposRate": 0.012461059190031152, "multiplePunctRate": 0.01694915254237288, "partsDensityRate": 3.382978723404255, "contentfulness": 7.571428571428571, "phraseRate": 0.0, "pastTenseNum": 14, "presentTenseNum": 22, "condNum": 0, "impNum": 4, "freqNum": 0, "causNum": 0, "modalNum": 2, "sg1VerbNum": 16, "sg2VerbNum": 1, "sg3VerbNum": 30, "pl1VerbNum": 0, "pl2VerbNum": 0, "pl3VerbNum": 9, "superlatNum": 3, "comparatNum": 0, "specDerivSuffixNum": 0, "pluralNounNum": 6, "pastTenseRate": 0.35, "presentTenseRate": 0.55, "condRate": 0.0, "impRate": 0.1, "freqRate": 0.0, "causRate": 0.0, "modalRate": 0.05, "sg1VerbRate": 0.4, "sg2VerbRate": 0.025, "sg3VerbRate": 0.75, "pl1VerbRate": 0.0, "pl2VerbRate": 0.0, "pl3VerbRate": 0.225, "superlatRate": 0.09375, "comparatRate": 0.0, "specDerivSuffixRate": 0.0, "pluralNounRate": 0.125, "subjNum": 17, "objNum": 12, "attNum": 19, "subordNum": 12, "adverbNum": 41, "coordNum": 19, "clauseNum": 47, "simpleNum": 9, "complexNum": 12, "complexity1Num": 6, "complexity2Num": 2, "complexity3Num": 2, "compoundNum": 0, "subjRate": 0.0529595015576324, "objRate": 0.037383177570093455, "attRate": 0.059190031152647975, "subordRate": 0.037383177570093455, "adverbRate": 0.1277258566978193, "coordRate": 0.059190031152647975, "partsRate": 2.297872340425532, "clauseRate": 2.238095238095238, "simpleRate": 0.42857142857142855, "complexRate": 0.5714285714285714, "complexity1Rate": 0.2857142857142857, "complexity2Rate": 0.09523809523809523, "complexity3Rate": 0.09523809523809523, "complexClauseRate": 3.1666666666666665, "sentencesPerParagraph": 0.0, "wordsLengthRate": 4.950381679389313, "compoundRate": 0.0, "positiveNum": 0, "negativeNum": 0, "precoPositiveNum": 0, "precoNegativeNum": 0, "negemoNum": 0, "negationNum": 7, "functionNum": 162, "contentNum": 159, "vulgarNum": 0, "racistNum": 0, "specStyleNum": 0, "addressingNum": 0, "closingNum": 0, "postscriptNum": 0, "brutalNum": 0, "positiveRate": 0.0, "negativeRate": 0.0, "precoPositiveRate": 0.0, "precoNegativeRate": 0.0, "negemoRate": 0.0, "negationRate": 0.021806853582554516, "functionRate": 0.5046728971962616, "contentRate": 0.4953271028037383, "vulgarRate": 0.0, "racistRate": 0.0, "specStyleRate": 0.0, "addressingRate": 0.0, "closingRate": 0.0, "postscriptRate": 0.0, "brutalRate": 0.0, "epistemicNum": 0, "investNum": 0, "conditionNum": 0, "weaselNum": 0, "peacockNum": 0, "hedgeNum": 0, "doxasticNum": 0, "epistemicRate": 0.0, "investRate": 0.0, "conditionRate": 0.0, "weaselRate": 0.0, "peacockRate": 0.0, "hedgeRate": 0.0, "doxasticRate": 0.0, "loveNum": 0, "anxietyNum": 0, "sorrowNum": 0, "joyNum": 0, "disgustNum": 0, "fearNum": 0, "surpriseNum": 0, "angerNum": 0, "loveRate": 0.0, "anxietyRate": 0.0, "sorrowRate": 0.0, "joyRate": 0.0, "disgustRate": 0.0, "fearRate": 0.0, "surpriseRate": 0.0, "angerRate": 0.0, "slangBeGeneralNum": 0, "slangBeCigaretteNum": 0, "slangBeHumanNum": 0, "slangBeVehicleNum": 0, "slangBeDrugNum": 0, "slangBvNum": 0, "slangBeGeneralRate": 0.0, "slangBeCigaretteRate": 0.0, "slangBeHumanRate": 0.0, "slangBeVehicleRate": 0.0, "slangBeDrugRate": 0.0, "slangBvRate": 0.0, "speechactNum": 0, "quoteNum": 0, "dashNum": 0, "publicNum": 0, "privateNum": 0, "suasiveNum": 0, "discMarkerNum": 0, "smileyNum": 0, "dateNum": 0, "hesitationNum": 0, "restartNum": 0, "repeatNum": 4, "conjBeforeDiscNum": 0, "conjAfterDiscNum": 0, "wordBeforeHesitationNum": 0, "wordAfterHesitationNum": 0, "otherCollocationNum": 0, "speechactRate": 0.0, "quoteRate": 0.0, "dashRate": 0.0, "publicRate": 0.0, "privateRate": 0.0, "suasiveRate": 0.0, "discMarkerRate": 0.0, "smileyRate": 0.0, "dateRate": 0.0, "hesitationRate": 0.0, "restartRate": 0.0, "repeatRate": 0.012461059190031152, "conjBeforeDiscRate": 0.0, "conjAfterDiscRate": 0.0, "wordBeforeHesitationRate": 0.0, "wordAfterHesitationRate": 0.0, "otherCollocationRate": 0.0, "easyWordNum": 309, "hardWordNum": 12, "easyWordRate": 0.9626168224299065, "hardWordRate": 0.037383177570093455, "fleschReadingEaseScore": 82.20971962616827, "gunningFogIndex": 6.129238985313752, "fleschKincaidGradeLevel": 5.590120160213619, "colemanLiauIndex": 8.713947040498436, "smogIndex": 6.742157984588678, "automatedReadabilityIndex": 5.815847797062748, "linsearWriteIndex": 1.418038866636997, "author": "", "locationNameNum": 1, "locationNameRate": 0.003115264797507788, "personNameNum": 1, "personNameRate": 0.003115264797507788, "organizationNameNum": 1, "organizationNameRate": 0.003115264797507788, "misspelledNum": 5, "misspelledRate": 0.01557632398753894, "missingAccentNum": 2, "missingAccentRate": 0.006230529595015576, "foreignAccentNum": 0, "foreignAccentRate": 0.0, "wordConcatNum": 3, "wordConcatRate": 0.009345794392523364, "jLyMistakeNum": 0, "jLyMistakeRate": 0.0, "freqSuffixNum": 0, "partsNum": 108, "privateVNum": 0, "publicVNum": 0, "clauseWordNum": 47}