{"tokenNum": 427, "sentenceNum": 28, "lemmaNum": 211, "lemmaRate": 0.49414519906323184, "sentenceLength": 15.25, "allUpperNum": 0, "firstUpperNum": 34, "allUpperRate": 0.0, "firstUpperRate": 0.07962529274004684, "declarSentNum": 28, "imperSentNum": 0, "questionNum": 0, "declarSentRate": 1.0, "imperSentRate": 0.0, "questionRate": 0.0, "accent": true, "saturation": 3.1029411764705883, "paragraphNum": 0, "nounNum": 74, "verbNum": 55, "adjNum": 31, "infNum": 2, "partPastNum": 1, "partPresNum": 4, "partFutNum": 0, "transNum": 4, "xNum": 28, "advNum": 50, "properNounNum": 6, "numNum": 2, "conjNum": 38, "punctNum": 84, "pronNum": 28, "relPronNum": 6, "demPronNum": 17, "adposNum": 1, "multiplePunctNum": 2, "phraseNum": 0, "nounRate": 0.17330210772833723, "verbRate": 0.1288056206088993, "adjRate": 0.07259953161592506, "infRate": 0.00468384074941452, "partPastRate": 0.00234192037470726, "partPresRate": 0.00936768149882904, "partFutRate": 0.0, "transRate": 0.00936768149882904, "xRate": 0.06557377049180328, "advRate": 0.117096018735363, "properNounRate": 0.01405152224824356, "numRate": 0.00468384074941452, "conjRate": 0.08899297423887588, "punctRate": 0.19672131147540983, "pronRate": 0.06557377049180328, "relPronRate": 0.01405152224824356, "demPronRate": 0.03981264637002342, "adposRate": 0.00234192037470726, "multiplePunctRate": 0.023809523809523808, "partsDensityRate": 3.088235294117647, "contentfulness": 7.5, "phraseRate": 0.0, "pastTenseNum": 33, "presentTenseNum": 20, "condNum": 1, "impNum": 5, "freqNum": 0, "causNum": 0, "modalNum": 1, "sg1VerbNum": 3, "sg2VerbNum": 2, "sg3VerbNum": 72, "pl1VerbNum": 7, "pl2VerbNum": 0, "pl3VerbNum": 2, "superlatNum": 0, "comparatNum": 0, "specDerivSuffixNum": 0, "pluralNounNum": 4, "pastTenseRate": 0.6, "presentTenseRate": 0.36363636363636365, "condRate": 0.01818181818181818, "impRate": 0.09090909090909091, "freqRate": 0.0, "causRate": 0.0, "modalRate": 0.01818181818181818, "sg1VerbRate": 0.05454545454545454, "sg2VerbRate": 0.03636363636363636, "sg3VerbRate": 1.309090909090909, "pl1VerbRate": 0.12727272727272726, "pl2VerbRate": 0.0, "pl3VerbRate": 0.03636363636363636, "superlatRate": 0.0, "comparatRate": 0.0, "specDerivSuffixRate": 0.0, "pluralNounRate": 0.05405405405405406, "subjNum": 35, "objNum": 14, "attNum": 21, "subordNum": 12, "adverbNum": 56, "coordNum": 35, "clauseNum": 68, "simpleNum": 11, "complexNum": 17, "complexity1Num": 8, "complexity2Num": 5, "complexity3Num": 1, "compoundNum": 0, "subjRate": 0.08196721311475409, "objRate": 0.03278688524590164, "attRate": 0.04918032786885246, "subordRate": 0.02810304449648712, "adverbRate": 0.13114754098360656, "coordRate": 0.08196721311475409, "partsRate": 2.3676470588235294, "clauseRate": 2.4285714285714284, "simpleRate": 0.39285714285714285, "complexRate": 0.6071428571428571, "complexity1Rate": 0.2857142857142857, "complexity2Rate": 0.17857142857142858, "complexity3Rate": 0.03571428571428571, "complexClauseRate": 3.3529411764705883, "sentencesPerParagraph": 0.0, "wordsLengthRate": 4.51603498542274, "compoundRate": 0.0, "positiveNum": 0, "negativeNum": 0, "precoPositiveNum": 0, "precoNegativeNum": 0, "negemoNum": 0, "negationNum": 12, "functionNum": 217, "contentNum": 210, "vulgarNum": 0, "racistNum": 0, "specStyleNum": 0, "addressingNum": 0, "closingNum": 0, "postscriptNum": 0, "brutalNum": 0, "positiveRate": 0.0, "negativeRate": 0.0, "precoPositiveRate": 0.0, "precoNegativeRate": 0.0, "negemoRate": 0.0, "negationRate": 0.02810304449648712, "functionRate": 0.5081967213114754, "contentRate": 0.4918032786885246, "vulgarRate": 0.0, "racistRate": 0.0, "specStyleRate": 0.0, "addressingRate": 0.0, "closingRate": 0.0, "postscriptRate": 0.0, "brutalRate": 0.0, "epistemicNum": 0, "investNum": 0, "conditionNum": 0, "weaselNum": 0, "peacockNum": 0, "hedgeNum": 0, "doxasticNum": 0, "epistemicRate": 0.0, "investRate": 0.0, "conditionRate": 0.0, "weaselRate": 0.0, "peacockRate": 0.0, "hedgeRate": 0.0, "doxasticRate": 0.0, "loveNum": 0, "anxietyNum": 0, "sorrowNum": 0, "joyNum": 0, "disgustNum": 0, "fearNum": 0, "surpriseNum": 0, "angerNum": 0, "loveRate": 0.0, "anxietyRate": 0.0, "sorrowRate": 0.0, "joyRate": 0.0, "disgustRate": 0.0, "fearRate": 0.0, "surpriseRate": 0.0, "angerRate": 0.0, "slangBeGeneralNum": 0, "slangBeCigaretteNum": 0, "slangBeHumanNum": 0, "slangBeVehicleNum": 0, "slangBeDrugNum": 0, "slangBvNum": 0, "slangBeGeneralRate": 0.0, "slangBeCigaretteRate": 0.0, "slangBeHumanRate": 0.0, "slangBeVehicleRate": 0.0, "slangBeDrugRate": 0.0, "slangBvRate": 0.0, "speechactNum": 0, "quoteNum": 0, "dashNum": 0, "publicNum": 0, "privateNum": 0, "suasiveNum": 0, "discMarkerNum": 0, "smileyNum": 0, "dateNum": 0, "hesitationNum": 0, "restartNum": 0, "repeatNum": 1, "conjBeforeDiscNum": 0, "conjAfterDiscNum": 0, "wordBeforeHesitationNum": 0, "wordAfterHesitationNum": 0, "otherCollocationNum": 0, "speechactRate": 0.0, "quoteRate": 0.0, "dashRate": 0.0, "publicRate": 0.0, "privateRate": 0.0, "suasiveRate": 0.0, "discMarkerRate": 0.0, "smileyRate": 0.0, "dateRate": 0.0, "hesitationRate": 0.0, "restartRate": 0.0, "repeatRate": 0.00234192037470726, "conjBeforeDiscRate": 0.0, "conjAfterDiscRate": 0.0, "wordBeforeHesitationRate": 0.0, "wordAfterHesitationRate": 0.0, "otherCollocationRate": 0.0, "easyWordNum": 414, "hardWordNum": 13, "easyWordRate": 0.9695550351288056, "hardWordRate": 0.03044496487119438, "fleschReadingEaseScore": 91.89676522248246, "gunningFogIndex": 6.1121779859484775, "fleschKincaidGradeLevel": 4.230099531615924, "colemanLiauIndex": 6.311442622950818, "smogIndex": 6.88968998030894, "automatedReadabilityIndex": 3.8768032786885236, "linsearWriteIndex": 0.7857142857142858, "author": "", "locationNameNum": 1, "locationNameRate": 0.00234192037470726, "personNameNum": 1, "personNameRate": 0.00234192037470726, "organizationNameNum": 0, "organizationNameRate": 0.0, "misspelledNum": 4, "misspelledRate": 0.00936768149882904, "missingAccentNum": 1, "missingAccentRate": 0.00234192037470726, "foreignAccentNum": 0, "foreignAccentRate": 0.0, "wordConcatNum": 0, "wordConcatRate": 0.0, "jLyMistakeNum": 0, "jLyMistakeRate": 0.0, "freqSuffixNum": 0, "partsNum": 161, "privateVNum": 0, "publicVNum": 0, "clauseWordNum": 68}