{"tokenNum": 383, "sentenceNum": 17, "lemmaNum": 189, "lemmaRate": 0.4934725848563969, "sentenceLength": 22.529411764705884, "allUpperNum": 0, "firstUpperNum": 42, "allUpperRate": 0.0, "firstUpperRate": 0.10966057441253264, "declarSentNum": 16, "imperSentNum": 0, "questionNum": 1, "declarSentRate": 0.9411764705882353, "imperSentRate": 0.0, "questionRate": 0.058823529411764705, "accent": true, "saturation": 3.78, "paragraphNum": 0, "nounNum": 102, "verbNum": 33, "adjNum": 20, "infNum": 1, "partPastNum": 0, "partPresNum": 6, "partFutNum": 0, "transNum": 4, "xNum": 14, "advNum": 31, "properNounNum": 24, "numNum": 15, "conjNum": 35, "punctNum": 58, "pronNum": 22, "relPronNum": 6, "demPronNum": 11, "adposNum": 6, "multiplePunctNum": 1, "phraseNum": 0, "nounRate": 0.26631853785900783, "verbRate": 0.08616187989556136, "adjRate": 0.05221932114882506, "infRate": 0.0026109660574412533, "partPastRate": 0.0, "partPresRate": 0.015665796344647518, "partFutRate": 0.0, "transRate": 0.010443864229765013, "xRate": 0.03655352480417755, "advRate": 0.08093994778067885, "properNounRate": 0.06266318537859007, "numRate": 0.0391644908616188, "conjRate": 0.09138381201044386, "punctRate": 0.1514360313315927, "pronRate": 0.057441253263707574, "relPronRate": 0.015665796344647518, "demPronRate": 0.028720626631853787, "adposRate": 0.015665796344647518, "multiplePunctRate": 0.017241379310344827, "partsDensityRate": 3.72, "contentfulness": 10.941176470588236, "phraseRate": 0.0, "pastTenseNum": 10, "presentTenseNum": 22, "condNum": 3, "impNum": 4, "freqNum": 0, "causNum": 0, "modalNum": 0, "sg1VerbNum": 6, "sg2VerbNum": 3, "sg3VerbNum": 30, "pl1VerbNum": 0, "pl2VerbNum": 2, "pl3VerbNum": 16, "superlatNum": 0, "comparatNum": 0, "specDerivSuffixNum": 0, "pluralNounNum": 21, "pastTenseRate": 0.30303030303030304, "presentTenseRate": 0.6666666666666666, "condRate": 0.09090909090909091, "impRate": 0.12121212121212122, "freqRate": 0.0, "causRate": 0.0, "modalRate": 0.0, "sg1VerbRate": 0.18181818181818182, "sg2VerbRate": 0.09090909090909091, "sg3VerbRate": 0.9090909090909091, "pl1VerbRate": 0.0, "pl2VerbRate": 0.06060606060606061, "pl3VerbRate": 0.48484848484848486, "superlatRate": 0.0, "comparatRate": 0.0, "specDerivSuffixRate": 0.0, "pluralNounRate": 0.20588235294117646, "subjNum": 28, "objNum": 11, "attNum": 12, "subordNum": 10, "adverbNum": 40, "coordNum": 29, "clauseNum": 50, "simpleNum": 5, "complexNum": 12, "complexity1Num": 4, "complexity2Num": 3, "complexity3Num": 2, "compoundNum": 0, "subjRate": 0.0731070496083551, "objRate": 0.028720626631853787, "attRate": 0.031331592689295036, "subordRate": 0.02610966057441253, "adverbRate": 0.10443864229765012, "coordRate": 0.07571801566579635, "partsRate": 2.4, "clauseRate": 2.9411764705882355, "simpleRate": 0.29411764705882354, "complexRate": 0.7058823529411765, "complexity1Rate": 0.23529411764705882, "complexity2Rate": 0.17647058823529413, "complexity3Rate": 0.11764705882352941, "complexClauseRate": 3.75, "sentencesPerParagraph": 0.0, "wordsLengthRate": 5.252307692307692, "compoundRate": 0.0, "positiveNum": 0, "negativeNum": 0, "precoPositiveNum": 0, "precoNegativeNum": 0, "negemoNum": 0, "negationNum": 9, "functionNum": 197, "contentNum": 186, "vulgarNum": 0, "racistNum": 0, "specStyleNum": 0, "addressingNum": 0, "closingNum": 0, "postscriptNum": 0, "brutalNum": 0, "positiveRate": 0.0, "negativeRate": 0.0, "precoPositiveRate": 0.0, "precoNegativeRate": 0.0, "negemoRate": 0.0, "negationRate": 0.02349869451697128, "functionRate": 0.5143603133159269, "contentRate": 0.4856396866840731, "vulgarRate": 0.0, "racistRate": 0.0, "specStyleRate": 0.0, "addressingRate": 0.0, "closingRate": 0.0, "postscriptRate": 0.0, "brutalRate": 0.0, "epistemicNum": 0, "investNum": 0, "conditionNum": 0, "weaselNum": 0, "peacockNum": 0, "hedgeNum": 0, "doxasticNum": 0, "epistemicRate": 0.0, "investRate": 0.0, "conditionRate": 0.0, "weaselRate": 0.0, "peacockRate": 0.0, "hedgeRate": 0.0, "doxasticRate": 0.0, "loveNum": 0, "anxietyNum": 0, "sorrowNum": 0, "joyNum": 0, "disgustNum": 0, "fearNum": 0, "surpriseNum": 0, "angerNum": 0, "loveRate": 0.0, "anxietyRate": 0.0, "sorrowRate": 0.0, "joyRate": 0.0, "disgustRate": 0.0, "fearRate": 0.0, "surpriseRate": 0.0, "angerRate": 0.0, "slangBeGeneralNum": 0, "slangBeCigaretteNum": 0, "slangBeHumanNum": 0, "slangBeVehicleNum": 0, "slangBeDrugNum": 0, "slangBvNum": 0, "slangBeGeneralRate": 0.0, "slangBeCigaretteRate": 0.0, "slangBeHumanRate": 0.0, "slangBeVehicleRate": 0.0, "slangBeDrugRate": 0.0, "slangBvRate": 0.0, "speechactNum": 0, "quoteNum": 0, "dashNum": 0, "publicNum": 0, "privateNum": 0, "suasiveNum": 0, "discMarkerNum": 0, "smileyNum": 0, "dateNum": 0, "hesitationNum": 0, "restartNum": 0, "repeatNum": 0, "conjBeforeDiscNum": 0, "conjAfterDiscNum": 0, "wordBeforeHesitationNum": 0, "wordAfterHesitationNum": 0, "otherCollocationNum": 0, "speechactRate": 0.0, "quoteRate": 0.0, "dashRate": 0.0, "publicRate": 0.0, "privateRate": 0.0, "suasiveRate": 0.0, "discMarkerRate": 0.0, "smileyRate": 0.0, "dateRate": 0.0, "hesitationRate": 0.0, "restartRate": 0.0, "repeatRate": 0.0, "conjBeforeDiscRate": 0.0, "conjAfterDiscRate": 0.0, "wordBeforeHesitationRate": 0.0, "wordAfterHesitationRate": 0.0, "otherCollocationRate": 0.0, "easyWordNum": 361, "hardWordNum": 22, "easyWordRate": 0.9425587467362925, "hardWordRate": 0.057441253263707574, "fleschReadingEaseScore": 63.58383504837968, "gunningFogIndex": 9.034741207187837, "fleschKincaidGradeLevel": 9.987593303639994, "colemanLiauIndex": 10.973992167101823, "smogIndex": 8.021203637495837, "automatedReadabilityIndex": 11.244914759637531, "linsearWriteIndex": 2.1715558285977576, "author": "", "locationNameNum": 0, "locationNameRate": 0.0, "personNameNum": 16, "personNameRate": 0.04177545691906005, "organizationNameNum": 0, "organizationNameRate": 0.0, "misspelledNum": 9, "misspelledRate": 0.02349869451697128, "missingAccentNum": 2, "missingAccentRate": 0.005221932114882507, "foreignAccentNum": 0, "foreignAccentRate": 0.0, "wordConcatNum": 3, "wordConcatRate": 0.007832898172323759, "jLyMistakeNum": 0, "jLyMistakeRate": 0.0, "freqSuffixNum": 0, "partsNum": 120, "privateVNum": 0, "publicVNum": 0, "clauseWordNum": 50}