{"tokenNum": 365, "sentenceNum": 19, "lemmaNum": 176, "lemmaRate": 0.4821917808219178, "sentenceLength": 19.210526315789473, "allUpperNum": 1, "firstUpperNum": 29, "allUpperRate": 0.0027397260273972603, "firstUpperRate": 0.07945205479452055, "declarSentNum": 19, "imperSentNum": 0, "questionNum": 0, "declarSentRate": 1.0, "imperSentRate": 0.0, "questionRate": 0.0, "accent": true, "saturation": 3.259259259259259, "paragraphNum": 0, "nounNum": 55, "verbNum": 50, "adjNum": 32, "infNum": 4, "partPastNum": 2, "partPresNum": 0, "partFutNum": 0, "transNum": 1, "xNum": 24, "advNum": 42, "properNounNum": 9, "numNum": 2, "conjNum": 32, "punctNum": 67, "pronNum": 31, "relPronNum": 8, "demPronNum": 20, "adposNum": 7, "multiplePunctNum": 9, "phraseNum": 0, "nounRate": 0.1506849315068493, "verbRate": 0.136986301369863, "adjRate": 0.08767123287671233, "infRate": 0.010958904109589041, "partPastRate": 0.005479452054794521, "partPresRate": 0.0, "partFutRate": 0.0, "transRate": 0.0027397260273972603, "xRate": 0.06575342465753424, "advRate": 0.11506849315068493, "properNounRate": 0.024657534246575342, "numRate": 0.005479452054794521, "conjRate": 0.08767123287671233, "punctRate": 0.18356164383561643, "pronRate": 0.08493150684931507, "relPronRate": 0.021917808219178082, "demPronRate": 0.0547945205479452, "adposRate": 0.019178082191780823, "multiplePunctRate": 0.13432835820895522, "partsDensityRate": 3.314814814814815, "contentfulness": 9.421052631578947, "phraseRate": 0.0, "pastTenseNum": 3, "presentTenseNum": 43, "condNum": 1, "impNum": 11, "freqNum": 0, "causNum": 0, "modalNum": 2, "sg1VerbNum": 6, "sg2VerbNum": 12, "sg3VerbNum": 46, "pl1VerbNum": 0, "pl2VerbNum": 0, "pl3VerbNum": 13, "superlatNum": 0, "comparatNum": 0, "specDerivSuffixNum": 0, "pluralNounNum": 13, "pastTenseRate": 0.06, "presentTenseRate": 0.86, "condRate": 0.02, "impRate": 0.22, "freqRate": 0.0, "causRate": 0.0, "modalRate": 0.04, "sg1VerbRate": 0.12, "sg2VerbRate": 0.24, "sg3VerbRate": 0.92, "pl1VerbRate": 0.0, "pl2VerbRate": 0.0, "pl3VerbRate": 0.26, "superlatRate": 0.0, "comparatRate": 0.0, "specDerivSuffixRate": 0.0, "pluralNounRate": 0.23636363636363636, "subjNum": 23, "objNum": 18, "attNum": 21, "subordNum": 20, "adverbNum": 44, "coordNum": 11, "clauseNum": 54, "simpleNum": 3, "complexNum": 16, "complexity1Num": 6, "complexity2Num": 6, "complexity3Num": 1, "compoundNum": 0, "subjRate": 0.06301369863013699, "objRate": 0.049315068493150684, "attRate": 0.057534246575342465, "subordRate": 0.0547945205479452, "adverbRate": 0.12054794520547946, "coordRate": 0.030136986301369864, "partsRate": 2.1666666666666665, "clauseRate": 2.8421052631578947, "simpleRate": 0.15789473684210525, "complexRate": 0.8421052631578947, "complexity1Rate": 0.3157894736842105, "complexity2Rate": 0.3157894736842105, "complexity3Rate": 0.05263157894736842, "complexClauseRate": 3.1875, "sentencesPerParagraph": 0.0, "wordsLengthRate": 5.154362416107382, "compoundRate": 0.0, "positiveNum": 0, "negativeNum": 0, "precoPositiveNum": 0, "precoNegativeNum": 0, "negemoNum": 0, "negationNum": 13, "functionNum": 186, "contentNum": 179, "vulgarNum": 0, "racistNum": 0, "specStyleNum": 0, "addressingNum": 0, "closingNum": 0, "postscriptNum": 0, "brutalNum": 0, "positiveRate": 0.0, "negativeRate": 0.0, "precoPositiveRate": 0.0, "precoNegativeRate": 0.0, "negemoRate": 0.0, "negationRate": 0.03561643835616438, "functionRate": 0.5095890410958904, "contentRate": 0.4904109589041096, "vulgarRate": 0.0, "racistRate": 0.0, "specStyleRate": 0.0, "addressingRate": 0.0, "closingRate": 0.0, "postscriptRate": 0.0, "brutalRate": 0.0, "epistemicNum": 0, "investNum": 0, "conditionNum": 0, "weaselNum": 0, "peacockNum": 0, "hedgeNum": 0, "doxasticNum": 0, "epistemicRate": 0.0, "investRate": 0.0, "conditionRate": 0.0, "weaselRate": 0.0, "peacockRate": 0.0, "hedgeRate": 0.0, "doxasticRate": 0.0, "loveNum": 0, "anxietyNum": 0, "sorrowNum": 0, "joyNum": 0, "disgustNum": 0, "fearNum": 0, "surpriseNum": 0, "angerNum": 0, "loveRate": 0.0, "anxietyRate": 0.0, "sorrowRate": 0.0, "joyRate": 0.0, "disgustRate": 0.0, "fearRate": 0.0, "surpriseRate": 0.0, "angerRate": 0.0, "slangBeGeneralNum": 0, "slangBeCigaretteNum": 0, "slangBeHumanNum": 0, "slangBeVehicleNum": 0, "slangBeDrugNum": 0, "slangBvNum": 0, "slangBeGeneralRate": 0.0, "slangBeCigaretteRate": 0.0, "slangBeHumanRate": 0.0, "slangBeVehicleRate": 0.0, "slangBeDrugRate": 0.0, "slangBvRate": 0.0, "speechactNum": 0, "quoteNum": 0, "dashNum": 0, "publicNum": 0, "privateNum": 0, "suasiveNum": 0, "discMarkerNum": 0, "smileyNum": 0, "dateNum": 0, "hesitationNum": 0, "restartNum": 0, "repeatNum": 7, "conjBeforeDiscNum": 0, "conjAfterDiscNum": 0, "wordBeforeHesitationNum": 0, "wordAfterHesitationNum": 0, "otherCollocationNum": 0, "speechactRate": 0.0, "quoteRate": 0.0, "dashRate": 0.0, "publicRate": 0.0, "privateRate": 0.0, "suasiveRate": 0.0, "discMarkerRate": 0.0, "smileyRate": 0.0, "dateRate": 0.0, "hesitationRate": 0.0, "restartRate": 0.0, "repeatRate": 0.019178082191780823, "conjBeforeDiscRate": 0.0, "conjAfterDiscRate": 0.0, "wordBeforeHesitationRate": 0.0, "wordAfterHesitationRate": 0.0, "otherCollocationRate": 0.0, "easyWordNum": 344, "hardWordNum": 21, "easyWordRate": 0.9424657534246575, "hardWordRate": 0.057534246575342465, "fleschReadingEaseScore": 71.4459048305696, "gunningFogIndex": 7.707224224945927, "fleschKincaidGradeLevel": 8.066488824801727, "colemanLiauIndex": 9.776967123287669, "smogIndex": 7.908726449838941, "automatedReadabilityIndex": 8.628276856524874, "linsearWriteIndex": 1.7613554434030276, "author": "", "locationNameNum": 1, "locationNameRate": 0.0027397260273972603, "personNameNum": 4, "personNameRate": 0.010958904109589041, "organizationNameNum": 0, "organizationNameRate": 0.0, "misspelledNum": 5, "misspelledRate": 0.0136986301369863, "missingAccentNum": 1, "missingAccentRate": 0.0027397260273972603, "foreignAccentNum": 0, "foreignAccentRate": 0.0, "wordConcatNum": 0, "wordConcatRate": 0.0, "jLyMistakeNum": 0, "jLyMistakeRate": 0.0, "freqSuffixNum": 0, "partsNum": 117, "privateVNum": 0, "publicVNum": 0, "clauseWordNum": 54}