{"tokenNum": 207, "sentenceNum": 11, "lemmaNum": 122, "lemmaRate": 0.5893719806763285, "sentenceLength": 18.818181818181817, "allUpperNum": 0, "firstUpperNum": 25, "allUpperRate": 0.0, "firstUpperRate": 0.12077294685990338, "declarSentNum": 9, "imperSentNum": 2, "questionNum": 0, "declarSentRate": 0.8181818181818182, "imperSentRate": 0.18181818181818182, "questionRate": 0.0, "accent": true, "saturation": 5.304347826086956, "paragraphNum": 0, "nounNum": 40, "verbNum": 30, "adjNum": 13, "infNum": 2, "partPastNum": 2, "partPresNum": 0, "partFutNum": 0, "transNum": 1, "xNum": 9, "advNum": 25, "properNounNum": 13, "numNum": 1, "conjNum": 14, "punctNum": 30, "pronNum": 16, "relPronNum": 4, "demPronNum": 8, "adposNum": 3, "multiplePunctNum": 0, "phraseNum": 0, "nounRate": 0.1932367149758454, "verbRate": 0.14492753623188406, "adjRate": 0.06280193236714976, "infRate": 0.00966183574879227, "partPastRate": 0.00966183574879227, "partPresRate": 0.0, "partFutRate": 0.0, "transRate": 0.004830917874396135, "xRate": 0.043478260869565216, "advRate": 0.12077294685990338, "properNounRate": 0.06280193236714976, "numRate": 0.004830917874396135, "conjRate": 0.06763285024154589, "punctRate": 0.14492753623188406, "pronRate": 0.07729468599033816, "relPronRate": 0.01932367149758454, "demPronRate": 0.03864734299516908, "adposRate": 0.014492753623188406, "multiplePunctRate": 0.0, "partsDensityRate": 4.695652173913044, "contentfulness": 9.818181818181818, "phraseRate": 0.0, "pastTenseNum": 15, "presentTenseNum": 13, "condNum": 4, "impNum": 0, "freqNum": 0, "causNum": 0, "modalNum": 2, "sg1VerbNum": 10, "sg2VerbNum": 0, "sg3VerbNum": 28, "pl1VerbNum": 1, "pl2VerbNum": 0, "pl3VerbNum": 6, "superlatNum": 0, "comparatNum": 1, "specDerivSuffixNum": 0, "pluralNounNum": 5, "pastTenseRate": 0.5, "presentTenseRate": 0.43333333333333335, "condRate": 0.13333333333333333, "impRate": 0.0, "freqRate": 0.0, "causRate": 0.0, "modalRate": 0.06666666666666667, "sg1VerbRate": 0.3333333333333333, "sg2VerbRate": 0.0, "sg3VerbRate": 0.9333333333333333, "pl1VerbRate": 0.03333333333333333, "pl2VerbRate": 0.0, "pl3VerbRate": 0.2, "superlatRate": 0.0, "comparatRate": 0.07692307692307693, "specDerivSuffixRate": 0.0, "pluralNounRate": 0.125, "subjNum": 10, "objNum": 11, "attNum": 7, "subordNum": 6, "adverbNum": 27, "coordNum": 10, "clauseNum": 23, "simpleNum": 4, "complexNum": 7, "complexity1Num": 2, "complexity2Num": 5, "complexity3Num": 0, "compoundNum": 0, "subjRate": 0.04830917874396135, "objRate": 0.05314009661835749, "attRate": 0.033816425120772944, "subordRate": 0.028985507246376812, "adverbRate": 0.13043478260869565, "coordRate": 0.04830917874396135, "partsRate": 2.8260869565217392, "clauseRate": 2.090909090909091, "simpleRate": 0.36363636363636365, "complexRate": 0.6363636363636364, "complexity1Rate": 0.18181818181818182, "complexity2Rate": 0.45454545454545453, "complexity3Rate": 0.0, "complexClauseRate": 2.7142857142857144, "sentencesPerParagraph": 0.0, "wordsLengthRate": 5.15819209039548, "compoundRate": 0.0, "positiveNum": 0, "negativeNum": 0, "precoPositiveNum": 0, "precoNegativeNum": 0, "negemoNum": 0, "negationNum": 6, "functionNum": 99, "contentNum": 108, "vulgarNum": 0, "racistNum": 0, "specStyleNum": 0, "addressingNum": 0, "closingNum": 0, "postscriptNum": 1, "brutalNum": 0, "positiveRate": 0.0, "negativeRate": 0.0, "precoPositiveRate": 0.0, "precoNegativeRate": 0.0, "negemoRate": 0.0, "negationRate": 0.028985507246376812, "functionRate": 0.4782608695652174, "contentRate": 0.5217391304347826, "vulgarRate": 0.0, "racistRate": 0.0, "specStyleRate": 0.0, "addressingRate": 0.0, "closingRate": 0.0, "postscriptRate": 0.004830917874396135, "brutalRate": 0.0, "epistemicNum": 0, "investNum": 0, "conditionNum": 0, "weaselNum": 0, "peacockNum": 0, "hedgeNum": 0, "doxasticNum": 0, "epistemicRate": 0.0, "investRate": 0.0, "conditionRate": 0.0, "weaselRate": 0.0, "peacockRate": 0.0, "hedgeRate": 0.0, "doxasticRate": 0.0, "loveNum": 0, "anxietyNum": 0, "sorrowNum": 0, "joyNum": 0, "disgustNum": 0, "fearNum": 0, "surpriseNum": 0, "angerNum": 0, "loveRate": 0.0, "anxietyRate": 0.0, "sorrowRate": 0.0, "joyRate": 0.0, "disgustRate": 0.0, "fearRate": 0.0, "surpriseRate": 0.0, "angerRate": 0.0, "slangBeGeneralNum": 0, "slangBeCigaretteNum": 0, "slangBeHumanNum": 0, "slangBeVehicleNum": 0, "slangBeDrugNum": 0, "slangBvNum": 0, "slangBeGeneralRate": 0.0, "slangBeCigaretteRate": 0.0, "slangBeHumanRate": 0.0, "slangBeVehicleRate": 0.0, "slangBeDrugRate": 0.0, "slangBvRate": 0.0, "speechactNum": 0, "quoteNum": 0, "dashNum": 0, "publicNum": 0, "privateNum": 0, "suasiveNum": 0, "discMarkerNum": 0, "smileyNum": 0, "dateNum": 0, "hesitationNum": 0, "restartNum": 0, "repeatNum": 0, "conjBeforeDiscNum": 0, "conjAfterDiscNum": 0, "wordBeforeHesitationNum": 0, "wordAfterHesitationNum": 0, "otherCollocationNum": 0, "speechactRate": 0.0, "quoteRate": 0.0, "dashRate": 0.0, "publicRate": 0.0, "privateRate": 0.0, "suasiveRate": 0.0, "discMarkerRate": 0.0, "smileyRate": 0.0, "dateRate": 0.0, "hesitationRate": 0.0, "restartRate": 0.0, "repeatRate": 0.0, "conjBeforeDiscRate": 0.0, "conjAfterDiscRate": 0.0, "wordBeforeHesitationRate": 0.0, "wordAfterHesitationRate": 0.0, "otherCollocationRate": 0.0, "easyWordNum": 195, "hardWordNum": 12, "easyWordRate": 0.9420289855072463, "hardWordRate": 0.057971014492753624, "fleschReadingEaseScore": 67.57802371541503, "gunningFogIndex": 7.550461133069828, "fleschKincaidGradeLevel": 8.508511198945985, "colemanLiauIndex": 10.775975845410624, "smogIndex": 6.742157984588678, "automatedReadabilityIndex": 9.230974967061918, "linsearWriteIndex": 3.874835309617918, "author": "", "locationNameNum": 0, "locationNameRate": 0.0, "personNameNum": 4, "personNameRate": 0.01932367149758454, "organizationNameNum": 0, "organizationNameRate": 0.0, "misspelledNum": 5, "misspelledRate": 0.024154589371980676, "missingAccentNum": 1, "missingAccentRate": 0.004830917874396135, "foreignAccentNum": 0, "foreignAccentRate": 0.0, "wordConcatNum": 0, "wordConcatRate": 0.0, "jLyMistakeNum": 0, "jLyMistakeRate": 0.0, "freqSuffixNum": 0, "partsNum": 65, "privateVNum": 0, "publicVNum": 0, "clauseWordNum": 23}