{"tokenNum": 190, "sentenceNum": 21, "lemmaNum": 91, "lemmaRate": 0.4789473684210526, "sentenceLength": 9.047619047619047, "allUpperNum": 0, "firstUpperNum": 20, "allUpperRate": 0.0, "firstUpperRate": 0.10526315789473684, "declarSentNum": 21, "imperSentNum": 0, "questionNum": 0, "declarSentRate": 1.0, "imperSentRate": 0.0, "questionRate": 0.0, "accent": true, "saturation": 2.84375, "paragraphNum": 0, "nounNum": 15, "verbNum": 36, "adjNum": 10, "infNum": 10, "partPastNum": 0, "partPresNum": 0, "partFutNum": 0, "transNum": 0, "xNum": 20, "advNum": 29, "properNounNum": 0, "numNum": 2, "conjNum": 16, "punctNum": 37, "pronNum": 15, "relPronNum": 1, "demPronNum": 10, "adposNum": 0, "multiplePunctNum": 0, "phraseNum": 0, "nounRate": 0.07894736842105263, "verbRate": 0.18947368421052632, "adjRate": 0.05263157894736842, "infRate": 0.05263157894736842, "partPastRate": 0.0, "partPresRate": 0.0, "partFutRate": 0.0, "transRate": 0.0, "xRate": 0.10526315789473684, "advRate": 0.15263157894736842, "properNounRate": 0.0, "numRate": 0.010526315789473684, "conjRate": 0.08421052631578947, "punctRate": 0.19473684210526315, "pronRate": 0.07894736842105263, "relPronRate": 0.005263157894736842, "demPronRate": 0.05263157894736842, "adposRate": 0.0, "multiplePunctRate": 0.0, "partsDensityRate": 2.8125, "contentfulness": 4.285714285714286, "phraseRate": 0.0, "pastTenseNum": 7, "presentTenseNum": 19, "condNum": 5, "impNum": 3, "freqNum": 0, "causNum": 0, "modalNum": 2, "sg1VerbNum": 18, "sg2VerbNum": 0, "sg3VerbNum": 23, "pl1VerbNum": 0, "pl2VerbNum": 0, "pl3VerbNum": 1, "superlatNum": 0, "comparatNum": 0, "specDerivSuffixNum": 0, "pluralNounNum": 0, "pastTenseRate": 0.19444444444444445, "presentTenseRate": 0.5277777777777778, "condRate": 0.1388888888888889, "impRate": 0.08333333333333333, "freqRate": 0.0, "causRate": 0.0, "modalRate": 0.05555555555555555, "sg1VerbRate": 0.5, "sg2VerbRate": 0.0, "sg3VerbRate": 0.6388888888888888, "pl1VerbRate": 0.0, "pl2VerbRate": 0.0, "pl3VerbRate": 0.027777777777777776, "superlatRate": 0.0, "comparatRate": 0.0, "specDerivSuffixRate": 0.0, "pluralNounRate": 0.0, "subjNum": 11, "objNum": 5, "attNum": 3, "subordNum": 8, "adverbNum": 35, "coordNum": 9, "clauseNum": 32, "simpleNum": 14, "complexNum": 7, "complexity1Num": 3, "complexity2Num": 4, "complexity3Num": 0, "compoundNum": 0, "subjRate": 0.05789473684210526, "objRate": 0.02631578947368421, "attRate": 0.015789473684210527, "subordRate": 0.042105263157894736, "adverbRate": 0.18421052631578946, "coordRate": 0.04736842105263158, "partsRate": 1.96875, "clauseRate": 1.5238095238095237, "simpleRate": 0.6666666666666666, "complexRate": 0.3333333333333333, "complexity1Rate": 0.14285714285714285, "complexity2Rate": 0.19047619047619047, "complexity3Rate": 0.0, "complexClauseRate": 2.5714285714285716, "sentencesPerParagraph": 0.0, "wordsLengthRate": 4.967320261437909, "compoundRate": 0.0, "positiveNum": 0, "negativeNum": 0, "precoPositiveNum": 0, "precoNegativeNum": 0, "negemoNum": 0, "negationNum": 9, "functionNum": 100, "contentNum": 90, "vulgarNum": 0, "racistNum": 0, "specStyleNum": 0, "addressingNum": 0, "closingNum": 0, "postscriptNum": 0, "brutalNum": 0, "positiveRate": 0.0, "negativeRate": 0.0, "precoPositiveRate": 0.0, "precoNegativeRate": 0.0, "negemoRate": 0.0, "negationRate": 0.04736842105263158, "functionRate": 0.5263157894736842, "contentRate": 0.47368421052631576, "vulgarRate": 0.0, "racistRate": 0.0, "specStyleRate": 0.0, "addressingRate": 0.0, "closingRate": 0.0, "postscriptRate": 0.0, "brutalRate": 0.0, "epistemicNum": 0, "investNum": 0, "conditionNum": 0, "weaselNum": 0, "peacockNum": 0, "hedgeNum": 0, "doxasticNum": 0, "epistemicRate": 0.0, "investRate": 0.0, "conditionRate": 0.0, "weaselRate": 0.0, "peacockRate": 0.0, "hedgeRate": 0.0, "doxasticRate": 0.0, "loveNum": 0, "anxietyNum": 0, "sorrowNum": 0, "joyNum": 0, "disgustNum": 0, "fearNum": 0, "surpriseNum": 0, "angerNum": 0, "loveRate": 0.0, "anxietyRate": 0.0, "sorrowRate": 0.0, "joyRate": 0.0, "disgustRate": 0.0, "fearRate": 0.0, "surpriseRate": 0.0, "angerRate": 0.0, "slangBeGeneralNum": 0, "slangBeCigaretteNum": 0, "slangBeHumanNum": 0, "slangBeVehicleNum": 0, "slangBeDrugNum": 0, "slangBvNum": 0, "slangBeGeneralRate": 0.0, "slangBeCigaretteRate": 0.0, "slangBeHumanRate": 0.0, "slangBeVehicleRate": 0.0, "slangBeDrugRate": 0.0, "slangBvRate": 0.0, "speechactNum": 0, "quoteNum": 0, "dashNum": 0, "publicNum": 0, "privateNum": 0, "suasiveNum": 0, "discMarkerNum": 0, "smileyNum": 0, "dateNum": 0, "hesitationNum": 0, "restartNum": 0, "repeatNum": 0, "conjBeforeDiscNum": 0, "conjAfterDiscNum": 0, "wordBeforeHesitationNum": 0, "wordAfterHesitationNum": 0, "otherCollocationNum": 0, "speechactRate": 0.0, "quoteRate": 0.0, "dashRate": 0.0, "publicRate": 0.0, "privateRate": 0.0, "suasiveRate": 0.0, "discMarkerRate": 0.0, "smileyRate": 0.0, "dateRate": 0.0, "hesitationRate": 0.0, "restartRate": 0.0, "repeatRate": 0.0, "conjBeforeDiscRate": 0.0, "conjAfterDiscRate": 0.0, "wordBeforeHesitationRate": 0.0, "wordAfterHesitationRate": 0.0, "otherCollocationRate": 0.0, "easyWordNum": 182, "hardWordNum": 8, "easyWordRate": 0.9578947368421052, "hardWordRate": 0.042105263157894736, "fleschReadingEaseScore": 96.13166666666667, "gunningFogIndex": 3.6358897243107773, "fleschKincaidGradeLevel": 2.0985714285714288, "colemanLiauIndex": 8.286668421052632, "smogIndex": 6.079149491110277, "automatedReadabilityIndex": 2.3552305764411017, "linsearWriteIndex": 1.3433583959899749, "author": "", "locationNameNum": 0, "locationNameRate": 0.0, "personNameNum": 1, "personNameRate": 0.005263157894736842, "organizationNameNum": 0, "organizationNameRate": 0.0, "misspelledNum": 1, "misspelledRate": 0.005263157894736842, "missingAccentNum": 0, "missingAccentRate": 0.0, "foreignAccentNum": 0, "foreignAccentRate": 0.0, "wordConcatNum": 1, "wordConcatRate": 0.005263157894736842, "jLyMistakeNum": 0, "jLyMistakeRate": 0.0, "freqSuffixNum": 0, "partsNum": 63, "privateVNum": 0, "publicVNum": 0, "clauseWordNum": 32}