{"tokenNum": 359, "sentenceNum": 24, "lemmaNum": 173, "lemmaRate": 0.4818941504178273, "sentenceLength": 14.958333333333334, "allUpperNum": 3, "firstUpperNum": 54, "allUpperRate": 0.008356545961002786, "firstUpperRate": 0.15041782729805014, "declarSentNum": 22, "imperSentNum": 1, "questionNum": 1, "declarSentRate": 0.9166666666666666, "imperSentRate": 0.041666666666666664, "questionRate": 0.041666666666666664, "accent": true, "saturation": 3.0350877192982457, "paragraphNum": 0, "nounNum": 65, "verbNum": 41, "adjNum": 23, "infNum": 5, "partPastNum": 0, "partPresNum": 0, "partFutNum": 0, "transNum": 0, "xNum": 22, "advNum": 28, "properNounNum": 31, "numNum": 3, "conjNum": 27, "punctNum": 94, "pronNum": 25, "relPronNum": 7, "demPronNum": 15, "adposNum": 3, "multiplePunctNum": 2, "phraseNum": 0, "nounRate": 0.181058495821727, "verbRate": 0.11420612813370473, "adjRate": 0.06406685236768803, "infRate": 0.013927576601671309, "partPastRate": 0.0, "partPresRate": 0.0, "partFutRate": 0.0, "transRate": 0.0, "xRate": 0.06128133704735376, "advRate": 0.07799442896935933, "properNounRate": 0.08635097493036212, "numRate": 0.008356545961002786, "conjRate": 0.07520891364902507, "punctRate": 0.2618384401114206, "pronRate": 0.06963788300835655, "relPronRate": 0.019498607242339833, "demPronRate": 0.04178272980501393, "adposRate": 0.008356545961002786, "multiplePunctRate": 0.02127659574468085, "partsDensityRate": 2.754385964912281, "contentfulness": 6.541666666666667, "phraseRate": 0.0, "pastTenseNum": 6, "presentTenseNum": 30, "condNum": 3, "impNum": 3, "freqNum": 0, "causNum": 0, "modalNum": 1, "sg1VerbNum": 8, "sg2VerbNum": 0, "sg3VerbNum": 46, "pl1VerbNum": 0, "pl2VerbNum": 1, "pl3VerbNum": 7, "superlatNum": 0, "comparatNum": 1, "specDerivSuffixNum": 0, "pluralNounNum": 6, "pastTenseRate": 0.14634146341463414, "presentTenseRate": 0.7317073170731707, "condRate": 0.07317073170731707, "impRate": 0.07317073170731707, "freqRate": 0.0, "causRate": 0.0, "modalRate": 0.024390243902439025, "sg1VerbRate": 0.1951219512195122, "sg2VerbRate": 0.0, "sg3VerbRate": 1.1219512195121952, "pl1VerbRate": 0.0, "pl2VerbRate": 0.024390243902439025, "pl3VerbRate": 0.17073170731707318, "superlatRate": 0.0, "comparatRate": 0.043478260869565216, "specDerivSuffixRate": 0.0, "pluralNounRate": 0.09230769230769231, "subjNum": 25, "objNum": 14, "attNum": 11, "subordNum": 12, "adverbNum": 36, "coordNum": 30, "clauseNum": 57, "simpleNum": 9, "complexNum": 15, "complexity1Num": 8, "complexity2Num": 3, "complexity3Num": 1, "compoundNum": 0, "subjRate": 0.06963788300835655, "objRate": 0.03899721448467967, "attRate": 0.03064066852367688, "subordRate": 0.033426183844011144, "adverbRate": 0.10027855153203342, "coordRate": 0.08356545961002786, "partsRate": 2.0350877192982457, "clauseRate": 2.375, "simpleRate": 0.375, "complexRate": 0.625, "complexity1Rate": 0.3333333333333333, "complexity2Rate": 0.125, "complexity3Rate": 0.041666666666666664, "complexClauseRate": 3.2, "sentencesPerParagraph": 0.0, "wordsLengthRate": 4.573584905660377, "compoundRate": 0.0, "positiveNum": 0, "negativeNum": 0, "precoPositiveNum": 0, "precoNegativeNum": 0, "negemoNum": 0, "negationNum": 5, "functionNum": 202, "contentNum": 157, "vulgarNum": 0, "racistNum": 0, "specStyleNum": 0, "addressingNum": 0, "closingNum": 0, "postscriptNum": 1, "brutalNum": 0, "positiveRate": 0.0, "negativeRate": 0.0, "precoPositiveRate": 0.0, "precoNegativeRate": 0.0, "negemoRate": 0.0, "negationRate": 0.013927576601671309, "functionRate": 0.5626740947075209, "contentRate": 0.4373259052924791, "vulgarRate": 0.0, "racistRate": 0.0, "specStyleRate": 0.0, "addressingRate": 0.0, "closingRate": 0.0, "postscriptRate": 0.002785515320334262, "brutalRate": 0.0, "epistemicNum": 0, "investNum": 0, "conditionNum": 0, "weaselNum": 0, "peacockNum": 0, "hedgeNum": 0, "doxasticNum": 0, "epistemicRate": 0.0, "investRate": 0.0, "conditionRate": 0.0, "weaselRate": 0.0, "peacockRate": 0.0, "hedgeRate": 0.0, "doxasticRate": 0.0, "loveNum": 0, "anxietyNum": 0, "sorrowNum": 0, "joyNum": 0, "disgustNum": 0, "fearNum": 0, "surpriseNum": 0, "angerNum": 0, "loveRate": 0.0, "anxietyRate": 0.0, "sorrowRate": 0.0, "joyRate": 0.0, "disgustRate": 0.0, "fearRate": 0.0, "surpriseRate": 0.0, "angerRate": 0.0, "slangBeGeneralNum": 0, "slangBeCigaretteNum": 0, "slangBeHumanNum": 0, "slangBeVehicleNum": 0, "slangBeDrugNum": 0, "slangBvNum": 0, "slangBeGeneralRate": 0.0, "slangBeCigaretteRate": 0.0, "slangBeHumanRate": 0.0, "slangBeVehicleRate": 0.0, "slangBeDrugRate": 0.0, "slangBvRate": 0.0, "speechactNum": 0, "quoteNum": 0, "dashNum": 0, "publicNum": 0, "privateNum": 0, "suasiveNum": 0, "discMarkerNum": 0, "smileyNum": 0, "dateNum": 0, "hesitationNum": 0, "restartNum": 0, "repeatNum": 1, "conjBeforeDiscNum": 0, "conjAfterDiscNum": 0, "wordBeforeHesitationNum": 0, "wordAfterHesitationNum": 0, "otherCollocationNum": 0, "speechactRate": 0.0, "quoteRate": 0.0, "dashRate": 0.0, "publicRate": 0.0, "privateRate": 0.0, "suasiveRate": 0.0, "discMarkerRate": 0.0, "smileyRate": 0.0, "dateRate": 0.0, "hesitationRate": 0.0, "restartRate": 0.0, "repeatRate": 0.002785515320334262, "conjBeforeDiscRate": 0.0, "conjAfterDiscRate": 0.0, "wordBeforeHesitationRate": 0.0, "wordAfterHesitationRate": 0.0, "otherCollocationRate": 0.0, "easyWordNum": 349, "hardWordNum": 10, "easyWordRate": 0.9721448467966574, "hardWordRate": 0.027855153203342618, "fleschReadingEaseScore": 94.09128888115139, "gunningFogIndex": 5.994475394614671, "fleschKincaidGradeLevel": 3.8515494428969355, "colemanLiauIndex": 5.265983286908078, "smogIndex": 6.42735559955562, "automatedReadabilityIndex": 2.8949605385329633, "linsearWriteIndex": 1.0717270194986073, "author": "", "locationNameNum": 2, "locationNameRate": 0.005571030640668524, "personNameNum": 17, "personNameRate": 0.04735376044568245, "organizationNameNum": 1, "organizationNameRate": 0.002785515320334262, "misspelledNum": 3, "misspelledRate": 0.008356545961002786, "missingAccentNum": 0, "missingAccentRate": 0.0, "foreignAccentNum": 0, "foreignAccentRate": 0.0, "wordConcatNum": 2, "wordConcatRate": 0.005571030640668524, "jLyMistakeNum": 0, "jLyMistakeRate": 0.0, "freqSuffixNum": 0, "partsNum": 116, "privateVNum": 0, "publicVNum": 0, "clauseWordNum": 57}