{"tokenNum": 359, "sentenceNum": 18, "lemmaNum": 194, "lemmaRate": 0.5403899721448467, "sentenceLength": 19.944444444444443, "allUpperNum": 3, "firstUpperNum": 30, "allUpperRate": 0.008356545961002786, "firstUpperRate": 0.08356545961002786, "declarSentNum": 18, "imperSentNum": 0, "questionNum": 0, "declarSentRate": 1.0, "imperSentRate": 0.0, "questionRate": 0.0, "accent": true, "saturation": 4.217391304347826, "paragraphNum": 0, "nounNum": 91, "verbNum": 31, "adjNum": 41, "infNum": 8, "partPastNum": 5, "partPresNum": 3, "partFutNum": 0, "transNum": 0, "xNum": 17, "advNum": 36, "properNounNum": 11, "numNum": 16, "conjNum": 20, "punctNum": 52, "pronNum": 13, "relPronNum": 5, "demPronNum": 12, "adposNum": 4, "multiplePunctNum": 1, "phraseNum": 0, "nounRate": 0.25348189415041783, "verbRate": 0.08635097493036212, "adjRate": 0.11420612813370473, "infRate": 0.022284122562674095, "partPastRate": 0.013927576601671309, "partPresRate": 0.008356545961002786, "partFutRate": 0.0, "transRate": 0.0, "xRate": 0.04735376044568245, "advRate": 0.10027855153203342, "properNounRate": 0.03064066852367688, "numRate": 0.04456824512534819, "conjRate": 0.055710306406685235, "punctRate": 0.14484679665738162, "pronRate": 0.036211699164345405, "relPronRate": 0.013927576601671309, "demPronRate": 0.033426183844011144, "adposRate": 0.011142061281337047, "multiplePunctRate": 0.019230769230769232, "partsDensityRate": 4.326086956521739, "contentfulness": 11.055555555555555, "phraseRate": 0.0, "pastTenseNum": 5, "presentTenseNum": 18, "condNum": 0, "impNum": 3, "freqNum": 0, "causNum": 0, "modalNum": 6, "sg1VerbNum": 2, "sg2VerbNum": 0, "sg3VerbNum": 33, "pl1VerbNum": 1, "pl2VerbNum": 0, "pl3VerbNum": 1, "superlatNum": 0, "comparatNum": 6, "specDerivSuffixNum": 0, "pluralNounNum": 5, "pastTenseRate": 0.16129032258064516, "presentTenseRate": 0.5806451612903226, "condRate": 0.0, "impRate": 0.0967741935483871, "freqRate": 0.0, "causRate": 0.0, "modalRate": 0.1935483870967742, "sg1VerbRate": 0.06451612903225806, "sg2VerbRate": 0.0, "sg3VerbRate": 1.064516129032258, "pl1VerbRate": 0.03225806451612903, "pl2VerbRate": 0.0, "pl3VerbRate": 0.03225806451612903, "superlatRate": 0.0, "comparatRate": 0.14634146341463414, "specDerivSuffixRate": 0.0, "pluralNounRate": 0.054945054945054944, "subjNum": 26, "objNum": 7, "attNum": 19, "subordNum": 18, "adverbNum": 48, "coordNum": 12, "clauseNum": 46, "simpleNum": 5, "complexNum": 13, "complexity1Num": 5, "complexity2Num": 3, "complexity3Num": 4, "compoundNum": 0, "subjRate": 0.07242339832869081, "objRate": 0.019498607242339833, "attRate": 0.052924791086350974, "subordRate": 0.05013927576601671, "adverbRate": 0.13370473537604458, "coordRate": 0.033426183844011144, "partsRate": 2.4347826086956523, "clauseRate": 2.5555555555555554, "simpleRate": 0.2777777777777778, "complexRate": 0.7222222222222222, "complexity1Rate": 0.2777777777777778, "complexity2Rate": 0.16666666666666666, "complexity3Rate": 0.2222222222222222, "complexClauseRate": 3.1538461538461537, "sentencesPerParagraph": 0.0, "wordsLengthRate": 5.244299674267101, "compoundRate": 0.0, "positiveNum": 0, "negativeNum": 0, "precoPositiveNum": 0, "precoNegativeNum": 0, "negemoNum": 0, "negationNum": 11, "functionNum": 160, "contentNum": 199, "vulgarNum": 0, "racistNum": 0, "specStyleNum": 0, "addressingNum": 0, "closingNum": 0, "postscriptNum": 0, "brutalNum": 0, "positiveRate": 0.0, "negativeRate": 0.0, "precoPositiveRate": 0.0, "precoNegativeRate": 0.0, "negemoRate": 0.0, "negationRate": 0.03064066852367688, "functionRate": 0.4456824512534819, "contentRate": 0.5543175487465181, "vulgarRate": 0.0, "racistRate": 0.0, "specStyleRate": 0.0, "addressingRate": 0.0, "closingRate": 0.0, "postscriptRate": 0.0, "brutalRate": 0.0, "epistemicNum": 0, "investNum": 0, "conditionNum": 0, "weaselNum": 0, "peacockNum": 0, "hedgeNum": 0, "doxasticNum": 0, "epistemicRate": 0.0, "investRate": 0.0, "conditionRate": 0.0, "weaselRate": 0.0, "peacockRate": 0.0, "hedgeRate": 0.0, "doxasticRate": 0.0, "loveNum": 0, "anxietyNum": 0, "sorrowNum": 0, "joyNum": 0, "disgustNum": 0, "fearNum": 0, "surpriseNum": 0, "angerNum": 0, "loveRate": 0.0, "anxietyRate": 0.0, "sorrowRate": 0.0, "joyRate": 0.0, "disgustRate": 0.0, "fearRate": 0.0, "surpriseRate": 0.0, "angerRate": 0.0, "slangBeGeneralNum": 0, "slangBeCigaretteNum": 0, "slangBeHumanNum": 0, "slangBeVehicleNum": 0, "slangBeDrugNum": 0, "slangBvNum": 0, "slangBeGeneralRate": 0.0, "slangBeCigaretteRate": 0.0, "slangBeHumanRate": 0.0, "slangBeVehicleRate": 0.0, "slangBeDrugRate": 0.0, "slangBvRate": 0.0, "speechactNum": 0, "quoteNum": 0, "dashNum": 0, "publicNum": 0, "privateNum": 0, "suasiveNum": 0, "discMarkerNum": 0, "smileyNum": 0, "dateNum": 0, "hesitationNum": 0, "restartNum": 0, "repeatNum": 0, "conjBeforeDiscNum": 0, "conjAfterDiscNum": 0, "wordBeforeHesitationNum": 0, "wordAfterHesitationNum": 0, "otherCollocationNum": 0, "speechactRate": 0.0, "quoteRate": 0.0, "dashRate": 0.0, "publicRate": 0.0, "privateRate": 0.0, "suasiveRate": 0.0, "discMarkerRate": 0.0, "smileyRate": 0.0, "dateRate": 0.0, "hesitationRate": 0.0, "restartRate": 0.0, "repeatRate": 0.0, "conjBeforeDiscRate": 0.0, "conjAfterDiscRate": 0.0, "wordBeforeHesitationRate": 0.0, "wordAfterHesitationRate": 0.0, "otherCollocationRate": 0.0, "easyWordNum": 328, "hardWordNum": 31, "easyWordRate": 0.9136490250696379, "hardWordRate": 0.08635097493036212, "fleschReadingEaseScore": 63.10838053234295, "gunningFogIndex": 8.012318167749923, "fleschKincaidGradeLevel": 9.411731662024142, "colemanLiauIndex": 11.205253481894147, "smogIndex": 8.936278230431713, "automatedReadabilityIndex": 10.13737542556484, "linsearWriteIndex": 2.1259671928195605, "author": "", "locationNameNum": 0, "locationNameRate": 0.0, "personNameNum": 2, "personNameRate": 0.005571030640668524, "organizationNameNum": 2, "organizationNameRate": 0.005571030640668524, "misspelledNum": 5, "misspelledRate": 0.013927576601671309, "missingAccentNum": 2, "missingAccentRate": 0.005571030640668524, "foreignAccentNum": 0, "foreignAccentRate": 0.0, "wordConcatNum": 0, "wordConcatRate": 0.0, "jLyMistakeNum": 0, "jLyMistakeRate": 0.0, "freqSuffixNum": 0, "partsNum": 112, "privateVNum": 0, "publicVNum": 0, "clauseWordNum": 46}