{"tokenNum": 470, "sentenceNum": 23, "lemmaNum": 258, "lemmaRate": 0.548936170212766, "sentenceLength": 20.434782608695652, "allUpperNum": 0, "firstUpperNum": 27, "allUpperRate": 0.0, "firstUpperRate": 0.0574468085106383, "declarSentNum": 21, "imperSentNum": 2, "questionNum": 0, "declarSentRate": 0.9130434782608695, "imperSentRate": 0.08695652173913043, "questionRate": 0.0, "accent": true, "saturation": 4.526315789473684, "paragraphNum": 0, "nounNum": 82, "verbNum": 55, "adjNum": 74, "infNum": 3, "partPastNum": 4, "partPresNum": 4, "partFutNum": 0, "transNum": 2, "xNum": 20, "advNum": 44, "properNounNum": 14, "numNum": 13, "conjNum": 31, "punctNum": 83, "pronNum": 21, "relPronNum": 5, "demPronNum": 6, "adposNum": 7, "multiplePunctNum": 0, "phraseNum": 0, "nounRate": 0.17446808510638298, "verbRate": 0.11702127659574468, "adjRate": 0.1574468085106383, "infRate": 0.006382978723404255, "partPastRate": 0.00851063829787234, "partPresRate": 0.00851063829787234, "partFutRate": 0.0, "transRate": 0.00425531914893617, "xRate": 0.0425531914893617, "advRate": 0.09361702127659574, "properNounRate": 0.029787234042553193, "numRate": 0.027659574468085105, "conjRate": 0.06595744680851064, "punctRate": 0.17659574468085107, "pronRate": 0.04468085106382979, "relPronRate": 0.010638297872340425, "demPronRate": 0.01276595744680851, "adposRate": 0.014893617021276596, "multiplePunctRate": 0.0, "partsDensityRate": 4.4035087719298245, "contentfulness": 10.91304347826087, "phraseRate": 0.0, "pastTenseNum": 40, "presentTenseNum": 12, "condNum": 1, "impNum": 0, "freqNum": 0, "causNum": 0, "modalNum": 1, "sg1VerbNum": 17, "sg2VerbNum": 0, "sg3VerbNum": 52, "pl1VerbNum": 3, "pl2VerbNum": 0, "pl3VerbNum": 2, "superlatNum": 1, "comparatNum": 3, "specDerivSuffixNum": 0, "pluralNounNum": 5, "pastTenseRate": 0.7272727272727273, "presentTenseRate": 0.21818181818181817, "condRate": 0.01818181818181818, "impRate": 0.0, "freqRate": 0.0, "causRate": 0.0, "modalRate": 0.01818181818181818, "sg1VerbRate": 0.3090909090909091, "sg2VerbRate": 0.0, "sg3VerbRate": 0.9454545454545454, "pl1VerbRate": 0.05454545454545454, "pl2VerbRate": 0.0, "pl3VerbRate": 0.03636363636363636, "superlatRate": 0.013513513513513514, "comparatRate": 0.04054054054054054, "specDerivSuffixRate": 0.0, "pluralNounRate": 0.06097560975609756, "subjNum": 17, "objNum": 13, "attNum": 44, "subordNum": 14, "adverbNum": 59, "coordNum": 33, "clauseNum": 57, "simpleNum": 4, "complexNum": 19, "complexity1Num": 8, "complexity2Num": 9, "complexity3Num": 1, "compoundNum": 0, "subjRate": 0.036170212765957444, "objRate": 0.027659574468085105, "attRate": 0.09361702127659574, "subordRate": 0.029787234042553193, "adverbRate": 0.125531914893617, "coordRate": 0.07021276595744681, "partsRate": 2.912280701754386, "clauseRate": 2.4782608695652173, "simpleRate": 0.17391304347826086, "complexRate": 0.8260869565217391, "complexity1Rate": 0.34782608695652173, "complexity2Rate": 0.391304347826087, "complexity3Rate": 0.043478260869565216, "complexClauseRate": 2.789473684210526, "sentencesPerParagraph": 0.0, "wordsLengthRate": 5.4366925064599485, "compoundRate": 0.0, "positiveNum": 0, "negativeNum": 0, "precoPositiveNum": 0, "precoNegativeNum": 0, "negemoNum": 0, "negationNum": 14, "functionNum": 219, "contentNum": 251, "vulgarNum": 0, "racistNum": 0, "specStyleNum": 0, "addressingNum": 0, "closingNum": 0, "postscriptNum": 0, "brutalNum": 0, "positiveRate": 0.0, "negativeRate": 0.0, "precoPositiveRate": 0.0, "precoNegativeRate": 0.0, "negemoRate": 0.0, "negationRate": 0.029787234042553193, "functionRate": 0.46595744680851064, "contentRate": 0.5340425531914894, "vulgarRate": 0.0, "racistRate": 0.0, "specStyleRate": 0.0, "addressingRate": 0.0, "closingRate": 0.0, "postscriptRate": 0.0, "brutalRate": 0.0, "epistemicNum": 0, "investNum": 0, "conditionNum": 0, "weaselNum": 0, "peacockNum": 0, "hedgeNum": 0, "doxasticNum": 0, "epistemicRate": 0.0, "investRate": 0.0, "conditionRate": 0.0, "weaselRate": 0.0, "peacockRate": 0.0, "hedgeRate": 0.0, "doxasticRate": 0.0, "loveNum": 0, "anxietyNum": 0, "sorrowNum": 0, "joyNum": 0, "disgustNum": 0, "fearNum": 0, "surpriseNum": 0, "angerNum": 0, "loveRate": 0.0, "anxietyRate": 0.0, "sorrowRate": 0.0, "joyRate": 0.0, "disgustRate": 0.0, "fearRate": 0.0, "surpriseRate": 0.0, "angerRate": 0.0, "slangBeGeneralNum": 0, "slangBeCigaretteNum": 0, "slangBeHumanNum": 0, "slangBeVehicleNum": 0, "slangBeDrugNum": 0, "slangBvNum": 0, "slangBeGeneralRate": 0.0, "slangBeCigaretteRate": 0.0, "slangBeHumanRate": 0.0, "slangBeVehicleRate": 0.0, "slangBeDrugRate": 0.0, "slangBvRate": 0.0, "speechactNum": 0, "quoteNum": 0, "dashNum": 0, "publicNum": 0, "privateNum": 0, "suasiveNum": 0, "discMarkerNum": 0, "smileyNum": 0, "dateNum": 0, "hesitationNum": 0, "restartNum": 0, "repeatNum": 0, "conjBeforeDiscNum": 0, "conjAfterDiscNum": 0, "wordBeforeHesitationNum": 0, "wordAfterHesitationNum": 0, "otherCollocationNum": 0, "speechactRate": 0.0, "quoteRate": 0.0, "dashRate": 0.0, "publicRate": 0.0, "privateRate": 0.0, "suasiveRate": 0.0, "discMarkerRate": 0.0, "smileyRate": 0.0, "dateRate": 0.0, "hesitationRate": 0.0, "restartRate": 0.0, "repeatRate": 0.0, "conjBeforeDiscRate": 0.0, "conjAfterDiscRate": 0.0, "wordBeforeHesitationRate": 0.0, "wordAfterHesitationRate": 0.0, "otherCollocationRate": 0.0, "easyWordNum": 437, "hardWordNum": 33, "easyWordRate": 0.9297872340425531, "hardWordRate": 0.07021276595744681, "fleschReadingEaseScore": 62.433695652173924, "gunningFogIndex": 8.20199814986124, "fleschKincaidGradeLevel": 9.627650323774287, "colemanLiauIndex": 11.331448936170212, "smogIndex": 9.120678840339163, "automatedReadabilityIndex": 10.483455134135063, "linsearWriteIndex": 1.3866790009250693, "author": "", "locationNameNum": 1, "locationNameRate": 0.002127659574468085, "personNameNum": 2, "personNameRate": 0.00425531914893617, "organizationNameNum": 1, "organizationNameRate": 0.002127659574468085, "misspelledNum": 8, "misspelledRate": 0.01702127659574468, "missingAccentNum": 1, "missingAccentRate": 0.002127659574468085, "foreignAccentNum": 0, "foreignAccentRate": 0.0, "wordConcatNum": 3, "wordConcatRate": 0.006382978723404255, "jLyMistakeNum": 0, "jLyMistakeRate": 0.0, "freqSuffixNum": 0, "partsNum": 166, "privateVNum": 0, "publicVNum": 0, "clauseWordNum": 57}