{"tokenNum": 499, "sentenceNum": 27, "lemmaNum": 256, "lemmaRate": 0.5130260521042084, "sentenceLength": 18.48148148148148, "allUpperNum": 13, "firstUpperNum": 69, "allUpperRate": 0.026052104208416832, "firstUpperRate": 0.13827655310621242, "declarSentNum": 27, "imperSentNum": 0, "questionNum": 0, "declarSentRate": 1.0, "imperSentRate": 0.0, "questionRate": 0.0, "accent": false, "saturation": 4.413793103448276, "paragraphNum": 0, "nounNum": 122, "verbNum": 59, "adjNum": 32, "infNum": 10, "partPastNum": 0, "partPresNum": 4, "partFutNum": 0, "transNum": 0, "xNum": 26, "advNum": 36, "properNounNum": 46, "numNum": 7, "conjNum": 38, "punctNum": 110, "pronNum": 31, "relPronNum": 5, "demPronNum": 10, "adposNum": 3, "multiplePunctNum": 14, "phraseNum": 0, "nounRate": 0.24448897795591182, "verbRate": 0.11823647294589178, "adjRate": 0.06412825651302605, "infRate": 0.02004008016032064, "partPastRate": 0.0, "partPresRate": 0.008016032064128256, "partFutRate": 0.0, "transRate": 0.0, "xRate": 0.052104208416833664, "advRate": 0.07214428857715431, "properNounRate": 0.09218436873747494, "numRate": 0.014028056112224449, "conjRate": 0.07615230460921844, "punctRate": 0.22044088176352705, "pronRate": 0.06212424849699399, "relPronRate": 0.01002004008016032, "demPronRate": 0.02004008016032064, "adposRate": 0.006012024048096192, "multiplePunctRate": 0.12727272727272726, "partsDensityRate": 4.275862068965517, "contentfulness": 9.185185185185185, "phraseRate": 0.0, "pastTenseNum": 17, "presentTenseNum": 32, "condNum": 2, "impNum": 7, "freqNum": 0, "causNum": 0, "modalNum": 3, "sg1VerbNum": 24, "sg2VerbNum": 5, "sg3VerbNum": 45, "pl1VerbNum": 1, "pl2VerbNum": 0, "pl3VerbNum": 5, "superlatNum": 0, "comparatNum": 3, "specDerivSuffixNum": 0, "pluralNounNum": 7, "pastTenseRate": 0.288135593220339, "presentTenseRate": 0.5423728813559322, "condRate": 0.03389830508474576, "impRate": 0.11864406779661017, "freqRate": 0.0, "causRate": 0.0, "modalRate": 0.05084745762711865, "sg1VerbRate": 0.4067796610169492, "sg2VerbRate": 0.0847457627118644, "sg3VerbRate": 0.7627118644067796, "pl1VerbRate": 0.01694915254237288, "pl2VerbRate": 0.0, "pl3VerbRate": 0.0847457627118644, "superlatRate": 0.0, "comparatRate": 0.09375, "specDerivSuffixRate": 0.0, "pluralNounRate": 0.05737704918032787, "subjNum": 36, "objNum": 17, "attNum": 22, "subordNum": 17, "adverbNum": 40, "coordNum": 30, "clauseNum": 58, "simpleNum": 10, "complexNum": 16, "complexity1Num": 7, "complexity2Num": 5, "complexity3Num": 1, "compoundNum": 0, "subjRate": 0.07214428857715431, "objRate": 0.03406813627254509, "attRate": 0.04408817635270541, "subordRate": 0.03406813627254509, "adverbRate": 0.08016032064128256, "coordRate": 0.06012024048096192, "partsRate": 2.5, "clauseRate": 2.1481481481481484, "simpleRate": 0.37037037037037035, "complexRate": 0.5925925925925926, "complexity1Rate": 0.25925925925925924, "complexity2Rate": 0.18518518518518517, "complexity3Rate": 0.037037037037037035, "complexClauseRate": 3.0, "sentencesPerParagraph": 0.0, "wordsLengthRate": 5.221079691516709, "compoundRate": 0.0, "positiveNum": 0, "negativeNum": 0, "precoPositiveNum": 0, "precoNegativeNum": 0, "negemoNum": 0, "negationNum": 15, "functionNum": 251, "contentNum": 248, "vulgarNum": 0, "racistNum": 0, "specStyleNum": 0, "addressingNum": 0, "closingNum": 0, "postscriptNum": 0, "brutalNum": 0, "positiveRate": 0.0, "negativeRate": 0.0, "precoPositiveRate": 0.0, "precoNegativeRate": 0.0, "negemoRate": 0.0, "negationRate": 0.03006012024048096, "functionRate": 0.503006012024048, "contentRate": 0.4969939879759519, "vulgarRate": 0.0, "racistRate": 0.0, "specStyleRate": 0.0, "addressingRate": 0.0, "closingRate": 0.0, "postscriptRate": 0.0, "brutalRate": 0.0, "epistemicNum": 0, "investNum": 0, "conditionNum": 0, "weaselNum": 0, "peacockNum": 0, "hedgeNum": 0, "doxasticNum": 0, "epistemicRate": 0.0, "investRate": 0.0, "conditionRate": 0.0, "weaselRate": 0.0, "peacockRate": 0.0, "hedgeRate": 0.0, "doxasticRate": 0.0, "loveNum": 0, "anxietyNum": 0, "sorrowNum": 0, "joyNum": 0, "disgustNum": 0, "fearNum": 0, "surpriseNum": 0, "angerNum": 0, "loveRate": 0.0, "anxietyRate": 0.0, "sorrowRate": 0.0, "joyRate": 0.0, "disgustRate": 0.0, "fearRate": 0.0, "surpriseRate": 0.0, "angerRate": 0.0, "slangBeGeneralNum": 0, "slangBeCigaretteNum": 0, "slangBeHumanNum": 0, "slangBeVehicleNum": 0, "slangBeDrugNum": 0, "slangBvNum": 0, "slangBeGeneralRate": 0.0, "slangBeCigaretteRate": 0.0, "slangBeHumanRate": 0.0, "slangBeVehicleRate": 0.0, "slangBeDrugRate": 0.0, "slangBvRate": 0.0, "speechactNum": 0, "quoteNum": 0, "dashNum": 0, "publicNum": 0, "privateNum": 0, "suasiveNum": 0, "discMarkerNum": 0, "smileyNum": 4, "dateNum": 0, "hesitationNum": 0, "restartNum": 0, "repeatNum": 0, "conjBeforeDiscNum": 0, "conjAfterDiscNum": 0, "wordBeforeHesitationNum": 0, "wordAfterHesitationNum": 0, "otherCollocationNum": 0, "speechactRate": 0.0, "quoteRate": 0.0, "dashRate": 0.0, "publicRate": 0.0, "privateRate": 0.0, "suasiveRate": 0.0, "discMarkerRate": 0.0, "smileyRate": 0.008016032064128256, "dateRate": 0.0, "hesitationRate": 0.0, "restartRate": 0.0, "repeatRate": 0.0, "conjBeforeDiscRate": 0.0, "conjAfterDiscRate": 0.0, "wordBeforeHesitationRate": 0.0, "wordAfterHesitationRate": 0.0, "otherCollocationRate": 0.0, "easyWordNum": 463, "hardWordNum": 36, "easyWordRate": 0.9278557114228457, "hardWordRate": 0.07214428857715431, "fleschReadingEaseScore": 78.55405180731836, "gunningFogIndex": 7.421450308023454, "fleschKincaidGradeLevel": 6.893930082386998, "colemanLiauIndex": 9.459557114228456, "smogIndex": 9.3871, "automatedReadabilityIndex": 8.009939137534328, "linsearWriteIndex": 1.0374081496325989, "author": "", "locationNameNum": 0, "locationNameRate": 0.0, "personNameNum": 0, "personNameRate": 0.0, "organizationNameNum": 5, "organizationNameRate": 0.01002004008016032, "misspelledNum": 123, "misspelledRate": 0.24649298597194388, "missingAccentNum": 101, "missingAccentRate": 0.20240480961923848, "foreignAccentNum": 0, "foreignAccentRate": 0.0, "wordConcatNum": 0, "wordConcatRate": 0.0, "jLyMistakeNum": 1, "jLyMistakeRate": 0.002004008016032064, "freqSuffixNum": 0, "partsNum": 145, "privateVNum": 0, "publicVNum": 0, "clauseWordNum": 58}