{"tokenNum": 136, "sentenceNum": 7, "lemmaNum": 83, "lemmaRate": 0.6102941176470589, "sentenceLength": 19.428571428571427, "allUpperNum": 0, "firstUpperNum": 7, "allUpperRate": 0.0, "firstUpperRate": 0.051470588235294115, "declarSentNum": 7, "imperSentNum": 0, "questionNum": 0, "declarSentRate": 1.0, "imperSentRate": 0.0, "questionRate": 0.0, "accent": false, "saturation": 4.882352941176471, "paragraphNum": 0, "nounNum": 22, "verbNum": 16, "adjNum": 9, "infNum": 2, "partPastNum": 2, "partPresNum": 0, "partFutNum": 0, "transNum": 0, "xNum": 6, "advNum": 13, "properNounNum": 0, "numNum": 0, "conjNum": 13, "punctNum": 25, "pronNum": 14, "relPronNum": 2, "demPronNum": 10, "adposNum": 1, "multiplePunctNum": 1, "phraseNum": 0, "nounRate": 0.16176470588235295, "verbRate": 0.11764705882352941, "adjRate": 0.0661764705882353, "infRate": 0.014705882352941176, "partPastRate": 0.014705882352941176, "partPresRate": 0.0, "partFutRate": 0.0, "transRate": 0.0, "xRate": 0.04411764705882353, "advRate": 0.09558823529411764, "properNounRate": 0.0, "numRate": 0.0, "conjRate": 0.09558823529411764, "punctRate": 0.18382352941176472, "pronRate": 0.10294117647058823, "relPronRate": 0.014705882352941176, "demPronRate": 0.07352941176470588, "adposRate": 0.007352941176470588, "multiplePunctRate": 0.04, "partsDensityRate": 3.5294117647058822, "contentfulness": 8.571428571428571, "phraseRate": 0.0, "pastTenseNum": 0, "presentTenseNum": 14, "condNum": 1, "impNum": 2, "freqNum": 0, "causNum": 0, "modalNum": 2, "sg1VerbNum": 4, "sg2VerbNum": 2, "sg3VerbNum": 19, "pl1VerbNum": 4, "pl2VerbNum": 0, "pl3VerbNum": 0, "superlatNum": 0, "comparatNum": 3, "specDerivSuffixNum": 0, "pluralNounNum": 0, "pastTenseRate": 0.0, "presentTenseRate": 0.875, "condRate": 0.0625, "impRate": 0.125, "freqRate": 0.0, "causRate": 0.0, "modalRate": 0.125, "sg1VerbRate": 0.25, "sg2VerbRate": 0.125, "sg3VerbRate": 1.1875, "pl1VerbRate": 0.25, "pl2VerbRate": 0.0, "pl3VerbRate": 0.0, "superlatRate": 0.0, "comparatRate": 0.3333333333333333, "specDerivSuffixRate": 0.0, "pluralNounRate": 0.0, "subjNum": 10, "objNum": 5, "attNum": 5, "subordNum": 11, "adverbNum": 19, "coordNum": 4, "clauseNum": 17, "simpleNum": 1, "complexNum": 6, "complexity1Num": 3, "complexity2Num": 2, "complexity3Num": 1, "compoundNum": 0, "subjRate": 0.07352941176470588, "objRate": 0.03676470588235294, "attRate": 0.03676470588235294, "subordRate": 0.08088235294117647, "adverbRate": 0.13970588235294118, "coordRate": 0.029411764705882353, "partsRate": 2.5294117647058822, "clauseRate": 2.4285714285714284, "simpleRate": 0.14285714285714285, "complexRate": 0.8571428571428571, "complexity1Rate": 0.42857142857142855, "complexity2Rate": 0.2857142857142857, "complexity3Rate": 0.14285714285714285, "complexClauseRate": 2.6666666666666665, "sentencesPerParagraph": 0.0, "wordsLengthRate": 5.486486486486487, "compoundRate": 0.0, "positiveNum": 0, "negativeNum": 0, "precoPositiveNum": 0, "precoNegativeNum": 0, "negemoNum": 0, "negationNum": 1, "functionNum": 76, "contentNum": 60, "vulgarNum": 0, "racistNum": 0, "specStyleNum": 0, "addressingNum": 0, "closingNum": 0, "postscriptNum": 0, "brutalNum": 0, "positiveRate": 0.0, "negativeRate": 0.0, "precoPositiveRate": 0.0, "precoNegativeRate": 0.0, "negemoRate": 0.0, "negationRate": 0.007352941176470588, "functionRate": 0.5588235294117647, "contentRate": 0.4411764705882353, "vulgarRate": 0.0, "racistRate": 0.0, "specStyleRate": 0.0, "addressingRate": 0.0, "closingRate": 0.0, "postscriptRate": 0.0, "brutalRate": 0.0, "epistemicNum": 0, "investNum": 0, "conditionNum": 0, "weaselNum": 0, "peacockNum": 0, "hedgeNum": 0, "doxasticNum": 0, "epistemicRate": 0.0, "investRate": 0.0, "conditionRate": 0.0, "weaselRate": 0.0, "peacockRate": 0.0, "hedgeRate": 0.0, "doxasticRate": 0.0, "loveNum": 0, "anxietyNum": 0, "sorrowNum": 0, "joyNum": 0, "disgustNum": 0, "fearNum": 0, "surpriseNum": 0, "angerNum": 0, "loveRate": 0.0, "anxietyRate": 0.0, "sorrowRate": 0.0, "joyRate": 0.0, "disgustRate": 0.0, "fearRate": 0.0, "surpriseRate": 0.0, "angerRate": 0.0, "slangBeGeneralNum": 0, "slangBeCigaretteNum": 0, "slangBeHumanNum": 0, "slangBeVehicleNum": 0, "slangBeDrugNum": 0, "slangBvNum": 0, "slangBeGeneralRate": 0.0, "slangBeCigaretteRate": 0.0, "slangBeHumanRate": 0.0, "slangBeVehicleRate": 0.0, "slangBeDrugRate": 0.0, "slangBvRate": 0.0, "speechactNum": 0, "quoteNum": 0, "dashNum": 0, "publicNum": 0, "privateNum": 0, "suasiveNum": 0, "discMarkerNum": 0, "smileyNum": 0, "dateNum": 0, "hesitationNum": 0, "restartNum": 0, "repeatNum": 0, "conjBeforeDiscNum": 0, "conjAfterDiscNum": 0, "wordBeforeHesitationNum": 0, "wordAfterHesitationNum": 0, "otherCollocationNum": 0, "speechactRate": 0.0, "quoteRate": 0.0, "dashRate": 0.0, "publicRate": 0.0, "privateRate": 0.0, "suasiveRate": 0.0, "discMarkerRate": 0.0, "smileyRate": 0.0, "dateRate": 0.0, "hesitationRate": 0.0, "restartRate": 0.0, "repeatRate": 0.0, "conjBeforeDiscRate": 0.0, "conjAfterDiscRate": 0.0, "wordBeforeHesitationRate": 0.0, "wordAfterHesitationRate": 0.0, "otherCollocationRate": 0.0, "easyWordNum": 132, "hardWordNum": 4, "easyWordRate": 0.9705882352941176, "hardWordRate": 0.029411764705882353, "fleschReadingEaseScore": 63.94735294117649, "gunningFogIndex": 7.783193277310925, "fleschKincaidGradeLevel": 9.16655462184874, "colemanLiauIndex": 11.484404411764707, "smogIndex": 5.2151, "automatedReadabilityIndex": 10.102668067226894, "linsearWriteIndex": 6.247899159663866, "author": "", "locationNameNum": 0, "locationNameRate": 0.0, "personNameNum": 0, "personNameRate": 0.0, "organizationNameNum": 0, "organizationNameRate": 0.0, "misspelledNum": 38, "misspelledRate": 0.27941176470588236, "missingAccentNum": 37, "missingAccentRate": 0.27205882352941174, "foreignAccentNum": 0, "foreignAccentRate": 0.0, "wordConcatNum": 1, "wordConcatRate": 0.007352941176470588, "jLyMistakeNum": 0, "jLyMistakeRate": 0.0, "freqSuffixNum": 0, "partsNum": 43, "privateVNum": 0, "publicVNum": 0, "clauseWordNum": 17}