{"tokenNum": 390, "sentenceNum": 24, "lemmaNum": 213, "lemmaRate": 0.5461538461538461, "sentenceLength": 16.25, "allUpperNum": 3, "firstUpperNum": 41, "allUpperRate": 0.007692307692307693, "firstUpperRate": 0.10512820512820513, "declarSentNum": 24, "imperSentNum": 0, "questionNum": 0, "declarSentRate": 1.0, "imperSentRate": 0.0, "questionRate": 0.0, "accent": true, "saturation": 3.8035714285714284, "paragraphNum": 0, "nounNum": 94, "verbNum": 45, "adjNum": 37, "infNum": 6, "partPastNum": 3, "partPresNum": 5, "partFutNum": 0, "transNum": 4, "xNum": 26, "advNum": 46, "properNounNum": 16, "numNum": 3, "conjNum": 25, "punctNum": 56, "pronNum": 12, "relPronNum": 3, "demPronNum": 12, "adposNum": 4, "multiplePunctNum": 0, "phraseNum": 0, "nounRate": 0.24102564102564103, "verbRate": 0.11538461538461539, "adjRate": 0.09487179487179487, "infRate": 0.015384615384615385, "partPastRate": 0.007692307692307693, "partPresRate": 0.01282051282051282, "partFutRate": 0.0, "transRate": 0.010256410256410256, "xRate": 0.06666666666666667, "advRate": 0.11794871794871795, "properNounRate": 0.041025641025641026, "numRate": 0.007692307692307693, "conjRate": 0.0641025641025641, "punctRate": 0.14358974358974358, "pronRate": 0.03076923076923077, "relPronRate": 0.007692307692307693, "demPronRate": 0.03076923076923077, "adposRate": 0.010256410256410256, "multiplePunctRate": 0.0, "partsDensityRate": 3.9642857142857144, "contentfulness": 9.25, "phraseRate": 0.0, "pastTenseNum": 13, "presentTenseNum": 26, "condNum": 4, "impNum": 2, "freqNum": 0, "causNum": 0, "modalNum": 3, "sg1VerbNum": 8, "sg2VerbNum": 5, "sg3VerbNum": 30, "pl1VerbNum": 1, "pl2VerbNum": 0, "pl3VerbNum": 8, "superlatNum": 0, "comparatNum": 4, "specDerivSuffixNum": 0, "pluralNounNum": 15, "pastTenseRate": 0.28888888888888886, "presentTenseRate": 0.5777777777777777, "condRate": 0.08888888888888889, "impRate": 0.044444444444444446, "freqRate": 0.0, "causRate": 0.0, "modalRate": 0.06666666666666667, "sg1VerbRate": 0.17777777777777778, "sg2VerbRate": 0.1111111111111111, "sg3VerbRate": 0.6666666666666666, "pl1VerbRate": 0.022222222222222223, "pl2VerbRate": 0.0, "pl3VerbRate": 0.17777777777777778, "superlatRate": 0.0, "comparatRate": 0.10810810810810811, "specDerivSuffixRate": 0.0, "pluralNounRate": 0.1595744680851064, "subjNum": 24, "objNum": 19, "attNum": 28, "subordNum": 11, "adverbNum": 51, "coordNum": 13, "clauseNum": 56, "simpleNum": 8, "complexNum": 16, "complexity1Num": 6, "complexity2Num": 6, "complexity3Num": 2, "compoundNum": 0, "subjRate": 0.06153846153846154, "objRate": 0.04871794871794872, "attRate": 0.07179487179487179, "subordRate": 0.028205128205128206, "adverbRate": 0.13076923076923078, "coordRate": 0.03333333333333333, "partsRate": 2.4107142857142856, "clauseRate": 2.3333333333333335, "simpleRate": 0.3333333333333333, "complexRate": 0.6666666666666666, "complexity1Rate": 0.25, "complexity2Rate": 0.25, "complexity3Rate": 0.08333333333333333, "complexClauseRate": 3.0, "sentencesPerParagraph": 0.0, "wordsLengthRate": 5.847305389221557, "compoundRate": 0.0, "positiveNum": 0, "negativeNum": 0, "precoPositiveNum": 0, "precoNegativeNum": 0, "negemoNum": 0, "negationNum": 7, "functionNum": 168, "contentNum": 222, "vulgarNum": 0, "racistNum": 0, "specStyleNum": 0, "addressingNum": 0, "closingNum": 0, "postscriptNum": 0, "brutalNum": 0, "positiveRate": 0.0, "negativeRate": 0.0, "precoPositiveRate": 0.0, "precoNegativeRate": 0.0, "negemoRate": 0.0, "negationRate": 0.017948717948717947, "functionRate": 0.4307692307692308, "contentRate": 0.5692307692307692, "vulgarRate": 0.0, "racistRate": 0.0, "specStyleRate": 0.0, "addressingRate": 0.0, "closingRate": 0.0, "postscriptRate": 0.0, "brutalRate": 0.0, "epistemicNum": 0, "investNum": 0, "conditionNum": 0, "weaselNum": 0, "peacockNum": 0, "hedgeNum": 0, "doxasticNum": 0, "epistemicRate": 0.0, "investRate": 0.0, "conditionRate": 0.0, "weaselRate": 0.0, "peacockRate": 0.0, "hedgeRate": 0.0, "doxasticRate": 0.0, "loveNum": 0, "anxietyNum": 0, "sorrowNum": 0, "joyNum": 0, "disgustNum": 0, "fearNum": 0, "surpriseNum": 0, "angerNum": 0, "loveRate": 0.0, "anxietyRate": 0.0, "sorrowRate": 0.0, "joyRate": 0.0, "disgustRate": 0.0, "fearRate": 0.0, "surpriseRate": 0.0, "angerRate": 0.0, "slangBeGeneralNum": 0, "slangBeCigaretteNum": 0, "slangBeHumanNum": 0, "slangBeVehicleNum": 0, "slangBeDrugNum": 0, "slangBvNum": 0, "slangBeGeneralRate": 0.0, "slangBeCigaretteRate": 0.0, "slangBeHumanRate": 0.0, "slangBeVehicleRate": 0.0, "slangBeDrugRate": 0.0, "slangBvRate": 0.0, "speechactNum": 0, "quoteNum": 0, "dashNum": 0, "publicNum": 0, "privateNum": 0, "suasiveNum": 0, "discMarkerNum": 0, "smileyNum": 0, "dateNum": 1, "hesitationNum": 0, "restartNum": 0, "repeatNum": 2, "conjBeforeDiscNum": 0, "conjAfterDiscNum": 0, "wordBeforeHesitationNum": 0, "wordAfterHesitationNum": 0, "otherCollocationNum": 0, "speechactRate": 0.0, "quoteRate": 0.0, "dashRate": 0.0, "publicRate": 0.0, "privateRate": 0.0, "suasiveRate": 0.0, "discMarkerRate": 0.0, "smileyRate": 0.0, "dateRate": 0.002564102564102564, "hesitationRate": 0.0, "restartRate": 0.0, "repeatRate": 0.005128205128205128, "conjBeforeDiscRate": 0.0, "conjAfterDiscRate": 0.0, "wordBeforeHesitationRate": 0.0, "wordAfterHesitationRate": 0.0, "otherCollocationRate": 0.0, "easyWordNum": 344, "hardWordNum": 46, "easyWordRate": 0.882051282051282, "hardWordRate": 0.11794871794871795, "fleschReadingEaseScore": 49.992019230769245, "gunningFogIndex": 6.547179487179488, "fleschKincaidGradeLevel": 10.323397435897437, "colemanLiauIndex": 14.072687179487176, "smogIndex": 10.203070172399654, "automatedReadabilityIndex": 10.583153846153841, "linsearWriteIndex": 1.4465811965811963, "author": "", "locationNameNum": 1, "locationNameRate": 0.002564102564102564, "personNameNum": 6, "personNameRate": 0.015384615384615385, "organizationNameNum": 3, "organizationNameRate": 0.007692307692307693, "misspelledNum": 10, "misspelledRate": 0.02564102564102564, "missingAccentNum": 1, "missingAccentRate": 0.002564102564102564, "foreignAccentNum": 0, "foreignAccentRate": 0.0, "wordConcatNum": 2, "wordConcatRate": 0.005128205128205128, "jLyMistakeNum": 0, "jLyMistakeRate": 0.0, "freqSuffixNum": 0, "partsNum": 135, "privateVNum": 0, "publicVNum": 0, "clauseWordNum": 56}