{"tokenNum": 441, "sentenceNum": 33, "lemmaNum": 210, "lemmaRate": 0.47619047619047616, "sentenceLength": 13.363636363636363, "allUpperNum": 9, "firstUpperNum": 63, "allUpperRate": 0.02040816326530612, "firstUpperRate": 0.14285714285714285, "declarSentNum": 33, "imperSentNum": 0, "questionNum": 0, "declarSentRate": 1.0, "imperSentRate": 0.0, "questionRate": 0.0, "accent": true, "saturation": 2.441860465116279, "paragraphNum": 0, "nounNum": 99, "verbNum": 50, "adjNum": 19, "infNum": 7, "partPastNum": 1, "partPresNum": 0, "partFutNum": 0, "transNum": 0, "xNum": 25, "advNum": 58, "properNounNum": 22, "numNum": 6, "conjNum": 33, "punctNum": 100, "pronNum": 14, "relPronNum": 4, "demPronNum": 10, "adposNum": 3, "multiplePunctNum": 7, "phraseNum": 0, "nounRate": 0.22448979591836735, "verbRate": 0.11337868480725624, "adjRate": 0.04308390022675737, "infRate": 0.015873015873015872, "partPastRate": 0.0022675736961451248, "partPresRate": 0.0, "partFutRate": 0.0, "transRate": 0.0, "xRate": 0.05668934240362812, "advRate": 0.13151927437641722, "properNounRate": 0.049886621315192746, "numRate": 0.013605442176870748, "conjRate": 0.07482993197278912, "punctRate": 0.22675736961451248, "pronRate": 0.031746031746031744, "relPronRate": 0.009070294784580499, "demPronRate": 0.022675736961451247, "adposRate": 0.006802721088435374, "multiplePunctRate": 0.07, "partsDensityRate": 2.627906976744186, "contentfulness": 6.848484848484849, "phraseRate": 0.0, "pastTenseNum": 8, "presentTenseNum": 35, "condNum": 0, "impNum": 1, "freqNum": 0, "causNum": 0, "modalNum": 1, "sg1VerbNum": 9, "sg2VerbNum": 0, "sg3VerbNum": 48, "pl1VerbNum": 0, "pl2VerbNum": 0, "pl3VerbNum": 2, "superlatNum": 0, "comparatNum": 0, "specDerivSuffixNum": 0, "pluralNounNum": 3, "pastTenseRate": 0.16, "presentTenseRate": 0.7, "condRate": 0.0, "impRate": 0.02, "freqRate": 0.0, "causRate": 0.0, "modalRate": 0.02, "sg1VerbRate": 0.18, "sg2VerbRate": 0.0, "sg3VerbRate": 0.96, "pl1VerbRate": 0.0, "pl2VerbRate": 0.0, "pl3VerbRate": 0.04, "superlatRate": 0.0, "comparatRate": 0.0, "specDerivSuffixRate": 0.0, "pluralNounRate": 0.030303030303030304, "subjNum": 24, "objNum": 12, "attNum": 7, "subordNum": 12, "adverbNum": 64, "coordNum": 23, "clauseNum": 86, "simpleNum": 14, "complexNum": 19, "complexity1Num": 4, "complexity2Num": 8, "complexity3Num": 5, "compoundNum": 0, "subjRate": 0.05442176870748299, "objRate": 0.027210884353741496, "attRate": 0.015873015873015872, "subordRate": 0.027210884353741496, "adverbRate": 0.14512471655328799, "coordRate": 0.05215419501133787, "partsRate": 1.5116279069767442, "clauseRate": 2.606060606060606, "simpleRate": 0.42424242424242425, "complexRate": 0.5757575757575758, "complexity1Rate": 0.12121212121212122, "complexity2Rate": 0.24242424242424243, "complexity3Rate": 0.15151515151515152, "complexClauseRate": 3.789473684210526, "sentencesPerParagraph": 0.0, "wordsLengthRate": 4.639296187683285, "compoundRate": 0.0, "positiveNum": 0, "negativeNum": 0, "precoPositiveNum": 0, "precoNegativeNum": 0, "negemoNum": 0, "negationNum": 8, "functionNum": 215, "contentNum": 226, "vulgarNum": 0, "racistNum": 0, "specStyleNum": 0, "addressingNum": 0, "closingNum": 0, "postscriptNum": 0, "brutalNum": 0, "positiveRate": 0.0, "negativeRate": 0.0, "precoPositiveRate": 0.0, "precoNegativeRate": 0.0, "negemoRate": 0.0, "negationRate": 0.018140589569160998, "functionRate": 0.4875283446712018, "contentRate": 0.5124716553287982, "vulgarRate": 0.0, "racistRate": 0.0, "specStyleRate": 0.0, "addressingRate": 0.0, "closingRate": 0.0, "postscriptRate": 0.0, "brutalRate": 0.0, "epistemicNum": 0, "investNum": 0, "conditionNum": 0, "weaselNum": 0, "peacockNum": 0, "hedgeNum": 0, "doxasticNum": 0, "epistemicRate": 0.0, "investRate": 0.0, "conditionRate": 0.0, "weaselRate": 0.0, "peacockRate": 0.0, "hedgeRate": 0.0, "doxasticRate": 0.0, "loveNum": 0, "anxietyNum": 0, "sorrowNum": 0, "joyNum": 0, "disgustNum": 0, "fearNum": 0, "surpriseNum": 0, "angerNum": 0, "loveRate": 0.0, "anxietyRate": 0.0, "sorrowRate": 0.0, "joyRate": 0.0, "disgustRate": 0.0, "fearRate": 0.0, "surpriseRate": 0.0, "angerRate": 0.0, "slangBeGeneralNum": 0, "slangBeCigaretteNum": 0, "slangBeHumanNum": 0, "slangBeVehicleNum": 0, "slangBeDrugNum": 0, "slangBvNum": 0, "slangBeGeneralRate": 0.0, "slangBeCigaretteRate": 0.0, "slangBeHumanRate": 0.0, "slangBeVehicleRate": 0.0, "slangBeDrugRate": 0.0, "slangBvRate": 0.0, "speechactNum": 0, "quoteNum": 0, "dashNum": 0, "publicNum": 0, "privateNum": 0, "suasiveNum": 0, "discMarkerNum": 0, "smileyNum": 0, "dateNum": 0, "hesitationNum": 0, "restartNum": 0, "repeatNum": 1, "conjBeforeDiscNum": 0, "conjAfterDiscNum": 0, "wordBeforeHesitationNum": 0, "wordAfterHesitationNum": 0, "otherCollocationNum": 0, "speechactRate": 0.0, "quoteRate": 0.0, "dashRate": 0.0, "publicRate": 0.0, "privateRate": 0.0, "suasiveRate": 0.0, "discMarkerRate": 0.0, "smileyRate": 0.0, "dateRate": 0.0, "hesitationRate": 0.0, "restartRate": 0.0, "repeatRate": 0.0022675736961451248, "conjBeforeDiscRate": 0.0, "conjAfterDiscRate": 0.0, "wordBeforeHesitationRate": 0.0, "wordAfterHesitationRate": 0.0, "otherCollocationRate": 0.0, "easyWordNum": 430, "hardWordNum": 11, "easyWordRate": 0.9750566893424036, "hardWordRate": 0.024943310657596373, "fleschReadingEaseScore": 92.17294990723563, "gunningFogIndex": 5.3554318697175844, "fleschKincaidGradeLevel": 3.722951968666255, "colemanLiauIndex": 6.464242630385485, "smogIndex": 6.42735559955562, "automatedReadabilityIndex": 3.0558317872603595, "linsearWriteIndex": 0.5048443619872192, "author": "", "locationNameNum": 1, "locationNameRate": 0.0022675736961451248, "personNameNum": 8, "personNameRate": 0.018140589569160998, "organizationNameNum": 1, "organizationNameRate": 0.0022675736961451248, "misspelledNum": 15, "misspelledRate": 0.034013605442176874, "missingAccentNum": 3, "missingAccentRate": 0.006802721088435374, "foreignAccentNum": 0, "foreignAccentRate": 0.0, "wordConcatNum": 0, "wordConcatRate": 0.0, "jLyMistakeNum": 0, "jLyMistakeRate": 0.0, "freqSuffixNum": 0, "partsNum": 130, "privateVNum": 0, "publicVNum": 0, "clauseWordNum": 86}