{"tokenNum": 334, "sentenceNum": 13, "lemmaNum": 209, "lemmaRate": 0.625748502994012, "sentenceLength": 25.692307692307693, "allUpperNum": 11, "firstUpperNum": 30, "allUpperRate": 0.03293413173652695, "firstUpperRate": 0.08982035928143713, "declarSentNum": 13, "imperSentNum": 0, "questionNum": 0, "declarSentRate": 1.0, "imperSentRate": 0.0, "questionRate": 0.0, "accent": true, "saturation": 7.464285714285714, "paragraphNum": 0, "nounNum": 70, "verbNum": 52, "adjNum": 36, "infNum": 7, "partPastNum": 1, "partPresNum": 1, "partFutNum": 0, "transNum": 6, "xNum": 9, "advNum": 40, "properNounNum": 6, "numNum": 4, "conjNum": 26, "punctNum": 44, "pronNum": 18, "relPronNum": 2, "demPronNum": 10, "adposNum": 2, "multiplePunctNum": 1, "phraseNum": 0, "nounRate": 0.20958083832335328, "verbRate": 0.15568862275449102, "adjRate": 0.10778443113772455, "infRate": 0.020958083832335328, "partPastRate": 0.0029940119760479044, "partPresRate": 0.0029940119760479044, "partFutRate": 0.0, "transRate": 0.017964071856287425, "xRate": 0.02694610778443114, "advRate": 0.11976047904191617, "properNounRate": 0.017964071856287425, "numRate": 0.011976047904191617, "conjRate": 0.07784431137724551, "punctRate": 0.1317365269461078, "pronRate": 0.05389221556886228, "relPronRate": 0.005988023952095809, "demPronRate": 0.029940119760479042, "adposRate": 0.005988023952095809, "multiplePunctRate": 0.022727272727272728, "partsDensityRate": 7.035714285714286, "contentfulness": 15.153846153846153, "phraseRate": 0.0, "pastTenseNum": 3, "presentTenseNum": 42, "condNum": 1, "impNum": 3, "freqNum": 0, "causNum": 0, "modalNum": 2, "sg1VerbNum": 27, "sg2VerbNum": 0, "sg3VerbNum": 34, "pl1VerbNum": 0, "pl2VerbNum": 0, "pl3VerbNum": 3, "superlatNum": 1, "comparatNum": 3, "specDerivSuffixNum": 0, "pluralNounNum": 4, "pastTenseRate": 0.057692307692307696, "presentTenseRate": 0.8076923076923077, "condRate": 0.019230769230769232, "impRate": 0.057692307692307696, "freqRate": 0.0, "causRate": 0.0, "modalRate": 0.038461538461538464, "sg1VerbRate": 0.5192307692307693, "sg2VerbRate": 0.0, "sg3VerbRate": 0.6538461538461539, "pl1VerbRate": 0.0, "pl2VerbRate": 0.0, "pl3VerbRate": 0.057692307692307696, "superlatRate": 0.027777777777777776, "comparatRate": 0.08333333333333333, "specDerivSuffixRate": 0.0, "pluralNounRate": 0.05714285714285714, "subjNum": 28, "objNum": 15, "attNum": 19, "subordNum": 13, "adverbNum": 48, "coordNum": 26, "clauseNum": 28, "simpleNum": 6, "complexNum": 7, "complexity1Num": 5, "complexity2Num": 1, "complexity3Num": 0, "compoundNum": 0, "subjRate": 0.08383233532934131, "objRate": 0.04491017964071856, "attRate": 0.05688622754491018, "subordRate": 0.038922155688622756, "adverbRate": 0.1437125748502994, "coordRate": 0.07784431137724551, "partsRate": 4.857142857142857, "clauseRate": 2.1538461538461537, "simpleRate": 0.46153846153846156, "complexRate": 0.5384615384615384, "complexity1Rate": 0.38461538461538464, "complexity2Rate": 0.07692307692307693, "complexity3Rate": 0.0, "complexClauseRate": 3.142857142857143, "sentencesPerParagraph": 0.0, "wordsLengthRate": 5.36551724137931, "compoundRate": 0.0, "positiveNum": 0, "negativeNum": 0, "precoPositiveNum": 0, "precoNegativeNum": 0, "negemoNum": 0, "negationNum": 12, "functionNum": 137, "contentNum": 197, "vulgarNum": 0, "racistNum": 0, "specStyleNum": 0, "addressingNum": 0, "closingNum": 0, "postscriptNum": 1, "brutalNum": 0, "positiveRate": 0.0, "negativeRate": 0.0, "precoPositiveRate": 0.0, "precoNegativeRate": 0.0, "negemoRate": 0.0, "negationRate": 0.03592814371257485, "functionRate": 0.4101796407185629, "contentRate": 0.5898203592814372, "vulgarRate": 0.0, "racistRate": 0.0, "specStyleRate": 0.0, "addressingRate": 0.0, "closingRate": 0.0, "postscriptRate": 0.0029940119760479044, "brutalRate": 0.0, "epistemicNum": 0, "investNum": 0, "conditionNum": 0, "weaselNum": 0, "peacockNum": 0, "hedgeNum": 0, "doxasticNum": 0, "epistemicRate": 0.0, "investRate": 0.0, "conditionRate": 0.0, "weaselRate": 0.0, "peacockRate": 0.0, "hedgeRate": 0.0, "doxasticRate": 0.0, "loveNum": 0, "anxietyNum": 0, "sorrowNum": 0, "joyNum": 0, "disgustNum": 0, "fearNum": 0, "surpriseNum": 0, "angerNum": 0, "loveRate": 0.0, "anxietyRate": 0.0, "sorrowRate": 0.0, "joyRate": 0.0, "disgustRate": 0.0, "fearRate": 0.0, "surpriseRate": 0.0, "angerRate": 0.0, "slangBeGeneralNum": 0, "slangBeCigaretteNum": 0, "slangBeHumanNum": 0, "slangBeVehicleNum": 0, "slangBeDrugNum": 0, "slangBvNum": 0, "slangBeGeneralRate": 0.0, "slangBeCigaretteRate": 0.0, "slangBeHumanRate": 0.0, "slangBeVehicleRate": 0.0, "slangBeDrugRate": 0.0, "slangBvRate": 0.0, "speechactNum": 0, "quoteNum": 0, "dashNum": 0, "publicNum": 0, "privateNum": 0, "suasiveNum": 0, "discMarkerNum": 0, "smileyNum": 0, "dateNum": 0, "hesitationNum": 0, "restartNum": 0, "repeatNum": 0, "conjBeforeDiscNum": 0, "conjAfterDiscNum": 0, "wordBeforeHesitationNum": 0, "wordAfterHesitationNum": 0, "otherCollocationNum": 0, "speechactRate": 0.0, "quoteRate": 0.0, "dashRate": 0.0, "publicRate": 0.0, "privateRate": 0.0, "suasiveRate": 0.0, "discMarkerRate": 0.0, "smileyRate": 0.0, "dateRate": 0.0, "hesitationRate": 0.0, "restartRate": 0.0, "repeatRate": 0.0, "conjBeforeDiscRate": 0.0, "conjAfterDiscRate": 0.0, "wordBeforeHesitationRate": 0.0, "wordAfterHesitationRate": 0.0, "otherCollocationRate": 0.0, "easyWordNum": 305, "hardWordNum": 29, "easyWordRate": 0.9131736526946108, "hardWordRate": 0.08682634730538923, "fleschReadingEaseScore": 49.80461308152928, "gunningFogIndex": 10.311653615845234, "fleschKincaidGradeLevel": 12.695269461077846, "colemanLiauIndex": 12.274374251497001, "smogIndex": 8.745826893841286, "automatedReadabilityIndex": 13.866213726393369, "linsearWriteIndex": 3.4219253800092124, "author": "", "locationNameNum": 0, "locationNameRate": 0.0, "personNameNum": 3, "personNameRate": 0.008982035928143712, "organizationNameNum": 0, "organizationNameRate": 0.0, "misspelledNum": 16, "misspelledRate": 0.04790419161676647, "missingAccentNum": 10, "missingAccentRate": 0.029940119760479042, "foreignAccentNum": 0, "foreignAccentRate": 0.0, "wordConcatNum": 3, "wordConcatRate": 0.008982035928143712, "jLyMistakeNum": 0, "jLyMistakeRate": 0.0, "freqSuffixNum": 0, "partsNum": 136, "privateVNum": 0, "publicVNum": 0, "clauseWordNum": 28}