{"tokenNum": 347, "sentenceNum": 12, "lemmaNum": 208, "lemmaRate": 0.5994236311239193, "sentenceLength": 28.916666666666668, "allUpperNum": 1, "firstUpperNum": 40, "allUpperRate": 0.002881844380403458, "firstUpperRate": 0.11527377521613832, "declarSentNum": 11, "imperSentNum": 1, "questionNum": 0, "declarSentRate": 0.9166666666666666, "imperSentRate": 0.08333333333333333, "questionRate": 0.0, "accent": true, "saturation": 4.16, "paragraphNum": 0, "nounNum": 79, "verbNum": 44, "adjNum": 23, "infNum": 9, "partPastNum": 1, "partPresNum": 4, "partFutNum": 0, "transNum": 0, "xNum": 11, "advNum": 43, "properNounNum": 28, "numNum": 6, "conjNum": 27, "punctNum": 64, "pronNum": 14, "relPronNum": 5, "demPronNum": 12, "adposNum": 4, "multiplePunctNum": 2, "phraseNum": 0, "nounRate": 0.2276657060518732, "verbRate": 0.12680115273775217, "adjRate": 0.06628242074927954, "infRate": 0.025936599423631124, "partPastRate": 0.002881844380403458, "partPresRate": 0.011527377521613832, "partFutRate": 0.0, "transRate": 0.0, "xRate": 0.03170028818443804, "advRate": 0.1239193083573487, "properNounRate": 0.08069164265129683, "numRate": 0.01729106628242075, "conjRate": 0.07780979827089338, "punctRate": 0.1844380403458213, "pronRate": 0.040345821325648415, "relPronRate": 0.01440922190201729, "demPronRate": 0.0345821325648415, "adposRate": 0.011527377521613832, "multiplePunctRate": 0.03125, "partsDensityRate": 3.78, "contentfulness": 15.75, "phraseRate": 0.0, "pastTenseNum": 9, "presentTenseNum": 26, "condNum": 2, "impNum": 6, "freqNum": 0, "causNum": 0, "modalNum": 4, "sg1VerbNum": 4, "sg2VerbNum": 6, "sg3VerbNum": 30, "pl1VerbNum": 0, "pl2VerbNum": 0, "pl3VerbNum": 10, "superlatNum": 0, "comparatNum": 0, "specDerivSuffixNum": 0, "pluralNounNum": 12, "pastTenseRate": 0.20454545454545456, "presentTenseRate": 0.5909090909090909, "condRate": 0.045454545454545456, "impRate": 0.13636363636363635, "freqRate": 0.0, "causRate": 0.0, "modalRate": 0.09090909090909091, "sg1VerbRate": 0.09090909090909091, "sg2VerbRate": 0.13636363636363635, "sg3VerbRate": 0.6818181818181818, "pl1VerbRate": 0.0, "pl2VerbRate": 0.0, "pl3VerbRate": 0.22727272727272727, "superlatRate": 0.0, "comparatRate": 0.0, "specDerivSuffixRate": 0.0, "pluralNounRate": 0.1518987341772152, "subjNum": 24, "objNum": 8, "attNum": 11, "subordNum": 19, "adverbNum": 55, "coordNum": 14, "clauseNum": 50, "simpleNum": 1, "complexNum": 11, "complexity1Num": 4, "complexity2Num": 2, "complexity3Num": 1, "compoundNum": 0, "subjRate": 0.069164265129683, "objRate": 0.023054755043227664, "attRate": 0.03170028818443804, "subordRate": 0.05475504322766571, "adverbRate": 0.1585014409221902, "coordRate": 0.040345821325648415, "partsRate": 2.24, "clauseRate": 4.166666666666667, "simpleRate": 0.08333333333333333, "complexRate": 0.9166666666666666, "complexity1Rate": 0.3333333333333333, "complexity2Rate": 0.16666666666666666, "complexity3Rate": 0.08333333333333333, "complexClauseRate": 4.454545454545454, "sentencesPerParagraph": 0.0, "wordsLengthRate": 5.395759717314488, "compoundRate": 0.0, "positiveNum": 0, "negativeNum": 0, "precoPositiveNum": 0, "precoNegativeNum": 0, "negemoNum": 0, "negationNum": 9, "functionNum": 158, "contentNum": 189, "vulgarNum": 0, "racistNum": 0, "specStyleNum": 0, "addressingNum": 0, "closingNum": 0, "postscriptNum": 0, "brutalNum": 0, "positiveRate": 0.0, "negativeRate": 0.0, "precoPositiveRate": 0.0, "precoNegativeRate": 0.0, "negemoRate": 0.0, "negationRate": 0.025936599423631124, "functionRate": 0.4553314121037464, "contentRate": 0.5446685878962536, "vulgarRate": 0.0, "racistRate": 0.0, "specStyleRate": 0.0, "addressingRate": 0.0, "closingRate": 0.0, "postscriptRate": 0.0, "brutalRate": 0.0, "epistemicNum": 0, "investNum": 0, "conditionNum": 0, "weaselNum": 0, "peacockNum": 0, "hedgeNum": 0, "doxasticNum": 0, "epistemicRate": 0.0, "investRate": 0.0, "conditionRate": 0.0, "weaselRate": 0.0, "peacockRate": 0.0, "hedgeRate": 0.0, "doxasticRate": 0.0, "loveNum": 0, "anxietyNum": 0, "sorrowNum": 0, "joyNum": 0, "disgustNum": 0, "fearNum": 0, "surpriseNum": 0, "angerNum": 0, "loveRate": 0.0, "anxietyRate": 0.0, "sorrowRate": 0.0, "joyRate": 0.0, "disgustRate": 0.0, "fearRate": 0.0, "surpriseRate": 0.0, "angerRate": 0.0, "slangBeGeneralNum": 0, "slangBeCigaretteNum": 0, "slangBeHumanNum": 0, "slangBeVehicleNum": 0, "slangBeDrugNum": 0, "slangBvNum": 0, "slangBeGeneralRate": 0.0, "slangBeCigaretteRate": 0.0, "slangBeHumanRate": 0.0, "slangBeVehicleRate": 0.0, "slangBeDrugRate": 0.0, "slangBvRate": 0.0, "speechactNum": 0, "quoteNum": 0, "dashNum": 0, "publicNum": 0, "privateNum": 0, "suasiveNum": 0, "discMarkerNum": 0, "smileyNum": 1, "dateNum": 1, "hesitationNum": 0, "restartNum": 1, "repeatNum": 0, "conjBeforeDiscNum": 0, "conjAfterDiscNum": 0, "wordBeforeHesitationNum": 0, "wordAfterHesitationNum": 0, "otherCollocationNum": 0, "speechactRate": 0.0, "quoteRate": 0.0, "dashRate": 0.0, "publicRate": 0.0, "privateRate": 0.0, "suasiveRate": 0.0, "discMarkerRate": 0.0, "smileyRate": 0.002881844380403458, "dateRate": 0.002881844380403458, "hesitationRate": 0.0, "restartRate": 0.002881844380403458, "repeatRate": 0.0, "conjBeforeDiscRate": 0.0, "conjAfterDiscRate": 0.0, "wordBeforeHesitationRate": 0.0, "wordAfterHesitationRate": 0.0, "otherCollocationRate": 0.0, "easyWordNum": 325, "hardWordNum": 22, "easyWordRate": 0.9365994236311239, "hardWordRate": 0.06340057636887608, "fleschReadingEaseScore": 51.43789745437083, "gunningFogIndex": 11.592026897214218, "fleschKincaidGradeLevel": 13.26847982708934, "colemanLiauIndex": 11.035890489913541, "smogIndex": 8.021203637495837, "automatedReadabilityIndex": 14.488016330451487, "linsearWriteIndex": 3.57492795389049, "author": "", "locationNameNum": 1, "locationNameRate": 0.002881844380403458, "personNameNum": 10, "personNameRate": 0.02881844380403458, "organizationNameNum": 0, "organizationNameRate": 0.0, "misspelledNum": 5, "misspelledRate": 0.01440922190201729, "missingAccentNum": 0, "missingAccentRate": 0.0, "foreignAccentNum": 0, "foreignAccentRate": 0.0, "wordConcatNum": 2, "wordConcatRate": 0.005763688760806916, "jLyMistakeNum": 0, "jLyMistakeRate": 0.0, "freqSuffixNum": 0, "partsNum": 112, "privateVNum": 0, "publicVNum": 0, "clauseWordNum": 50}