{"tokenNum": 351, "sentenceNum": 25, "lemmaNum": 173, "lemmaRate": 0.4928774928774929, "sentenceLength": 14.04, "allUpperNum": 1, "firstUpperNum": 31, "allUpperRate": 0.002849002849002849, "firstUpperRate": 0.08831908831908832, "declarSentNum": 25, "imperSentNum": 0, "questionNum": 0, "declarSentRate": 1.0, "imperSentRate": 0.0, "questionRate": 0.0, "accent": true, "saturation": 3.2641509433962264, "paragraphNum": 0, "nounNum": 55, "verbNum": 58, "adjNum": 20, "infNum": 18, "partPastNum": 2, "partPresNum": 1, "partFutNum": 0, "transNum": 0, "xNum": 24, "advNum": 41, "properNounNum": 4, "numNum": 3, "conjNum": 32, "punctNum": 77, "pronNum": 12, "relPronNum": 1, "demPronNum": 21, "adposNum": 1, "multiplePunctNum": 3, "phraseNum": 0, "nounRate": 0.15669515669515668, "verbRate": 0.16524216524216523, "adjRate": 0.05698005698005698, "infRate": 0.05128205128205128, "partPastRate": 0.005698005698005698, "partPresRate": 0.002849002849002849, "partFutRate": 0.0, "transRate": 0.0, "xRate": 0.06837606837606838, "advRate": 0.1168091168091168, "properNounRate": 0.011396011396011397, "numRate": 0.008547008547008548, "conjRate": 0.09116809116809117, "punctRate": 0.21937321937321938, "pronRate": 0.03418803418803419, "relPronRate": 0.002849002849002849, "demPronRate": 0.05982905982905983, "adposRate": 0.002849002849002849, "multiplePunctRate": 0.03896103896103896, "partsDensityRate": 3.2830188679245285, "contentfulness": 6.96, "phraseRate": 0.0, "pastTenseNum": 1, "presentTenseNum": 39, "condNum": 2, "impNum": 5, "freqNum": 0, "causNum": 0, "modalNum": 6, "sg1VerbNum": 4, "sg2VerbNum": 1, "sg3VerbNum": 35, "pl1VerbNum": 5, "pl2VerbNum": 0, "pl3VerbNum": 9, "superlatNum": 0, "comparatNum": 1, "specDerivSuffixNum": 0, "pluralNounNum": 8, "pastTenseRate": 0.017241379310344827, "presentTenseRate": 0.6724137931034483, "condRate": 0.034482758620689655, "impRate": 0.08620689655172414, "freqRate": 0.0, "causRate": 0.0, "modalRate": 0.10344827586206896, "sg1VerbRate": 0.06896551724137931, "sg2VerbRate": 0.017241379310344827, "sg3VerbRate": 0.603448275862069, "pl1VerbRate": 0.08620689655172414, "pl2VerbRate": 0.0, "pl3VerbRate": 0.15517241379310345, "superlatRate": 0.0, "comparatRate": 0.05, "specDerivSuffixRate": 0.0, "pluralNounRate": 0.14545454545454545, "subjNum": 14, "objNum": 15, "attNum": 16, "subordNum": 15, "adverbNum": 45, "coordNum": 10, "clauseNum": 53, "simpleNum": 8, "complexNum": 17, "complexity1Num": 11, "complexity2Num": 4, "complexity3Num": 0, "compoundNum": 0, "subjRate": 0.039886039886039885, "objRate": 0.042735042735042736, "attRate": 0.045584045584045586, "subordRate": 0.042735042735042736, "adverbRate": 0.1282051282051282, "coordRate": 0.02849002849002849, "partsRate": 1.8867924528301887, "clauseRate": 2.12, "simpleRate": 0.32, "complexRate": 0.68, "complexity1Rate": 0.44, "complexity2Rate": 0.16, "complexity3Rate": 0.0, "complexClauseRate": 2.6470588235294117, "sentencesPerParagraph": 0.0, "wordsLengthRate": 5.208029197080292, "compoundRate": 0.0, "positiveNum": 0, "negativeNum": 0, "precoPositiveNum": 0, "precoNegativeNum": 0, "negemoNum": 0, "negationNum": 9, "functionNum": 177, "contentNum": 174, "vulgarNum": 0, "racistNum": 0, "specStyleNum": 0, "addressingNum": 0, "closingNum": 0, "postscriptNum": 0, "brutalNum": 0, "positiveRate": 0.0, "negativeRate": 0.0, "precoPositiveRate": 0.0, "precoNegativeRate": 0.0, "negemoRate": 0.0, "negationRate": 0.02564102564102564, "functionRate": 0.5042735042735043, "contentRate": 0.49572649572649574, "vulgarRate": 0.0, "racistRate": 0.0, "specStyleRate": 0.0, "addressingRate": 0.0, "closingRate": 0.0, "postscriptRate": 0.0, "brutalRate": 0.0, "epistemicNum": 0, "investNum": 0, "conditionNum": 0, "weaselNum": 0, "peacockNum": 0, "hedgeNum": 0, "doxasticNum": 0, "epistemicRate": 0.0, "investRate": 0.0, "conditionRate": 0.0, "weaselRate": 0.0, "peacockRate": 0.0, "hedgeRate": 0.0, "doxasticRate": 0.0, "loveNum": 0, "anxietyNum": 0, "sorrowNum": 0, "joyNum": 0, "disgustNum": 0, "fearNum": 0, "surpriseNum": 0, "angerNum": 0, "loveRate": 0.0, "anxietyRate": 0.0, "sorrowRate": 0.0, "joyRate": 0.0, "disgustRate": 0.0, "fearRate": 0.0, "surpriseRate": 0.0, "angerRate": 0.0, "slangBeGeneralNum": 0, "slangBeCigaretteNum": 0, "slangBeHumanNum": 0, "slangBeVehicleNum": 0, "slangBeDrugNum": 0, "slangBvNum": 0, "slangBeGeneralRate": 0.0, "slangBeCigaretteRate": 0.0, "slangBeHumanRate": 0.0, "slangBeVehicleRate": 0.0, "slangBeDrugRate": 0.0, "slangBvRate": 0.0, "speechactNum": 0, "quoteNum": 0, "dashNum": 0, "publicNum": 0, "privateNum": 0, "suasiveNum": 0, "discMarkerNum": 0, "smileyNum": 0, "dateNum": 0, "hesitationNum": 0, "restartNum": 0, "repeatNum": 1, "conjBeforeDiscNum": 0, "conjAfterDiscNum": 0, "wordBeforeHesitationNum": 0, "wordAfterHesitationNum": 0, "otherCollocationNum": 0, "speechactRate": 0.0, "quoteRate": 0.0, "dashRate": 0.0, "publicRate": 0.0, "privateRate": 0.0, "suasiveRate": 0.0, "discMarkerRate": 0.0, "smileyRate": 0.0, "dateRate": 0.0, "hesitationRate": 0.0, "restartRate": 0.0, "repeatRate": 0.002849002849002849, "conjBeforeDiscRate": 0.0, "conjAfterDiscRate": 0.0, "wordBeforeHesitationRate": 0.0, "wordAfterHesitationRate": 0.0, "otherCollocationRate": 0.0, "easyWordNum": 327, "hardWordNum": 24, "easyWordRate": 0.9316239316239316, "hardWordRate": 0.06837606837606838, "fleschReadingEaseScore": 82.67670769230772, "gunningFogIndex": 5.643350427350427, "fleschKincaidGradeLevel": 5.2155145299145325, "colemanLiauIndex": 9.03511396011396, "smogIndex": 8.238735603445708, "automatedReadabilityIndex": 5.44982905982906, "linsearWriteIndex": 1.1367521367521367, "author": "", "locationNameNum": 0, "locationNameRate": 0.0, "personNameNum": 0, "personNameRate": 0.0, "organizationNameNum": 1, "organizationNameRate": 0.002849002849002849, "misspelledNum": 1, "misspelledRate": 0.002849002849002849, "missingAccentNum": 1, "missingAccentRate": 0.002849002849002849, "foreignAccentNum": 0, "foreignAccentRate": 0.0, "wordConcatNum": 0, "wordConcatRate": 0.0, "jLyMistakeNum": 0, "jLyMistakeRate": 0.0, "freqSuffixNum": 0, "partsNum": 100, "privateVNum": 0, "publicVNum": 0, "clauseWordNum": 53}