{"tokenNum": 429, "sentenceNum": 39, "lemmaNum": 249, "lemmaRate": 0.5804195804195804, "sentenceLength": 11.0, "allUpperNum": 136, "firstUpperNum": 202, "allUpperRate": 0.317016317016317, "firstUpperRate": 0.47086247086247085, "declarSentNum": 39, "imperSentNum": 0, "questionNum": 0, "declarSentRate": 1.0, "imperSentRate": 0.0, "questionRate": 0.0, "accent": true, "saturation": 3.32, "paragraphNum": 0, "nounNum": 111, "verbNum": 49, "adjNum": 21, "infNum": 8, "partPastNum": 3, "partPresNum": 0, "partFutNum": 0, "transNum": 1, "xNum": 34, "advNum": 60, "properNounNum": 32, "numNum": 2, "conjNum": 24, "punctNum": 70, "pronNum": 15, "relPronNum": 4, "demPronNum": 19, "adposNum": 6, "multiplePunctNum": 8, "phraseNum": 0, "nounRate": 0.25874125874125875, "verbRate": 0.11421911421911422, "adjRate": 0.04895104895104895, "infRate": 0.018648018648018648, "partPastRate": 0.006993006993006993, "partPresRate": 0.0, "partFutRate": 0.0, "transRate": 0.002331002331002331, "xRate": 0.07925407925407925, "advRate": 0.13986013986013987, "properNounRate": 0.07459207459207459, "numRate": 0.004662004662004662, "conjRate": 0.055944055944055944, "punctRate": 0.16317016317016317, "pronRate": 0.03496503496503497, "relPronRate": 0.009324009324009324, "demPronRate": 0.04428904428904429, "adposRate": 0.013986013986013986, "multiplePunctRate": 0.11428571428571428, "partsDensityRate": 3.2133333333333334, "contentfulness": 6.17948717948718, "phraseRate": 0.0, "pastTenseNum": 10, "presentTenseNum": 31, "condNum": 0, "impNum": 2, "freqNum": 0, "causNum": 0, "modalNum": 0, "sg1VerbNum": 14, "sg2VerbNum": 0, "sg3VerbNum": 44, "pl1VerbNum": 1, "pl2VerbNum": 0, "pl3VerbNum": 2, "superlatNum": 0, "comparatNum": 1, "specDerivSuffixNum": 0, "pluralNounNum": 3, "pastTenseRate": 0.20408163265306123, "presentTenseRate": 0.6326530612244898, "condRate": 0.0, "impRate": 0.04081632653061224, "freqRate": 0.0, "causRate": 0.0, "modalRate": 0.0, "sg1VerbRate": 0.2857142857142857, "sg2VerbRate": 0.0, "sg3VerbRate": 0.8979591836734694, "pl1VerbRate": 0.02040816326530612, "pl2VerbRate": 0.0, "pl3VerbRate": 0.04081632653061224, "superlatRate": 0.0, "comparatRate": 0.047619047619047616, "specDerivSuffixRate": 0.0, "pluralNounRate": 0.02702702702702703, "subjNum": 26, "objNum": 16, "attNum": 8, "subordNum": 9, "adverbNum": 64, "coordNum": 19, "clauseNum": 75, "simpleNum": 17, "complexNum": 22, "complexity1Num": 11, "complexity2Num": 8, "complexity3Num": 3, "compoundNum": 0, "subjRate": 0.06060606060606061, "objRate": 0.037296037296037296, "attRate": 0.018648018648018648, "subordRate": 0.02097902097902098, "adverbRate": 0.14918414918414918, "coordRate": 0.04428904428904429, "partsRate": 1.7733333333333334, "clauseRate": 1.9230769230769231, "simpleRate": 0.4358974358974359, "complexRate": 0.5641025641025641, "complexity1Rate": 0.28205128205128205, "complexity2Rate": 0.20512820512820512, "complexity3Rate": 0.07692307692307693, "complexClauseRate": 2.6363636363636362, "sentencesPerParagraph": 0.0, "wordsLengthRate": 4.969359331476323, "compoundRate": 0.0, "positiveNum": 0, "negativeNum": 0, "precoPositiveNum": 0, "precoNegativeNum": 0, "negemoNum": 0, "negationNum": 11, "functionNum": 188, "contentNum": 241, "vulgarNum": 0, "racistNum": 0, "specStyleNum": 0, "addressingNum": 0, "closingNum": 0, "postscriptNum": 0, "brutalNum": 0, "positiveRate": 0.0, "negativeRate": 0.0, "precoPositiveRate": 0.0, "precoNegativeRate": 0.0, "negemoRate": 0.0, "negationRate": 0.02564102564102564, "functionRate": 0.4382284382284382, "contentRate": 0.5617715617715617, "vulgarRate": 0.0, "racistRate": 0.0, "specStyleRate": 0.0, "addressingRate": 0.0, "closingRate": 0.0, "postscriptRate": 0.0, "brutalRate": 0.0, "epistemicNum": 0, "investNum": 0, "conditionNum": 0, "weaselNum": 0, "peacockNum": 0, "hedgeNum": 0, "doxasticNum": 0, "epistemicRate": 0.0, "investRate": 0.0, "conditionRate": 0.0, "weaselRate": 0.0, "peacockRate": 0.0, "hedgeRate": 0.0, "doxasticRate": 0.0, "loveNum": 0, "anxietyNum": 0, "sorrowNum": 0, "joyNum": 0, "disgustNum": 0, "fearNum": 0, "surpriseNum": 0, "angerNum": 0, "loveRate": 0.0, "anxietyRate": 0.0, "sorrowRate": 0.0, "joyRate": 0.0, "disgustRate": 0.0, "fearRate": 0.0, "surpriseRate": 0.0, "angerRate": 0.0, "slangBeGeneralNum": 0, "slangBeCigaretteNum": 0, "slangBeHumanNum": 0, "slangBeVehicleNum": 0, "slangBeDrugNum": 0, "slangBvNum": 0, "slangBeGeneralRate": 0.0, "slangBeCigaretteRate": 0.0, "slangBeHumanRate": 0.0, "slangBeVehicleRate": 0.0, "slangBeDrugRate": 0.0, "slangBvRate": 0.0, "speechactNum": 0, "quoteNum": 0, "dashNum": 0, "publicNum": 0, "privateNum": 0, "suasiveNum": 0, "discMarkerNum": 0, "smileyNum": 0, "dateNum": 0, "hesitationNum": 1, "restartNum": 0, "repeatNum": 1, "conjBeforeDiscNum": 0, "conjAfterDiscNum": 0, "wordBeforeHesitationNum": 1, "wordAfterHesitationNum": 0, "otherCollocationNum": 0, "speechactRate": 0.0, "quoteRate": 0.0, "dashRate": 0.0, "publicRate": 0.0, "privateRate": 0.0, "suasiveRate": 0.0, "discMarkerRate": 0.0, "smileyRate": 0.0, "dateRate": 0.0, "hesitationRate": 0.002331002331002331, "restartRate": 0.0, "repeatRate": 0.002331002331002331, "conjBeforeDiscRate": 0.0, "conjAfterDiscRate": 0.0, "wordBeforeHesitationRate": 0.002331002331002331, "wordAfterHesitationRate": 0.0, "otherCollocationRate": 0.0, "easyWordNum": 403, "hardWordNum": 26, "easyWordRate": 0.9393939393939394, "hardWordRate": 0.06060606060606061, "fleschReadingEaseScore": 63.1497202797203, "gunningFogIndex": 4.424242424242425, "fleschKincaidGradeLevel": 7.183916083916085, "colemanLiauIndex": 9.530846153846152, "smogIndex": 7.793537801064561, "automatedReadabilityIndex": 4.326293706293708, "linsearWriteIndex": 0.3358436435359511, "author": "", "locationNameNum": 1, "locationNameRate": 0.002331002331002331, "personNameNum": 8, "personNameRate": 0.018648018648018648, "organizationNameNum": 0, "organizationNameRate": 0.0, "misspelledNum": 15, "misspelledRate": 0.03496503496503497, "missingAccentNum": 4, "missingAccentRate": 0.009324009324009324, "foreignAccentNum": 0, "foreignAccentRate": 0.0, "wordConcatNum": 1, "wordConcatRate": 0.002331002331002331, "jLyMistakeNum": 0, "jLyMistakeRate": 0.0, "freqSuffixNum": 0, "partsNum": 133, "privateVNum": 0, "publicVNum": 0, "clauseWordNum": 75}