{"tokenNum": 439, "sentenceNum": 17, "lemmaNum": 219, "lemmaRate": 0.4988610478359909, "sentenceLength": 25.823529411764707, "allUpperNum": 0, "firstUpperNum": 19, "allUpperRate": 0.0, "firstUpperRate": 0.04328018223234624, "declarSentNum": 17, "imperSentNum": 0, "questionNum": 0, "declarSentRate": 1.0, "imperSentRate": 0.0, "questionRate": 0.0, "accent": true, "saturation": 4.132075471698113, "paragraphNum": 0, "nounNum": 82, "verbNum": 62, "adjNum": 49, "infNum": 14, "partPastNum": 0, "partPresNum": 4, "partFutNum": 0, "transNum": 1, "xNum": 16, "advNum": 48, "properNounNum": 7, "numNum": 4, "conjNum": 39, "punctNum": 60, "pronNum": 37, "relPronNum": 9, "demPronNum": 26, "adposNum": 7, "multiplePunctNum": 0, "phraseNum": 0, "nounRate": 0.1867881548974943, "verbRate": 0.14123006833712984, "adjRate": 0.11161731207289294, "infRate": 0.03189066059225513, "partPastRate": 0.0, "partPresRate": 0.009111617312072893, "partFutRate": 0.0, "transRate": 0.002277904328018223, "xRate": 0.03644646924829157, "advRate": 0.10933940774487472, "properNounRate": 0.015945330296127564, "numRate": 0.009111617312072893, "conjRate": 0.0888382687927107, "punctRate": 0.1366742596810934, "pronRate": 0.08428246013667426, "relPronRate": 0.02050113895216401, "demPronRate": 0.05922551252847381, "adposRate": 0.015945330296127564, "multiplePunctRate": 0.0, "partsDensityRate": 4.547169811320755, "contentfulness": 14.176470588235293, "phraseRate": 0.0, "pastTenseNum": 0, "presentTenseNum": 48, "condNum": 1, "impNum": 5, "freqNum": 0, "causNum": 0, "modalNum": 4, "sg1VerbNum": 10, "sg2VerbNum": 0, "sg3VerbNum": 68, "pl1VerbNum": 0, "pl2VerbNum": 0, "pl3VerbNum": 10, "superlatNum": 0, "comparatNum": 0, "specDerivSuffixNum": 0, "pluralNounNum": 14, "pastTenseRate": 0.0, "presentTenseRate": 0.7741935483870968, "condRate": 0.016129032258064516, "impRate": 0.08064516129032258, "freqRate": 0.0, "causRate": 0.0, "modalRate": 0.06451612903225806, "sg1VerbRate": 0.16129032258064516, "sg2VerbRate": 0.0, "sg3VerbRate": 1.096774193548387, "pl1VerbRate": 0.0, "pl2VerbRate": 0.0, "pl3VerbRate": 0.16129032258064516, "superlatRate": 0.0, "comparatRate": 0.0, "specDerivSuffixRate": 0.0, "pluralNounRate": 0.17073170731707318, "subjNum": 36, "objNum": 15, "attNum": 32, "subordNum": 22, "adverbNum": 61, "coordNum": 20, "clauseNum": 53, "simpleNum": 6, "complexNum": 11, "complexity1Num": 2, "complexity2Num": 4, "complexity3Num": 0, "compoundNum": 0, "subjRate": 0.08200455580865604, "objRate": 0.03416856492027335, "attRate": 0.07289293849658314, "subordRate": 0.05011389521640091, "adverbRate": 0.13895216400911162, "coordRate": 0.04555808656036447, "partsRate": 3.0943396226415096, "clauseRate": 3.1176470588235294, "simpleRate": 0.35294117647058826, "complexRate": 0.6470588235294118, "complexity1Rate": 0.11764705882352941, "complexity2Rate": 0.23529411764705882, "complexity3Rate": 0.0, "complexClauseRate": 4.2727272727272725, "sentencesPerParagraph": 0.0, "wordsLengthRate": 5.915567282321899, "compoundRate": 0.0, "positiveNum": 0, "negativeNum": 0, "precoPositiveNum": 0, "precoNegativeNum": 0, "negemoNum": 0, "negationNum": 2, "functionNum": 198, "contentNum": 241, "vulgarNum": 0, "racistNum": 0, "specStyleNum": 0, "addressingNum": 0, "closingNum": 0, "postscriptNum": 0, "brutalNum": 0, "positiveRate": 0.0, "negativeRate": 0.0, "precoPositiveRate": 0.0, "precoNegativeRate": 0.0, "negemoRate": 0.0, "negationRate": 0.004555808656036446, "functionRate": 0.4510250569476082, "contentRate": 0.5489749430523918, "vulgarRate": 0.0, "racistRate": 0.0, "specStyleRate": 0.0, "addressingRate": 0.0, "closingRate": 0.0, "postscriptRate": 0.0, "brutalRate": 0.0, "epistemicNum": 0, "investNum": 0, "conditionNum": 0, "weaselNum": 0, "peacockNum": 0, "hedgeNum": 0, "doxasticNum": 0, "epistemicRate": 0.0, "investRate": 0.0, "conditionRate": 0.0, "weaselRate": 0.0, "peacockRate": 0.0, "hedgeRate": 0.0, "doxasticRate": 0.0, "loveNum": 0, "anxietyNum": 0, "sorrowNum": 0, "joyNum": 0, "disgustNum": 0, "fearNum": 0, "surpriseNum": 0, "angerNum": 0, "loveRate": 0.0, "anxietyRate": 0.0, "sorrowRate": 0.0, "joyRate": 0.0, "disgustRate": 0.0, "fearRate": 0.0, "surpriseRate": 0.0, "angerRate": 0.0, "slangBeGeneralNum": 0, "slangBeCigaretteNum": 0, "slangBeHumanNum": 0, "slangBeVehicleNum": 0, "slangBeDrugNum": 0, "slangBvNum": 0, "slangBeGeneralRate": 0.0, "slangBeCigaretteRate": 0.0, "slangBeHumanRate": 0.0, "slangBeVehicleRate": 0.0, "slangBeDrugRate": 0.0, "slangBvRate": 0.0, "speechactNum": 0, "quoteNum": 0, "dashNum": 0, "publicNum": 0, "privateNum": 0, "suasiveNum": 0, "discMarkerNum": 0, "smileyNum": 0, "dateNum": 0, "hesitationNum": 0, "restartNum": 0, "repeatNum": 0, "conjBeforeDiscNum": 0, "conjAfterDiscNum": 0, "wordBeforeHesitationNum": 0, "wordAfterHesitationNum": 0, "otherCollocationNum": 0, "speechactRate": 0.0, "quoteRate": 0.0, "dashRate": 0.0, "publicRate": 0.0, "privateRate": 0.0, "suasiveRate": 0.0, "discMarkerRate": 0.0, "smileyRate": 0.0, "dateRate": 0.0, "hesitationRate": 0.0, "restartRate": 0.0, "repeatRate": 0.0, "conjBeforeDiscRate": 0.0, "conjAfterDiscRate": 0.0, "wordBeforeHesitationRate": 0.0, "wordAfterHesitationRate": 0.0, "otherCollocationRate": 0.0, "easyWordNum": 385, "hardWordNum": 54, "easyWordRate": 0.876993166287016, "hardWordRate": 0.12300683371298406, "fleschReadingEaseScore": 33.39313814819778, "gunningFogIndex": 10.378614498191077, "fleschKincaidGradeLevel": 15.016939568538124, "colemanLiauIndex": 14.790316628701593, "smogIndex": 10.793553405168563, "automatedReadabilityIndex": 15.943723703604448, "linsearWriteIndex": 2.557550582875519, "author": "", "locationNameNum": 0, "locationNameRate": 0.0, "personNameNum": 1, "personNameRate": 0.002277904328018223, "organizationNameNum": 0, "organizationNameRate": 0.0, "misspelledNum": 4, "misspelledRate": 0.009111617312072893, "missingAccentNum": 1, "missingAccentRate": 0.002277904328018223, "foreignAccentNum": 0, "foreignAccentRate": 0.0, "wordConcatNum": 0, "wordConcatRate": 0.0, "jLyMistakeNum": 0, "jLyMistakeRate": 0.0, "freqSuffixNum": 0, "partsNum": 164, "privateVNum": 0, "publicVNum": 0, "clauseWordNum": 53}