{"tokenNum": 423, "sentenceNum": 25, "lemmaNum": 219, "lemmaRate": 0.5177304964539007, "sentenceLength": 16.92, "allUpperNum": 6, "firstUpperNum": 46, "allUpperRate": 0.014184397163120567, "firstUpperRate": 0.10874704491725769, "declarSentNum": 23, "imperSentNum": 2, "questionNum": 0, "declarSentRate": 0.92, "imperSentRate": 0.08, "questionRate": 0.0, "accent": false, "saturation": 3.084507042253521, "paragraphNum": 0, "nounNum": 63, "verbNum": 67, "adjNum": 24, "infNum": 7, "partPastNum": 0, "partPresNum": 0, "partFutNum": 0, "transNum": 5, "xNum": 23, "advNum": 43, "properNounNum": 25, "numNum": 4, "conjNum": 39, "punctNum": 89, "pronNum": 31, "relPronNum": 6, "demPronNum": 21, "adposNum": 3, "multiplePunctNum": 6, "phraseNum": 0, "nounRate": 0.14893617021276595, "verbRate": 0.15839243498817968, "adjRate": 0.05673758865248227, "infRate": 0.016548463356973995, "partPastRate": 0.0, "partPresRate": 0.0, "partFutRate": 0.0, "transRate": 0.01182033096926714, "xRate": 0.054373522458628844, "advRate": 0.1016548463356974, "properNounRate": 0.0591016548463357, "numRate": 0.009456264775413711, "conjRate": 0.09219858156028368, "punctRate": 0.21040189125295508, "pronRate": 0.07328605200945626, "relPronRate": 0.014184397163120567, "demPronRate": 0.04964539007092199, "adposRate": 0.0070921985815602835, "multiplePunctRate": 0.06741573033707865, "partsDensityRate": 2.7746478873239435, "contentfulness": 7.88, "phraseRate": 0.0, "pastTenseNum": 19, "presentTenseNum": 41, "condNum": 4, "impNum": 6, "freqNum": 0, "causNum": 0, "modalNum": 4, "sg1VerbNum": 34, "sg2VerbNum": 3, "sg3VerbNum": 39, "pl1VerbNum": 3, "pl2VerbNum": 1, "pl3VerbNum": 12, "superlatNum": 1, "comparatNum": 0, "specDerivSuffixNum": 0, "pluralNounNum": 2, "pastTenseRate": 0.2835820895522388, "presentTenseRate": 0.6119402985074627, "condRate": 0.05970149253731343, "impRate": 0.08955223880597014, "freqRate": 0.0, "causRate": 0.0, "modalRate": 0.05970149253731343, "sg1VerbRate": 0.5074626865671642, "sg2VerbRate": 0.04477611940298507, "sg3VerbRate": 0.582089552238806, "pl1VerbRate": 0.04477611940298507, "pl2VerbRate": 0.014925373134328358, "pl3VerbRate": 0.1791044776119403, "superlatRate": 0.041666666666666664, "comparatRate": 0.0, "specDerivSuffixRate": 0.0, "pluralNounRate": 0.031746031746031744, "subjNum": 19, "objNum": 16, "attNum": 8, "subordNum": 22, "adverbNum": 59, "coordNum": 15, "clauseNum": 71, "simpleNum": 5, "complexNum": 20, "complexity1Num": 8, "complexity2Num": 3, "complexity3Num": 5, "compoundNum": 0, "subjRate": 0.04491725768321513, "objRate": 0.037825059101654845, "attRate": 0.018912529550827423, "subordRate": 0.05200945626477541, "adverbRate": 0.13947990543735225, "coordRate": 0.03546099290780142, "partsRate": 1.647887323943662, "clauseRate": 2.84, "simpleRate": 0.2, "complexRate": 0.8, "complexity1Rate": 0.32, "complexity2Rate": 0.12, "complexity3Rate": 0.2, "complexClauseRate": 3.3, "sentencesPerParagraph": 0.0, "wordsLengthRate": 4.8982035928143715, "compoundRate": 0.0, "positiveNum": 0, "negativeNum": 0, "precoPositiveNum": 0, "precoNegativeNum": 0, "negemoNum": 0, "negationNum": 9, "functionNum": 226, "contentNum": 197, "vulgarNum": 0, "racistNum": 0, "specStyleNum": 0, "addressingNum": 0, "closingNum": 0, "postscriptNum": 1, "brutalNum": 0, "positiveRate": 0.0, "negativeRate": 0.0, "precoPositiveRate": 0.0, "precoNegativeRate": 0.0, "negemoRate": 0.0, "negationRate": 0.02127659574468085, "functionRate": 0.5342789598108747, "contentRate": 0.4657210401891253, "vulgarRate": 0.0, "racistRate": 0.0, "specStyleRate": 0.0, "addressingRate": 0.0, "closingRate": 0.0, "postscriptRate": 0.002364066193853428, "brutalRate": 0.0, "epistemicNum": 0, "investNum": 0, "conditionNum": 0, "weaselNum": 0, "peacockNum": 0, "hedgeNum": 0, "doxasticNum": 0, "epistemicRate": 0.0, "investRate": 0.0, "conditionRate": 0.0, "weaselRate": 0.0, "peacockRate": 0.0, "hedgeRate": 0.0, "doxasticRate": 0.0, "loveNum": 0, "anxietyNum": 0, "sorrowNum": 0, "joyNum": 0, "disgustNum": 0, "fearNum": 0, "surpriseNum": 0, "angerNum": 0, "loveRate": 0.0, "anxietyRate": 0.0, "sorrowRate": 0.0, "joyRate": 0.0, "disgustRate": 0.0, "fearRate": 0.0, "surpriseRate": 0.0, "angerRate": 0.0, "slangBeGeneralNum": 0, "slangBeCigaretteNum": 0, "slangBeHumanNum": 0, "slangBeVehicleNum": 0, "slangBeDrugNum": 0, "slangBvNum": 0, "slangBeGeneralRate": 0.0, "slangBeCigaretteRate": 0.0, "slangBeHumanRate": 0.0, "slangBeVehicleRate": 0.0, "slangBeDrugRate": 0.0, "slangBvRate": 0.0, "speechactNum": 0, "quoteNum": 0, "dashNum": 0, "publicNum": 0, "privateNum": 0, "suasiveNum": 0, "discMarkerNum": 0, "smileyNum": 4, "dateNum": 0, "hesitationNum": 0, "restartNum": 0, "repeatNum": 8, "conjBeforeDiscNum": 0, "conjAfterDiscNum": 0, "wordBeforeHesitationNum": 0, "wordAfterHesitationNum": 0, "otherCollocationNum": 0, "speechactRate": 0.0, "quoteRate": 0.0, "dashRate": 0.0, "publicRate": 0.0, "privateRate": 0.0, "suasiveRate": 0.0, "discMarkerRate": 0.0, "smileyRate": 0.009456264775413711, "dateRate": 0.0, "hesitationRate": 0.0, "restartRate": 0.0, "repeatRate": 0.018912529550827423, "conjBeforeDiscRate": 0.0, "conjAfterDiscRate": 0.0, "wordBeforeHesitationRate": 0.0, "wordAfterHesitationRate": 0.0, "otherCollocationRate": 0.0, "easyWordNum": 402, "hardWordNum": 21, "easyWordRate": 0.950354609929078, "hardWordRate": 0.04964539007092199, "fleschReadingEaseScore": 85.06120000000003, "gunningFogIndex": 6.78785815602837, "fleschKincaidGradeLevel": 5.598398108747045, "colemanLiauIndex": 7.968687943262413, "smogIndex": 7.908726449838941, "automatedReadabilityIndex": 6.037021276595748, "linsearWriteIndex": 1.0945626477541373, "author": "", "locationNameNum": 4, "locationNameRate": 0.009456264775413711, "personNameNum": 6, "personNameRate": 0.014184397163120567, "organizationNameNum": 1, "organizationNameRate": 0.002364066193853428, "misspelledNum": 98, "misspelledRate": 0.23167848699763594, "missingAccentNum": 84, "missingAccentRate": 0.19858156028368795, "foreignAccentNum": 0, "foreignAccentRate": 0.0, "wordConcatNum": 0, "wordConcatRate": 0.0, "jLyMistakeNum": 1, "jLyMistakeRate": 0.002364066193853428, "freqSuffixNum": 0, "partsNum": 117, "privateVNum": 0, "publicVNum": 0, "clauseWordNum": 71}