{"tokenNum": 110, "sentenceNum": 11, "lemmaNum": 69, "lemmaRate": 0.6272727272727273, "sentenceLength": 10.0, "allUpperNum": 0, "firstUpperNum": 13, "allUpperRate": 0.0, "firstUpperRate": 0.11818181818181818, "declarSentNum": 10, "imperSentNum": 1, "questionNum": 0, "declarSentRate": 0.9090909090909091, "imperSentRate": 0.09090909090909091, "questionRate": 0.0, "accent": true, "saturation": 4.6, "paragraphNum": 0, "nounNum": 23, "verbNum": 15, "adjNum": 9, "infNum": 2, "partPastNum": 0, "partPresNum": 2, "partFutNum": 0, "transNum": 0, "xNum": 10, "advNum": 4, "properNounNum": 5, "numNum": 0, "conjNum": 8, "punctNum": 22, "pronNum": 7, "relPronNum": 1, "demPronNum": 3, "adposNum": 1, "multiplePunctNum": 1, "phraseNum": 0, "nounRate": 0.20909090909090908, "verbRate": 0.13636363636363635, "adjRate": 0.08181818181818182, "infRate": 0.01818181818181818, "partPastRate": 0.0, "partPresRate": 0.01818181818181818, "partFutRate": 0.0, "transRate": 0.0, "xRate": 0.09090909090909091, "advRate": 0.03636363636363636, "properNounRate": 0.045454545454545456, "numRate": 0.0, "conjRate": 0.07272727272727272, "punctRate": 0.2, "pronRate": 0.06363636363636363, "relPronRate": 0.00909090909090909, "demPronRate": 0.02727272727272727, "adposRate": 0.00909090909090909, "multiplePunctRate": 0.045454545454545456, "partsDensityRate": 3.4, "contentfulness": 4.636363636363637, "phraseRate": 0.0, "pastTenseNum": 2, "presentTenseNum": 11, "condNum": 0, "impNum": 7, "freqNum": 0, "causNum": 0, "modalNum": 0, "sg1VerbNum": 6, "sg2VerbNum": 5, "sg3VerbNum": 7, "pl1VerbNum": 1, "pl2VerbNum": 0, "pl3VerbNum": 2, "superlatNum": 0, "comparatNum": 0, "specDerivSuffixNum": 0, "pluralNounNum": 3, "pastTenseRate": 0.13333333333333333, "presentTenseRate": 0.7333333333333333, "condRate": 0.0, "impRate": 0.4666666666666667, "freqRate": 0.0, "causRate": 0.0, "modalRate": 0.0, "sg1VerbRate": 0.4, "sg2VerbRate": 0.3333333333333333, "sg3VerbRate": 0.4666666666666667, "pl1VerbRate": 0.06666666666666667, "pl2VerbRate": 0.0, "pl3VerbRate": 0.13333333333333333, "superlatRate": 0.0, "comparatRate": 0.0, "specDerivSuffixRate": 0.0, "pluralNounRate": 0.13043478260869565, "subjNum": 6, "objNum": 3, "attNum": 5, "subordNum": 6, "adverbNum": 8, "coordNum": 3, "clauseNum": 15, "simpleNum": 8, "complexNum": 3, "complexity1Num": 2, "complexity2Num": 1, "complexity3Num": 0, "compoundNum": 0, "subjRate": 0.05454545454545454, "objRate": 0.02727272727272727, "attRate": 0.045454545454545456, "subordRate": 0.05454545454545454, "adverbRate": 0.07272727272727272, "coordRate": 0.02727272727272727, "partsRate": 1.6666666666666667, "clauseRate": 1.3636363636363635, "simpleRate": 0.7272727272727273, "complexRate": 0.2727272727272727, "complexity1Rate": 0.18181818181818182, "complexity2Rate": 0.09090909090909091, "complexity3Rate": 0.0, "complexClauseRate": 2.3333333333333335, "sentencesPerParagraph": 0.0, "wordsLengthRate": 5.068181818181818, "compoundRate": 0.0, "positiveNum": 0, "negativeNum": 0, "precoPositiveNum": 0, "precoNegativeNum": 0, "negemoNum": 0, "negationNum": 1, "functionNum": 59, "contentNum": 51, "vulgarNum": 0, "racistNum": 0, "specStyleNum": 0, "addressingNum": 0, "closingNum": 0, "postscriptNum": 0, "brutalNum": 0, "positiveRate": 0.0, "negativeRate": 0.0, "precoPositiveRate": 0.0, "precoNegativeRate": 0.0, "negemoRate": 0.0, "negationRate": 0.00909090909090909, "functionRate": 0.5363636363636364, "contentRate": 0.4636363636363636, "vulgarRate": 0.0, "racistRate": 0.0, "specStyleRate": 0.0, "addressingRate": 0.0, "closingRate": 0.0, "postscriptRate": 0.0, "brutalRate": 0.0, "epistemicNum": 0, "investNum": 0, "conditionNum": 0, "weaselNum": 0, "peacockNum": 0, "hedgeNum": 0, "doxasticNum": 0, "epistemicRate": 0.0, "investRate": 0.0, "conditionRate": 0.0, "weaselRate": 0.0, "peacockRate": 0.0, "hedgeRate": 0.0, "doxasticRate": 0.0, "loveNum": 0, "anxietyNum": 0, "sorrowNum": 0, "joyNum": 0, "disgustNum": 0, "fearNum": 0, "surpriseNum": 0, "angerNum": 0, "loveRate": 0.0, "anxietyRate": 0.0, "sorrowRate": 0.0, "joyRate": 0.0, "disgustRate": 0.0, "fearRate": 0.0, "surpriseRate": 0.0, "angerRate": 0.0, "slangBeGeneralNum": 0, "slangBeCigaretteNum": 0, "slangBeHumanNum": 0, "slangBeVehicleNum": 0, "slangBeDrugNum": 0, "slangBvNum": 0, "slangBeGeneralRate": 0.0, "slangBeCigaretteRate": 0.0, "slangBeHumanRate": 0.0, "slangBeVehicleRate": 0.0, "slangBeDrugRate": 0.0, "slangBvRate": 0.0, "speechactNum": 0, "quoteNum": 0, "dashNum": 0, "publicNum": 0, "privateNum": 0, "suasiveNum": 0, "discMarkerNum": 0, "smileyNum": 0, "dateNum": 0, "hesitationNum": 0, "restartNum": 0, "repeatNum": 0, "conjBeforeDiscNum": 0, "conjAfterDiscNum": 0, "wordBeforeHesitationNum": 0, "wordAfterHesitationNum": 0, "otherCollocationNum": 0, "speechactRate": 0.0, "quoteRate": 0.0, "dashRate": 0.0, "publicRate": 0.0, "privateRate": 0.0, "suasiveRate": 0.0, "discMarkerRate": 0.0, "smileyRate": 0.0, "dateRate": 0.0, "hesitationRate": 0.0, "restartRate": 0.0, "repeatRate": 0.0, "conjBeforeDiscRate": 0.0, "conjAfterDiscRate": 0.0, "wordBeforeHesitationRate": 0.0, "wordAfterHesitationRate": 0.0, "otherCollocationRate": 0.0, "easyWordNum": 103, "hardWordNum": 7, "easyWordRate": 0.9363636363636364, "hardWordRate": 0.06363636363636363, "fleschReadingEaseScore": 81.32136363636366, "gunningFogIndex": 4.021818181818182, "fleschKincaidGradeLevel": 4.400909090909092, "colemanLiauIndex": 8.830609090909089, "smogIndex": 5.888618617440368, "automatedReadabilityIndex": 3.2663636363636357, "linsearWriteIndex": 3.7107438016528924, "author": "", "locationNameNum": 2, "locationNameRate": 0.01818181818181818, "personNameNum": 3, "personNameRate": 0.02727272727272727, "organizationNameNum": 0, "organizationNameRate": 0.0, "misspelledNum": 6, "misspelledRate": 0.05454545454545454, "missingAccentNum": 3, "missingAccentRate": 0.02727272727272727, "foreignAccentNum": 0, "foreignAccentRate": 0.0, "wordConcatNum": 0, "wordConcatRate": 0.0, "jLyMistakeNum": 1, "jLyMistakeRate": 0.00909090909090909, "freqSuffixNum": 0, "partsNum": 25, "privateVNum": 0, "publicVNum": 0, "clauseWordNum": 15}