{"tokenNum": 413, "sentenceNum": 20, "lemmaNum": 203, "lemmaRate": 0.4915254237288136, "sentenceLength": 20.65, "allUpperNum": 0, "firstUpperNum": 22, "allUpperRate": 0.0, "firstUpperRate": 0.053268765133171914, "declarSentNum": 19, "imperSentNum": 1, "questionNum": 0, "declarSentRate": 0.95, "imperSentRate": 0.05, "questionRate": 0.0, "accent": true, "saturation": 3.440677966101695, "paragraphNum": 0, "nounNum": 69, "verbNum": 50, "adjNum": 37, "infNum": 8, "partPastNum": 2, "partPresNum": 0, "partFutNum": 0, "transNum": 0, "xNum": 19, "advNum": 55, "properNounNum": 3, "numNum": 8, "conjNum": 35, "punctNum": 77, "pronNum": 27, "relPronNum": 8, "demPronNum": 22, "adposNum": 2, "multiplePunctNum": 1, "phraseNum": 0, "nounRate": 0.16707021791767554, "verbRate": 0.12106537530266344, "adjRate": 0.08958837772397095, "infRate": 0.01937046004842615, "partPastRate": 0.004842615012106538, "partPresRate": 0.0, "partFutRate": 0.0, "transRate": 0.0, "xRate": 0.04600484261501211, "advRate": 0.13317191283292978, "properNounRate": 0.007263922518159807, "numRate": 0.01937046004842615, "conjRate": 0.0847457627118644, "punctRate": 0.1864406779661017, "pronRate": 0.06537530266343826, "relPronRate": 0.01937046004842615, "demPronRate": 0.053268765133171914, "adposRate": 0.004842615012106538, "multiplePunctRate": 0.012987012987012988, "partsDensityRate": 3.5762711864406778, "contentfulness": 10.55, "phraseRate": 0.0, "pastTenseNum": 7, "presentTenseNum": 35, "condNum": 4, "impNum": 3, "freqNum": 0, "causNum": 0, "modalNum": 2, "sg1VerbNum": 18, "sg2VerbNum": 0, "sg3VerbNum": 44, "pl1VerbNum": 2, "pl2VerbNum": 1, "pl3VerbNum": 7, "superlatNum": 1, "comparatNum": 3, "specDerivSuffixNum": 0, "pluralNounNum": 4, "pastTenseRate": 0.14, "presentTenseRate": 0.7, "condRate": 0.08, "impRate": 0.06, "freqRate": 0.0, "causRate": 0.0, "modalRate": 0.04, "sg1VerbRate": 0.36, "sg2VerbRate": 0.0, "sg3VerbRate": 0.88, "pl1VerbRate": 0.04, "pl2VerbRate": 0.02, "pl3VerbRate": 0.14, "superlatRate": 0.02702702702702703, "comparatRate": 0.08108108108108109, "specDerivSuffixRate": 0.0, "pluralNounRate": 0.057971014492753624, "subjNum": 33, "objNum": 13, "attNum": 18, "subordNum": 22, "adverbNum": 70, "coordNum": 16, "clauseNum": 59, "simpleNum": 7, "complexNum": 13, "complexity1Num": 3, "complexity2Num": 3, "complexity3Num": 1, "compoundNum": 0, "subjRate": 0.07990314769975787, "objRate": 0.031476997578692496, "attRate": 0.043583535108958835, "subordRate": 0.053268765133171914, "adverbRate": 0.1694915254237288, "coordRate": 0.0387409200968523, "partsRate": 2.542372881355932, "clauseRate": 2.95, "simpleRate": 0.35, "complexRate": 0.65, "complexity1Rate": 0.15, "complexity2Rate": 0.15, "complexity3Rate": 0.05, "complexClauseRate": 4.0, "sentencesPerParagraph": 0.0, "wordsLengthRate": 5.336309523809524, "compoundRate": 0.0, "positiveNum": 0, "negativeNum": 0, "precoPositiveNum": 0, "precoNegativeNum": 0, "negemoNum": 0, "negationNum": 13, "functionNum": 202, "contentNum": 211, "vulgarNum": 0, "racistNum": 0, "specStyleNum": 0, "addressingNum": 0, "closingNum": 0, "postscriptNum": 0, "brutalNum": 0, "positiveRate": 0.0, "negativeRate": 0.0, "precoPositiveRate": 0.0, "precoNegativeRate": 0.0, "negemoRate": 0.0, "negationRate": 0.031476997578692496, "functionRate": 0.4891041162227603, "contentRate": 0.5108958837772397, "vulgarRate": 0.0, "racistRate": 0.0, "specStyleRate": 0.0, "addressingRate": 0.0, "closingRate": 0.0, "postscriptRate": 0.0, "brutalRate": 0.0, "epistemicNum": 0, "investNum": 0, "conditionNum": 0, "weaselNum": 0, "peacockNum": 0, "hedgeNum": 0, "doxasticNum": 0, "epistemicRate": 0.0, "investRate": 0.0, "conditionRate": 0.0, "weaselRate": 0.0, "peacockRate": 0.0, "hedgeRate": 0.0, "doxasticRate": 0.0, "loveNum": 0, "anxietyNum": 0, "sorrowNum": 0, "joyNum": 0, "disgustNum": 0, "fearNum": 0, "surpriseNum": 0, "angerNum": 0, "loveRate": 0.0, "anxietyRate": 0.0, "sorrowRate": 0.0, "joyRate": 0.0, "disgustRate": 0.0, "fearRate": 0.0, "surpriseRate": 0.0, "angerRate": 0.0, "slangBeGeneralNum": 0, "slangBeCigaretteNum": 0, "slangBeHumanNum": 0, "slangBeVehicleNum": 0, "slangBeDrugNum": 0, "slangBvNum": 0, "slangBeGeneralRate": 0.0, "slangBeCigaretteRate": 0.0, "slangBeHumanRate": 0.0, "slangBeVehicleRate": 0.0, "slangBeDrugRate": 0.0, "slangBvRate": 0.0, "speechactNum": 0, "quoteNum": 0, "dashNum": 0, "publicNum": 0, "privateNum": 0, "suasiveNum": 0, "discMarkerNum": 0, "smileyNum": 0, "dateNum": 0, "hesitationNum": 0, "restartNum": 0, "repeatNum": 0, "conjBeforeDiscNum": 0, "conjAfterDiscNum": 0, "wordBeforeHesitationNum": 0, "wordAfterHesitationNum": 0, "otherCollocationNum": 0, "speechactRate": 0.0, "quoteRate": 0.0, "dashRate": 0.0, "publicRate": 0.0, "privateRate": 0.0, "suasiveRate": 0.0, "discMarkerRate": 0.0, "smileyRate": 0.0, "dateRate": 0.0, "hesitationRate": 0.0, "restartRate": 0.0, "repeatRate": 0.0, "conjBeforeDiscRate": 0.0, "conjAfterDiscRate": 0.0, "wordBeforeHesitationRate": 0.0, "wordAfterHesitationRate": 0.0, "otherCollocationRate": 0.0, "easyWordNum": 389, "hardWordNum": 24, "easyWordRate": 0.9418886198547215, "hardWordRate": 0.05811138014527845, "fleschReadingEaseScore": 65.83747760290561, "gunningFogIndex": 8.28227602905569, "fleschKincaidGradeLevel": 9.206357142857144, "colemanLiauIndex": 10.612154963680382, "smogIndex": 8.238735603445708, "automatedReadabilityIndex": 10.015871670702179, "linsearWriteIndex": 1.6755447941888617, "author": "", "locationNameNum": 0, "locationNameRate": 0.0, "personNameNum": 0, "personNameRate": 0.0, "organizationNameNum": 0, "organizationNameRate": 0.0, "misspelledNum": 8, "misspelledRate": 0.01937046004842615, "missingAccentNum": 2, "missingAccentRate": 0.004842615012106538, "foreignAccentNum": 0, "foreignAccentRate": 0.0, "wordConcatNum": 2, "wordConcatRate": 0.004842615012106538, "jLyMistakeNum": 0, "jLyMistakeRate": 0.0, "freqSuffixNum": 0, "partsNum": 150, "privateVNum": 0, "publicVNum": 0, "clauseWordNum": 59}