{"tokenNum": 405, "sentenceNum": 24, "lemmaNum": 197, "lemmaRate": 0.48641975308641977, "sentenceLength": 16.875, "allUpperNum": 5, "firstUpperNum": 28, "allUpperRate": 0.012345679012345678, "firstUpperRate": 0.0691358024691358, "declarSentNum": 23, "imperSentNum": 1, "questionNum": 0, "declarSentRate": 0.9583333333333334, "imperSentRate": 0.041666666666666664, "questionRate": 0.0, "accent": true, "saturation": 3.94, "paragraphNum": 0, "nounNum": 95, "verbNum": 39, "adjNum": 42, "infNum": 2, "partPastNum": 3, "partPresNum": 3, "partFutNum": 0, "transNum": 1, "xNum": 19, "advNum": 46, "properNounNum": 12, "numNum": 7, "conjNum": 30, "punctNum": 66, "pronNum": 17, "relPronNum": 1, "demPronNum": 18, "adposNum": 4, "multiplePunctNum": 2, "phraseNum": 0, "nounRate": 0.2345679012345679, "verbRate": 0.0962962962962963, "adjRate": 0.1037037037037037, "infRate": 0.0049382716049382715, "partPastRate": 0.007407407407407408, "partPresRate": 0.007407407407407408, "partFutRate": 0.0, "transRate": 0.0024691358024691358, "xRate": 0.04691358024691358, "advRate": 0.11358024691358025, "properNounRate": 0.02962962962962963, "numRate": 0.01728395061728395, "conjRate": 0.07407407407407407, "punctRate": 0.16296296296296298, "pronRate": 0.04197530864197531, "relPronRate": 0.0024691358024691358, "demPronRate": 0.044444444444444446, "adposRate": 0.009876543209876543, "multiplePunctRate": 0.030303030303030304, "partsDensityRate": 4.44, "contentfulness": 9.25, "phraseRate": 0.0, "pastTenseNum": 10, "presentTenseNum": 27, "condNum": 2, "impNum": 2, "freqNum": 0, "causNum": 0, "modalNum": 1, "sg1VerbNum": 11, "sg2VerbNum": 0, "sg3VerbNum": 36, "pl1VerbNum": 2, "pl2VerbNum": 0, "pl3VerbNum": 6, "superlatNum": 1, "comparatNum": 1, "specDerivSuffixNum": 0, "pluralNounNum": 12, "pastTenseRate": 0.2564102564102564, "presentTenseRate": 0.6923076923076923, "condRate": 0.05128205128205128, "impRate": 0.05128205128205128, "freqRate": 0.0, "causRate": 0.0, "modalRate": 0.02564102564102564, "sg1VerbRate": 0.28205128205128205, "sg2VerbRate": 0.0, "sg3VerbRate": 0.9230769230769231, "pl1VerbRate": 0.05128205128205128, "pl2VerbRate": 0.0, "pl3VerbRate": 0.15384615384615385, "superlatRate": 0.023809523809523808, "comparatRate": 0.023809523809523808, "specDerivSuffixRate": 0.0, "pluralNounRate": 0.12631578947368421, "subjNum": 30, "objNum": 4, "attNum": 31, "subordNum": 16, "adverbNum": 55, "coordNum": 17, "clauseNum": 50, "simpleNum": 7, "complexNum": 16, "complexity1Num": 10, "complexity2Num": 3, "complexity3Num": 2, "compoundNum": 0, "subjRate": 0.07407407407407407, "objRate": 0.009876543209876543, "attRate": 0.07654320987654321, "subordRate": 0.03950617283950617, "adverbRate": 0.13580246913580246, "coordRate": 0.04197530864197531, "partsRate": 2.74, "clauseRate": 2.0833333333333335, "simpleRate": 0.2916666666666667, "complexRate": 0.6666666666666666, "complexity1Rate": 0.4166666666666667, "complexity2Rate": 0.125, "complexity3Rate": 0.08333333333333333, "complexClauseRate": 2.6875, "sentencesPerParagraph": 0.0, "wordsLengthRate": 5.510324483775811, "compoundRate": 0.0, "positiveNum": 0, "negativeNum": 0, "precoPositiveNum": 0, "precoNegativeNum": 0, "negemoNum": 0, "negationNum": 17, "functionNum": 183, "contentNum": 222, "vulgarNum": 0, "racistNum": 0, "specStyleNum": 0, "addressingNum": 0, "closingNum": 0, "postscriptNum": 0, "brutalNum": 0, "positiveRate": 0.0, "negativeRate": 0.0, "precoPositiveRate": 0.0, "precoNegativeRate": 0.0, "negemoRate": 0.0, "negationRate": 0.04197530864197531, "functionRate": 0.45185185185185184, "contentRate": 0.5481481481481482, "vulgarRate": 0.0, "racistRate": 0.0, "specStyleRate": 0.0, "addressingRate": 0.0, "closingRate": 0.0, "postscriptRate": 0.0, "brutalRate": 0.0, "epistemicNum": 0, "investNum": 0, "conditionNum": 0, "weaselNum": 0, "peacockNum": 0, "hedgeNum": 0, "doxasticNum": 0, "epistemicRate": 0.0, "investRate": 0.0, "conditionRate": 0.0, "weaselRate": 0.0, "peacockRate": 0.0, "hedgeRate": 0.0, "doxasticRate": 0.0, "loveNum": 0, "anxietyNum": 0, "sorrowNum": 0, "joyNum": 0, "disgustNum": 0, "fearNum": 0, "surpriseNum": 0, "angerNum": 0, "loveRate": 0.0, "anxietyRate": 0.0, "sorrowRate": 0.0, "joyRate": 0.0, "disgustRate": 0.0, "fearRate": 0.0, "surpriseRate": 0.0, "angerRate": 0.0, "slangBeGeneralNum": 0, "slangBeCigaretteNum": 0, "slangBeHumanNum": 0, "slangBeVehicleNum": 0, "slangBeDrugNum": 0, "slangBvNum": 0, "slangBeGeneralRate": 0.0, "slangBeCigaretteRate": 0.0, "slangBeHumanRate": 0.0, "slangBeVehicleRate": 0.0, "slangBeDrugRate": 0.0, "slangBvRate": 0.0, "speechactNum": 0, "quoteNum": 0, "dashNum": 0, "publicNum": 0, "privateNum": 0, "suasiveNum": 0, "discMarkerNum": 0, "smileyNum": 0, "dateNum": 0, "hesitationNum": 0, "restartNum": 0, "repeatNum": 0, "conjBeforeDiscNum": 0, "conjAfterDiscNum": 0, "wordBeforeHesitationNum": 0, "wordAfterHesitationNum": 0, "otherCollocationNum": 0, "speechactRate": 0.0, "quoteRate": 0.0, "dashRate": 0.0, "publicRate": 0.0, "privateRate": 0.0, "suasiveRate": 0.0, "discMarkerRate": 0.0, "smileyRate": 0.0, "dateRate": 0.0, "hesitationRate": 0.0, "restartRate": 0.0, "repeatRate": 0.0, "conjBeforeDiscRate": 0.0, "conjAfterDiscRate": 0.0, "wordBeforeHesitationRate": 0.0, "wordAfterHesitationRate": 0.0, "otherCollocationRate": 0.0, "easyWordNum": 372, "hardWordNum": 33, "easyWordRate": 0.9185185185185185, "hardWordRate": 0.08148148148148149, "fleschReadingEaseScore": 63.74687500000003, "gunningFogIndex": 6.782592592592593, "fleschKincaidGradeLevel": 8.56013888888889, "colemanLiauIndex": 12.12278518518518, "smogIndex": 9.120678840339163, "automatedReadabilityIndex": 9.336388888888887, "linsearWriteIndex": 1.3251028806584362, "author": "", "locationNameNum": 3, "locationNameRate": 0.007407407407407408, "personNameNum": 4, "personNameRate": 0.009876543209876543, "organizationNameNum": 1, "organizationNameRate": 0.0024691358024691358, "misspelledNum": 4, "misspelledRate": 0.009876543209876543, "missingAccentNum": 0, "missingAccentRate": 0.0, "foreignAccentNum": 0, "foreignAccentRate": 0.0, "wordConcatNum": 2, "wordConcatRate": 0.0049382716049382715, "jLyMistakeNum": 0, "jLyMistakeRate": 0.0, "freqSuffixNum": 0, "partsNum": 137, "privateVNum": 0, "publicVNum": 0, "clauseWordNum": 50}