{"tokenNum": 386, "sentenceNum": 27, "lemmaNum": 192, "lemmaRate": 0.49740932642487046, "sentenceLength": 14.296296296296296, "allUpperNum": 2, "firstUpperNum": 33, "allUpperRate": 0.0051813471502590676, "firstUpperRate": 0.08549222797927461, "declarSentNum": 27, "imperSentNum": 0, "questionNum": 0, "declarSentRate": 1.0, "imperSentRate": 0.0, "questionRate": 0.0, "accent": true, "saturation": 3.1475409836065573, "paragraphNum": 0, "nounNum": 60, "verbNum": 57, "adjNum": 21, "infNum": 9, "partPastNum": 1, "partPresNum": 0, "partFutNum": 0, "transNum": 0, "xNum": 25, "advNum": 61, "properNounNum": 5, "numNum": 2, "conjNum": 32, "punctNum": 62, "pronNum": 29, "relPronNum": 7, "demPronNum": 27, "adposNum": 5, "multiplePunctNum": 0, "phraseNum": 0, "nounRate": 0.15544041450777202, "verbRate": 0.14766839378238342, "adjRate": 0.054404145077720206, "infRate": 0.023316062176165803, "partPastRate": 0.0025906735751295338, "partPresRate": 0.0, "partFutRate": 0.0, "transRate": 0.0, "xRate": 0.06476683937823834, "advRate": 0.15803108808290156, "properNounRate": 0.012953367875647668, "numRate": 0.0051813471502590676, "conjRate": 0.08290155440414508, "punctRate": 0.16062176165803108, "pronRate": 0.07512953367875648, "relPronRate": 0.018134715025906734, "demPronRate": 0.06994818652849741, "adposRate": 0.012953367875647668, "multiplePunctRate": 0.0, "partsDensityRate": 3.262295081967213, "contentfulness": 7.37037037037037, "phraseRate": 0.0, "pastTenseNum": 3, "presentTenseNum": 45, "condNum": 4, "impNum": 3, "freqNum": 0, "causNum": 0, "modalNum": 4, "sg1VerbNum": 18, "sg2VerbNum": 0, "sg3VerbNum": 45, "pl1VerbNum": 2, "pl2VerbNum": 1, "pl3VerbNum": 13, "superlatNum": 1, "comparatNum": 0, "specDerivSuffixNum": 0, "pluralNounNum": 5, "pastTenseRate": 0.05263157894736842, "presentTenseRate": 0.7894736842105263, "condRate": 0.07017543859649122, "impRate": 0.05263157894736842, "freqRate": 0.0, "causRate": 0.0, "modalRate": 0.07017543859649122, "sg1VerbRate": 0.3157894736842105, "sg2VerbRate": 0.0, "sg3VerbRate": 0.7894736842105263, "pl1VerbRate": 0.03508771929824561, "pl2VerbRate": 0.017543859649122806, "pl3VerbRate": 0.22807017543859648, "superlatRate": 0.047619047619047616, "comparatRate": 0.0, "specDerivSuffixRate": 0.0, "pluralNounRate": 0.08333333333333333, "subjNum": 31, "objNum": 17, "attNum": 8, "subordNum": 24, "adverbNum": 78, "coordNum": 11, "clauseNum": 61, "simpleNum": 7, "complexNum": 19, "complexity1Num": 8, "complexity2Num": 8, "complexity3Num": 1, "compoundNum": 0, "subjRate": 0.08031088082901554, "objRate": 0.04404145077720207, "attRate": 0.02072538860103627, "subordRate": 0.06217616580310881, "adverbRate": 0.20207253886010362, "coordRate": 0.02849740932642487, "partsRate": 2.377049180327869, "clauseRate": 2.259259259259259, "simpleRate": 0.25925925925925924, "complexRate": 0.7037037037037037, "complexity1Rate": 0.2962962962962963, "complexity2Rate": 0.2962962962962963, "complexity3Rate": 0.037037037037037035, "complexClauseRate": 2.8421052631578947, "sentencesPerParagraph": 0.0, "wordsLengthRate": 5.1419753086419755, "compoundRate": 0.0, "positiveNum": 0, "negativeNum": 0, "precoPositiveNum": 0, "precoNegativeNum": 0, "negemoNum": 0, "negationNum": 10, "functionNum": 187, "contentNum": 199, "vulgarNum": 0, "racistNum": 0, "specStyleNum": 0, "addressingNum": 0, "closingNum": 0, "postscriptNum": 0, "brutalNum": 0, "positiveRate": 0.0, "negativeRate": 0.0, "precoPositiveRate": 0.0, "precoNegativeRate": 0.0, "negemoRate": 0.0, "negationRate": 0.025906735751295335, "functionRate": 0.4844559585492228, "contentRate": 0.5155440414507773, "vulgarRate": 0.0, "racistRate": 0.0, "specStyleRate": 0.0, "addressingRate": 0.0, "closingRate": 0.0, "postscriptRate": 0.0, "brutalRate": 0.0, "epistemicNum": 0, "investNum": 0, "conditionNum": 0, "weaselNum": 0, "peacockNum": 0, "hedgeNum": 0, "doxasticNum": 0, "epistemicRate": 0.0, "investRate": 0.0, "conditionRate": 0.0, "weaselRate": 0.0, "peacockRate": 0.0, "hedgeRate": 0.0, "doxasticRate": 0.0, "loveNum": 0, "anxietyNum": 0, "sorrowNum": 0, "joyNum": 0, "disgustNum": 0, "fearNum": 0, "surpriseNum": 0, "angerNum": 0, "loveRate": 0.0, "anxietyRate": 0.0, "sorrowRate": 0.0, "joyRate": 0.0, "disgustRate": 0.0, "fearRate": 0.0, "surpriseRate": 0.0, "angerRate": 0.0, "slangBeGeneralNum": 0, "slangBeCigaretteNum": 0, "slangBeHumanNum": 0, "slangBeVehicleNum": 0, "slangBeDrugNum": 0, "slangBvNum": 0, "slangBeGeneralRate": 0.0, "slangBeCigaretteRate": 0.0, "slangBeHumanRate": 0.0, "slangBeVehicleRate": 0.0, "slangBeDrugRate": 0.0, "slangBvRate": 0.0, "speechactNum": 0, "quoteNum": 0, "dashNum": 0, "publicNum": 0, "privateNum": 0, "suasiveNum": 0, "discMarkerNum": 0, "smileyNum": 0, "dateNum": 0, "hesitationNum": 0, "restartNum": 0, "repeatNum": 0, "conjBeforeDiscNum": 0, "conjAfterDiscNum": 0, "wordBeforeHesitationNum": 0, "wordAfterHesitationNum": 0, "otherCollocationNum": 0, "speechactRate": 0.0, "quoteRate": 0.0, "dashRate": 0.0, "publicRate": 0.0, "privateRate": 0.0, "suasiveRate": 0.0, "discMarkerRate": 0.0, "smileyRate": 0.0, "dateRate": 0.0, "hesitationRate": 0.0, "restartRate": 0.0, "repeatRate": 0.0, "conjBeforeDiscRate": 0.0, "conjAfterDiscRate": 0.0, "wordBeforeHesitationRate": 0.0, "wordAfterHesitationRate": 0.0, "otherCollocationRate": 0.0, "easyWordNum": 361, "hardWordNum": 25, "easyWordRate": 0.9352331606217616, "hardWordRate": 0.06476683937823834, "fleschReadingEaseScore": 69.15016599501057, "gunningFogIndex": 5.744425254269814, "fleschKincaidGradeLevel": 7.165866436384576, "colemanLiauIndex": 10.079168393782378, "smogIndex": 8.344100000000001, "automatedReadabilityIndex": 6.412863174054884, "linsearWriteIndex": 0.9717904432930338, "author": "", "locationNameNum": 0, "locationNameRate": 0.0, "personNameNum": 3, "personNameRate": 0.007772020725388601, "organizationNameNum": 0, "organizationNameRate": 0.0, "misspelledNum": 20, "misspelledRate": 0.05181347150259067, "missingAccentNum": 17, "missingAccentRate": 0.04404145077720207, "foreignAccentNum": 0, "foreignAccentRate": 0.0, "wordConcatNum": 1, "wordConcatRate": 0.0025906735751295338, "jLyMistakeNum": 0, "jLyMistakeRate": 0.0, "freqSuffixNum": 0, "partsNum": 145, "privateVNum": 0, "publicVNum": 0, "clauseWordNum": 61}