{"tokenNum": 363, "sentenceNum": 23, "lemmaNum": 224, "lemmaRate": 0.6170798898071626, "sentenceLength": 15.782608695652174, "allUpperNum": 4, "firstUpperNum": 30, "allUpperRate": 0.011019283746556474, "firstUpperRate": 0.08264462809917356, "declarSentNum": 23, "imperSentNum": 0, "questionNum": 0, "declarSentRate": 1.0, "imperSentRate": 0.0, "questionRate": 0.0, "accent": true, "saturation": 4.977777777777778, "paragraphNum": 0, "nounNum": 88, "verbNum": 30, "adjNum": 75, "infNum": 3, "partPastNum": 3, "partPresNum": 13, "partFutNum": 0, "transNum": 1, "xNum": 21, "advNum": 31, "properNounNum": 13, "numNum": 0, "conjNum": 19, "punctNum": 52, "pronNum": 5, "relPronNum": 1, "demPronNum": 5, "adposNum": 1, "multiplePunctNum": 2, "phraseNum": 0, "nounRate": 0.24242424242424243, "verbRate": 0.08264462809917356, "adjRate": 0.2066115702479339, "infRate": 0.008264462809917356, "partPastRate": 0.008264462809917356, "partPresRate": 0.03581267217630854, "partFutRate": 0.0, "transRate": 0.0027548209366391185, "xRate": 0.05785123966942149, "advRate": 0.08539944903581267, "properNounRate": 0.03581267217630854, "numRate": 0.0, "conjRate": 0.05234159779614325, "punctRate": 0.14325068870523416, "pronRate": 0.013774104683195593, "relPronRate": 0.0027548209366391185, "demPronRate": 0.013774104683195593, "adposRate": 0.0027548209366391185, "multiplePunctRate": 0.038461538461538464, "partsDensityRate": 4.955555555555556, "contentfulness": 9.695652173913043, "phraseRate": 0.0, "pastTenseNum": 5, "presentTenseNum": 22, "condNum": 0, "impNum": 0, "freqNum": 0, "causNum": 0, "modalNum": 5, "sg1VerbNum": 0, "sg2VerbNum": 0, "sg3VerbNum": 24, "pl1VerbNum": 0, "pl2VerbNum": 0, "pl3VerbNum": 8, "superlatNum": 1, "comparatNum": 3, "specDerivSuffixNum": 0, "pluralNounNum": 21, "pastTenseRate": 0.16666666666666666, "presentTenseRate": 0.7333333333333333, "condRate": 0.0, "impRate": 0.0, "freqRate": 0.0, "causRate": 0.0, "modalRate": 0.16666666666666666, "sg1VerbRate": 0.0, "sg2VerbRate": 0.0, "sg3VerbRate": 0.8, "pl1VerbRate": 0.0, "pl2VerbRate": 0.0, "pl3VerbRate": 0.26666666666666666, "superlatRate": 0.013333333333333334, "comparatRate": 0.04, "specDerivSuffixRate": 0.0, "pluralNounRate": 0.23863636363636365, "subjNum": 23, "objNum": 11, "attNum": 55, "subordNum": 3, "adverbNum": 40, "coordNum": 14, "clauseNum": 45, "simpleNum": 8, "complexNum": 15, "complexity1Num": 9, "complexity2Num": 5, "complexity3Num": 1, "compoundNum": 0, "subjRate": 0.06336088154269973, "objRate": 0.030303030303030304, "attRate": 0.15151515151515152, "subordRate": 0.008264462809917356, "adverbRate": 0.11019283746556474, "coordRate": 0.03856749311294766, "partsRate": 3.1777777777777776, "clauseRate": 1.9565217391304348, "simpleRate": 0.34782608695652173, "complexRate": 0.6521739130434783, "complexity1Rate": 0.391304347826087, "complexity2Rate": 0.21739130434782608, "complexity3Rate": 0.043478260869565216, "complexClauseRate": 2.466666666666667, "sentencesPerParagraph": 0.0, "wordsLengthRate": 6.118971061093248, "compoundRate": 0.0, "positiveNum": 0, "negativeNum": 0, "precoPositiveNum": 0, "precoNegativeNum": 0, "negemoNum": 0, "negationNum": 6, "functionNum": 140, "contentNum": 223, "vulgarNum": 0, "racistNum": 0, "specStyleNum": 0, "addressingNum": 0, "closingNum": 0, "postscriptNum": 0, "brutalNum": 0, "positiveRate": 0.0, "negativeRate": 0.0, "precoPositiveRate": 0.0, "precoNegativeRate": 0.0, "negemoRate": 0.0, "negationRate": 0.01652892561983471, "functionRate": 0.3856749311294766, "contentRate": 0.6143250688705234, "vulgarRate": 0.0, "racistRate": 0.0, "specStyleRate": 0.0, "addressingRate": 0.0, "closingRate": 0.0, "postscriptRate": 0.0, "brutalRate": 0.0, "epistemicNum": 0, "investNum": 0, "conditionNum": 0, "weaselNum": 0, "peacockNum": 0, "hedgeNum": 0, "doxasticNum": 0, "epistemicRate": 0.0, "investRate": 0.0, "conditionRate": 0.0, "weaselRate": 0.0, "peacockRate": 0.0, "hedgeRate": 0.0, "doxasticRate": 0.0, "loveNum": 0, "anxietyNum": 0, "sorrowNum": 0, "joyNum": 0, "disgustNum": 0, "fearNum": 0, "surpriseNum": 0, "angerNum": 0, "loveRate": 0.0, "anxietyRate": 0.0, "sorrowRate": 0.0, "joyRate": 0.0, "disgustRate": 0.0, "fearRate": 0.0, "surpriseRate": 0.0, "angerRate": 0.0, "slangBeGeneralNum": 0, "slangBeCigaretteNum": 0, "slangBeHumanNum": 0, "slangBeVehicleNum": 0, "slangBeDrugNum": 0, "slangBvNum": 0, "slangBeGeneralRate": 0.0, "slangBeCigaretteRate": 0.0, "slangBeHumanRate": 0.0, "slangBeVehicleRate": 0.0, "slangBeDrugRate": 0.0, "slangBvRate": 0.0, "speechactNum": 0, "quoteNum": 0, "dashNum": 0, "publicNum": 0, "privateNum": 0, "suasiveNum": 0, "discMarkerNum": 0, "smileyNum": 0, "dateNum": 1, "hesitationNum": 0, "restartNum": 0, "repeatNum": 0, "conjBeforeDiscNum": 0, "conjAfterDiscNum": 0, "wordBeforeHesitationNum": 0, "wordAfterHesitationNum": 0, "otherCollocationNum": 0, "speechactRate": 0.0, "quoteRate": 0.0, "dashRate": 0.0, "publicRate": 0.0, "privateRate": 0.0, "suasiveRate": 0.0, "discMarkerRate": 0.0, "smileyRate": 0.0, "dateRate": 0.0027548209366391185, "hesitationRate": 0.0, "restartRate": 0.0, "repeatRate": 0.0, "conjBeforeDiscRate": 0.0, "conjAfterDiscRate": 0.0, "wordBeforeHesitationRate": 0.0, "wordAfterHesitationRate": 0.0, "otherCollocationRate": 0.0, "easyWordNum": 303, "hardWordNum": 60, "easyWordRate": 0.8347107438016529, "hardWordRate": 0.1652892561983471, "fleschReadingEaseScore": 38.86193316564862, "gunningFogIndex": 6.379159180740209, "fleschKincaidGradeLevel": 11.759707749431069, "colemanLiauIndex": 15.613143250688701, "smogIndex": 11.20814326018867, "automatedReadabilityIndex": 11.581304347826084, "linsearWriteIndex": 1.766798418972332, "author": "", "locationNameNum": 0, "locationNameRate": 0.0, "personNameNum": 1, "personNameRate": 0.0027548209366391185, "organizationNameNum": 8, "organizationNameRate": 0.02203856749311295, "misspelledNum": 3, "misspelledRate": 0.008264462809917356, "missingAccentNum": 0, "missingAccentRate": 0.0, "foreignAccentNum": 0, "foreignAccentRate": 0.0, "wordConcatNum": 1, "wordConcatRate": 0.0027548209366391185, "jLyMistakeNum": 0, "jLyMistakeRate": 0.0, "freqSuffixNum": 0, "partsNum": 143, "privateVNum": 0, "publicVNum": 0, "clauseWordNum": 45}