{"tokenNum": 360, "sentenceNum": 17, "lemmaNum": 180, "lemmaRate": 0.5, "sentenceLength": 21.176470588235293, "allUpperNum": 0, "firstUpperNum": 29, "allUpperRate": 0.0, "firstUpperRate": 0.08055555555555556, "declarSentNum": 17, "imperSentNum": 0, "questionNum": 0, "declarSentRate": 1.0, "imperSentRate": 0.0, "questionRate": 0.0, "accent": false, "saturation": 3.75, "paragraphNum": 0, "nounNum": 78, "verbNum": 33, "adjNum": 16, "infNum": 3, "partPastNum": 0, "partPresNum": 1, "partFutNum": 0, "transNum": 1, "xNum": 20, "advNum": 46, "properNounNum": 13, "numNum": 5, "conjNum": 33, "punctNum": 66, "pronNum": 17, "relPronNum": 7, "demPronNum": 17, "adposNum": 2, "multiplePunctNum": 2, "phraseNum": 0, "nounRate": 0.21666666666666667, "verbRate": 0.09166666666666666, "adjRate": 0.044444444444444446, "infRate": 0.008333333333333333, "partPastRate": 0.0, "partPresRate": 0.002777777777777778, "partFutRate": 0.0, "transRate": 0.002777777777777778, "xRate": 0.05555555555555555, "advRate": 0.12777777777777777, "properNounRate": 0.03611111111111111, "numRate": 0.013888888888888888, "conjRate": 0.09166666666666666, "punctRate": 0.18333333333333332, "pronRate": 0.04722222222222222, "relPronRate": 0.019444444444444445, "demPronRate": 0.04722222222222222, "adposRate": 0.005555555555555556, "multiplePunctRate": 0.030303030303030304, "partsDensityRate": 3.5833333333333335, "contentfulness": 10.117647058823529, "phraseRate": 0.0, "pastTenseNum": 4, "presentTenseNum": 26, "condNum": 4, "impNum": 4, "freqNum": 0, "causNum": 0, "modalNum": 1, "sg1VerbNum": 1, "sg2VerbNum": 0, "sg3VerbNum": 29, "pl1VerbNum": 1, "pl2VerbNum": 1, "pl3VerbNum": 19, "superlatNum": 0, "comparatNum": 0, "specDerivSuffixNum": 0, "pluralNounNum": 21, "pastTenseRate": 0.12121212121212122, "presentTenseRate": 0.7878787878787878, "condRate": 0.12121212121212122, "impRate": 0.12121212121212122, "freqRate": 0.0, "causRate": 0.0, "modalRate": 0.030303030303030304, "sg1VerbRate": 0.030303030303030304, "sg2VerbRate": 0.0, "sg3VerbRate": 0.8787878787878788, "pl1VerbRate": 0.030303030303030304, "pl2VerbRate": 0.030303030303030304, "pl3VerbRate": 0.5757575757575758, "superlatRate": 0.0, "comparatRate": 0.0, "specDerivSuffixRate": 0.0, "pluralNounRate": 0.2692307692307692, "subjNum": 25, "objNum": 7, "attNum": 13, "subordNum": 15, "adverbNum": 54, "coordNum": 19, "clauseNum": 48, "simpleNum": 5, "complexNum": 12, "complexity1Num": 3, "complexity2Num": 5, "complexity3Num": 1, "compoundNum": 0, "subjRate": 0.06944444444444445, "objRate": 0.019444444444444445, "attRate": 0.03611111111111111, "subordRate": 0.041666666666666664, "adverbRate": 0.15, "coordRate": 0.05277777777777778, "partsRate": 2.4583333333333335, "clauseRate": 2.823529411764706, "simpleRate": 0.29411764705882354, "complexRate": 0.7058823529411765, "complexity1Rate": 0.17647058823529413, "complexity2Rate": 0.29411764705882354, "complexity3Rate": 0.058823529411764705, "complexClauseRate": 3.5833333333333335, "sentencesPerParagraph": 0.0, "wordsLengthRate": 5.363945578231292, "compoundRate": 0.0, "positiveNum": 0, "negativeNum": 0, "precoPositiveNum": 0, "precoNegativeNum": 0, "negemoNum": 0, "negationNum": 8, "functionNum": 188, "contentNum": 172, "vulgarNum": 0, "racistNum": 0, "specStyleNum": 0, "addressingNum": 0, "closingNum": 0, "postscriptNum": 0, "brutalNum": 0, "positiveRate": 0.0, "negativeRate": 0.0, "precoPositiveRate": 0.0, "precoNegativeRate": 0.0, "negemoRate": 0.0, "negationRate": 0.022222222222222223, "functionRate": 0.5222222222222223, "contentRate": 0.4777777777777778, "vulgarRate": 0.0, "racistRate": 0.0, "specStyleRate": 0.0, "addressingRate": 0.0, "closingRate": 0.0, "postscriptRate": 0.0, "brutalRate": 0.0, "epistemicNum": 0, "investNum": 0, "conditionNum": 0, "weaselNum": 0, "peacockNum": 0, "hedgeNum": 0, "doxasticNum": 0, "epistemicRate": 0.0, "investRate": 0.0, "conditionRate": 0.0, "weaselRate": 0.0, "peacockRate": 0.0, "hedgeRate": 0.0, "doxasticRate": 0.0, "loveNum": 0, "anxietyNum": 0, "sorrowNum": 0, "joyNum": 0, "disgustNum": 0, "fearNum": 0, "surpriseNum": 0, "angerNum": 0, "loveRate": 0.0, "anxietyRate": 0.0, "sorrowRate": 0.0, "joyRate": 0.0, "disgustRate": 0.0, "fearRate": 0.0, "surpriseRate": 0.0, "angerRate": 0.0, "slangBeGeneralNum": 0, "slangBeCigaretteNum": 0, "slangBeHumanNum": 0, "slangBeVehicleNum": 0, "slangBeDrugNum": 0, "slangBvNum": 0, "slangBeGeneralRate": 0.0, "slangBeCigaretteRate": 0.0, "slangBeHumanRate": 0.0, "slangBeVehicleRate": 0.0, "slangBeDrugRate": 0.0, "slangBvRate": 0.0, "speechactNum": 0, "quoteNum": 0, "dashNum": 0, "publicNum": 0, "privateNum": 0, "suasiveNum": 0, "discMarkerNum": 0, "smileyNum": 0, "dateNum": 0, "hesitationNum": 0, "restartNum": 0, "repeatNum": 0, "conjBeforeDiscNum": 0, "conjAfterDiscNum": 0, "wordBeforeHesitationNum": 0, "wordAfterHesitationNum": 0, "otherCollocationNum": 0, "speechactRate": 0.0, "quoteRate": 0.0, "dashRate": 0.0, "publicRate": 0.0, "privateRate": 0.0, "suasiveRate": 0.0, "discMarkerRate": 0.0, "smileyRate": 0.0, "dateRate": 0.0, "hesitationRate": 0.0, "restartRate": 0.0, "repeatRate": 0.0, "conjBeforeDiscRate": 0.0, "conjAfterDiscRate": 0.0, "wordBeforeHesitationRate": 0.0, "wordAfterHesitationRate": 0.0, "otherCollocationRate": 0.0, "easyWordNum": 325, "hardWordNum": 35, "easyWordRate": 0.9027777777777778, "hardWordRate": 0.09722222222222222, "fleschReadingEaseScore": 59.145882352941186, "gunningFogIndex": 8.509477124183006, "fleschKincaidGradeLevel": 10.27049019607843, "colemanLiauIndex": 10.852108333333334, "smogIndex": 9.2995712137729, "automatedReadabilityIndex": 10.470985294117646, "linsearWriteIndex": 2.3823529411764706, "author": "", "locationNameNum": 1, "locationNameRate": 0.002777777777777778, "personNameNum": 3, "personNameRate": 0.008333333333333333, "organizationNameNum": 0, "organizationNameRate": 0.0, "misspelledNum": 113, "misspelledRate": 0.3138888888888889, "missingAccentNum": 78, "missingAccentRate": 0.21666666666666667, "foreignAccentNum": 0, "foreignAccentRate": 0.0, "wordConcatNum": 1, "wordConcatRate": 0.002777777777777778, "jLyMistakeNum": 1, "jLyMistakeRate": 0.002777777777777778, "freqSuffixNum": 0, "partsNum": 118, "privateVNum": 0, "publicVNum": 0, "clauseWordNum": 48}