{"tokenNum": 334, "sentenceNum": 19, "lemmaNum": 187, "lemmaRate": 0.5598802395209581, "sentenceLength": 17.57894736842105, "allUpperNum": 0, "firstUpperNum": 26, "allUpperRate": 0.0, "firstUpperRate": 0.07784431137724551, "declarSentNum": 18, "imperSentNum": 0, "questionNum": 1, "declarSentRate": 0.9473684210526315, "imperSentRate": 0.0, "questionRate": 0.05263157894736842, "accent": true, "saturation": 4.348837209302325, "paragraphNum": 0, "nounNum": 58, "verbNum": 47, "adjNum": 35, "infNum": 6, "partPastNum": 1, "partPresNum": 3, "partFutNum": 0, "transNum": 2, "xNum": 19, "advNum": 37, "properNounNum": 4, "numNum": 0, "conjNum": 25, "punctNum": 55, "pronNum": 15, "relPronNum": 2, "demPronNum": 16, "adposNum": 5, "multiplePunctNum": 2, "phraseNum": 0, "nounRate": 0.17365269461077845, "verbRate": 0.1407185628742515, "adjRate": 0.10479041916167664, "infRate": 0.017964071856287425, "partPastRate": 0.0029940119760479044, "partPresRate": 0.008982035928143712, "partFutRate": 0.0, "transRate": 0.005988023952095809, "xRate": 0.05688622754491018, "advRate": 0.11077844311377245, "properNounRate": 0.011976047904191617, "numRate": 0.0, "conjRate": 0.0748502994011976, "punctRate": 0.16467065868263472, "pronRate": 0.04491017964071856, "relPronRate": 0.005988023952095809, "demPronRate": 0.04790419161676647, "adposRate": 0.014970059880239521, "multiplePunctRate": 0.03636363636363636, "partsDensityRate": 4.116279069767442, "contentfulness": 9.31578947368421, "phraseRate": 0.0, "pastTenseNum": 3, "presentTenseNum": 38, "condNum": 6, "impNum": 8, "freqNum": 0, "causNum": 0, "modalNum": 4, "sg1VerbNum": 8, "sg2VerbNum": 4, "sg3VerbNum": 40, "pl1VerbNum": 1, "pl2VerbNum": 0, "pl3VerbNum": 6, "superlatNum": 0, "comparatNum": 0, "specDerivSuffixNum": 0, "pluralNounNum": 12, "pastTenseRate": 0.06382978723404255, "presentTenseRate": 0.8085106382978723, "condRate": 0.1276595744680851, "impRate": 0.1702127659574468, "freqRate": 0.0, "causRate": 0.0, "modalRate": 0.0851063829787234, "sg1VerbRate": 0.1702127659574468, "sg2VerbRate": 0.0851063829787234, "sg3VerbRate": 0.851063829787234, "pl1VerbRate": 0.02127659574468085, "pl2VerbRate": 0.0, "pl3VerbRate": 0.1276595744680851, "superlatRate": 0.0, "comparatRate": 0.0, "specDerivSuffixRate": 0.0, "pluralNounRate": 0.20689655172413793, "subjNum": 20, "objNum": 14, "attNum": 21, "subordNum": 15, "adverbNum": 50, "coordNum": 8, "clauseNum": 43, "simpleNum": 6, "complexNum": 13, "complexity1Num": 8, "complexity2Num": 2, "complexity3Num": 1, "compoundNum": 0, "subjRate": 0.059880239520958084, "objRate": 0.041916167664670656, "attRate": 0.06287425149700598, "subordRate": 0.04491017964071856, "adverbRate": 0.1497005988023952, "coordRate": 0.023952095808383235, "partsRate": 2.627906976744186, "clauseRate": 2.263157894736842, "simpleRate": 0.3157894736842105, "complexRate": 0.6842105263157895, "complexity1Rate": 0.42105263157894735, "complexity2Rate": 0.10526315789473684, "complexity3Rate": 0.05263157894736842, "complexClauseRate": 2.8461538461538463, "sentencesPerParagraph": 0.0, "wordsLengthRate": 5.448028673835125, "compoundRate": 0.0, "positiveNum": 0, "negativeNum": 0, "precoPositiveNum": 0, "precoNegativeNum": 0, "negemoNum": 0, "negationNum": 5, "functionNum": 157, "contentNum": 177, "vulgarNum": 0, "racistNum": 0, "specStyleNum": 0, "addressingNum": 0, "closingNum": 0, "postscriptNum": 0, "brutalNum": 0, "positiveRate": 0.0, "negativeRate": 0.0, "precoPositiveRate": 0.0, "precoNegativeRate": 0.0, "negemoRate": 0.0, "negationRate": 0.014970059880239521, "functionRate": 0.47005988023952094, "contentRate": 0.5299401197604791, "vulgarRate": 0.0, "racistRate": 0.0, "specStyleRate": 0.0, "addressingRate": 0.0, "closingRate": 0.0, "postscriptRate": 0.0, "brutalRate": 0.0, "epistemicNum": 0, "investNum": 0, "conditionNum": 0, "weaselNum": 0, "peacockNum": 0, "hedgeNum": 0, "doxasticNum": 0, "epistemicRate": 0.0, "investRate": 0.0, "conditionRate": 0.0, "weaselRate": 0.0, "peacockRate": 0.0, "hedgeRate": 0.0, "doxasticRate": 0.0, "loveNum": 0, "anxietyNum": 0, "sorrowNum": 0, "joyNum": 0, "disgustNum": 0, "fearNum": 0, "surpriseNum": 0, "angerNum": 0, "loveRate": 0.0, "anxietyRate": 0.0, "sorrowRate": 0.0, "joyRate": 0.0, "disgustRate": 0.0, "fearRate": 0.0, "surpriseRate": 0.0, "angerRate": 0.0, "slangBeGeneralNum": 0, "slangBeCigaretteNum": 0, "slangBeHumanNum": 0, "slangBeVehicleNum": 0, "slangBeDrugNum": 0, "slangBvNum": 0, "slangBeGeneralRate": 0.0, "slangBeCigaretteRate": 0.0, "slangBeHumanRate": 0.0, "slangBeVehicleRate": 0.0, "slangBeDrugRate": 0.0, "slangBvRate": 0.0, "speechactNum": 0, "quoteNum": 0, "dashNum": 0, "publicNum": 0, "privateNum": 0, "suasiveNum": 0, "discMarkerNum": 0, "smileyNum": 0, "dateNum": 0, "hesitationNum": 0, "restartNum": 0, "repeatNum": 0, "conjBeforeDiscNum": 0, "conjAfterDiscNum": 0, "wordBeforeHesitationNum": 0, "wordAfterHesitationNum": 0, "otherCollocationNum": 0, "speechactRate": 0.0, "quoteRate": 0.0, "dashRate": 0.0, "publicRate": 0.0, "privateRate": 0.0, "suasiveRate": 0.0, "discMarkerRate": 0.0, "smileyRate": 0.0, "dateRate": 0.0, "hesitationRate": 0.0, "restartRate": 0.0, "repeatRate": 0.0, "conjBeforeDiscRate": 0.0, "conjAfterDiscRate": 0.0, "wordBeforeHesitationRate": 0.0, "wordAfterHesitationRate": 0.0, "otherCollocationRate": 0.0, "easyWordNum": 316, "hardWordNum": 18, "easyWordRate": 0.9461077844311377, "hardWordRate": 0.05389221556886228, "fleschReadingEaseScore": 63.612128900094575, "gunningFogIndex": 7.053135833595966, "fleschKincaidGradeLevel": 8.75381342578002, "colemanLiauIndex": 11.639470059880239, "smogIndex": 7.554174236665414, "automatedReadabilityIndex": 9.301868893791365, "linsearWriteIndex": 1.7734005672864792, "author": "", "locationNameNum": 0, "locationNameRate": 0.0, "personNameNum": 1, "personNameRate": 0.0029940119760479044, "organizationNameNum": 0, "organizationNameRate": 0.0, "misspelledNum": 5, "misspelledRate": 0.014970059880239521, "missingAccentNum": 1, "missingAccentRate": 0.0029940119760479044, "foreignAccentNum": 0, "foreignAccentRate": 0.0, "wordConcatNum": 0, "wordConcatRate": 0.0, "jLyMistakeNum": 0, "jLyMistakeRate": 0.0, "freqSuffixNum": 0, "partsNum": 113, "privateVNum": 0, "publicVNum": 0, "clauseWordNum": 43}