{"tokenNum": 403, "sentenceNum": 26, "lemmaNum": 198, "lemmaRate": 0.4913151364764268, "sentenceLength": 15.5, "allUpperNum": 5, "firstUpperNum": 34, "allUpperRate": 0.01240694789081886, "firstUpperRate": 0.08436724565756824, "declarSentNum": 25, "imperSentNum": 0, "questionNum": 1, "declarSentRate": 0.9615384615384616, "imperSentRate": 0.0, "questionRate": 0.038461538461538464, "accent": true, "saturation": 3.473684210526316, "paragraphNum": 0, "nounNum": 78, "verbNum": 54, "adjNum": 37, "infNum": 7, "partPastNum": 2, "partPresNum": 2, "partFutNum": 0, "transNum": 2, "xNum": 24, "advNum": 40, "properNounNum": 12, "numNum": 4, "conjNum": 29, "punctNum": 61, "pronNum": 30, "relPronNum": 6, "demPronNum": 25, "adposNum": 6, "multiplePunctNum": 1, "phraseNum": 0, "nounRate": 0.1935483870967742, "verbRate": 0.13399503722084366, "adjRate": 0.09181141439205956, "infRate": 0.017369727047146403, "partPastRate": 0.004962779156327543, "partPresRate": 0.004962779156327543, "partFutRate": 0.0, "transRate": 0.004962779156327543, "xRate": 0.05955334987593052, "advRate": 0.09925558312655088, "properNounRate": 0.02977667493796526, "numRate": 0.009925558312655087, "conjRate": 0.07196029776674938, "punctRate": 0.1513647642679901, "pronRate": 0.07444168734491315, "relPronRate": 0.01488833746898263, "demPronRate": 0.062034739454094295, "adposRate": 0.01488833746898263, "multiplePunctRate": 0.01639344262295082, "partsDensityRate": 3.6666666666666665, "contentfulness": 8.038461538461538, "phraseRate": 0.0, "pastTenseNum": 16, "presentTenseNum": 31, "condNum": 3, "impNum": 4, "freqNum": 0, "causNum": 0, "modalNum": 6, "sg1VerbNum": 1, "sg2VerbNum": 0, "sg3VerbNum": 66, "pl1VerbNum": 2, "pl2VerbNum": 0, "pl3VerbNum": 10, "superlatNum": 0, "comparatNum": 4, "specDerivSuffixNum": 0, "pluralNounNum": 14, "pastTenseRate": 0.2962962962962963, "presentTenseRate": 0.5740740740740741, "condRate": 0.05555555555555555, "impRate": 0.07407407407407407, "freqRate": 0.0, "causRate": 0.0, "modalRate": 0.1111111111111111, "sg1VerbRate": 0.018518518518518517, "sg2VerbRate": 0.0, "sg3VerbRate": 1.2222222222222223, "pl1VerbRate": 0.037037037037037035, "pl2VerbRate": 0.0, "pl3VerbRate": 0.18518518518518517, "superlatRate": 0.0, "comparatRate": 0.10810810810810811, "specDerivSuffixRate": 0.0, "pluralNounRate": 0.1794871794871795, "subjNum": 39, "objNum": 16, "attNum": 26, "subordNum": 15, "adverbNum": 48, "coordNum": 10, "clauseNum": 57, "simpleNum": 9, "complexNum": 17, "complexity1Num": 7, "complexity2Num": 7, "complexity3Num": 2, "compoundNum": 0, "subjRate": 0.0967741935483871, "objRate": 0.03970223325062035, "attRate": 0.06451612903225806, "subordRate": 0.03722084367245657, "adverbRate": 0.11910669975186104, "coordRate": 0.02481389578163772, "partsRate": 2.43859649122807, "clauseRate": 2.1923076923076925, "simpleRate": 0.34615384615384615, "complexRate": 0.6538461538461539, "complexity1Rate": 0.2692307692307692, "complexity2Rate": 0.2692307692307692, "complexity3Rate": 0.07692307692307693, "complexClauseRate": 2.823529411764706, "sentencesPerParagraph": 0.0, "wordsLengthRate": 5.573099415204679, "compoundRate": 0.0, "positiveNum": 0, "negativeNum": 0, "precoPositiveNum": 0, "precoNegativeNum": 0, "negemoNum": 0, "negationNum": 9, "functionNum": 194, "contentNum": 209, "vulgarNum": 0, "racistNum": 0, "specStyleNum": 0, "addressingNum": 0, "closingNum": 0, "postscriptNum": 0, "brutalNum": 0, "positiveRate": 0.0, "negativeRate": 0.0, "precoPositiveRate": 0.0, "precoNegativeRate": 0.0, "negemoRate": 0.0, "negationRate": 0.022332506203473945, "functionRate": 0.4813895781637717, "contentRate": 0.5186104218362283, "vulgarRate": 0.0, "racistRate": 0.0, "specStyleRate": 0.0, "addressingRate": 0.0, "closingRate": 0.0, "postscriptRate": 0.0, "brutalRate": 0.0, "epistemicNum": 0, "investNum": 0, "conditionNum": 0, "weaselNum": 0, "peacockNum": 0, "hedgeNum": 0, "doxasticNum": 0, "epistemicRate": 0.0, "investRate": 0.0, "conditionRate": 0.0, "weaselRate": 0.0, "peacockRate": 0.0, "hedgeRate": 0.0, "doxasticRate": 0.0, "loveNum": 0, "anxietyNum": 0, "sorrowNum": 0, "joyNum": 0, "disgustNum": 0, "fearNum": 0, "surpriseNum": 0, "angerNum": 0, "loveRate": 0.0, "anxietyRate": 0.0, "sorrowRate": 0.0, "joyRate": 0.0, "disgustRate": 0.0, "fearRate": 0.0, "surpriseRate": 0.0, "angerRate": 0.0, "slangBeGeneralNum": 0, "slangBeCigaretteNum": 0, "slangBeHumanNum": 0, "slangBeVehicleNum": 0, "slangBeDrugNum": 0, "slangBvNum": 0, "slangBeGeneralRate": 0.0, "slangBeCigaretteRate": 0.0, "slangBeHumanRate": 0.0, "slangBeVehicleRate": 0.0, "slangBeDrugRate": 0.0, "slangBvRate": 0.0, "speechactNum": 0, "quoteNum": 0, "dashNum": 0, "publicNum": 0, "privateNum": 0, "suasiveNum": 0, "discMarkerNum": 0, "smileyNum": 0, "dateNum": 0, "hesitationNum": 0, "restartNum": 0, "repeatNum": 0, "conjBeforeDiscNum": 0, "conjAfterDiscNum": 0, "wordBeforeHesitationNum": 0, "wordAfterHesitationNum": 0, "otherCollocationNum": 0, "speechactRate": 0.0, "quoteRate": 0.0, "dashRate": 0.0, "publicRate": 0.0, "privateRate": 0.0, "suasiveRate": 0.0, "discMarkerRate": 0.0, "smileyRate": 0.0, "dateRate": 0.0, "hesitationRate": 0.0, "restartRate": 0.0, "repeatRate": 0.0, "conjBeforeDiscRate": 0.0, "conjAfterDiscRate": 0.0, "wordBeforeHesitationRate": 0.0, "wordAfterHesitationRate": 0.0, "otherCollocationRate": 0.0, "easyWordNum": 364, "hardWordNum": 39, "easyWordRate": 0.9032258064516129, "hardWordRate": 0.0967741935483871, "fleschReadingEaseScore": 57.169993796526086, "gunningFogIndex": 6.238709677419355, "fleschKincaidGradeLevel": 9.135893300248139, "colemanLiauIndex": 12.612114143920596, "smogIndex": 9.642632912329528, "automatedReadabilityIndex": 9.040198511166253, "linsearWriteIndex": 1.1807596869631611, "author": "", "locationNameNum": 1, "locationNameRate": 0.0024813895781637717, "personNameNum": 5, "personNameRate": 0.01240694789081886, "organizationNameNum": 4, "organizationNameRate": 0.009925558312655087, "misspelledNum": 7, "misspelledRate": 0.017369727047146403, "missingAccentNum": 0, "missingAccentRate": 0.0, "foreignAccentNum": 0, "foreignAccentRate": 0.0, "wordConcatNum": 1, "wordConcatRate": 0.0024813895781637717, "jLyMistakeNum": 1, "jLyMistakeRate": 0.0024813895781637717, "freqSuffixNum": 0, "partsNum": 139, "privateVNum": 0, "publicVNum": 0, "clauseWordNum": 57}