{"tokenNum": 461, "sentenceNum": 26, "lemmaNum": 237, "lemmaRate": 0.5140997830802603, "sentenceLength": 17.73076923076923, "allUpperNum": 3, "firstUpperNum": 33, "allUpperRate": 0.006507592190889371, "firstUpperRate": 0.07158351409978309, "declarSentNum": 23, "imperSentNum": 2, "questionNum": 1, "declarSentRate": 0.8846153846153846, "imperSentRate": 0.07692307692307693, "questionRate": 0.038461538461538464, "accent": true, "saturation": 4.016949152542373, "paragraphNum": 0, "nounNum": 80, "verbNum": 52, "adjNum": 43, "infNum": 4, "partPastNum": 0, "partPresNum": 3, "partFutNum": 0, "transNum": 0, "xNum": 16, "advNum": 58, "properNounNum": 16, "numNum": 4, "conjNum": 38, "punctNum": 89, "pronNum": 39, "relPronNum": 10, "demPronNum": 20, "adposNum": 6, "multiplePunctNum": 8, "phraseNum": 0, "nounRate": 0.1735357917570499, "verbRate": 0.11279826464208242, "adjRate": 0.09327548806941431, "infRate": 0.008676789587852495, "partPastRate": 0.0, "partPresRate": 0.006507592190889371, "partFutRate": 0.0, "transRate": 0.0, "xRate": 0.03470715835140998, "advRate": 0.12581344902386118, "properNounRate": 0.03470715835140998, "numRate": 0.008676789587852495, "conjRate": 0.0824295010845987, "punctRate": 0.19305856832971802, "pronRate": 0.08459869848156182, "relPronRate": 0.021691973969631236, "demPronRate": 0.04338394793926247, "adposRate": 0.013015184381778741, "multiplePunctRate": 0.0898876404494382, "partsDensityRate": 3.9491525423728815, "contentfulness": 8.961538461538462, "phraseRate": 0.0, "pastTenseNum": 10, "presentTenseNum": 39, "condNum": 5, "impNum": 3, "freqNum": 0, "causNum": 0, "modalNum": 3, "sg1VerbNum": 6, "sg2VerbNum": 3, "sg3VerbNum": 66, "pl1VerbNum": 2, "pl2VerbNum": 0, "pl3VerbNum": 14, "superlatNum": 0, "comparatNum": 3, "specDerivSuffixNum": 0, "pluralNounNum": 18, "pastTenseRate": 0.19230769230769232, "presentTenseRate": 0.75, "condRate": 0.09615384615384616, "impRate": 0.057692307692307696, "freqRate": 0.0, "causRate": 0.0, "modalRate": 0.057692307692307696, "sg1VerbRate": 0.11538461538461539, "sg2VerbRate": 0.057692307692307696, "sg3VerbRate": 1.2692307692307692, "pl1VerbRate": 0.038461538461538464, "pl2VerbRate": 0.0, "pl3VerbRate": 0.2692307692307692, "superlatRate": 0.0, "comparatRate": 0.06976744186046512, "specDerivSuffixRate": 0.0, "pluralNounRate": 0.225, "subjNum": 42, "objNum": 15, "attNum": 21, "subordNum": 22, "adverbNum": 68, "coordNum": 21, "clauseNum": 59, "simpleNum": 8, "complexNum": 18, "complexity1Num": 10, "complexity2Num": 2, "complexity3Num": 5, "compoundNum": 0, "subjRate": 0.0911062906724512, "objRate": 0.03253796095444685, "attRate": 0.0455531453362256, "subordRate": 0.04772234273318872, "adverbRate": 0.1475054229934924, "coordRate": 0.0455531453362256, "partsRate": 2.830508474576271, "clauseRate": 2.269230769230769, "simpleRate": 0.3076923076923077, "complexRate": 0.6923076923076923, "complexity1Rate": 0.38461538461538464, "complexity2Rate": 0.07692307692307693, "complexity3Rate": 0.19230769230769232, "complexClauseRate": 2.8333333333333335, "sentencesPerParagraph": 0.0, "wordsLengthRate": 5.306451612903226, "compoundRate": 0.0, "positiveNum": 0, "negativeNum": 0, "precoPositiveNum": 0, "precoNegativeNum": 0, "negemoNum": 0, "negationNum": 18, "functionNum": 228, "contentNum": 233, "vulgarNum": 0, "racistNum": 0, "specStyleNum": 0, "addressingNum": 0, "closingNum": 0, "postscriptNum": 0, "brutalNum": 0, "positiveRate": 0.0, "negativeRate": 0.0, "precoPositiveRate": 0.0, "precoNegativeRate": 0.0, "negemoRate": 0.0, "negationRate": 0.039045553145336226, "functionRate": 0.4945770065075922, "contentRate": 0.5054229934924078, "vulgarRate": 0.0, "racistRate": 0.0, "specStyleRate": 0.0, "addressingRate": 0.0, "closingRate": 0.0, "postscriptRate": 0.0, "brutalRate": 0.0, "epistemicNum": 0, "investNum": 0, "conditionNum": 0, "weaselNum": 0, "peacockNum": 0, "hedgeNum": 0, "doxasticNum": 0, "epistemicRate": 0.0, "investRate": 0.0, "conditionRate": 0.0, "weaselRate": 0.0, "peacockRate": 0.0, "hedgeRate": 0.0, "doxasticRate": 0.0, "loveNum": 0, "anxietyNum": 0, "sorrowNum": 0, "joyNum": 0, "disgustNum": 0, "fearNum": 0, "surpriseNum": 0, "angerNum": 0, "loveRate": 0.0, "anxietyRate": 0.0, "sorrowRate": 0.0, "joyRate": 0.0, "disgustRate": 0.0, "fearRate": 0.0, "surpriseRate": 0.0, "angerRate": 0.0, "slangBeGeneralNum": 0, "slangBeCigaretteNum": 0, "slangBeHumanNum": 0, "slangBeVehicleNum": 0, "slangBeDrugNum": 0, "slangBvNum": 0, "slangBeGeneralRate": 0.0, "slangBeCigaretteRate": 0.0, "slangBeHumanRate": 0.0, "slangBeVehicleRate": 0.0, "slangBeDrugRate": 0.0, "slangBvRate": 0.0, "speechactNum": 0, "quoteNum": 1, "dashNum": 0, "publicNum": 0, "privateNum": 0, "suasiveNum": 0, "discMarkerNum": 0, "smileyNum": 0, "dateNum": 1, "hesitationNum": 0, "restartNum": 0, "repeatNum": 2, "conjBeforeDiscNum": 0, "conjAfterDiscNum": 0, "wordBeforeHesitationNum": 0, "wordAfterHesitationNum": 0, "otherCollocationNum": 0, "speechactRate": 0.0, "quoteRate": 0.0021691973969631237, "dashRate": 0.0, "publicRate": 0.0, "privateRate": 0.0, "suasiveRate": 0.0, "discMarkerRate": 0.0, "smileyRate": 0.0, "dateRate": 0.0021691973969631237, "hesitationRate": 0.0, "restartRate": 0.0, "repeatRate": 0.004338394793926247, "conjBeforeDiscRate": 0.0, "conjAfterDiscRate": 0.0, "wordBeforeHesitationRate": 0.0, "wordAfterHesitationRate": 0.0, "otherCollocationRate": 0.0, "easyWordNum": 429, "hardWordNum": 32, "easyWordRate": 0.93058568329718, "hardWordRate": 0.06941431670281996, "fleschReadingEaseScore": 66.80139287502088, "gunningFogIndex": 7.12007341898882, "fleschKincaidGradeLevel": 8.34669197396963, "colemanLiauIndex": 10.838984815618215, "smogIndex": 9.029198982220553, "automatedReadabilityIndex": 8.737662272651427, "linsearWriteIndex": 1.131653595861839, "author": "", "locationNameNum": 0, "locationNameRate": 0.0, "personNameNum": 9, "personNameRate": 0.019522776572668113, "organizationNameNum": 0, "organizationNameRate": 0.0, "misspelledNum": 25, "misspelledRate": 0.05422993492407809, "missingAccentNum": 10, "missingAccentRate": 0.021691973969631236, "foreignAccentNum": 0, "foreignAccentRate": 0.0, "wordConcatNum": 0, "wordConcatRate": 0.0, "jLyMistakeNum": 0, "jLyMistakeRate": 0.0, "freqSuffixNum": 0, "partsNum": 167, "privateVNum": 0, "publicVNum": 0, "clauseWordNum": 59}