{"tokenNum": 410, "sentenceNum": 24, "lemmaNum": 212, "lemmaRate": 0.5170731707317073, "sentenceLength": 17.083333333333332, "allUpperNum": 0, "firstUpperNum": 31, "allUpperRate": 0.0, "firstUpperRate": 0.07560975609756097, "declarSentNum": 24, "imperSentNum": 0, "questionNum": 0, "declarSentRate": 1.0, "imperSentRate": 0.0, "questionRate": 0.0, "accent": true, "saturation": 3.4754098360655736, "paragraphNum": 0, "nounNum": 83, "verbNum": 53, "adjNum": 29, "infNum": 7, "partPastNum": 0, "partPresNum": 0, "partFutNum": 0, "transNum": 1, "xNum": 25, "advNum": 40, "properNounNum": 8, "numNum": 2, "conjNum": 31, "punctNum": 73, "pronNum": 26, "relPronNum": 7, "demPronNum": 11, "adposNum": 1, "multiplePunctNum": 1, "phraseNum": 0, "nounRate": 0.20243902439024392, "verbRate": 0.12926829268292683, "adjRate": 0.07073170731707316, "infRate": 0.01707317073170732, "partPastRate": 0.0, "partPresRate": 0.0, "partFutRate": 0.0, "transRate": 0.0024390243902439024, "xRate": 0.06097560975609756, "advRate": 0.0975609756097561, "properNounRate": 0.01951219512195122, "numRate": 0.004878048780487805, "conjRate": 0.07560975609756097, "punctRate": 0.17804878048780487, "pronRate": 0.06341463414634146, "relPronRate": 0.01707317073170732, "demPronRate": 0.026829268292682926, "adposRate": 0.0024390243902439024, "multiplePunctRate": 0.0136986301369863, "partsDensityRate": 3.360655737704918, "contentfulness": 8.541666666666666, "phraseRate": 0.0, "pastTenseNum": 5, "presentTenseNum": 41, "condNum": 0, "impNum": 7, "freqNum": 0, "causNum": 0, "modalNum": 3, "sg1VerbNum": 15, "sg2VerbNum": 8, "sg3VerbNum": 37, "pl1VerbNum": 10, "pl2VerbNum": 0, "pl3VerbNum": 3, "superlatNum": 0, "comparatNum": 1, "specDerivSuffixNum": 0, "pluralNounNum": 13, "pastTenseRate": 0.09433962264150944, "presentTenseRate": 0.7735849056603774, "condRate": 0.0, "impRate": 0.1320754716981132, "freqRate": 0.0, "causRate": 0.0, "modalRate": 0.05660377358490566, "sg1VerbRate": 0.2830188679245283, "sg2VerbRate": 0.1509433962264151, "sg3VerbRate": 0.6981132075471698, "pl1VerbRate": 0.18867924528301888, "pl2VerbRate": 0.0, "pl3VerbRate": 0.05660377358490566, "superlatRate": 0.0, "comparatRate": 0.034482758620689655, "specDerivSuffixRate": 0.0, "pluralNounRate": 0.1566265060240964, "subjNum": 27, "objNum": 11, "attNum": 18, "subordNum": 19, "adverbNum": 52, "coordNum": 27, "clauseNum": 61, "simpleNum": 11, "complexNum": 13, "complexity1Num": 5, "complexity2Num": 3, "complexity3Num": 1, "compoundNum": 0, "subjRate": 0.06585365853658537, "objRate": 0.026829268292682926, "attRate": 0.04390243902439024, "subordRate": 0.046341463414634146, "adverbRate": 0.12682926829268293, "coordRate": 0.06585365853658537, "partsRate": 2.2131147540983607, "clauseRate": 2.5416666666666665, "simpleRate": 0.4583333333333333, "complexRate": 0.5416666666666666, "complexity1Rate": 0.20833333333333334, "complexity2Rate": 0.125, "complexity3Rate": 0.041666666666666664, "complexClauseRate": 3.8461538461538463, "sentencesPerParagraph": 0.0, "wordsLengthRate": 5.041543026706232, "compoundRate": 0.0, "positiveNum": 0, "negativeNum": 0, "precoPositiveNum": 0, "precoNegativeNum": 0, "negemoNum": 0, "negationNum": 11, "functionNum": 205, "contentNum": 205, "vulgarNum": 0, "racistNum": 0, "specStyleNum": 0, "addressingNum": 0, "closingNum": 0, "postscriptNum": 0, "brutalNum": 0, "positiveRate": 0.0, "negativeRate": 0.0, "precoPositiveRate": 0.0, "precoNegativeRate": 0.0, "negemoRate": 0.0, "negationRate": 0.026829268292682926, "functionRate": 0.5, "contentRate": 0.5, "vulgarRate": 0.0, "racistRate": 0.0, "specStyleRate": 0.0, "addressingRate": 0.0, "closingRate": 0.0, "postscriptRate": 0.0, "brutalRate": 0.0, "epistemicNum": 0, "investNum": 0, "conditionNum": 0, "weaselNum": 0, "peacockNum": 0, "hedgeNum": 0, "doxasticNum": 0, "epistemicRate": 0.0, "investRate": 0.0, "conditionRate": 0.0, "weaselRate": 0.0, "peacockRate": 0.0, "hedgeRate": 0.0, "doxasticRate": 0.0, "loveNum": 0, "anxietyNum": 0, "sorrowNum": 0, "joyNum": 0, "disgustNum": 0, "fearNum": 0, "surpriseNum": 0, "angerNum": 0, "loveRate": 0.0, "anxietyRate": 0.0, "sorrowRate": 0.0, "joyRate": 0.0, "disgustRate": 0.0, "fearRate": 0.0, "surpriseRate": 0.0, "angerRate": 0.0, "slangBeGeneralNum": 0, "slangBeCigaretteNum": 0, "slangBeHumanNum": 0, "slangBeVehicleNum": 0, "slangBeDrugNum": 0, "slangBvNum": 0, "slangBeGeneralRate": 0.0, "slangBeCigaretteRate": 0.0, "slangBeHumanRate": 0.0, "slangBeVehicleRate": 0.0, "slangBeDrugRate": 0.0, "slangBvRate": 0.0, "speechactNum": 0, "quoteNum": 0, "dashNum": 0, "publicNum": 0, "privateNum": 0, "suasiveNum": 0, "discMarkerNum": 0, "smileyNum": 0, "dateNum": 0, "hesitationNum": 0, "restartNum": 0, "repeatNum": 0, "conjBeforeDiscNum": 0, "conjAfterDiscNum": 0, "wordBeforeHesitationNum": 0, "wordAfterHesitationNum": 0, "otherCollocationNum": 0, "speechactRate": 0.0, "quoteRate": 0.0, "dashRate": 0.0, "publicRate": 0.0, "privateRate": 0.0, "suasiveRate": 0.0, "discMarkerRate": 0.0, "smileyRate": 0.0, "dateRate": 0.0, "hesitationRate": 0.0, "restartRate": 0.0, "repeatRate": 0.0, "conjBeforeDiscRate": 0.0, "conjAfterDiscRate": 0.0, "wordBeforeHesitationRate": 0.0, "wordAfterHesitationRate": 0.0, "otherCollocationRate": 0.0, "easyWordNum": 389, "hardWordNum": 21, "easyWordRate": 0.948780487804878, "hardWordRate": 0.05121951219512195, "fleschReadingEaseScore": 74.35688008130082, "gunningFogIndex": 6.853821138211382, "fleschKincaidGradeLevel": 7.1320121951219555, "colemanLiauIndex": 9.225141463414634, "smogIndex": 7.908726449838941, "automatedReadabilityIndex": 7.123422764227641, "linsearWriteIndex": 1.1747967479674797, "author": "", "locationNameNum": 1, "locationNameRate": 0.0024390243902439024, "personNameNum": 4, "personNameRate": 0.00975609756097561, "organizationNameNum": 0, "organizationNameRate": 0.0, "misspelledNum": 12, "misspelledRate": 0.02926829268292683, "missingAccentNum": 2, "missingAccentRate": 0.004878048780487805, "foreignAccentNum": 0, "foreignAccentRate": 0.0, "wordConcatNum": 5, "wordConcatRate": 0.012195121951219513, "jLyMistakeNum": 0, "jLyMistakeRate": 0.0, "freqSuffixNum": 0, "partsNum": 135, "privateVNum": 0, "publicVNum": 0, "clauseWordNum": 61}