{"tokenNum": 467, "sentenceNum": 33, "lemmaNum": 181, "lemmaRate": 0.3875802997858672, "sentenceLength": 14.151515151515152, "allUpperNum": 1, "firstUpperNum": 35, "allUpperRate": 0.0021413276231263384, "firstUpperRate": 0.07494646680942184, "declarSentNum": 33, "imperSentNum": 0, "questionNum": 0, "declarSentRate": 1.0, "imperSentRate": 0.0, "questionRate": 0.0, "accent": true, "saturation": 2.5492957746478875, "paragraphNum": 0, "nounNum": 55, "verbNum": 73, "adjNum": 30, "infNum": 11, "partPastNum": 0, "partPresNum": 0, "partFutNum": 0, "transNum": 0, "xNum": 32, "advNum": 57, "properNounNum": 2, "numNum": 1, "conjNum": 54, "punctNum": 81, "pronNum": 43, "relPronNum": 5, "demPronNum": 25, "adposNum": 2, "multiplePunctNum": 1, "phraseNum": 0, "nounRate": 0.11777301927194861, "verbRate": 0.15631691648822268, "adjRate": 0.06423982869379015, "infRate": 0.023554603854389723, "partPastRate": 0.0, "partPresRate": 0.0, "partFutRate": 0.0, "transRate": 0.0, "xRate": 0.06852248394004283, "advRate": 0.12205567451820129, "properNounRate": 0.004282655246252677, "numRate": 0.0021413276231263384, "conjRate": 0.11563169164882227, "punctRate": 0.1734475374732334, "pronRate": 0.09207708779443255, "relPronRate": 0.010706638115631691, "demPronRate": 0.05353319057815846, "adposRate": 0.004282655246252677, "multiplePunctRate": 0.012345679012345678, "partsDensityRate": 3.028169014084507, "contentfulness": 6.515151515151516, "phraseRate": 0.0, "pastTenseNum": 20, "presentTenseNum": 42, "condNum": 10, "impNum": 7, "freqNum": 0, "causNum": 0, "modalNum": 3, "sg1VerbNum": 36, "sg2VerbNum": 0, "sg3VerbNum": 64, "pl1VerbNum": 3, "pl2VerbNum": 0, "pl3VerbNum": 3, "superlatNum": 0, "comparatNum": 0, "specDerivSuffixNum": 0, "pluralNounNum": 0, "pastTenseRate": 0.273972602739726, "presentTenseRate": 0.5753424657534246, "condRate": 0.136986301369863, "impRate": 0.0958904109589041, "freqRate": 0.0, "causRate": 0.0, "modalRate": 0.0410958904109589, "sg1VerbRate": 0.4931506849315068, "sg2VerbRate": 0.0, "sg3VerbRate": 0.8767123287671232, "pl1VerbRate": 0.0410958904109589, "pl2VerbRate": 0.0, "pl3VerbRate": 0.0410958904109589, "superlatRate": 0.0, "comparatRate": 0.0, "specDerivSuffixRate": 0.0, "pluralNounRate": 0.0, "subjNum": 39, "objNum": 21, "attNum": 19, "subordNum": 28, "adverbNum": 78, "coordNum": 8, "clauseNum": 71, "simpleNum": 12, "complexNum": 21, "complexity1Num": 13, "complexity2Num": 3, "complexity3Num": 2, "compoundNum": 0, "subjRate": 0.0835117773019272, "objRate": 0.044967880085653104, "attRate": 0.04068522483940043, "subordRate": 0.059957173447537475, "adverbRate": 0.1670235546038544, "coordRate": 0.017130620985010708, "partsRate": 2.323943661971831, "clauseRate": 2.1515151515151514, "simpleRate": 0.36363636363636365, "complexRate": 0.6363636363636364, "complexity1Rate": 0.3939393939393939, "complexity2Rate": 0.09090909090909091, "complexity3Rate": 0.06060606060606061, "complexClauseRate": 2.8095238095238093, "sentencesPerParagraph": 0.0, "wordsLengthRate": 4.689119170984456, "compoundRate": 0.0, "positiveNum": 0, "negativeNum": 0, "precoPositiveNum": 0, "precoNegativeNum": 0, "negemoNum": 0, "negationNum": 15, "functionNum": 252, "contentNum": 215, "vulgarNum": 0, "racistNum": 0, "specStyleNum": 0, "addressingNum": 0, "closingNum": 0, "postscriptNum": 0, "brutalNum": 0, "positiveRate": 0.0, "negativeRate": 0.0, "precoPositiveRate": 0.0, "precoNegativeRate": 0.0, "negemoRate": 0.0, "negationRate": 0.032119914346895075, "functionRate": 0.5396145610278372, "contentRate": 0.4603854389721627, "vulgarRate": 0.0, "racistRate": 0.0, "specStyleRate": 0.0, "addressingRate": 0.0, "closingRate": 0.0, "postscriptRate": 0.0, "brutalRate": 0.0, "epistemicNum": 0, "investNum": 0, "conditionNum": 0, "weaselNum": 0, "peacockNum": 0, "hedgeNum": 0, "doxasticNum": 0, "epistemicRate": 0.0, "investRate": 0.0, "conditionRate": 0.0, "weaselRate": 0.0, "peacockRate": 0.0, "hedgeRate": 0.0, "doxasticRate": 0.0, "loveNum": 0, "anxietyNum": 0, "sorrowNum": 0, "joyNum": 0, "disgustNum": 0, "fearNum": 0, "surpriseNum": 0, "angerNum": 0, "loveRate": 0.0, "anxietyRate": 0.0, "sorrowRate": 0.0, "joyRate": 0.0, "disgustRate": 0.0, "fearRate": 0.0, "surpriseRate": 0.0, "angerRate": 0.0, "slangBeGeneralNum": 0, "slangBeCigaretteNum": 0, "slangBeHumanNum": 0, "slangBeVehicleNum": 0, "slangBeDrugNum": 0, "slangBvNum": 0, "slangBeGeneralRate": 0.0, "slangBeCigaretteRate": 0.0, "slangBeHumanRate": 0.0, "slangBeVehicleRate": 0.0, "slangBeDrugRate": 0.0, "slangBvRate": 0.0, "speechactNum": 0, "quoteNum": 0, "dashNum": 0, "publicNum": 0, "privateNum": 0, "suasiveNum": 0, "discMarkerNum": 0, "smileyNum": 0, "dateNum": 0, "hesitationNum": 0, "restartNum": 0, "repeatNum": 0, "conjBeforeDiscNum": 0, "conjAfterDiscNum": 0, "wordBeforeHesitationNum": 0, "wordAfterHesitationNum": 0, "otherCollocationNum": 0, "speechactRate": 0.0, "quoteRate": 0.0, "dashRate": 0.0, "publicRate": 0.0, "privateRate": 0.0, "suasiveRate": 0.0, "discMarkerRate": 0.0, "smileyRate": 0.0, "dateRate": 0.0, "hesitationRate": 0.0, "restartRate": 0.0, "repeatRate": 0.0, "conjBeforeDiscRate": 0.0, "conjAfterDiscRate": 0.0, "wordBeforeHesitationRate": 0.0, "wordAfterHesitationRate": 0.0, "otherCollocationRate": 0.0, "easyWordNum": 451, "hardWordNum": 16, "easyWordRate": 0.9657387580299786, "hardWordRate": 0.034261241970021415, "fleschReadingEaseScore": 85.58898514048407, "gunningFogIndex": 5.67431055739407, "fleschKincaidGradeLevel": 4.837013821296477, "colemanLiauIndex": 7.671501070663808, "smogIndex": 7.106945922332612, "automatedReadabilityIndex": 4.415158004023098, "linsearWriteIndex": 0.5151515151515151, "author": "", "locationNameNum": 0, "locationNameRate": 0.0, "personNameNum": 0, "personNameRate": 0.0, "organizationNameNum": 0, "organizationNameRate": 0.0, "misspelledNum": 0, "misspelledRate": 0.0, "missingAccentNum": 0, "missingAccentRate": 0.0, "foreignAccentNum": 0, "foreignAccentRate": 0.0, "wordConcatNum": 0, "wordConcatRate": 0.0, "jLyMistakeNum": 0, "jLyMistakeRate": 0.0, "freqSuffixNum": 0, "partsNum": 165, "privateVNum": 0, "publicVNum": 0, "clauseWordNum": 71}