{"tokenNum": 1292, "sentenceNum": 78, "lemmaNum": 467, "lemmaRate": 0.36145510835913314, "sentenceLength": 16.564102564102566, "allUpperNum": 27, "firstUpperNum": 108, "allUpperRate": 0.02089783281733746, "firstUpperRate": 0.08359133126934984, "declarSentNum": 78, "imperSentNum": 0, "questionNum": 0, "declarSentRate": 1.0, "imperSentRate": 0.0, "questionRate": 0.0, "accent": true, "saturation": 2.3585858585858586, "paragraphNum": 0, "nounNum": 231, "verbNum": 154, "adjNum": 133, "infNum": 7, "partPastNum": 3, "partPresNum": 11, "partFutNum": 0, "transNum": 2, "xNum": 72, "advNum": 98, "properNounNum": 23, "numNum": 2, "conjNum": 123, "punctNum": 255, "pronNum": 97, "relPronNum": 24, "demPronNum": 48, "adposNum": 10, "multiplePunctNum": 2, "phraseNum": 0, "nounRate": 0.17879256965944273, "verbRate": 0.11919504643962849, "adjRate": 0.10294117647058823, "infRate": 0.005417956656346749, "partPastRate": 0.0023219814241486067, "partPresRate": 0.008513931888544891, "partFutRate": 0.0, "transRate": 0.0015479876160990713, "xRate": 0.05572755417956656, "advRate": 0.07585139318885449, "properNounRate": 0.01780185758513932, "numRate": 0.0015479876160990713, "conjRate": 0.09520123839009288, "punctRate": 0.19736842105263158, "pronRate": 0.07507739938080496, "relPronRate": 0.018575851393188854, "demPronRate": 0.03715170278637771, "adposRate": 0.007739938080495356, "multiplePunctRate": 0.00784313725490196, "partsDensityRate": 3.111111111111111, "contentfulness": 7.897435897435898, "phraseRate": 0.0, "pastTenseNum": 3, "presentTenseNum": 144, "condNum": 3, "impNum": 19, "freqNum": 0, "causNum": 1, "modalNum": 4, "sg1VerbNum": 24, "sg2VerbNum": 13, "sg3VerbNum": 158, "pl1VerbNum": 4, "pl2VerbNum": 0, "pl3VerbNum": 51, "superlatNum": 1, "comparatNum": 3, "specDerivSuffixNum": 0, "pluralNounNum": 55, "pastTenseRate": 0.01948051948051948, "presentTenseRate": 0.935064935064935, "condRate": 0.01948051948051948, "impRate": 0.12337662337662338, "freqRate": 0.0, "causRate": 0.006493506493506494, "modalRate": 0.025974025974025976, "sg1VerbRate": 0.15584415584415584, "sg2VerbRate": 0.08441558441558442, "sg3VerbRate": 1.025974025974026, "pl1VerbRate": 0.025974025974025976, "pl2VerbRate": 0.0, "pl3VerbRate": 0.33116883116883117, "superlatRate": 0.007518796992481203, "comparatRate": 0.022556390977443608, "specDerivSuffixRate": 0.0, "pluralNounRate": 0.23809523809523808, "subjNum": 110, "objNum": 53, "attNum": 69, "subordNum": 59, "adverbNum": 139, "coordNum": 98, "clauseNum": 198, "simpleNum": 30, "complexNum": 48, "complexity1Num": 20, "complexity2Num": 13, "complexity3Num": 4, "compoundNum": 0, "subjRate": 0.08513931888544891, "objRate": 0.04102167182662539, "attRate": 0.053405572755417956, "subordRate": 0.0456656346749226, "adverbRate": 0.10758513931888544, "coordRate": 0.07585139318885449, "partsRate": 2.3686868686868685, "clauseRate": 2.5384615384615383, "simpleRate": 0.38461538461538464, "complexRate": 0.6153846153846154, "complexity1Rate": 0.2564102564102564, "complexity2Rate": 0.16666666666666666, "complexity3Rate": 0.05128205128205128, "complexClauseRate": 3.5, "sentencesPerParagraph": 0.0, "wordsLengthRate": 5.25940212150434, "compoundRate": 0.0, "positiveNum": 0, "negativeNum": 0, "precoPositiveNum": 0, "precoNegativeNum": 0, "negemoNum": 0, "negationNum": 23, "functionNum": 676, "contentNum": 616, "vulgarNum": 0, "racistNum": 0, "specStyleNum": 0, "addressingNum": 0, "closingNum": 0, "postscriptNum": 0, "brutalNum": 0, "positiveRate": 0.0, "negativeRate": 0.0, "precoPositiveRate": 0.0, "precoNegativeRate": 0.0, "negemoRate": 0.0, "negationRate": 0.01780185758513932, "functionRate": 0.5232198142414861, "contentRate": 0.47678018575851394, "vulgarRate": 0.0, "racistRate": 0.0, "specStyleRate": 0.0, "addressingRate": 0.0, "closingRate": 0.0, "postscriptRate": 0.0, "brutalRate": 0.0, "epistemicNum": 0, "investNum": 0, "conditionNum": 0, "weaselNum": 0, "peacockNum": 0, "hedgeNum": 0, "doxasticNum": 0, "epistemicRate": 0.0, "investRate": 0.0, "conditionRate": 0.0, "weaselRate": 0.0, "peacockRate": 0.0, "hedgeRate": 0.0, "doxasticRate": 0.0, "loveNum": 0, "anxietyNum": 0, "sorrowNum": 0, "joyNum": 0, "disgustNum": 0, "fearNum": 0, "surpriseNum": 0, "angerNum": 0, "loveRate": 0.0, "anxietyRate": 0.0, "sorrowRate": 0.0, "joyRate": 0.0, "disgustRate": 0.0, "fearRate": 0.0, "surpriseRate": 0.0, "angerRate": 0.0, "slangBeGeneralNum": 0, "slangBeCigaretteNum": 0, "slangBeHumanNum": 0, "slangBeVehicleNum": 0, "slangBeDrugNum": 0, "slangBvNum": 0, "slangBeGeneralRate": 0.0, "slangBeCigaretteRate": 0.0, "slangBeHumanRate": 0.0, "slangBeVehicleRate": 0.0, "slangBeDrugRate": 0.0, "slangBvRate": 0.0, "speechactNum": 0, "quoteNum": 0, "dashNum": 0, "publicNum": 0, "privateNum": 0, "suasiveNum": 0, "discMarkerNum": 0, "smileyNum": 0, "dateNum": 0, "hesitationNum": 0, "restartNum": 0, "repeatNum": 2, "conjBeforeDiscNum": 0, "conjAfterDiscNum": 0, "wordBeforeHesitationNum": 0, "wordAfterHesitationNum": 0, "otherCollocationNum": 0, "speechactRate": 0.0, "quoteRate": 0.0, "dashRate": 0.0, "publicRate": 0.0, "privateRate": 0.0, "suasiveRate": 0.0, "discMarkerRate": 0.0, "smileyRate": 0.0, "dateRate": 0.0, "hesitationRate": 0.0, "restartRate": 0.0, "repeatRate": 0.0015479876160990713, "conjBeforeDiscRate": 0.0, "conjAfterDiscRate": 0.0, "wordBeforeHesitationRate": 0.0, "wordAfterHesitationRate": 0.0, "otherCollocationRate": 0.0, "easyWordNum": 1203, "hardWordNum": 89, "easyWordRate": 0.9311145510835913, "hardWordRate": 0.06888544891640867, "fleschReadingEaseScore": 72.74797769310155, "gunningFogIndex": 6.65319520520759, "fleschKincaidGradeLevel": 7.227430340557277, "colemanLiauIndex": 9.925260061919502, "smogIndex": 9.231387118525568, "automatedReadabilityIndex": 7.423668929110107, "linsearWriteIndex": -0.30638247201714697, "author": "", "locationNameNum": 0, "locationNameRate": 0.0, "personNameNum": 11, "personNameRate": 0.008513931888544891, "organizationNameNum": 0, "organizationNameRate": 0.0, "misspelledNum": 25, "misspelledRate": 0.01934984520123839, "missingAccentNum": 4, "missingAccentRate": 0.0030959752321981426, "foreignAccentNum": 0, "foreignAccentRate": 0.0, "wordConcatNum": 3, "wordConcatRate": 0.0023219814241486067, "jLyMistakeNum": 0, "jLyMistakeRate": 0.0, "freqSuffixNum": 0, "partsNum": 469, "privateVNum": 0, "publicVNum": 0, "clauseWordNum": 198}