{"tokenNum": 347, "sentenceNum": 30, "lemmaNum": 131, "lemmaRate": 0.37752161383285304, "sentenceLength": 11.566666666666666, "allUpperNum": 1, "firstUpperNum": 32, "allUpperRate": 0.002881844380403458, "firstUpperRate": 0.09221902017291066, "declarSentNum": 28, "imperSentNum": 0, "questionNum": 2, "declarSentRate": 0.9333333333333333, "imperSentRate": 0.0, "questionRate": 0.06666666666666667, "accent": true, "saturation": 2.183333333333333, "paragraphNum": 0, "nounNum": 32, "verbNum": 45, "adjNum": 18, "infNum": 5, "partPastNum": 1, "partPresNum": 0, "partFutNum": 0, "transNum": 0, "xNum": 26, "advNum": 41, "properNounNum": 1, "numNum": 17, "conjNum": 13, "punctNum": 92, "pronNum": 31, "relPronNum": 5, "demPronNum": 29, "adposNum": 0, "multiplePunctNum": 3, "phraseNum": 0, "nounRate": 0.09221902017291066, "verbRate": 0.12968299711815562, "adjRate": 0.05187319884726225, "infRate": 0.01440922190201729, "partPastRate": 0.002881844380403458, "partPresRate": 0.0, "partFutRate": 0.0, "transRate": 0.0, "xRate": 0.07492795389048991, "advRate": 0.11815561959654179, "properNounRate": 0.002881844380403458, "numRate": 0.04899135446685879, "conjRate": 0.037463976945244955, "punctRate": 0.26512968299711814, "pronRate": 0.0893371757925072, "relPronRate": 0.01440922190201729, "demPronRate": 0.08357348703170028, "adposRate": 0.0, "multiplePunctRate": 0.03260869565217391, "partsDensityRate": 2.2666666666666666, "contentfulness": 4.533333333333333, "phraseRate": 0.0, "pastTenseNum": 23, "presentTenseNum": 18, "condNum": 1, "impNum": 2, "freqNum": 0, "causNum": 0, "modalNum": 1, "sg1VerbNum": 23, "sg2VerbNum": 0, "sg3VerbNum": 50, "pl1VerbNum": 0, "pl2VerbNum": 0, "pl3VerbNum": 2, "superlatNum": 0, "comparatNum": 0, "specDerivSuffixNum": 0, "pluralNounNum": 1, "pastTenseRate": 0.5111111111111111, "presentTenseRate": 0.4, "condRate": 0.022222222222222223, "impRate": 0.044444444444444446, "freqRate": 0.0, "causRate": 0.0, "modalRate": 0.022222222222222223, "sg1VerbRate": 0.5111111111111111, "sg2VerbRate": 0.0, "sg3VerbRate": 1.1111111111111112, "pl1VerbRate": 0.0, "pl2VerbRate": 0.0, "pl3VerbRate": 0.044444444444444446, "superlatRate": 0.0, "comparatRate": 0.0, "specDerivSuffixRate": 0.0, "pluralNounRate": 0.03125, "subjNum": 22, "objNum": 15, "attNum": 5, "subordNum": 14, "adverbNum": 44, "coordNum": 13, "clauseNum": 60, "simpleNum": 11, "complexNum": 19, "complexity1Num": 10, "complexity2Num": 8, "complexity3Num": 0, "compoundNum": 0, "subjRate": 0.06340057636887608, "objRate": 0.043227665706051875, "attRate": 0.01440922190201729, "subordRate": 0.040345821325648415, "adverbRate": 0.12680115273775217, "coordRate": 0.037463976945244955, "partsRate": 1.65, "clauseRate": 2.0, "simpleRate": 0.36666666666666664, "complexRate": 0.6333333333333333, "complexity1Rate": 0.3333333333333333, "complexity2Rate": 0.26666666666666666, "complexity3Rate": 0.0, "complexClauseRate": 2.5789473684210527, "sentencesPerParagraph": 0.0, "wordsLengthRate": 4.250980392156863, "compoundRate": 0.0, "positiveNum": 0, "negativeNum": 0, "precoPositiveNum": 0, "precoNegativeNum": 0, "negemoNum": 0, "negationNum": 12, "functionNum": 211, "contentNum": 136, "vulgarNum": 0, "racistNum": 0, "specStyleNum": 0, "addressingNum": 0, "closingNum": 0, "postscriptNum": 0, "brutalNum": 0, "positiveRate": 0.0, "negativeRate": 0.0, "precoPositiveRate": 0.0, "precoNegativeRate": 0.0, "negemoRate": 0.0, "negationRate": 0.0345821325648415, "functionRate": 0.6080691642651297, "contentRate": 0.3919308357348703, "vulgarRate": 0.0, "racistRate": 0.0, "specStyleRate": 0.0, "addressingRate": 0.0, "closingRate": 0.0, "postscriptRate": 0.0, "brutalRate": 0.0, "epistemicNum": 0, "investNum": 0, "conditionNum": 0, "weaselNum": 0, "peacockNum": 0, "hedgeNum": 0, "doxasticNum": 0, "epistemicRate": 0.0, "investRate": 0.0, "conditionRate": 0.0, "weaselRate": 0.0, "peacockRate": 0.0, "hedgeRate": 0.0, "doxasticRate": 0.0, "loveNum": 0, "anxietyNum": 0, "sorrowNum": 0, "joyNum": 0, "disgustNum": 0, "fearNum": 0, "surpriseNum": 0, "angerNum": 0, "loveRate": 0.0, "anxietyRate": 0.0, "sorrowRate": 0.0, "joyRate": 0.0, "disgustRate": 0.0, "fearRate": 0.0, "surpriseRate": 0.0, "angerRate": 0.0, "slangBeGeneralNum": 0, "slangBeCigaretteNum": 0, "slangBeHumanNum": 0, "slangBeVehicleNum": 0, "slangBeDrugNum": 0, "slangBvNum": 0, "slangBeGeneralRate": 0.0, "slangBeCigaretteRate": 0.0, "slangBeHumanRate": 0.0, "slangBeVehicleRate": 0.0, "slangBeDrugRate": 0.0, "slangBvRate": 0.0, "speechactNum": 0, "quoteNum": 0, "dashNum": 0, "publicNum": 0, "privateNum": 0, "suasiveNum": 0, "discMarkerNum": 0, "smileyNum": 0, "dateNum": 0, "hesitationNum": 0, "restartNum": 0, "repeatNum": 11, "conjBeforeDiscNum": 0, "conjAfterDiscNum": 0, "wordBeforeHesitationNum": 0, "wordAfterHesitationNum": 0, "otherCollocationNum": 0, "speechactRate": 0.0, "quoteRate": 0.0, "dashRate": 0.0, "publicRate": 0.0, "privateRate": 0.0, "suasiveRate": 0.0, "discMarkerRate": 0.0, "smileyRate": 0.0, "dateRate": 0.0, "hesitationRate": 0.0, "restartRate": 0.0, "repeatRate": 0.03170028818443804, "conjBeforeDiscRate": 0.0, "conjAfterDiscRate": 0.0, "wordBeforeHesitationRate": 0.0, "wordAfterHesitationRate": 0.0, "otherCollocationRate": 0.0, "easyWordNum": 334, "hardWordNum": 13, "easyWordRate": 0.962536023054755, "hardWordRate": 0.037463976945244955, "fleschReadingEaseScore": 108.78820509125845, "gunningFogIndex": 4.641652257444765, "fleschKincaidGradeLevel": 0.9590403458213252, "colemanLiauIndex": 3.770835734870314, "smogIndex": 6.88968998030894, "automatedReadabilityIndex": 0.0035638808837674674, "linsearWriteIndex": 0.6666666666666667, "author": "", "locationNameNum": 0, "locationNameRate": 0.0, "personNameNum": 0, "personNameRate": 0.0, "organizationNameNum": 0, "organizationNameRate": 0.0, "misspelledNum": 3, "misspelledRate": 0.008645533141210375, "missingAccentNum": 0, "missingAccentRate": 0.0, "foreignAccentNum": 0, "foreignAccentRate": 0.0, "wordConcatNum": 1, "wordConcatRate": 0.002881844380403458, "jLyMistakeNum": 0, "jLyMistakeRate": 0.0, "freqSuffixNum": 0, "partsNum": 99, "privateVNum": 0, "publicVNum": 0, "clauseWordNum": 60}