{"tokenNum": 352, "sentenceNum": 26, "lemmaNum": 178, "lemmaRate": 0.5056818181818182, "sentenceLength": 13.538461538461538, "allUpperNum": 3, "firstUpperNum": 41, "allUpperRate": 0.008522727272727272, "firstUpperRate": 0.11647727272727272, "declarSentNum": 25, "imperSentNum": 0, "questionNum": 1, "declarSentRate": 0.9615384615384616, "imperSentRate": 0.0, "questionRate": 0.038461538461538464, "accent": true, "saturation": 3.2962962962962963, "paragraphNum": 0, "nounNum": 47, "verbNum": 45, "adjNum": 24, "infNum": 8, "partPastNum": 0, "partPresNum": 1, "partFutNum": 0, "transNum": 0, "xNum": 27, "advNum": 36, "properNounNum": 12, "numNum": 1, "conjNum": 17, "punctNum": 87, "pronNum": 17, "relPronNum": 7, "demPronNum": 12, "adposNum": 3, "multiplePunctNum": 13, "phraseNum": 0, "nounRate": 0.13352272727272727, "verbRate": 0.1278409090909091, "adjRate": 0.06818181818181818, "infRate": 0.022727272727272728, "partPastRate": 0.0, "partPresRate": 0.002840909090909091, "partFutRate": 0.0, "transRate": 0.0, "xRate": 0.07670454545454546, "advRate": 0.10227272727272728, "properNounRate": 0.03409090909090909, "numRate": 0.002840909090909091, "conjRate": 0.048295454545454544, "punctRate": 0.2471590909090909, "pronRate": 0.048295454545454544, "relPronRate": 0.019886363636363636, "demPronRate": 0.03409090909090909, "adposRate": 0.008522727272727272, "multiplePunctRate": 0.14942528735632185, "partsDensityRate": 2.814814814814815, "contentfulness": 5.846153846153846, "phraseRate": 0.0, "pastTenseNum": 19, "presentTenseNum": 18, "condNum": 3, "impNum": 2, "freqNum": 0, "causNum": 0, "modalNum": 3, "sg1VerbNum": 8, "sg2VerbNum": 2, "sg3VerbNum": 41, "pl1VerbNum": 1, "pl2VerbNum": 0, "pl3VerbNum": 5, "superlatNum": 1, "comparatNum": 0, "specDerivSuffixNum": 0, "pluralNounNum": 4, "pastTenseRate": 0.4222222222222222, "presentTenseRate": 0.4, "condRate": 0.06666666666666667, "impRate": 0.044444444444444446, "freqRate": 0.0, "causRate": 0.0, "modalRate": 0.06666666666666667, "sg1VerbRate": 0.17777777777777778, "sg2VerbRate": 0.044444444444444446, "sg3VerbRate": 0.9111111111111111, "pl1VerbRate": 0.022222222222222223, "pl2VerbRate": 0.0, "pl3VerbRate": 0.1111111111111111, "superlatRate": 0.041666666666666664, "comparatRate": 0.0, "specDerivSuffixRate": 0.0, "pluralNounRate": 0.0851063829787234, "subjNum": 17, "objNum": 13, "attNum": 11, "subordNum": 13, "adverbNum": 49, "coordNum": 7, "clauseNum": 54, "simpleNum": 11, "complexNum": 15, "complexity1Num": 8, "complexity2Num": 3, "complexity3Num": 2, "compoundNum": 0, "subjRate": 0.048295454545454544, "objRate": 0.036931818181818184, "attRate": 0.03125, "subordRate": 0.036931818181818184, "adverbRate": 0.13920454545454544, "coordRate": 0.019886363636363636, "partsRate": 1.7962962962962963, "clauseRate": 2.076923076923077, "simpleRate": 0.4230769230769231, "complexRate": 0.5769230769230769, "complexity1Rate": 0.3076923076923077, "complexity2Rate": 0.11538461538461539, "complexity3Rate": 0.07692307692307693, "complexClauseRate": 2.8666666666666667, "sentencesPerParagraph": 0.0, "wordsLengthRate": 4.966037735849056, "compoundRate": 0.0, "positiveNum": 0, "negativeNum": 0, "precoPositiveNum": 0, "precoNegativeNum": 0, "negemoNum": 0, "negationNum": 8, "functionNum": 200, "contentNum": 152, "vulgarNum": 0, "racistNum": 0, "specStyleNum": 0, "addressingNum": 0, "closingNum": 0, "postscriptNum": 0, "brutalNum": 0, "positiveRate": 0.0, "negativeRate": 0.0, "precoPositiveRate": 0.0, "precoNegativeRate": 0.0, "negemoRate": 0.0, "negationRate": 0.022727272727272728, "functionRate": 0.5681818181818182, "contentRate": 0.4318181818181818, "vulgarRate": 0.0, "racistRate": 0.0, "specStyleRate": 0.0, "addressingRate": 0.0, "closingRate": 0.0, "postscriptRate": 0.0, "brutalRate": 0.0, "epistemicNum": 0, "investNum": 0, "conditionNum": 0, "weaselNum": 0, "peacockNum": 0, "hedgeNum": 0, "doxasticNum": 0, "epistemicRate": 0.0, "investRate": 0.0, "conditionRate": 0.0, "weaselRate": 0.0, "peacockRate": 0.0, "hedgeRate": 0.0, "doxasticRate": 0.0, "loveNum": 0, "anxietyNum": 0, "sorrowNum": 0, "joyNum": 0, "disgustNum": 0, "fearNum": 0, "surpriseNum": 0, "angerNum": 0, "loveRate": 0.0, "anxietyRate": 0.0, "sorrowRate": 0.0, "joyRate": 0.0, "disgustRate": 0.0, "fearRate": 0.0, "surpriseRate": 0.0, "angerRate": 0.0, "slangBeGeneralNum": 0, "slangBeCigaretteNum": 0, "slangBeHumanNum": 0, "slangBeVehicleNum": 0, "slangBeDrugNum": 0, "slangBvNum": 0, "slangBeGeneralRate": 0.0, "slangBeCigaretteRate": 0.0, "slangBeHumanRate": 0.0, "slangBeVehicleRate": 0.0, "slangBeDrugRate": 0.0, "slangBvRate": 0.0, "speechactNum": 0, "quoteNum": 0, "dashNum": 0, "publicNum": 0, "privateNum": 0, "suasiveNum": 0, "discMarkerNum": 0, "smileyNum": 5, "dateNum": 0, "hesitationNum": 0, "restartNum": 0, "repeatNum": 3, "conjBeforeDiscNum": 0, "conjAfterDiscNum": 0, "wordBeforeHesitationNum": 0, "wordAfterHesitationNum": 0, "otherCollocationNum": 0, "speechactRate": 0.0, "quoteRate": 0.0, "dashRate": 0.0, "publicRate": 0.0, "privateRate": 0.0, "suasiveRate": 0.0, "discMarkerRate": 0.0, "smileyRate": 0.014204545454545454, "dateRate": 0.0, "hesitationRate": 0.0, "restartRate": 0.0, "repeatRate": 0.008522727272727272, "conjBeforeDiscRate": 0.0, "conjAfterDiscRate": 0.0, "wordBeforeHesitationRate": 0.0, "wordAfterHesitationRate": 0.0, "otherCollocationRate": 0.0, "easyWordNum": 338, "hardWordNum": 14, "easyWordRate": 0.9602272727272727, "hardWordRate": 0.03977272727272727, "fleschReadingEaseScore": 90.70823426573429, "gunningFogIndex": 5.431293706293706, "fleschKincaidGradeLevel": 3.97068181818182, "colemanLiauIndex": 7.726312499999995, "smogIndex": 7.03164865440522, "automatedReadabilityIndex": 4.152469405594406, "linsearWriteIndex": 0.9394667832167833, "author": "", "locationNameNum": 0, "locationNameRate": 0.0, "personNameNum": 8, "personNameRate": 0.022727272727272728, "organizationNameNum": 3, "organizationNameRate": 0.008522727272727272, "misspelledNum": 5, "misspelledRate": 0.014204545454545454, "missingAccentNum": 2, "missingAccentRate": 0.005681818181818182, "foreignAccentNum": 0, "foreignAccentRate": 0.0, "wordConcatNum": 0, "wordConcatRate": 0.0, "jLyMistakeNum": 0, "jLyMistakeRate": 0.0, "freqSuffixNum": 0, "partsNum": 97, "privateVNum": 0, "publicVNum": 0, "clauseWordNum": 54}