{"tokenNum": 343, "sentenceNum": 10, "lemmaNum": 177, "lemmaRate": 0.5160349854227405, "sentenceLength": 34.3, "allUpperNum": 1, "firstUpperNum": 10, "allUpperRate": 0.0029154518950437317, "firstUpperRate": 0.029154518950437316, "declarSentNum": 10, "imperSentNum": 0, "questionNum": 0, "declarSentRate": 1.0, "imperSentRate": 0.0, "questionRate": 0.0, "accent": true, "saturation": 4.0227272727272725, "paragraphNum": 0, "nounNum": 67, "verbNum": 41, "adjNum": 34, "infNum": 9, "partPastNum": 2, "partPresNum": 2, "partFutNum": 0, "transNum": 0, "xNum": 8, "advNum": 26, "properNounNum": 1, "numNum": 1, "conjNum": 43, "punctNum": 47, "pronNum": 29, "relPronNum": 6, "demPronNum": 19, "adposNum": 6, "multiplePunctNum": 0, "phraseNum": 0, "nounRate": 0.19533527696793002, "verbRate": 0.119533527696793, "adjRate": 0.09912536443148688, "infRate": 0.026239067055393587, "partPastRate": 0.0058309037900874635, "partPresRate": 0.0058309037900874635, "partFutRate": 0.0, "transRate": 0.0, "xRate": 0.023323615160349854, "advRate": 0.07580174927113703, "properNounRate": 0.0029154518950437317, "numRate": 0.0029154518950437317, "conjRate": 0.12536443148688048, "punctRate": 0.13702623906705538, "pronRate": 0.08454810495626822, "relPronRate": 0.01749271137026239, "demPronRate": 0.05539358600583091, "adposRate": 0.01749271137026239, "multiplePunctRate": 0.0, "partsDensityRate": 3.8181818181818183, "contentfulness": 16.8, "phraseRate": 0.0, "pastTenseNum": 13, "presentTenseNum": 19, "condNum": 1, "impNum": 0, "freqNum": 0, "causNum": 1, "modalNum": 0, "sg1VerbNum": 9, "sg2VerbNum": 0, "sg3VerbNum": 44, "pl1VerbNum": 0, "pl2VerbNum": 0, "pl3VerbNum": 11, "superlatNum": 0, "comparatNum": 1, "specDerivSuffixNum": 0, "pluralNounNum": 16, "pastTenseRate": 0.3170731707317073, "presentTenseRate": 0.4634146341463415, "condRate": 0.024390243902439025, "impRate": 0.0, "freqRate": 0.0, "causRate": 0.024390243902439025, "modalRate": 0.0, "sg1VerbRate": 0.21951219512195122, "sg2VerbRate": 0.0, "sg3VerbRate": 1.0731707317073171, "pl1VerbRate": 0.0, "pl2VerbRate": 0.0, "pl3VerbRate": 0.2682926829268293, "superlatRate": 0.0, "comparatRate": 0.029411764705882353, "specDerivSuffixRate": 0.0, "pluralNounRate": 0.23880597014925373, "subjNum": 27, "objNum": 28, "attNum": 19, "subordNum": 18, "adverbNum": 35, "coordNum": 14, "clauseNum": 44, "simpleNum": 0, "complexNum": 9, "complexity1Num": 1, "complexity2Num": 0, "complexity3Num": 3, "compoundNum": 0, "subjRate": 0.07871720116618076, "objRate": 0.08163265306122448, "attRate": 0.05539358600583091, "subordRate": 0.052478134110787174, "adverbRate": 0.10204081632653061, "coordRate": 0.04081632653061224, "partsRate": 2.7954545454545454, "clauseRate": 4.4, "simpleRate": 0.0, "complexRate": 0.9, "complexity1Rate": 0.1, "complexity2Rate": 0.0, "complexity3Rate": 0.3, "complexClauseRate": 4.888888888888889, "sentencesPerParagraph": 0.0, "wordsLengthRate": 5.655405405405405, "compoundRate": 0.0, "positiveNum": 0, "negativeNum": 0, "precoPositiveNum": 0, "precoNegativeNum": 0, "negemoNum": 0, "negationNum": 8, "functionNum": 175, "contentNum": 168, "vulgarNum": 0, "racistNum": 0, "specStyleNum": 0, "addressingNum": 0, "closingNum": 0, "postscriptNum": 0, "brutalNum": 0, "positiveRate": 0.0, "negativeRate": 0.0, "precoPositiveRate": 0.0, "precoNegativeRate": 0.0, "negemoRate": 0.0, "negationRate": 0.023323615160349854, "functionRate": 0.5102040816326531, "contentRate": 0.4897959183673469, "vulgarRate": 0.0, "racistRate": 0.0, "specStyleRate": 0.0, "addressingRate": 0.0, "closingRate": 0.0, "postscriptRate": 0.0, "brutalRate": 0.0, "epistemicNum": 0, "investNum": 0, "conditionNum": 0, "weaselNum": 0, "peacockNum": 0, "hedgeNum": 0, "doxasticNum": 0, "epistemicRate": 0.0, "investRate": 0.0, "conditionRate": 0.0, "weaselRate": 0.0, "peacockRate": 0.0, "hedgeRate": 0.0, "doxasticRate": 0.0, "loveNum": 0, "anxietyNum": 0, "sorrowNum": 0, "joyNum": 0, "disgustNum": 0, "fearNum": 0, "surpriseNum": 0, "angerNum": 0, "loveRate": 0.0, "anxietyRate": 0.0, "sorrowRate": 0.0, "joyRate": 0.0, "disgustRate": 0.0, "fearRate": 0.0, "surpriseRate": 0.0, "angerRate": 0.0, "slangBeGeneralNum": 0, "slangBeCigaretteNum": 0, "slangBeHumanNum": 0, "slangBeVehicleNum": 0, "slangBeDrugNum": 0, "slangBvNum": 0, "slangBeGeneralRate": 0.0, "slangBeCigaretteRate": 0.0, "slangBeHumanRate": 0.0, "slangBeVehicleRate": 0.0, "slangBeDrugRate": 0.0, "slangBvRate": 0.0, "speechactNum": 0, "quoteNum": 0, "dashNum": 0, "publicNum": 0, "privateNum": 0, "suasiveNum": 0, "discMarkerNum": 0, "smileyNum": 0, "dateNum": 0, "hesitationNum": 0, "restartNum": 0, "repeatNum": 0, "conjBeforeDiscNum": 0, "conjAfterDiscNum": 0, "wordBeforeHesitationNum": 0, "wordAfterHesitationNum": 0, "otherCollocationNum": 0, "speechactRate": 0.0, "quoteRate": 0.0, "dashRate": 0.0, "publicRate": 0.0, "privateRate": 0.0, "suasiveRate": 0.0, "discMarkerRate": 0.0, "smileyRate": 0.0, "dateRate": 0.0, "hesitationRate": 0.0, "restartRate": 0.0, "repeatRate": 0.0, "conjBeforeDiscRate": 0.0, "conjAfterDiscRate": 0.0, "wordBeforeHesitationRate": 0.0, "wordAfterHesitationRate": 0.0, "otherCollocationRate": 0.0, "easyWordNum": 311, "hardWordNum": 32, "easyWordRate": 0.9067055393586005, "hardWordRate": 0.09329446064139942, "fleschReadingEaseScore": 32.41816763848399, "gunningFogIndex": 13.75731778425656, "fleschKincaidGradeLevel": 17.258720116618075, "colemanLiauIndex": 13.581224489795911, "smogIndex": 9.029198982220553, "automatedReadabilityIndex": 19.21507288629737, "linsearWriteIndex": 4.816326530612246, "author": "", "locationNameNum": 0, "locationNameRate": 0.0, "personNameNum": 0, "personNameRate": 0.0, "organizationNameNum": 0, "organizationNameRate": 0.0, "misspelledNum": 109, "misspelledRate": 0.3177842565597668, "missingAccentNum": 107, "missingAccentRate": 0.3119533527696793, "foreignAccentNum": 0, "foreignAccentRate": 0.0, "wordConcatNum": 0, "wordConcatRate": 0.0, "jLyMistakeNum": 0, "jLyMistakeRate": 0.0, "freqSuffixNum": 0, "partsNum": 123, "privateVNum": 0, "publicVNum": 0, "clauseWordNum": 44}